cid	call	conf	primary
NKD-20210701-000027-L	TAKE	C	primary: frozen mechanical policy — EARLIEST member of its EPISODE_CAUSAL group (K*=150s) and S13 class census cond_value$=650.35 vs threshold $639.60
NKD-20210701-000028-L	SKIP	C	primary: frozen mechanical policy — EARLIEST member of its EPISODE_CAUSAL group (K*=150s) and S13 class census cond_value$=650.35 vs threshold $639.60
NKD-20210701-000068-S	TAKE	C	primary: frozen mechanical policy — EARLIEST member of its EPISODE_CAUSAL group (K*=150s) and S13 class census cond_value$=650.35 vs threshold $639.60
NKD-20210701-000132-L	SKIP	C	primary: frozen mechanical policy — EARLIEST member of its EPISODE_CAUSAL group (K*=150s) and S13 class census cond_value$=650.35 vs threshold $639.60
NKD-20210701-000133-L	SKIP	C	primary: frozen mechanical policy — EARLIEST member of its EPISODE_CAUSAL group (K*=150s) and S13 class census cond_value$=516.84 vs threshold $639.60
NKD-20210701-000173-S	SKIP	C	primary: frozen mechanical policy — EARLIEST member of its EPISODE_CAUSAL group (K*=150s) and S13 class census cond_value$=516.84 vs threshold $639.60
NKD-20210701-000237-L	SKIP	C	primary: frozen mechanical policy — EARLIEST member of its EPISODE_CAUSAL group (K*=150s) and S13 class census cond_value$=516.84 vs threshold $639.60
HG-20210701-000436-L	SKIP	C	primary: frozen mechanical policy — EARLIEST member of its EPISODE_CAUSAL group (K*=120s) and S13 class census cond_value$=516.84 vs threshold $639.60
NKD-20210701-000799-L	SKIP	C	primary: frozen mechanical policy — EARLIEST member of its EPISODE_CAUSAL group (K*=150s) and S13 class census cond_value$=516.84 vs threshold $639.60
SI-20210701-000933-S	SKIP	C	primary: frozen mechanical policy — EARLIEST member of its EPISODE_CAUSAL group (K*=150s) and S13 class census cond_value$=516.84 vs threshold $639.60
NKD-20210701-001978-L	SKIP	C	primary: frozen mechanical policy — EARLIEST member of its EPISODE_CAUSAL group (K*=150s) and S13 class census cond_value$=516.84 vs threshold $639.60
SI-20210701-002080-S	SKIP	C	primary: frozen mechanical policy — EARLIEST member of its EPISODE_CAUSAL group (K*=150s) and S13 class census cond_value$=516.84 vs threshold $639.60
HG-20210701-002106-S	SKIP	C	primary: frozen mechanical policy — EARLIEST member of its EPISODE_CAUSAL group (K*=120s) and S13 class census cond_value$=516.84 vs threshold $639.60
SI-20210701-002632-S	SKIP	C	primary: frozen mechanical policy — EARLIEST member of its EPISODE_CAUSAL group (K*=150s) and S13 class census cond_value$=516.84 vs threshold $639.60
HG-20210701-003862-L	SKIP	C	primary: frozen mechanical policy — EARLIEST member of its EPISODE_CAUSAL group (K*=120s) and S13 class census cond_value$=516.84 vs threshold $639.60
HG-20210701-004801-L	SKIP	C	primary: frozen mechanical policy — EARLIEST member of its EPISODE_CAUSAL group (K*=120s) and S13 class census cond_value$=516.84 vs threshold $639.60
SI-20210701-004802-L	SKIP	C	primary: frozen mechanical policy — EARLIEST member of its EPISODE_CAUSAL group (K*=180s) and S13 class census cond_value$=516.84 vs threshold $639.60
HG-20210701-005218-S	SKIP	C	primary: frozen mechanical policy — EARLIEST member of its EPISODE_CAUSAL group (K*=120s) and S13 class census cond_value$=516.84 vs threshold $639.60
HG-20210701-005769-S	SKIP	C	primary: frozen mechanical policy — EARLIEST member of its EPISODE_CAUSAL group (K*=120s) and S13 class census cond_value$=516.84 vs threshold $639.60
NKD-20210701-005896-S	SKIP	C	primary: frozen mechanical policy — EARLIEST member of its EPISODE_CAUSAL group (K*=150s) and S13 class census cond_value$=516.84 vs threshold $639.60
NKD-20210701-005965-S	SKIP	C	primary: frozen mechanical policy — EARLIEST member of its EPISODE_CAUSAL group (K*=150s) and S13 class census cond_value$=516.84 vs threshold $639.60
NKD-20210701-005968-S	SKIP	C	primary: frozen mechanical policy — EARLIEST member of its EPISODE_CAUSAL group (K*=150s) and S13 class census cond_value$=516.84 vs threshold $639.60
NKD-20210701-006338-L	SKIP	C	primary: frozen mechanical policy — EARLIEST member of its EPISODE_CAUSAL group (K*=150s) and S13 class census cond_value$=516.84 vs threshold $639.60
NKD-20210701-006420-L	SKIP	C	primary: frozen mechanical policy — EARLIEST member of its EPISODE_CAUSAL group (K*=150s) and S13 class census cond_value$=516.84 vs threshold $639.60
NKD-20210701-006451-S	SKIP	C	primary: frozen mechanical policy — EARLIEST member of its EPISODE_CAUSAL group (K*=150s) and S13 class census cond_value$=516.84 vs threshold $639.60
NKD-20210701-006461-S	SKIP	C	primary: frozen mechanical policy — EARLIEST member of its EPISODE_CAUSAL group (K*=150s) and S13 class census cond_value$=516.84 vs threshold $639.60
SI-20210701-006622-S	SKIP	C	primary: frozen mechanical policy — EARLIEST member of its EPISODE_CAUSAL group (K*=150s) and S13 class census cond_value$=516.84 vs threshold $639.60
NKD-20210701-007069-L	SKIP	C	primary: frozen mechanical policy — EARLIEST member of its EPISODE_CAUSAL group (K*=150s) and S13 class census cond_value$=516.84 vs threshold $639.60
NKD-20210701-007073-L	SKIP	C	primary: frozen mechanical policy — EARLIEST member of its EPISODE_CAUSAL group (K*=150s) and S13 class census cond_value$=516.84 vs threshold $639.60
NKD-20210701-007106-L	SKIP	C	primary: frozen mechanical policy — EARLIEST member of its EPISODE_CAUSAL group (K*=150s) and S13 class census cond_value$=639.59 vs threshold $639.60
NKD-20210701-007321-L	SKIP	C	primary: frozen mechanical policy — EARLIEST member of its EPISODE_CAUSAL group (K*=150s) and S13 class census cond_value$=516.84 vs threshold $639.60
NKD-20210701-007363-S	SKIP	C	primary: frozen mechanical policy — EARLIEST member of its EPISODE_CAUSAL group (K*=150s) and S13 class census cond_value$=516.84 vs threshold $639.60
NKD-20210701-007365-S	SKIP	C	primary: frozen mechanical policy — EARLIEST member of its EPISODE_CAUSAL group (K*=150s) and S13 class census cond_value$=516.84 vs threshold $639.60
NKD-20210701-007449-L	SKIP	C	primary: frozen mechanical policy — EARLIEST member of its EPISODE_CAUSAL group (K*=150s) and S13 class census cond_value$=516.84 vs threshold $639.60
NKD-20210701-007458-L	SKIP	C	primary: frozen mechanical policy — EARLIEST member of its EPISODE_CAUSAL group (K*=150s) and S13 class census cond_value$=516.84 vs threshold $639.60
NKD-20210701-007465-L	SKIP	C	primary: frozen mechanical policy — EARLIEST member of its EPISODE_CAUSAL group (K*=150s) and S13 class census cond_value$=516.84 vs threshold $639.60
NKD-20210701-007487-S	SKIP	C	primary: frozen mechanical policy — EARLIEST member of its EPISODE_CAUSAL group (K*=150s) and S13 class census cond_value$=516.84 vs threshold $639.60
NKD-20210701-007490-S	SKIP	C	primary: frozen mechanical policy — EARLIEST member of its EPISODE_CAUSAL group (K*=150s) and S13 class census cond_value$=516.84 vs threshold $639.60
NKD-20210701-007514-L	SKIP	C	primary: frozen mechanical policy — EARLIEST member of its EPISODE_CAUSAL group (K*=150s) and S13 class census cond_value$=516.84 vs threshold $639.60
NKD-20210701-007532-L	SKIP	C	primary: frozen mechanical policy — EARLIEST member of its EPISODE_CAUSAL group (K*=150s) and S13 class census cond_value$=516.84 vs threshold $639.60
NKD-20210701-007548-L	SKIP	C	primary: frozen mechanical policy — EARLIEST member of its EPISODE_CAUSAL group (K*=150s) and S13 class census cond_value$=516.84 vs threshold $639.60
NKD-20210701-007574-S	SKIP	C	primary: frozen mechanical policy — EARLIEST member of its EPISODE_CAUSAL group (K*=150s) and S13 class census cond_value$=516.84 vs threshold $639.60
NKD-20210701-007581-S	SKIP	C	primary: frozen mechanical policy — EARLIEST member of its EPISODE_CAUSAL group (K*=150s) and S13 class census cond_value$=516.84 vs threshold $639.60
NKD-20210701-007628-L	SKIP	C	primary: frozen mechanical policy — EARLIEST member of its EPISODE_CAUSAL group (K*=150s) and S13 class census cond_value$=516.84 vs threshold $639.60
NKD-20210701-007693-L	SKIP	C	primary: frozen mechanical policy — EARLIEST member of its EPISODE_CAUSAL group (K*=150s) and S13 class census cond_value$=516.84 vs threshold $639.60
NKD-20210701-007741-L	SKIP	C	primary: frozen mechanical policy — EARLIEST member of its EPISODE_CAUSAL group (K*=150s) and S13 class census cond_value$=500.14 vs threshold $639.60
NKD-20210701-007766-S	SKIP	C	primary: frozen mechanical policy — EARLIEST member of its EPISODE_CAUSAL group (K*=150s) and S13 class census cond_value$=516.84 vs threshold $639.60
NKD-20210701-007775-S	SKIP	C	primary: frozen mechanical policy — EARLIEST member of its EPISODE_CAUSAL group (K*=150s) and S13 class census cond_value$=516.84 vs threshold $639.60
NKD-20210701-007781-S	SKIP	C	primary: frozen mechanical policy — EARLIEST member of its EPISODE_CAUSAL group (K*=150s) and S13 class census cond_value$=516.84 vs threshold $639.60
NKD-20210701-007843-S	SKIP	C	primary: frozen mechanical policy — EARLIEST member of its EPISODE_CAUSAL group (K*=150s) and S13 class census cond_value$=516.84 vs threshold $639.60
NKD-20210701-007928-L	SKIP	C	primary: frozen mechanical policy — EARLIEST member of its EPISODE_CAUSAL group (K*=150s) and S13 class census cond_value$=516.84 vs threshold $639.60
NKD-20210701-007935-L	SKIP	C	primary: frozen mechanical policy — EARLIEST member of its EPISODE_CAUSAL group (K*=150s) and S13 class census cond_value$=516.84 vs threshold $639.60
NKD-20210701-007984-L	SKIP	C	primary: frozen mechanical policy — EARLIEST member of its EPISODE_CAUSAL group (K*=150s) and S13 class census cond_value$=516.84 vs threshold $639.60
NKD-20210701-007996-S	SKIP	C	primary: frozen mechanical policy — EARLIEST member of its EPISODE_CAUSAL group (K*=150s) and S13 class census cond_value$=516.84 vs threshold $639.60
NKD-20210701-008039-L	SKIP	C	primary: frozen mechanical policy — EARLIEST member of its EPISODE_CAUSAL group (K*=150s) and S13 class census cond_value$=516.84 vs threshold $639.60
NKD-20210701-008070-L	SKIP	C	primary: frozen mechanical policy — EARLIEST member of its EPISODE_CAUSAL group (K*=150s) and S13 class census cond_value$=516.84 vs threshold $639.60
NKD-20210701-008135-L	SKIP	C	primary: frozen mechanical policy — EARLIEST member of its EPISODE_CAUSAL group (K*=150s) and S13 class census cond_value$=516.84 vs threshold $639.60
HG-20210701-008162-S	SKIP	C	primary: frozen mechanical policy — EARLIEST member of its EPISODE_CAUSAL group (K*=120s) and S13 class census cond_value$=516.84 vs threshold $639.60
NKD-20210701-008192-L	SKIP	C	primary: frozen mechanical policy — EARLIEST member of its EPISODE_CAUSAL group (K*=150s) and S13 class census cond_value$=500.14 vs threshold $639.60
NKD-20210701-008229-S	SKIP	C	primary: frozen mechanical policy — EARLIEST member of its EPISODE_CAUSAL group (K*=150s) and S13 class census cond_value$=516.84 vs threshold $639.60
NKD-20210701-008281-S	SKIP	C	primary: frozen mechanical policy — EARLIEST member of its EPISODE_CAUSAL group (K*=150s) and S13 class census cond_value$=516.84 vs threshold $639.60
NKD-20210701-008307-S	SKIP	C	primary: frozen mechanical policy — EARLIEST member of its EPISODE_CAUSAL group (K*=150s) and S13 class census cond_value$=516.84 vs threshold $639.60
NKD-20210701-008360-L	SKIP	C	primary: frozen mechanical policy — EARLIEST member of its EPISODE_CAUSAL group (K*=150s) and S13 class census cond_value$=516.84 vs threshold $639.60
NKD-20210701-008374-L	SKIP	C	primary: frozen mechanical policy — EARLIEST member of its EPISODE_CAUSAL group (K*=150s) and S13 class census cond_value$=516.84 vs threshold $639.60
NKD-20210701-008394-L	SKIP	C	primary: frozen mechanical policy — EARLIEST member of its EPISODE_CAUSAL group (K*=150s) and S13 class census cond_value$=516.84 vs threshold $639.60
NKD-20210701-008433-S	SKIP	C	primary: frozen mechanical policy — EARLIEST member of its EPISODE_CAUSAL group (K*=150s) and S13 class census cond_value$=516.84 vs threshold $639.60
NKD-20210701-008435-S	SKIP	C	primary: frozen mechanical policy — EARLIEST member of its EPISODE_CAUSAL group (K*=150s) and S13 class census cond_value$=516.84 vs threshold $639.60
NKD-20210701-008485-S	SKIP	C	primary: frozen mechanical policy — EARLIEST member of its EPISODE_CAUSAL group (K*=150s) and S13 class census cond_value$=516.84 vs threshold $639.60
NKD-20210701-008502-S	SKIP	C	primary: frozen mechanical policy — EARLIEST member of its EPISODE_CAUSAL group (K*=150s) and S13 class census cond_value$=516.84 vs threshold $639.60
NKD-20210701-008531-L	SKIP	C	primary: frozen mechanical policy — EARLIEST member of its EPISODE_CAUSAL group (K*=150s) and S13 class census cond_value$=516.84 vs threshold $639.60
NKD-20210701-008546-L	SKIP	C	primary: frozen mechanical policy — EARLIEST member of its EPISODE_CAUSAL group (K*=150s) and S13 class census cond_value$=516.84 vs threshold $639.60
NKD-20210701-008629-L	SKIP	C	primary: frozen mechanical policy — EARLIEST member of its EPISODE_CAUSAL group (K*=150s) and S13 class census cond_value$=516.84 vs threshold $639.60
NKD-20210701-008649-L	SKIP	C	primary: frozen mechanical policy — EARLIEST member of its EPISODE_CAUSAL group (K*=150s) and S13 class census cond_value$=516.84 vs threshold $639.60
NKD-20210701-008722-S	SKIP	C	primary: frozen mechanical policy — EARLIEST member of its EPISODE_CAUSAL group (K*=150s) and S13 class census cond_value$=516.84 vs threshold $639.60
NKD-20210701-008803-L	SKIP	C	primary: frozen mechanical policy — EARLIEST member of its EPISODE_CAUSAL group (K*=150s) and S13 class census cond_value$=516.84 vs threshold $639.60
NKD-20210701-008905-S	SKIP	C	primary: frozen mechanical policy — EARLIEST member of its EPISODE_CAUSAL group (K*=150s) and S13 class census cond_value$=516.84 vs threshold $639.60
NKD-20210701-008918-L	SKIP	C	primary: frozen mechanical policy — EARLIEST member of its EPISODE_CAUSAL group (K*=150s) and S13 class census cond_value$=639.59 vs threshold $639.60
NKD-20210701-008944-S	SKIP	C	primary: frozen mechanical policy — EARLIEST member of its EPISODE_CAUSAL group (K*=150s) and S13 class census cond_value$=516.84 vs threshold $639.60
NKD-20210701-009110-L	SKIP	C	primary: frozen mechanical policy — EARLIEST member of its EPISODE_CAUSAL group (K*=150s) and S13 class census cond_value$=516.84 vs threshold $639.60
NKD-20210701-009129-L	SKIP	C	primary: frozen mechanical policy — EARLIEST member of its EPISODE_CAUSAL group (K*=150s) and S13 class census cond_value$=516.84 vs threshold $639.60
NKD-20210701-009213-S	SKIP	C	primary: frozen mechanical policy — EARLIEST member of its EPISODE_CAUSAL group (K*=150s) and S13 class census cond_value$=516.84 vs threshold $639.60
NKD-20210701-009218-S	SKIP	C	primary: frozen mechanical policy — EARLIEST member of its EPISODE_CAUSAL group (K*=150s) and S13 class census cond_value$=516.84 vs threshold $639.60
SI-20210701-009409-L	SKIP	C	primary: frozen mechanical policy — EARLIEST member of its EPISODE_CAUSAL group (K*=180s) and S13 class census cond_value$=516.84 vs threshold $639.60
NKD-20210701-009622-S	SKIP	C	primary: frozen mechanical policy — EARLIEST member of its EPISODE_CAUSAL group (K*=150s) and S13 class census cond_value$=516.84 vs threshold $639.60
NKD-20210701-009638-S	SKIP	C	primary: frozen mechanical policy — EARLIEST member of its EPISODE_CAUSAL group (K*=150s) and S13 class census cond_value$=516.84 vs threshold $639.60
SI-20210701-009674-S	SKIP	C	primary: frozen mechanical policy — EARLIEST member of its EPISODE_CAUSAL group (K*=150s) and S13 class census cond_value$=516.84 vs threshold $639.60
NKD-20210701-009732-L	SKIP	C	primary: frozen mechanical policy — EARLIEST member of its EPISODE_CAUSAL group (K*=150s) and S13 class census cond_value$=516.84 vs threshold $639.60
NKD-20210701-009828-S	SKIP	C	primary: frozen mechanical policy — EARLIEST member of its EPISODE_CAUSAL group (K*=150s) and S13 class census cond_value$=516.84 vs threshold $639.60
NKD-20210701-009880-L	SKIP	C	primary: frozen mechanical policy — EARLIEST member of its EPISODE_CAUSAL group (K*=150s) and S13 class census cond_value$=516.84 vs threshold $639.60
NKD-20210701-009883-L	SKIP	C	primary: frozen mechanical policy — EARLIEST member of its EPISODE_CAUSAL group (K*=150s) and S13 class census cond_value$=516.84 vs threshold $639.60
NKD-20210701-009917-S	SKIP	C	primary: frozen mechanical policy — EARLIEST member of its EPISODE_CAUSAL group (K*=150s) and S13 class census cond_value$=516.84 vs threshold $639.60
NKD-20210701-009924-S	SKIP	C	primary: frozen mechanical policy — EARLIEST member of its EPISODE_CAUSAL group (K*=150s) and S13 class census cond_value$=516.84 vs threshold $639.60
NKD-20210701-009995-L	SKIP	C	primary: frozen mechanical policy — EARLIEST member of its EPISODE_CAUSAL group (K*=150s) and S13 class census cond_value$=516.84 vs threshold $639.60
NKD-20210701-010031-L	SKIP	C	primary: frozen mechanical policy — EARLIEST member of its EPISODE_CAUSAL group (K*=150s) and S13 class census cond_value$=516.84 vs threshold $639.60
NKD-20210701-010034-L	SKIP	C	primary: frozen mechanical policy — EARLIEST member of its EPISODE_CAUSAL group (K*=150s) and S13 class census cond_value$=516.84 vs threshold $639.60
SI-20210701-010069-L	SKIP	C	primary: frozen mechanical policy — EARLIEST member of its EPISODE_CAUSAL group (K*=180s) and S13 class census cond_value$=516.84 vs threshold $639.60
SI-20210701-010272-S	SKIP	C	primary: frozen mechanical policy — EARLIEST member of its EPISODE_CAUSAL group (K*=150s) and S13 class census cond_value$=516.84 vs threshold $639.60
HG-20210701-010342-S	SKIP	C	primary: frozen mechanical policy — EARLIEST member of its EPISODE_CAUSAL group (K*=120s) and S13 class census cond_value$=516.84 vs threshold $639.60
NKD-20210701-010553-S	SKIP	C	primary: frozen mechanical policy — EARLIEST member of its EPISODE_CAUSAL group (K*=150s) and S13 class census cond_value$=516.84 vs threshold $639.60
NKD-20210701-010583-S	SKIP	C	primary: frozen mechanical policy — EARLIEST member of its EPISODE_CAUSAL group (K*=150s) and S13 class census cond_value$=516.84 vs threshold $639.60
NKD-20210701-010605-S	SKIP	C	primary: frozen mechanical policy — EARLIEST member of its EPISODE_CAUSAL group (K*=150s) and S13 class census cond_value$=516.84 vs threshold $639.60
NKD-20210701-010625-S	SKIP	C	primary: frozen mechanical policy — EARLIEST member of its EPISODE_CAUSAL group (K*=150s) and S13 class census cond_value$=516.84 vs threshold $639.60
HG-20210701-010965-L	SKIP	C	primary: frozen mechanical policy — EARLIEST member of its EPISODE_CAUSAL group (K*=120s) and S13 class census cond_value$=516.84 vs threshold $639.60
HG-20210701-011029-S	SKIP	C	primary: frozen mechanical policy — EARLIEST member of its EPISODE_CAUSAL group (K*=120s) and S13 class census cond_value$=516.84 vs threshold $639.60
SI-20210701-011035-S	SKIP	C	primary: frozen mechanical policy — EARLIEST member of its EPISODE_CAUSAL group (K*=150s) and S13 class census cond_value$=516.84 vs threshold $639.60
SI-20210701-011056-L	SKIP	C	primary: frozen mechanical policy — EARLIEST member of its EPISODE_CAUSAL group (K*=180s) and S13 class census cond_value$=516.84 vs threshold $639.60
SI-20210701-011067-L	SKIP	C	primary: frozen mechanical policy — EARLIEST member of its EPISODE_CAUSAL group (K*=180s) and S13 class census cond_value$=516.84 vs threshold $639.60
SI-20210701-011096-L	SKIP	C	primary: frozen mechanical policy — EARLIEST member of its EPISODE_CAUSAL group (K*=180s) and S13 class census cond_value$=516.84 vs threshold $639.60
NKD-20210701-011107-L	SKIP	C	primary: frozen mechanical policy — EARLIEST member of its EPISODE_CAUSAL group (K*=150s) and S13 class census cond_value$=516.84 vs threshold $639.60
NKD-20210701-011123-L	SKIP	C	primary: frozen mechanical policy — EARLIEST member of its EPISODE_CAUSAL group (K*=150s) and S13 class census cond_value$=516.84 vs threshold $639.60
HG-20210701-011157-L	SKIP	C	primary: frozen mechanical policy — EARLIEST member of its EPISODE_CAUSAL group (K*=120s) and S13 class census cond_value$=516.84 vs threshold $639.60
SI-20210701-011182-L	SKIP	C	primary: frozen mechanical policy — EARLIEST member of its EPISODE_CAUSAL group (K*=180s) and S13 class census cond_value$=516.84 vs threshold $639.60
HG-20210701-011220-L	SKIP	C	primary: frozen mechanical policy — EARLIEST member of its EPISODE_CAUSAL group (K*=120s) and S13 class census cond_value$=516.84 vs threshold $639.60
SI-20210701-011226-L	SKIP	C	primary: frozen mechanical policy — EARLIEST member of its EPISODE_CAUSAL group (K*=180s) and S13 class census cond_value$=516.84 vs threshold $639.60
NKD-20210701-011273-S	SKIP	C	primary: frozen mechanical policy — EARLIEST member of its EPISODE_CAUSAL group (K*=150s) and S13 class census cond_value$=516.84 vs threshold $639.60
HG-20210701-011277-L	SKIP	C	primary: frozen mechanical policy — EARLIEST member of its EPISODE_CAUSAL group (K*=120s) and S13 class census cond_value$=516.84 vs threshold $639.60
NKD-20210701-011310-S	SKIP	C	primary: frozen mechanical policy — EARLIEST member of its EPISODE_CAUSAL group (K*=150s) and S13 class census cond_value$=516.84 vs threshold $639.60
HG-20210701-011352-L	SKIP	C	primary: frozen mechanical policy — EARLIEST member of its EPISODE_CAUSAL group (K*=120s) and S13 class census cond_value$=516.84 vs threshold $639.60
HG-20210701-011446-S	SKIP	C	primary: frozen mechanical policy — EARLIEST member of its EPISODE_CAUSAL group (K*=120s) and S13 class census cond_value$=516.84 vs threshold $639.60
HG-20210701-011492-L	SKIP	C	primary: frozen mechanical policy — EARLIEST member of its EPISODE_CAUSAL group (K*=120s) and S13 class census cond_value$=516.84 vs threshold $639.60
HG-20210701-011559-S	SKIP	C	primary: frozen mechanical policy — EARLIEST member of its EPISODE_CAUSAL group (K*=120s) and S13 class census cond_value$=516.84 vs threshold $639.60
NKD-20210701-011630-L	SKIP	C	primary: frozen mechanical policy — EARLIEST member of its EPISODE_CAUSAL group (K*=150s) and S13 class census cond_value$=516.84 vs threshold $639.60
HG-20210701-011637-L	SKIP	C	primary: frozen mechanical policy — EARLIEST member of its EPISODE_CAUSAL group (K*=120s) and S13 class census cond_value$=516.84 vs threshold $639.60
NKD-20210701-011698-L	SKIP	C	primary: frozen mechanical policy — EARLIEST member of its EPISODE_CAUSAL group (K*=150s) and S13 class census cond_value$=516.84 vs threshold $639.60
NKD-20210701-011853-S	SKIP	C	primary: frozen mechanical policy — EARLIEST member of its EPISODE_CAUSAL group (K*=150s) and S13 class census cond_value$=516.84 vs threshold $639.60
NKD-20210701-011860-S	SKIP	C	primary: frozen mechanical policy — EARLIEST member of its EPISODE_CAUSAL group (K*=150s) and S13 class census cond_value$=516.84 vs threshold $639.60
HG-20210701-011903-S	SKIP	C	primary: frozen mechanical policy — EARLIEST member of its EPISODE_CAUSAL group (K*=120s) and S13 class census cond_value$=516.84 vs threshold $639.60
SI-20210701-011917-S	SKIP	C	primary: frozen mechanical policy — EARLIEST member of its EPISODE_CAUSAL group (K*=150s) and S13 class census cond_value$=516.84 vs threshold $639.60
HG-20210701-011967-S	SKIP	C	primary: frozen mechanical policy — EARLIEST member of its EPISODE_CAUSAL group (K*=120s) and S13 class census cond_value$=516.84 vs threshold $639.60
NKD-20210701-012004-L	SKIP	C	primary: frozen mechanical policy — EARLIEST member of its EPISODE_CAUSAL group (K*=150s) and S13 class census cond_value$=516.84 vs threshold $639.60
SI-20210701-012010-L	SKIP	C	primary: frozen mechanical policy — EARLIEST member of its EPISODE_CAUSAL group (K*=180s) and S13 class census cond_value$=516.84 vs threshold $639.60
NKD-20210701-012045-L	SKIP	C	primary: frozen mechanical policy — EARLIEST member of its EPISODE_CAUSAL group (K*=150s) and S13 class census cond_value$=516.84 vs threshold $639.60
SI-20210701-012201-S	SKIP	C	primary: frozen mechanical policy — EARLIEST member of its EPISODE_CAUSAL group (K*=150s) and S13 class census cond_value$=516.84 vs threshold $639.60
SI-20210701-012208-S	SKIP	C	primary: frozen mechanical policy — EARLIEST member of its EPISODE_CAUSAL group (K*=150s) and S13 class census cond_value$=516.84 vs threshold $639.60
SI-20210701-012245-S	SKIP	C	primary: frozen mechanical policy — EARLIEST member of its EPISODE_CAUSAL group (K*=150s) and S13 class census cond_value$=516.84 vs threshold $639.60
SI-20210701-012255-S	SKIP	C	primary: frozen mechanical policy — EARLIEST member of its EPISODE_CAUSAL group (K*=150s) and S13 class census cond_value$=516.84 vs threshold $639.60
SI-20210701-012277-S	SKIP	C	primary: frozen mechanical policy — EARLIEST member of its EPISODE_CAUSAL group (K*=150s) and S13 class census cond_value$=516.84 vs threshold $639.60
SI-20210701-012284-S	SKIP	C	primary: frozen mechanical policy — EARLIEST member of its EPISODE_CAUSAL group (K*=150s) and S13 class census cond_value$=516.84 vs threshold $639.60
SI-20210701-012291-S	SKIP	C	primary: frozen mechanical policy — EARLIEST member of its EPISODE_CAUSAL group (K*=150s) and S13 class census cond_value$=516.84 vs threshold $639.60
SI-20210701-012312-S	SKIP	C	primary: frozen mechanical policy — EARLIEST member of its EPISODE_CAUSAL group (K*=150s) and S13 class census cond_value$=500.14 vs threshold $639.60
SI-20210701-012383-L	SKIP	C	primary: frozen mechanical policy — EARLIEST member of its EPISODE_CAUSAL group (K*=180s) and S13 class census cond_value$=516.84 vs threshold $639.60
HG-20210701-012388-L	SKIP	C	primary: frozen mechanical policy — EARLIEST member of its EPISODE_CAUSAL group (K*=120s) and S13 class census cond_value$=516.84 vs threshold $639.60
NKD-20210701-012439-S	SKIP	C	primary: frozen mechanical policy — EARLIEST member of its EPISODE_CAUSAL group (K*=150s) and S13 class census cond_value$=516.84 vs threshold $639.60
NKD-20210701-012447-S	SKIP	C	primary: frozen mechanical policy — EARLIEST member of its EPISODE_CAUSAL group (K*=150s) and S13 class census cond_value$=516.84 vs threshold $639.60
SI-20210701-012483-L	SKIP	C	primary: frozen mechanical policy — EARLIEST member of its EPISODE_CAUSAL group (K*=180s) and S13 class census cond_value$=516.84 vs threshold $639.60
SI-20210701-012493-L	SKIP	C	primary: frozen mechanical policy — EARLIEST member of its EPISODE_CAUSAL group (K*=180s) and S13 class census cond_value$=516.84 vs threshold $639.60
SI-20210701-012600-S	SKIP	C	primary: frozen mechanical policy — EARLIEST member of its EPISODE_CAUSAL group (K*=150s) and S13 class census cond_value$=516.84 vs threshold $639.60
SI-20210701-012723-L	SKIP	C	primary: frozen mechanical policy — EARLIEST member of its EPISODE_CAUSAL group (K*=180s) and S13 class census cond_value$=516.84 vs threshold $639.60
HG-20210701-012732-L	SKIP	C	primary: frozen mechanical policy — EARLIEST member of its EPISODE_CAUSAL group (K*=120s) and S13 class census cond_value$=516.84 vs threshold $639.60
SI-20210701-012783-L	SKIP	C	primary: frozen mechanical policy — EARLIEST member of its EPISODE_CAUSAL group (K*=180s) and S13 class census cond_value$=516.84 vs threshold $639.60
SI-20210701-013134-S	SKIP	C	primary: frozen mechanical policy — EARLIEST member of its EPISODE_CAUSAL group (K*=150s) and S13 class census cond_value$=516.84 vs threshold $639.60
HG-20210701-013282-S	SKIP	C	primary: frozen mechanical policy — EARLIEST member of its EPISODE_CAUSAL group (K*=120s) and S13 class census cond_value$=516.84 vs threshold $639.60
NKD-20210701-013299-L	SKIP	C	primary: frozen mechanical policy — EARLIEST member of its EPISODE_CAUSAL group (K*=150s) and S13 class census cond_value$=516.84 vs threshold $639.60
NKD-20210701-013313-L	SKIP	C	primary: frozen mechanical policy — EARLIEST member of its EPISODE_CAUSAL group (K*=150s) and S13 class census cond_value$=639.59 vs threshold $639.60
NKD-20210701-013340-L	SKIP	C	primary: frozen mechanical policy — EARLIEST member of its EPISODE_CAUSAL group (K*=150s) and S13 class census cond_value$=516.84 vs threshold $639.60
NKD-20210701-013359-L	SKIP	C	primary: frozen mechanical policy — EARLIEST member of its EPISODE_CAUSAL group (K*=150s) and S13 class census cond_value$=516.84 vs threshold $639.60
SI-20210701-013361-L	SKIP	C	primary: frozen mechanical policy — EARLIEST member of its EPISODE_CAUSAL group (K*=180s) and S13 class census cond_value$=516.84 vs threshold $639.60
NKD-20210701-013377-L	SKIP	C	primary: frozen mechanical policy — EARLIEST member of its EPISODE_CAUSAL group (K*=150s) and S13 class census cond_value$=516.84 vs threshold $639.60
NKD-20210701-013383-L	SKIP	C	primary: frozen mechanical policy — EARLIEST member of its EPISODE_CAUSAL group (K*=150s) and S13 class census cond_value$=639.59 vs threshold $639.60
SI-20210701-013480-S	SKIP	C	primary: frozen mechanical policy — EARLIEST member of its EPISODE_CAUSAL group (K*=150s) and S13 class census cond_value$=516.84 vs threshold $639.60
SI-20210701-013594-S	SKIP	C	primary: frozen mechanical policy — EARLIEST member of its EPISODE_CAUSAL group (K*=150s) and S13 class census cond_value$=516.84 vs threshold $639.60
HG-20210701-013595-S	SKIP	C	primary: frozen mechanical policy — EARLIEST member of its EPISODE_CAUSAL group (K*=120s) and S13 class census cond_value$=516.84 vs threshold $639.60
NKD-20210701-013728-S	SKIP	C	primary: frozen mechanical policy — EARLIEST member of its EPISODE_CAUSAL group (K*=150s) and S13 class census cond_value$=516.84 vs threshold $639.60
NKD-20210701-013747-S	SKIP	C	primary: frozen mechanical policy — EARLIEST member of its EPISODE_CAUSAL group (K*=150s) and S13 class census cond_value$=516.84 vs threshold $639.60
SI-20210701-013772-S	SKIP	C	primary: frozen mechanical policy — EARLIEST member of its EPISODE_CAUSAL group (K*=150s) and S13 class census cond_value$=516.84 vs threshold $639.60
NKD-20210701-013773-S	SKIP	C	primary: frozen mechanical policy — EARLIEST member of its EPISODE_CAUSAL group (K*=150s) and S13 class census cond_value$=516.84 vs threshold $639.60
HG-20210701-013838-S	SKIP	C	primary: frozen mechanical policy — EARLIEST member of its EPISODE_CAUSAL group (K*=120s) and S13 class census cond_value$=516.84 vs threshold $639.60
NKD-20210701-013931-L	SKIP	C	primary: frozen mechanical policy — EARLIEST member of its EPISODE_CAUSAL group (K*=150s) and S13 class census cond_value$=516.84 vs threshold $639.60
NKD-20210701-013965-L	SKIP	C	primary: frozen mechanical policy — EARLIEST member of its EPISODE_CAUSAL group (K*=150s) and S13 class census cond_value$=516.84 vs threshold $639.60
NKD-20210701-014045-L	SKIP	C	primary: frozen mechanical policy — EARLIEST member of its EPISODE_CAUSAL group (K*=150s) and S13 class census cond_value$=516.84 vs threshold $639.60
NKD-20210701-014061-L	SKIP	C	primary: frozen mechanical policy — EARLIEST member of its EPISODE_CAUSAL group (K*=150s) and S13 class census cond_value$=516.84 vs threshold $639.60
HG-20210701-014074-L	SKIP	C	primary: frozen mechanical policy — EARLIEST member of its EPISODE_CAUSAL group (K*=120s) and S13 class census cond_value$=516.84 vs threshold $639.60
HG-20210701-014103-S	SKIP	C	primary: frozen mechanical policy — EARLIEST member of its EPISODE_CAUSAL group (K*=120s) and S13 class census cond_value$=516.84 vs threshold $639.60
HG-20210701-014104-S	SKIP	C	primary: frozen mechanical policy — EARLIEST member of its EPISODE_CAUSAL group (K*=120s) and S13 class census cond_value$=516.84 vs threshold $639.60
SI-20210701-014374-L	SKIP	C	primary: frozen mechanical policy — EARLIEST member of its EPISODE_CAUSAL group (K*=180s) and S13 class census cond_value$=516.84 vs threshold $639.60
SI-20210701-014427-L	SKIP	C	primary: frozen mechanical policy — EARLIEST member of its EPISODE_CAUSAL group (K*=180s) and S13 class census cond_value$=516.84 vs threshold $639.60
NKD-20210701-014455-S	SKIP	C	primary: frozen mechanical policy — EARLIEST member of its EPISODE_CAUSAL group (K*=150s) and S13 class census cond_value$=516.84 vs threshold $639.60
HG-20210701-014473-L	SKIP	C	primary: frozen mechanical policy — EARLIEST member of its EPISODE_CAUSAL group (K*=120s) and S13 class census cond_value$=516.84 vs threshold $639.60
SI-20210701-014521-L	SKIP	C	primary: frozen mechanical policy — EARLIEST member of its EPISODE_CAUSAL group (K*=180s) and S13 class census cond_value$=516.84 vs threshold $639.60
HG-20210701-014522-L	SKIP	C	primary: frozen mechanical policy — EARLIEST member of its EPISODE_CAUSAL group (K*=120s) and S13 class census cond_value$=516.84 vs threshold $639.60
SI-20210701-014659-S	SKIP	C	primary: frozen mechanical policy — EARLIEST member of its EPISODE_CAUSAL group (K*=150s) and S13 class census cond_value$=516.84 vs threshold $639.60
HG-20210701-014684-S	SKIP	C	primary: frozen mechanical policy — EARLIEST member of its EPISODE_CAUSAL group (K*=120s) and S13 class census cond_value$=516.84 vs threshold $639.60
NKD-20210701-014723-S	SKIP	C	primary: frozen mechanical policy — EARLIEST member of its EPISODE_CAUSAL group (K*=150s) and S13 class census cond_value$=516.84 vs threshold $639.60
HG-20210701-014729-S	SKIP	C	primary: frozen mechanical policy — EARLIEST member of its EPISODE_CAUSAL group (K*=120s) and S13 class census cond_value$=516.84 vs threshold $639.60
SI-20210701-014776-S	SKIP	C	primary: frozen mechanical policy — EARLIEST member of its EPISODE_CAUSAL group (K*=150s) and S13 class census cond_value$=516.84 vs threshold $639.60
SI-20210701-014882-L	SKIP	C	primary: frozen mechanical policy — EARLIEST member of its EPISODE_CAUSAL group (K*=180s) and S13 class census cond_value$=516.84 vs threshold $639.60
HG-20210701-014883-L	SKIP	C	primary: frozen mechanical policy — EARLIEST member of its EPISODE_CAUSAL group (K*=120s) and S13 class census cond_value$=516.84 vs threshold $639.60
NKD-20210701-015051-S	SKIP	C	primary: frozen mechanical policy — EARLIEST member of its EPISODE_CAUSAL group (K*=150s) and S13 class census cond_value$=516.84 vs threshold $639.60
HG-20210701-015138-L	SKIP	C	primary: frozen mechanical policy — EARLIEST member of its EPISODE_CAUSAL group (K*=120s) and S13 class census cond_value$=516.84 vs threshold $639.60
NKD-20210701-015394-L	SKIP	C	primary: frozen mechanical policy — EARLIEST member of its EPISODE_CAUSAL group (K*=150s) and S13 class census cond_value$=516.84 vs threshold $639.60
NKD-20210701-015414-L	SKIP	C	primary: frozen mechanical policy — EARLIEST member of its EPISODE_CAUSAL group (K*=150s) and S13 class census cond_value$=516.84 vs threshold $639.60
NKD-20210701-015429-L	SKIP	C	primary: frozen mechanical policy — EARLIEST member of its EPISODE_CAUSAL group (K*=150s) and S13 class census cond_value$=516.84 vs threshold $639.60
NKD-20210701-015973-S	SKIP	C	primary: frozen mechanical policy — EARLIEST member of its EPISODE_CAUSAL group (K*=150s) and S13 class census cond_value$=516.84 vs threshold $639.60
NKD-20210701-015990-S	SKIP	C	primary: frozen mechanical policy — EARLIEST member of its EPISODE_CAUSAL group (K*=150s) and S13 class census cond_value$=516.84 vs threshold $639.60
SI-20210701-016190-S	SKIP	C	primary: frozen mechanical policy — EARLIEST member of its EPISODE_CAUSAL group (K*=150s) and S13 class census cond_value$=516.84 vs threshold $639.60
HG-20210701-016327-L	SKIP	C	primary: frozen mechanical policy — EARLIEST member of its EPISODE_CAUSAL group (K*=120s) and S13 class census cond_value$=516.84 vs threshold $639.60
HG-20210701-016394-S	SKIP	C	primary: frozen mechanical policy — EARLIEST member of its EPISODE_CAUSAL group (K*=120s) and S13 class census cond_value$=516.84 vs threshold $639.60
SI-20210701-016396-L	SKIP	C	primary: frozen mechanical policy — EARLIEST member of its EPISODE_CAUSAL group (K*=180s) and S13 class census cond_value$=516.84 vs threshold $639.60
SI-20210701-016506-L	SKIP	C	primary: frozen mechanical policy — EARLIEST member of its EPISODE_CAUSAL group (K*=180s) and S13 class census cond_value$=516.84 vs threshold $639.60
HG-20210701-016563-L	SKIP	C	primary: frozen mechanical policy — EARLIEST member of its EPISODE_CAUSAL group (K*=120s) and S13 class census cond_value$=516.84 vs threshold $639.60
NKD-20210701-016614-L	SKIP	C	primary: frozen mechanical policy — EARLIEST member of its EPISODE_CAUSAL group (K*=150s) and S13 class census cond_value$=516.84 vs threshold $639.60
SI-20210701-016681-S	SKIP	C	primary: frozen mechanical policy — EARLIEST member of its EPISODE_CAUSAL group (K*=150s) and S13 class census cond_value$=516.84 vs threshold $639.60
NKD-20210701-016706-L	SKIP	C	primary: frozen mechanical policy — EARLIEST member of its EPISODE_CAUSAL group (K*=150s) and S13 class census cond_value$=516.84 vs threshold $639.60
NKD-20210701-016723-L	SKIP	C	primary: frozen mechanical policy — EARLIEST member of its EPISODE_CAUSAL group (K*=150s) and S13 class census cond_value$=516.84 vs threshold $639.60
NKD-20210701-016733-L	SKIP	C	primary: frozen mechanical policy — EARLIEST member of its EPISODE_CAUSAL group (K*=150s) and S13 class census cond_value$=500.14 vs threshold $639.60
HG-20210701-016736-S	SKIP	C	primary: frozen mechanical policy — EARLIEST member of its EPISODE_CAUSAL group (K*=120s) and S13 class census cond_value$=516.84 vs threshold $639.60
HG-20210701-016828-L	SKIP	C	primary: frozen mechanical policy — EARLIEST member of its EPISODE_CAUSAL group (K*=120s) and S13 class census cond_value$=516.84 vs threshold $639.60
NKD-20210701-016884-L	SKIP	C	primary: frozen mechanical policy — EARLIEST member of its EPISODE_CAUSAL group (K*=150s) and S13 class census cond_value$=516.84 vs threshold $639.60
SI-20210701-016908-L	SKIP	C	primary: frozen mechanical policy — EARLIEST member of its EPISODE_CAUSAL group (K*=180s) and S13 class census cond_value$=516.84 vs threshold $639.60
HG-20210701-017048-S	SKIP	C	primary: frozen mechanical policy — EARLIEST member of its EPISODE_CAUSAL group (K*=120s) and S13 class census cond_value$=516.84 vs threshold $639.60
HG-20210701-017213-L	SKIP	C	primary: frozen mechanical policy — EARLIEST member of its EPISODE_CAUSAL group (K*=120s) and S13 class census cond_value$=516.84 vs threshold $639.60
HG-20210701-017374-S	SKIP	C	primary: frozen mechanical policy — EARLIEST member of its EPISODE_CAUSAL group (K*=120s) and S13 class census cond_value$=516.84 vs threshold $639.60
HG-20210701-017441-S	SKIP	C	primary: frozen mechanical policy — EARLIEST member of its EPISODE_CAUSAL group (K*=120s) and S13 class census cond_value$=516.84 vs threshold $639.60
SI-20210701-017796-S	SKIP	C	primary: frozen mechanical policy — EARLIEST member of its EPISODE_CAUSAL group (K*=150s) and S13 class census cond_value$=516.84 vs threshold $639.60
SI-20210701-018161-L	SKIP	C	primary: frozen mechanical policy — EARLIEST member of its EPISODE_CAUSAL group (K*=180s) and S13 class census cond_value$=516.84 vs threshold $639.60
HG-20210701-018303-S	SKIP	C	primary: frozen mechanical policy — EARLIEST member of its EPISODE_CAUSAL group (K*=120s) and S13 class census cond_value$=516.84 vs threshold $639.60
NKD-20210701-018306-S	SKIP	C	primary: frozen mechanical policy — EARLIEST member of its EPISODE_CAUSAL group (K*=150s) and S13 class census cond_value$=516.84 vs threshold $639.60
NKD-20210701-018420-S	SKIP	C	primary: frozen mechanical policy — EARLIEST member of its EPISODE_CAUSAL group (K*=150s) and S13 class census cond_value$=516.84 vs threshold $639.60
HG-20210701-018484-S	SKIP	C	primary: frozen mechanical policy — EARLIEST member of its EPISODE_CAUSAL group (K*=120s) and S13 class census cond_value$=516.84 vs threshold $639.60
HG-20210701-018923-L	SKIP	C	primary: frozen mechanical policy — EARLIEST member of its EPISODE_CAUSAL group (K*=120s) and S13 class census cond_value$=516.84 vs threshold $639.60
SI-20210701-019001-S	SKIP	C	primary: frozen mechanical policy — EARLIEST member of its EPISODE_CAUSAL group (K*=150s) and S13 class census cond_value$=516.84 vs threshold $639.60
HG-20210701-019002-S	SKIP	C	primary: frozen mechanical policy — EARLIEST member of its EPISODE_CAUSAL group (K*=120s) and S13 class census cond_value$=516.84 vs threshold $639.60
SI-20210701-019038-S	SKIP	C	primary: frozen mechanical policy — EARLIEST member of its EPISODE_CAUSAL group (K*=150s) and S13 class census cond_value$=516.84 vs threshold $639.60
SI-20210701-019196-S	SKIP	C	primary: frozen mechanical policy — EARLIEST member of its EPISODE_CAUSAL group (K*=150s) and S13 class census cond_value$=516.84 vs threshold $639.60
HG-20210701-019319-L	SKIP	C	primary: frozen mechanical policy — EARLIEST member of its EPISODE_CAUSAL group (K*=120s) and S13 class census cond_value$=516.84 vs threshold $639.60
HG-20210701-019358-S	SKIP	C	primary: frozen mechanical policy — EARLIEST member of its EPISODE_CAUSAL group (K*=120s) and S13 class census cond_value$=516.84 vs threshold $639.60
HG-20210701-019402-L	SKIP	C	primary: frozen mechanical policy — EARLIEST member of its EPISODE_CAUSAL group (K*=120s) and S13 class census cond_value$=516.84 vs threshold $639.60
HG-20210701-019440-L	SKIP	C	primary: frozen mechanical policy — EARLIEST member of its EPISODE_CAUSAL group (K*=120s) and S13 class census cond_value$=516.84 vs threshold $639.60
HG-20210701-019514-L	SKIP	C	primary: frozen mechanical policy — EARLIEST member of its EPISODE_CAUSAL group (K*=120s) and S13 class census cond_value$=500.14 vs threshold $639.60
HG-20210701-019564-S	SKIP	C	primary: frozen mechanical policy — EARLIEST member of its EPISODE_CAUSAL group (K*=120s) and S13 class census cond_value$=516.84 vs threshold $639.60
SI-20210701-019657-L	SKIP	C	primary: frozen mechanical policy — EARLIEST member of its EPISODE_CAUSAL group (K*=180s) and S13 class census cond_value$=516.84 vs threshold $639.60
HG-20210701-019711-L	SKIP	C	primary: frozen mechanical policy — EARLIEST member of its EPISODE_CAUSAL group (K*=120s) and S13 class census cond_value$=516.84 vs threshold $639.60
SI-20210701-019766-L	SKIP	C	primary: frozen mechanical policy — EARLIEST member of its EPISODE_CAUSAL group (K*=180s) and S13 class census cond_value$=516.84 vs threshold $639.60
NKD-20210701-019846-L	TAKE	C	primary: frozen mechanical policy — EARLIEST member of its EPISODE_CAUSAL group (K*=150s) and S13 class census cond_value$=650.35 vs threshold $639.60
NKD-20210701-019849-L	SKIP	C	primary: frozen mechanical policy — EARLIEST member of its EPISODE_CAUSAL group (K*=150s) and S13 class census cond_value$=650.35 vs threshold $639.60
NKD-20210701-019951-L	SKIP	C	primary: frozen mechanical policy — EARLIEST member of its EPISODE_CAUSAL group (K*=150s) and S13 class census cond_value$=516.84 vs threshold $639.60
NKD-20210701-019954-L	SKIP	C	primary: frozen mechanical policy — EARLIEST member of its EPISODE_CAUSAL group (K*=150s) and S13 class census cond_value$=516.84 vs threshold $639.60
NKD-20210701-020113-S	TAKE	C	primary: frozen mechanical policy — EARLIEST member of its EPISODE_CAUSAL group (K*=150s) and S13 class census cond_value$=650.35 vs threshold $639.60
NKD-20210701-020218-S	SKIP	C	primary: frozen mechanical policy — EARLIEST member of its EPISODE_CAUSAL group (K*=150s) and S13 class census cond_value$=516.84 vs threshold $639.60
NKD-20210701-020220-S	SKIP	C	primary: frozen mechanical policy — EARLIEST member of its EPISODE_CAUSAL group (K*=150s) and S13 class census cond_value$=516.84 vs threshold $639.60
HG-20210701-020284-L	SKIP	C	primary: frozen mechanical policy — EARLIEST member of its EPISODE_CAUSAL group (K*=120s) and S13 class census cond_value$=516.84 vs threshold $639.60
HG-20210701-020332-L	SKIP	C	primary: frozen mechanical policy — EARLIEST member of its EPISODE_CAUSAL group (K*=120s) and S13 class census cond_value$=500.14 vs threshold $639.60
SI-20210701-020628-S	SKIP	C	primary: frozen mechanical policy — EARLIEST member of its EPISODE_CAUSAL group (K*=150s) and S13 class census cond_value$=516.84 vs threshold $639.60
NKD-20210701-020694-L	SKIP	C	primary: frozen mechanical policy — EARLIEST member of its EPISODE_CAUSAL group (K*=150s) and S13 class census cond_value$=516.84 vs threshold $639.60
NKD-20210701-020931-S	SKIP	C	primary: frozen mechanical policy — EARLIEST member of its EPISODE_CAUSAL group (K*=150s) and S13 class census cond_value$=516.84 vs threshold $639.60
NKD-20210701-021610-L	SKIP	C	primary: frozen mechanical policy — EARLIEST member of its EPISODE_CAUSAL group (K*=150s) and S13 class census cond_value$=516.84 vs threshold $639.60
SI-20210701-022264-L	SKIP	C	primary: frozen mechanical policy — EARLIEST member of its EPISODE_CAUSAL group (K*=180s) and S13 class census cond_value$=516.84 vs threshold $639.60
HG-20210701-022552-S	SKIP	C	primary: frozen mechanical policy — EARLIEST member of its EPISODE_CAUSAL group (K*=120s) and S13 class census cond_value$=516.84 vs threshold $639.60
NKD-20210701-022702-S	SKIP	C	primary: frozen mechanical policy — EARLIEST member of its EPISODE_CAUSAL group (K*=150s) and S13 class census cond_value$=516.84 vs threshold $639.60
NKD-20210701-022926-S	SKIP	C	primary: frozen mechanical policy — EARLIEST member of its EPISODE_CAUSAL group (K*=150s) and S13 class census cond_value$=516.84 vs threshold $639.60
NKD-20210701-023104-S	SKIP	C	primary: frozen mechanical policy — EARLIEST member of its EPISODE_CAUSAL group (K*=150s) and S13 class census cond_value$=516.84 vs threshold $639.60
NKD-20210701-023334-L	SKIP	C	primary: frozen mechanical policy — EARLIEST member of its EPISODE_CAUSAL group (K*=150s) and S13 class census cond_value$=516.84 vs threshold $639.60
NKD-20210701-023449-L	SKIP	C	primary: frozen mechanical policy — EARLIEST member of its EPISODE_CAUSAL group (K*=150s) and S13 class census cond_value$=516.84 vs threshold $639.60
SI-20210701-023557-S	SKIP	C	primary: frozen mechanical policy — EARLIEST member of its EPISODE_CAUSAL group (K*=150s) and S13 class census cond_value$=516.84 vs threshold $639.60
HG-20210701-023736-S	SKIP	C	primary: frozen mechanical policy — EARLIEST member of its EPISODE_CAUSAL group (K*=120s) and S13 class census cond_value$=516.84 vs threshold $639.60
SI-20210701-023740-S	SKIP	C	primary: frozen mechanical policy — EARLIEST member of its EPISODE_CAUSAL group (K*=150s) and S13 class census cond_value$=516.84 vs threshold $639.60
NKD-20210701-023765-S	SKIP	C	primary: frozen mechanical policy — EARLIEST member of its EPISODE_CAUSAL group (K*=150s) and S13 class census cond_value$=516.84 vs threshold $639.60
NKD-20210701-024616-S	SKIP	C	primary: frozen mechanical policy — EARLIEST member of its EPISODE_CAUSAL group (K*=150s) and S13 class census cond_value$=516.84 vs threshold $639.60
SI-20210701-024885-S	SKIP	C	primary: frozen mechanical policy — EARLIEST member of its EPISODE_CAUSAL group (K*=150s) and S13 class census cond_value$=516.84 vs threshold $639.60
NKD-20210701-025142-S	SKIP	C	primary: frozen mechanical policy — EARLIEST member of its EPISODE_CAUSAL group (K*=150s) and S13 class census cond_value$=516.84 vs threshold $639.60
SI-20210701-025274-L	TAKE	C	primary: frozen mechanical policy — EARLIEST member of its EPISODE_CAUSAL group (K*=180s) and S13 class census cond_value$=650.35 vs threshold $639.60
SI-20210701-025379-L	SKIP	C	primary: frozen mechanical policy — EARLIEST member of its EPISODE_CAUSAL group (K*=180s) and S13 class census cond_value$=516.84 vs threshold $639.60
NKD-20210701-025380-L	SKIP	C	primary: frozen mechanical policy — EARLIEST member of its EPISODE_CAUSAL group (K*=150s) and S13 class census cond_value$=516.84 vs threshold $639.60
NKD-20210701-025395-L	SKIP	C	primary: frozen mechanical policy — EARLIEST member of its EPISODE_CAUSAL group (K*=150s) and S13 class census cond_value$=516.84 vs threshold $639.60
NKD-20210701-025431-L	SKIP	C	primary: frozen mechanical policy — EARLIEST member of its EPISODE_CAUSAL group (K*=150s) and S13 class census cond_value$=516.84 vs threshold $639.60
NKD-20210701-025432-L	SKIP	C	primary: frozen mechanical policy — EARLIEST member of its EPISODE_CAUSAL group (K*=150s) and S13 class census cond_value$=516.84 vs threshold $639.60
NKD-20210701-025775-S	SKIP	C	primary: frozen mechanical policy — EARLIEST member of its EPISODE_CAUSAL group (K*=150s) and S13 class census cond_value$=516.84 vs threshold $639.60
NKD-20210701-025910-S	SKIP	C	primary: frozen mechanical policy — EARLIEST member of its EPISODE_CAUSAL group (K*=150s) and S13 class census cond_value$=516.84 vs threshold $639.60
HG-20210701-026383-S	SKIP	C	primary: frozen mechanical policy — EARLIEST member of its EPISODE_CAUSAL group (K*=120s) and S13 class census cond_value$=516.84 vs threshold $639.60
SI-20210701-026383-S	SKIP	C	primary: frozen mechanical policy — EARLIEST member of its EPISODE_CAUSAL group (K*=150s) and S13 class census cond_value$=516.84 vs threshold $639.60
NKD-20210701-026581-S	SKIP	C	primary: frozen mechanical policy — EARLIEST member of its EPISODE_CAUSAL group (K*=150s) and S13 class census cond_value$=516.84 vs threshold $639.60
NKD-20210701-026829-L	SKIP	C	primary: frozen mechanical policy — EARLIEST member of its EPISODE_CAUSAL group (K*=150s) and S13 class census cond_value$=516.84 vs threshold $639.60
NKD-20210701-027002-L	SKIP	C	primary: frozen mechanical policy — EARLIEST member of its EPISODE_CAUSAL group (K*=150s) and S13 class census cond_value$=516.84 vs threshold $639.60
NKD-20210701-027005-L	SKIP	C	primary: frozen mechanical policy — EARLIEST member of its EPISODE_CAUSAL group (K*=150s) and S13 class census cond_value$=516.84 vs threshold $639.60
HG-20210701-027157-L	SKIP	C	primary: frozen mechanical policy — EARLIEST member of its EPISODE_CAUSAL group (K*=120s) and S13 class census cond_value$=516.84 vs threshold $639.60
HG-20210701-027166-L	SKIP	C	primary: frozen mechanical policy — EARLIEST member of its EPISODE_CAUSAL group (K*=120s) and S13 class census cond_value$=516.84 vs threshold $639.60
HG-20210701-027167-L	SKIP	C	primary: frozen mechanical policy — EARLIEST member of its EPISODE_CAUSAL group (K*=120s) and S13 class census cond_value$=516.84 vs threshold $639.60
NKD-20210701-027188-L	SKIP	C	primary: frozen mechanical policy — EARLIEST member of its EPISODE_CAUSAL group (K*=150s) and S13 class census cond_value$=516.84 vs threshold $639.60
SI-20210701-027233-L	SKIP	C	primary: frozen mechanical policy — EARLIEST member of its EPISODE_CAUSAL group (K*=180s) and S13 class census cond_value$=516.84 vs threshold $639.60
SI-20210701-027237-L	SKIP	C	primary: frozen mechanical policy — EARLIEST member of its EPISODE_CAUSAL group (K*=180s) and S13 class census cond_value$=516.84 vs threshold $639.60
SI-20210701-027333-L	SKIP	C	primary: frozen mechanical policy — EARLIEST member of its EPISODE_CAUSAL group (K*=180s) and S13 class census cond_value$=516.84 vs threshold $639.60
HG-20210701-027338-L	SKIP	C	primary: frozen mechanical policy — EARLIEST member of its EPISODE_CAUSAL group (K*=120s) and S13 class census cond_value$=516.84 vs threshold $639.60
SI-20210701-027359-L	SKIP	C	primary: frozen mechanical policy — EARLIEST member of its EPISODE_CAUSAL group (K*=180s) and S13 class census cond_value$=516.84 vs threshold $639.60
HG-20210701-027410-L	SKIP	C	primary: frozen mechanical policy — EARLIEST member of its EPISODE_CAUSAL group (K*=120s) and S13 class census cond_value$=516.84 vs threshold $639.60
SI-20210701-027423-L	SKIP	C	primary: frozen mechanical policy — EARLIEST member of its EPISODE_CAUSAL group (K*=180s) and S13 class census cond_value$=516.84 vs threshold $639.60
HG-20210701-027857-S	SKIP	C	primary: frozen mechanical policy — EARLIEST member of its EPISODE_CAUSAL group (K*=120s) and S13 class census cond_value$=516.84 vs threshold $639.60
HG-20210701-027966-S	SKIP	C	primary: frozen mechanical policy — EARLIEST member of its EPISODE_CAUSAL group (K*=120s) and S13 class census cond_value$=516.84 vs threshold $639.60
HG-20210701-028513-L	SKIP	C	primary: frozen mechanical policy — EARLIEST member of its EPISODE_CAUSAL group (K*=120s) and S13 class census cond_value$=516.84 vs threshold $639.60
HG-20210701-028691-S	SKIP	C	primary: frozen mechanical policy — EARLIEST member of its EPISODE_CAUSAL group (K*=120s) and S13 class census cond_value$=516.84 vs threshold $639.60
NKD-20210701-028919-L	SKIP	C	primary: frozen mechanical policy — EARLIEST member of its EPISODE_CAUSAL group (K*=150s) and S13 class census cond_value$=516.84 vs threshold $639.60
NKD-20210701-028960-S	SKIP	C	primary: frozen mechanical policy — EARLIEST member of its EPISODE_CAUSAL group (K*=150s) and S13 class census cond_value$=516.84 vs threshold $639.60
NKD-20210701-028976-S	SKIP	C	primary: frozen mechanical policy — EARLIEST member of its EPISODE_CAUSAL group (K*=150s) and S13 class census cond_value$=516.84 vs threshold $639.60
NKD-20210701-028990-S	SKIP	C	primary: frozen mechanical policy — EARLIEST member of its EPISODE_CAUSAL group (K*=150s) and S13 class census cond_value$=516.84 vs threshold $639.60
SI-20210701-029005-S	SKIP	C	primary: frozen mechanical policy — EARLIEST member of its EPISODE_CAUSAL group (K*=150s) and S13 class census cond_value$=516.84 vs threshold $639.60
NKD-20210701-029049-S	SKIP	C	primary: frozen mechanical policy — EARLIEST member of its EPISODE_CAUSAL group (K*=150s) and S13 class census cond_value$=516.84 vs threshold $639.60
HG-20210701-029115-S	SKIP	C	primary: frozen mechanical policy — EARLIEST member of its EPISODE_CAUSAL group (K*=120s) and S13 class census cond_value$=516.84 vs threshold $639.60
SI-20210701-029184-S	SKIP	C	primary: frozen mechanical policy — EARLIEST member of its EPISODE_CAUSAL group (K*=150s) and S13 class census cond_value$=516.84 vs threshold $639.60
NKD-20210701-029308-S	SKIP	C	primary: frozen mechanical policy — EARLIEST member of its EPISODE_CAUSAL group (K*=150s) and S13 class census cond_value$=516.84 vs threshold $639.60
SI-20210701-029398-L	SKIP	C	primary: frozen mechanical policy — EARLIEST member of its EPISODE_CAUSAL group (K*=180s) and S13 class census cond_value$=516.84 vs threshold $639.60
NKD-20210701-029527-L	SKIP	C	primary: frozen mechanical policy — EARLIEST member of its EPISODE_CAUSAL group (K*=150s) and S13 class census cond_value$=516.84 vs threshold $639.60
SI-20210701-029641-L	SKIP	C	primary: frozen mechanical policy — EARLIEST member of its EPISODE_CAUSAL group (K*=180s) and S13 class census cond_value$=516.84 vs threshold $639.60
HG-20210701-029675-L	SKIP	C	primary: frozen mechanical policy — EARLIEST member of its EPISODE_CAUSAL group (K*=120s) and S13 class census cond_value$=516.84 vs threshold $639.60
SI-20210701-029709-S	SKIP	C	primary: frozen mechanical policy — EARLIEST member of its EPISODE_CAUSAL group (K*=150s) and S13 class census cond_value$=516.84 vs threshold $639.60
NKD-20210701-029710-S	SKIP	C	primary: frozen mechanical policy — EARLIEST member of its EPISODE_CAUSAL group (K*=150s) and S13 class census cond_value$=516.84 vs threshold $639.60
SI-20210701-029842-S	SKIP	C	primary: frozen mechanical policy — EARLIEST member of its EPISODE_CAUSAL group (K*=150s) and S13 class census cond_value$=516.84 vs threshold $639.60
HG-20210701-029845-S	SKIP	C	primary: frozen mechanical policy — EARLIEST member of its EPISODE_CAUSAL group (K*=120s) and S13 class census cond_value$=516.84 vs threshold $639.60
SI-20210701-029867-S	SKIP	C	primary: frozen mechanical policy — EARLIEST member of its EPISODE_CAUSAL group (K*=150s) and S13 class census cond_value$=516.84 vs threshold $639.60
SI-20210701-029907-S	SKIP	C	primary: frozen mechanical policy — EARLIEST member of its EPISODE_CAUSAL group (K*=150s) and S13 class census cond_value$=516.84 vs threshold $639.60
SI-20210701-029919-S	SKIP	C	primary: frozen mechanical policy — EARLIEST member of its EPISODE_CAUSAL group (K*=150s) and S13 class census cond_value$=516.84 vs threshold $639.60
SI-20210701-030136-L	SKIP	C	primary: frozen mechanical policy — EARLIEST member of its EPISODE_CAUSAL group (K*=180s) and S13 class census cond_value$=516.84 vs threshold $639.60
SI-20210701-030192-L	SKIP	C	primary: frozen mechanical policy — EARLIEST member of its EPISODE_CAUSAL group (K*=180s) and S13 class census cond_value$=516.84 vs threshold $639.60
SI-20210701-030432-S	SKIP	C	primary: frozen mechanical policy — EARLIEST member of its EPISODE_CAUSAL group (K*=150s) and S13 class census cond_value$=516.84 vs threshold $639.60
HG-20210701-030453-S	SKIP	C	primary: frozen mechanical policy — EARLIEST member of its EPISODE_CAUSAL group (K*=120s) and S13 class census cond_value$=516.84 vs threshold $639.60
HG-20210701-030536-L	SKIP	C	primary: frozen mechanical policy — EARLIEST member of its EPISODE_CAUSAL group (K*=120s) and S13 class census cond_value$=516.84 vs threshold $639.60
SI-20210701-030639-S	SKIP	C	primary: frozen mechanical policy — EARLIEST member of its EPISODE_CAUSAL group (K*=150s) and S13 class census cond_value$=516.84 vs threshold $639.60
NKD-20210701-030654-L	TAKE	C	primary: frozen mechanical policy — EARLIEST member of its EPISODE_CAUSAL group (K*=150s) and S13 class census cond_value$=650.35 vs threshold $639.60
HG-20210701-030685-S	SKIP	C	primary: frozen mechanical policy — EARLIEST member of its EPISODE_CAUSAL group (K*=120s) and S13 class census cond_value$=516.84 vs threshold $639.60
NKD-20210701-030692-L	SKIP	C	primary: frozen mechanical policy — EARLIEST member of its EPISODE_CAUSAL group (K*=150s) and S13 class census cond_value$=516.84 vs threshold $639.60
SI-20210701-030755-L	SKIP	C	primary: frozen mechanical policy — EARLIEST member of its EPISODE_CAUSAL group (K*=180s) and S13 class census cond_value$=516.84 vs threshold $639.60
HG-20210701-030759-L	SKIP	C	primary: frozen mechanical policy — EARLIEST member of its EPISODE_CAUSAL group (K*=120s) and S13 class census cond_value$=516.84 vs threshold $639.60
NKD-20210701-030759-L	SKIP	C	primary: frozen mechanical policy — EARLIEST member of its EPISODE_CAUSAL group (K*=150s) and S13 class census cond_value$=516.84 vs threshold $639.60
SI-20210701-030792-L	SKIP	C	primary: frozen mechanical policy — EARLIEST member of its EPISODE_CAUSAL group (K*=180s) and S13 class census cond_value$=516.84 vs threshold $639.60
HG-20210701-030802-L	SKIP	C	primary: frozen mechanical policy — EARLIEST member of its EPISODE_CAUSAL group (K*=120s) and S13 class census cond_value$=516.84 vs threshold $639.60
NKD-20210701-030810-L	SKIP	C	primary: frozen mechanical policy — EARLIEST member of its EPISODE_CAUSAL group (K*=150s) and S13 class census cond_value$=650.35 vs threshold $639.60
HG-20210701-030813-L	SKIP	C	primary: frozen mechanical policy — EARLIEST member of its EPISODE_CAUSAL group (K*=120s) and S13 class census cond_value$=516.84 vs threshold $639.60
HG-20210701-030846-S	SKIP	C	primary: frozen mechanical policy — EARLIEST member of its EPISODE_CAUSAL group (K*=120s) and S13 class census cond_value$=516.84 vs threshold $639.60
SI-20210701-030888-S	SKIP	C	primary: frozen mechanical policy — EARLIEST member of its EPISODE_CAUSAL group (K*=150s) and S13 class census cond_value$=516.84 vs threshold $639.60
HG-20210701-030902-S	SKIP	C	primary: frozen mechanical policy — EARLIEST member of its EPISODE_CAUSAL group (K*=120s) and S13 class census cond_value$=516.84 vs threshold $639.60
NKD-20210701-030915-L	SKIP	C	primary: frozen mechanical policy — EARLIEST member of its EPISODE_CAUSAL group (K*=150s) and S13 class census cond_value$=516.84 vs threshold $639.60
SI-20210701-030937-L	SKIP	C	primary: frozen mechanical policy — EARLIEST member of its EPISODE_CAUSAL group (K*=180s) and S13 class census cond_value$=516.84 vs threshold $639.60
HG-20210701-031366-L	SKIP	C	primary: frozen mechanical policy — EARLIEST member of its EPISODE_CAUSAL group (K*=120s) and S13 class census cond_value$=516.84 vs threshold $639.60
SI-20210701-031391-S	SKIP	C	primary: frozen mechanical policy — EARLIEST member of its EPISODE_CAUSAL group (K*=150s) and S13 class census cond_value$=516.84 vs threshold $639.60
NKD-20210701-031459-S	SKIP	C	primary: frozen mechanical policy — EARLIEST member of its EPISODE_CAUSAL group (K*=150s) and S13 class census cond_value$=516.84 vs threshold $639.60
SI-20210701-031631-L	SKIP	C	primary: frozen mechanical policy — EARLIEST member of its EPISODE_CAUSAL group (K*=180s) and S13 class census cond_value$=516.84 vs threshold $639.60
HG-20210701-031705-L	SKIP	C	primary: frozen mechanical policy — EARLIEST member of its EPISODE_CAUSAL group (K*=120s) and S13 class census cond_value$=516.84 vs threshold $639.60
SI-20210701-031895-S	SKIP	C	primary: frozen mechanical policy — EARLIEST member of its EPISODE_CAUSAL group (K*=150s) and S13 class census cond_value$=516.84 vs threshold $639.60
SI-20210701-031987-S	SKIP	C	primary: frozen mechanical policy — EARLIEST member of its EPISODE_CAUSAL group (K*=150s) and S13 class census cond_value$=516.84 vs threshold $639.60
HG-20210701-032029-S	SKIP	C	primary: frozen mechanical policy — EARLIEST member of its EPISODE_CAUSAL group (K*=120s) and S13 class census cond_value$=516.84 vs threshold $639.60
SI-20210701-032233-L	SKIP	C	primary: frozen mechanical policy — EARLIEST member of its EPISODE_CAUSAL group (K*=180s) and S13 class census cond_value$=516.84 vs threshold $639.60
NKD-20210701-032236-L	SKIP	C	primary: frozen mechanical policy — EARLIEST member of its EPISODE_CAUSAL group (K*=150s) and S13 class census cond_value$=516.84 vs threshold $639.60
SI-20210701-032258-L	SKIP	C	primary: frozen mechanical policy — EARLIEST member of its EPISODE_CAUSAL group (K*=180s) and S13 class census cond_value$=516.84 vs threshold $639.60
NKD-20210701-032266-L	SKIP	C	primary: frozen mechanical policy — EARLIEST member of its EPISODE_CAUSAL group (K*=150s) and S13 class census cond_value$=516.84 vs threshold $639.60
SI-20210701-032286-S	SKIP	C	primary: frozen mechanical policy — EARLIEST member of its EPISODE_CAUSAL group (K*=150s) and S13 class census cond_value$=516.84 vs threshold $639.60
HG-20210701-032366-L	SKIP	C	primary: frozen mechanical policy — EARLIEST member of its EPISODE_CAUSAL group (K*=120s) and S13 class census cond_value$=516.84 vs threshold $639.60
HG-20210701-032461-L	SKIP	C	primary: frozen mechanical policy — EARLIEST member of its EPISODE_CAUSAL group (K*=120s) and S13 class census cond_value$=516.84 vs threshold $639.60
HG-20210701-032534-L	SKIP	C	primary: frozen mechanical policy — EARLIEST member of its EPISODE_CAUSAL group (K*=120s) and S13 class census cond_value$=516.84 vs threshold $639.60
HG-20210701-032604-S	SKIP	C	primary: frozen mechanical policy — EARLIEST member of its EPISODE_CAUSAL group (K*=120s) and S13 class census cond_value$=516.84 vs threshold $639.60
HG-20210701-032606-S	SKIP	C	primary: frozen mechanical policy — EARLIEST member of its EPISODE_CAUSAL group (K*=120s) and S13 class census cond_value$=516.84 vs threshold $639.60
HG-20210701-032611-S	SKIP	C	primary: frozen mechanical policy — EARLIEST member of its EPISODE_CAUSAL group (K*=120s) and S13 class census cond_value$=516.84 vs threshold $639.60
HG-20210701-032612-S	SKIP	C	primary: frozen mechanical policy — EARLIEST member of its EPISODE_CAUSAL group (K*=120s) and S13 class census cond_value$=516.84 vs threshold $639.60
HG-20210701-032640-L	SKIP	C	primary: frozen mechanical policy — EARLIEST member of its EPISODE_CAUSAL group (K*=120s) and S13 class census cond_value$=516.84 vs threshold $639.60
HG-20210701-032672-L	SKIP	C	primary: frozen mechanical policy — EARLIEST member of its EPISODE_CAUSAL group (K*=120s) and S13 class census cond_value$=516.84 vs threshold $639.60
SI-20210701-032683-S	SKIP	C	primary: frozen mechanical policy — EARLIEST member of its EPISODE_CAUSAL group (K*=150s) and S13 class census cond_value$=516.84 vs threshold $639.60
SI-20210701-032687-S	SKIP	C	primary: frozen mechanical policy — EARLIEST member of its EPISODE_CAUSAL group (K*=150s) and S13 class census cond_value$=516.84 vs threshold $639.60
HG-20210701-032710-S	SKIP	C	primary: frozen mechanical policy — EARLIEST member of its EPISODE_CAUSAL group (K*=120s) and S13 class census cond_value$=516.84 vs threshold $639.60
SI-20210701-032775-L	SKIP	C	primary: frozen mechanical policy — EARLIEST member of its EPISODE_CAUSAL group (K*=180s) and S13 class census cond_value$=516.84 vs threshold $639.60
HG-20210701-032778-L	SKIP	C	primary: frozen mechanical policy — EARLIEST member of its EPISODE_CAUSAL group (K*=120s) and S13 class census cond_value$=516.84 vs threshold $639.60
SI-20210701-032817-L	SKIP	C	primary: frozen mechanical policy — EARLIEST member of its EPISODE_CAUSAL group (K*=180s) and S13 class census cond_value$=516.84 vs threshold $639.60
SI-20210701-032880-S	SKIP	C	primary: frozen mechanical policy — EARLIEST member of its EPISODE_CAUSAL group (K*=150s) and S13 class census cond_value$=516.84 vs threshold $639.60
SI-20210701-033054-L	SKIP	C	primary: frozen mechanical policy — EARLIEST member of its EPISODE_CAUSAL group (K*=180s) and S13 class census cond_value$=516.84 vs threshold $639.60
HG-20210701-033162-S	SKIP	C	primary: frozen mechanical policy — EARLIEST member of its EPISODE_CAUSAL group (K*=120s) and S13 class census cond_value$=516.84 vs threshold $639.60
HG-20210701-033298-L	SKIP	C	primary: frozen mechanical policy — EARLIEST member of its EPISODE_CAUSAL group (K*=120s) and S13 class census cond_value$=516.84 vs threshold $639.60
SI-20210701-033299-L	SKIP	C	primary: frozen mechanical policy — EARLIEST member of its EPISODE_CAUSAL group (K*=180s) and S13 class census cond_value$=516.84 vs threshold $639.60
NKD-20210701-033605-S	SKIP	C	primary: frozen mechanical policy — EARLIEST member of its EPISODE_CAUSAL group (K*=150s) and S13 class census cond_value$=516.84 vs threshold $639.60
NKD-20210701-033642-S	SKIP	C	primary: frozen mechanical policy — EARLIEST member of its EPISODE_CAUSAL group (K*=150s) and S13 class census cond_value$=500.14 vs threshold $639.60
SI-20210701-033774-S	SKIP	C	primary: frozen mechanical policy — EARLIEST member of its EPISODE_CAUSAL group (K*=150s) and S13 class census cond_value$=516.84 vs threshold $639.60
HG-20210701-033778-S	SKIP	C	primary: frozen mechanical policy — EARLIEST member of its EPISODE_CAUSAL group (K*=120s) and S13 class census cond_value$=516.84 vs threshold $639.60
HG-20210701-033845-L	SKIP	C	primary: frozen mechanical policy — EARLIEST member of its EPISODE_CAUSAL group (K*=120s) and S13 class census cond_value$=516.84 vs threshold $639.60
NKD-20210701-033845-L	SKIP	C	primary: frozen mechanical policy — EARLIEST member of its EPISODE_CAUSAL group (K*=150s) and S13 class census cond_value$=516.84 vs threshold $639.60
SI-20210701-033867-L	SKIP	C	primary: frozen mechanical policy — EARLIEST member of its EPISODE_CAUSAL group (K*=180s) and S13 class census cond_value$=516.84 vs threshold $639.60
HG-20210701-034019-S	SKIP	C	primary: frozen mechanical policy — EARLIEST member of its EPISODE_CAUSAL group (K*=120s) and S13 class census cond_value$=516.84 vs threshold $639.60
NKD-20210701-034065-S	SKIP	C	primary: frozen mechanical policy — EARLIEST member of its EPISODE_CAUSAL group (K*=150s) and S13 class census cond_value$=516.84 vs threshold $639.60
NKD-20210701-034070-S	SKIP	C	primary: frozen mechanical policy — EARLIEST member of its EPISODE_CAUSAL group (K*=150s) and S13 class census cond_value$=516.84 vs threshold $639.60
NKD-20210701-034077-S	SKIP	C	primary: frozen mechanical policy — EARLIEST member of its EPISODE_CAUSAL group (K*=150s) and S13 class census cond_value$=516.84 vs threshold $639.60
HG-20210701-034119-S	SKIP	C	primary: frozen mechanical policy — EARLIEST member of its EPISODE_CAUSAL group (K*=120s) and S13 class census cond_value$=516.84 vs threshold $639.60
NKD-20210701-034260-S	SKIP	C	primary: frozen mechanical policy — EARLIEST member of its EPISODE_CAUSAL group (K*=150s) and S13 class census cond_value$=639.59 vs threshold $639.60
SI-20210701-034325-L	SKIP	C	primary: frozen mechanical policy — EARLIEST member of its EPISODE_CAUSAL group (K*=180s) and S13 class census cond_value$=516.84 vs threshold $639.60
HG-20210701-034361-L	SKIP	C	primary: frozen mechanical policy — EARLIEST member of its EPISODE_CAUSAL group (K*=120s) and S13 class census cond_value$=516.84 vs threshold $639.60
SI-20210701-034380-S	SKIP	C	primary: frozen mechanical policy — EARLIEST member of its EPISODE_CAUSAL group (K*=150s) and S13 class census cond_value$=516.84 vs threshold $639.60
SI-20210701-034387-S	SKIP	C	primary: frozen mechanical policy — EARLIEST member of its EPISODE_CAUSAL group (K*=150s) and S13 class census cond_value$=516.84 vs threshold $639.60
NKD-20210701-034391-L	SKIP	C	primary: frozen mechanical policy — EARLIEST member of its EPISODE_CAUSAL group (K*=150s) and S13 class census cond_value$=516.84 vs threshold $639.60
HG-20210701-034435-S	SKIP	C	primary: frozen mechanical policy — EARLIEST member of its EPISODE_CAUSAL group (K*=120s) and S13 class census cond_value$=516.84 vs threshold $639.60
HG-20210701-034497-S	SKIP	C	primary: frozen mechanical policy — EARLIEST member of its EPISODE_CAUSAL group (K*=120s) and S13 class census cond_value$=516.84 vs threshold $639.60
HG-20210701-034531-S	SKIP	C	primary: frozen mechanical policy — EARLIEST member of its EPISODE_CAUSAL group (K*=120s) and S13 class census cond_value$=516.84 vs threshold $639.60
SI-20210701-034537-S	SKIP	C	primary: frozen mechanical policy — EARLIEST member of its EPISODE_CAUSAL group (K*=150s) and S13 class census cond_value$=516.84 vs threshold $639.60
SI-20210701-034541-S	SKIP	C	primary: frozen mechanical policy — EARLIEST member of its EPISODE_CAUSAL group (K*=150s) and S13 class census cond_value$=516.84 vs threshold $639.60
NKD-20210701-034625-S	SKIP	C	primary: frozen mechanical policy — EARLIEST member of its EPISODE_CAUSAL group (K*=150s) and S13 class census cond_value$=516.84 vs threshold $639.60
NKD-20210701-034626-S	SKIP	C	primary: frozen mechanical policy — EARLIEST member of its EPISODE_CAUSAL group (K*=150s) and S13 class census cond_value$=516.84 vs threshold $639.60
HG-20210701-034642-S	SKIP	C	primary: frozen mechanical policy — EARLIEST member of its EPISODE_CAUSAL group (K*=120s) and S13 class census cond_value$=500.14 vs threshold $639.60
SI-20210701-034711-L	SKIP	C	primary: frozen mechanical policy — EARLIEST member of its EPISODE_CAUSAL group (K*=180s) and S13 class census cond_value$=516.84 vs threshold $639.60
SI-20210701-034803-L	SKIP	C	primary: frozen mechanical policy — EARLIEST member of its EPISODE_CAUSAL group (K*=180s) and S13 class census cond_value$=516.84 vs threshold $639.60
HG-20210701-034898-S	SKIP	C	primary: frozen mechanical policy — EARLIEST member of its EPISODE_CAUSAL group (K*=120s) and S13 class census cond_value$=516.84 vs threshold $639.60
SI-20210701-035278-S	SKIP	C	primary: frozen mechanical policy — EARLIEST member of its EPISODE_CAUSAL group (K*=150s) and S13 class census cond_value$=516.84 vs threshold $639.60
SI-20210701-035460-S	SKIP	C	primary: frozen mechanical policy — EARLIEST member of its EPISODE_CAUSAL group (K*=150s) and S13 class census cond_value$=516.84 vs threshold $639.60
SI-20210701-035462-S	SKIP	C	primary: frozen mechanical policy — EARLIEST member of its EPISODE_CAUSAL group (K*=150s) and S13 class census cond_value$=516.84 vs threshold $639.60
SI-20210701-035572-L	SKIP	C	primary: frozen mechanical policy — EARLIEST member of its EPISODE_CAUSAL group (K*=180s) and S13 class census cond_value$=516.84 vs threshold $639.60
SI-20210701-035780-L	SKIP	C	primary: frozen mechanical policy — EARLIEST member of its EPISODE_CAUSAL group (K*=180s) and S13 class census cond_value$=516.84 vs threshold $639.60
HG-20210701-035962-L	SKIP	C	primary: frozen mechanical policy — EARLIEST member of its EPISODE_CAUSAL group (K*=120s) and S13 class census cond_value$=516.84 vs threshold $639.60
SI-20210701-035971-L	SKIP	C	primary: frozen mechanical policy — EARLIEST member of its EPISODE_CAUSAL group (K*=180s) and S13 class census cond_value$=516.84 vs threshold $639.60
HG-20210701-035986-L	SKIP	C	primary: frozen mechanical policy — EARLIEST member of its EPISODE_CAUSAL group (K*=120s) and S13 class census cond_value$=516.84 vs threshold $639.60
HG-20210701-035998-L	SKIP	C	primary: frozen mechanical policy — EARLIEST member of its EPISODE_CAUSAL group (K*=120s) and S13 class census cond_value$=516.84 vs threshold $639.60
NKD-20210701-036023-L	SKIP	C	primary: frozen mechanical policy — EARLIEST member of its EPISODE_CAUSAL group (K*=150s) and S13 class census cond_value$=516.84 vs threshold $639.60
HG-20210701-036140-L	SKIP	C	primary: frozen mechanical policy — EARLIEST member of its EPISODE_CAUSAL group (K*=120s) and S13 class census cond_value$=516.84 vs threshold $639.60
NKD-20210701-036240-L	SKIP	C	primary: frozen mechanical policy — EARLIEST member of its EPISODE_CAUSAL group (K*=150s) and S13 class census cond_value$=516.84 vs threshold $639.60
HG-20210701-036298-L	SKIP	C	primary: frozen mechanical policy — EARLIEST member of its EPISODE_CAUSAL group (K*=120s) and S13 class census cond_value$=516.84 vs threshold $639.60
SI-20210701-036458-S	SKIP	C	primary: frozen mechanical policy — EARLIEST member of its EPISODE_CAUSAL group (K*=150s) and S13 class census cond_value$=516.84 vs threshold $639.60
SI-20210701-036524-S	SKIP	C	primary: frozen mechanical policy — EARLIEST member of its EPISODE_CAUSAL group (K*=150s) and S13 class census cond_value$=516.84 vs threshold $639.60
NKD-20210701-036526-L	SKIP	C	primary: frozen mechanical policy — EARLIEST member of its EPISODE_CAUSAL group (K*=150s) and S13 class census cond_value$=516.84 vs threshold $639.60
SI-20210701-036593-S	SKIP	C	primary: frozen mechanical policy — EARLIEST member of its EPISODE_CAUSAL group (K*=150s) and S13 class census cond_value$=516.84 vs threshold $639.60
HG-20210701-036769-S	SKIP	C	primary: frozen mechanical policy — EARLIEST member of its EPISODE_CAUSAL group (K*=120s) and S13 class census cond_value$=516.84 vs threshold $639.60
HG-20210701-036830-S	SKIP	C	primary: frozen mechanical policy — EARLIEST member of its EPISODE_CAUSAL group (K*=120s) and S13 class census cond_value$=516.84 vs threshold $639.60
HG-20210701-036840-L	SKIP	C	primary: frozen mechanical policy — EARLIEST member of its EPISODE_CAUSAL group (K*=120s) and S13 class census cond_value$=516.84 vs threshold $639.60
NKD-20210701-036853-S	SKIP	C	primary: frozen mechanical policy — EARLIEST member of its EPISODE_CAUSAL group (K*=150s) and S13 class census cond_value$=516.84 vs threshold $639.60
NKD-20210701-036886-S	SKIP	C	primary: frozen mechanical policy — EARLIEST member of its EPISODE_CAUSAL group (K*=150s) and S13 class census cond_value$=516.84 vs threshold $639.60
NKD-20210701-036940-S	SKIP	C	primary: frozen mechanical policy — EARLIEST member of its EPISODE_CAUSAL group (K*=150s) and S13 class census cond_value$=516.84 vs threshold $639.60
NKD-20210701-036947-S	SKIP	C	primary: frozen mechanical policy — EARLIEST member of its EPISODE_CAUSAL group (K*=150s) and S13 class census cond_value$=516.84 vs threshold $639.60
HG-20210701-036973-S	SKIP	C	primary: frozen mechanical policy — EARLIEST member of its EPISODE_CAUSAL group (K*=120s) and S13 class census cond_value$=516.84 vs threshold $639.60
HG-20210701-036988-S	SKIP	C	primary: frozen mechanical policy — EARLIEST member of its EPISODE_CAUSAL group (K*=120s) and S13 class census cond_value$=500.14 vs threshold $639.60
SI-20210701-036990-S	SKIP	C	primary: frozen mechanical policy — EARLIEST member of its EPISODE_CAUSAL group (K*=150s) and S13 class census cond_value$=516.84 vs threshold $639.60
NKD-20210701-037017-S	SKIP	C	primary: frozen mechanical policy — EARLIEST member of its EPISODE_CAUSAL group (K*=150s) and S13 class census cond_value$=516.84 vs threshold $639.60
SI-20210701-037201-S	SKIP	C	primary: frozen mechanical policy — EARLIEST member of its EPISODE_CAUSAL group (K*=150s) and S13 class census cond_value$=516.84 vs threshold $639.60
HG-20210701-037262-L	SKIP	C	primary: frozen mechanical policy — EARLIEST member of its EPISODE_CAUSAL group (K*=120s) and S13 class census cond_value$=516.84 vs threshold $639.60
SI-20210701-037361-L	SKIP	C	primary: frozen mechanical policy — EARLIEST member of its EPISODE_CAUSAL group (K*=180s) and S13 class census cond_value$=516.84 vs threshold $639.60
HG-20210701-037362-L	SKIP	C	primary: frozen mechanical policy — EARLIEST member of its EPISODE_CAUSAL group (K*=120s) and S13 class census cond_value$=516.84 vs threshold $639.60
SI-20210701-037373-S	SKIP	C	primary: frozen mechanical policy — EARLIEST member of its EPISODE_CAUSAL group (K*=150s) and S13 class census cond_value$=516.84 vs threshold $639.60
SI-20210701-037392-L	SKIP	C	primary: frozen mechanical policy — EARLIEST member of its EPISODE_CAUSAL group (K*=180s) and S13 class census cond_value$=516.84 vs threshold $639.60
SI-20210701-037451-L	SKIP	C	primary: frozen mechanical policy — EARLIEST member of its EPISODE_CAUSAL group (K*=180s) and S13 class census cond_value$=516.84 vs threshold $639.60
NKD-20210701-037500-S	SKIP	C	primary: frozen mechanical policy — EARLIEST member of its EPISODE_CAUSAL group (K*=150s) and S13 class census cond_value$=516.84 vs threshold $639.60
SI-20210701-037504-S	SKIP	C	primary: frozen mechanical policy — EARLIEST member of its EPISODE_CAUSAL group (K*=150s) and S13 class census cond_value$=516.84 vs threshold $639.60
HG-20210701-037541-S	SKIP	C	primary: frozen mechanical policy — EARLIEST member of its EPISODE_CAUSAL group (K*=120s) and S13 class census cond_value$=516.84 vs threshold $639.60
HG-20210701-037563-S	SKIP	C	primary: frozen mechanical policy — EARLIEST member of its EPISODE_CAUSAL group (K*=120s) and S13 class census cond_value$=516.84 vs threshold $639.60
SI-20210701-037650-S	SKIP	C	primary: frozen mechanical policy — EARLIEST member of its EPISODE_CAUSAL group (K*=150s) and S13 class census cond_value$=516.84 vs threshold $639.60
NKD-20210701-037870-L	SKIP	C	primary: frozen mechanical policy — EARLIEST member of its EPISODE_CAUSAL group (K*=150s) and S13 class census cond_value$=516.84 vs threshold $639.60
HG-20210701-038021-L	SKIP	C	primary: frozen mechanical policy — EARLIEST member of its EPISODE_CAUSAL group (K*=120s) and S13 class census cond_value$=516.84 vs threshold $639.60
HG-20210701-038047-L	SKIP	C	primary: frozen mechanical policy — EARLIEST member of its EPISODE_CAUSAL group (K*=120s) and S13 class census cond_value$=516.84 vs threshold $639.60
HG-20210701-038103-S	SKIP	C	primary: frozen mechanical policy — EARLIEST member of its EPISODE_CAUSAL group (K*=120s) and S13 class census cond_value$=516.84 vs threshold $639.60
HG-20210701-038151-S	SKIP	C	primary: frozen mechanical policy — EARLIEST member of its EPISODE_CAUSAL group (K*=120s) and S13 class census cond_value$=516.84 vs threshold $639.60
SI-20210701-038224-L	SKIP	C	primary: frozen mechanical policy — EARLIEST member of its EPISODE_CAUSAL group (K*=180s) and S13 class census cond_value$=516.84 vs threshold $639.60
NKD-20210701-038325-S	SKIP	C	primary: frozen mechanical policy — EARLIEST member of its EPISODE_CAUSAL group (K*=150s) and S13 class census cond_value$=516.84 vs threshold $639.60
SI-20210701-038369-S	SKIP	C	primary: frozen mechanical policy — EARLIEST member of its EPISODE_CAUSAL group (K*=150s) and S13 class census cond_value$=516.84 vs threshold $639.60
HG-20210701-038486-L	SKIP	C	primary: frozen mechanical policy — EARLIEST member of its EPISODE_CAUSAL group (K*=120s) and S13 class census cond_value$=516.84 vs threshold $639.60
HG-20210701-038571-S	SKIP	C	primary: frozen mechanical policy — EARLIEST member of its EPISODE_CAUSAL group (K*=120s) and S13 class census cond_value$=516.84 vs threshold $639.60
NKD-20210701-038604-L	SKIP	C	primary: frozen mechanical policy — EARLIEST member of its EPISODE_CAUSAL group (K*=150s) and S13 class census cond_value$=516.84 vs threshold $639.60
HG-20210701-038762-S	SKIP	C	primary: frozen mechanical policy — EARLIEST member of its EPISODE_CAUSAL group (K*=120s) and S13 class census cond_value$=516.84 vs threshold $639.60
NKD-20210701-038878-S	SKIP	C	primary: frozen mechanical policy — EARLIEST member of its EPISODE_CAUSAL group (K*=150s) and S13 class census cond_value$=516.84 vs threshold $639.60
HG-20210701-039004-S	SKIP	C	primary: frozen mechanical policy — EARLIEST member of its EPISODE_CAUSAL group (K*=120s) and S13 class census cond_value$=516.84 vs threshold $639.60
SI-20210701-039451-L	SKIP	C	primary: frozen mechanical policy — EARLIEST member of its EPISODE_CAUSAL group (K*=180s) and S13 class census cond_value$=516.84 vs threshold $639.60
SI-20210701-040141-S	SKIP	C	primary: frozen mechanical policy — EARLIEST member of its EPISODE_CAUSAL group (K*=150s) and S13 class census cond_value$=516.84 vs threshold $639.60
SI-20210701-040473-L	SKIP	C	primary: frozen mechanical policy — EARLIEST member of its EPISODE_CAUSAL group (K*=180s) and S13 class census cond_value$=516.84 vs threshold $639.60
SI-20210701-040539-L	SKIP	C	primary: frozen mechanical policy — EARLIEST member of its EPISODE_CAUSAL group (K*=180s) and S13 class census cond_value$=516.84 vs threshold $639.60
SI-20210701-040635-S	SKIP	C	primary: frozen mechanical policy — EARLIEST member of its EPISODE_CAUSAL group (K*=150s) and S13 class census cond_value$=516.84 vs threshold $639.60
SI-20210701-040920-L	SKIP	C	primary: frozen mechanical policy — EARLIEST member of its EPISODE_CAUSAL group (K*=180s) and S13 class census cond_value$=516.84 vs threshold $639.60
HG-20210701-040931-L	SKIP	C	primary: frozen mechanical policy — EARLIEST member of its EPISODE_CAUSAL group (K*=120s) and S13 class census cond_value$=516.84 vs threshold $639.60
HG-20210701-041019-L	SKIP	C	primary: frozen mechanical policy — EARLIEST member of its EPISODE_CAUSAL group (K*=120s) and S13 class census cond_value$=516.84 vs threshold $639.60
SI-20210701-041105-S	SKIP	C	primary: frozen mechanical policy — EARLIEST member of its EPISODE_CAUSAL group (K*=150s) and S13 class census cond_value$=516.84 vs threshold $639.60
HG-20210701-041205-L	SKIP	C	primary: frozen mechanical policy — EARLIEST member of its EPISODE_CAUSAL group (K*=120s) and S13 class census cond_value$=516.84 vs threshold $639.60
HG-20210701-041222-L	SKIP	C	primary: frozen mechanical policy — EARLIEST member of its EPISODE_CAUSAL group (K*=120s) and S13 class census cond_value$=516.84 vs threshold $639.60
NKD-20210701-041327-L	SKIP	C	primary: frozen mechanical policy — EARLIEST member of its EPISODE_CAUSAL group (K*=150s) and S13 class census cond_value$=516.84 vs threshold $639.60
NKD-20210701-041389-L	SKIP	C	primary: frozen mechanical policy — EARLIEST member of its EPISODE_CAUSAL group (K*=150s) and S13 class census cond_value$=516.84 vs threshold $639.60
SI-20210701-041391-L	SKIP	C	primary: frozen mechanical policy — EARLIEST member of its EPISODE_CAUSAL group (K*=180s) and S13 class census cond_value$=516.84 vs threshold $639.60
NKD-20210701-041416-L	SKIP	C	primary: frozen mechanical policy — EARLIEST member of its EPISODE_CAUSAL group (K*=150s) and S13 class census cond_value$=516.84 vs threshold $639.60
SI-20210701-041574-L	SKIP	C	primary: frozen mechanical policy — EARLIEST member of its EPISODE_CAUSAL group (K*=180s) and S13 class census cond_value$=516.84 vs threshold $639.60
HG-20210701-041583-L	SKIP	C	primary: frozen mechanical policy — EARLIEST member of its EPISODE_CAUSAL group (K*=120s) and S13 class census cond_value$=516.84 vs threshold $639.60
SI-20210701-041825-L	SKIP	C	primary: frozen mechanical policy — EARLIEST member of its EPISODE_CAUSAL group (K*=180s) and S13 class census cond_value$=516.84 vs threshold $639.60
SI-20210701-041891-L	SKIP	C	primary: frozen mechanical policy — EARLIEST member of its EPISODE_CAUSAL group (K*=180s) and S13 class census cond_value$=516.84 vs threshold $639.60
NKD-20210701-041945-S	SKIP	C	primary: frozen mechanical policy — EARLIEST member of its EPISODE_CAUSAL group (K*=150s) and S13 class census cond_value$=516.84 vs threshold $639.60
SI-20210701-041971-L	SKIP	C	primary: frozen mechanical policy — EARLIEST member of its EPISODE_CAUSAL group (K*=180s) and S13 class census cond_value$=516.84 vs threshold $639.60
SI-20210701-042090-S	SKIP	C	primary: frozen mechanical policy — EARLIEST member of its EPISODE_CAUSAL group (K*=150s) and S13 class census cond_value$=516.84 vs threshold $639.60
SI-20210701-042288-L	SKIP	C	primary: frozen mechanical policy — EARLIEST member of its EPISODE_CAUSAL group (K*=180s) and S13 class census cond_value$=516.84 vs threshold $639.60
NKD-20210701-042289-S	SKIP	C	primary: frozen mechanical policy — EARLIEST member of its EPISODE_CAUSAL group (K*=150s) and S13 class census cond_value$=516.84 vs threshold $639.60
HG-20210701-042374-S	SKIP	C	primary: frozen mechanical policy — EARLIEST member of its EPISODE_CAUSAL group (K*=120s) and S13 class census cond_value$=516.84 vs threshold $639.60
NKD-20210701-042521-L	SKIP	C	primary: frozen mechanical policy — EARLIEST member of its EPISODE_CAUSAL group (K*=150s) and S13 class census cond_value$=516.84 vs threshold $639.60
NKD-20210701-042720-S	SKIP	C	primary: frozen mechanical policy — EARLIEST member of its EPISODE_CAUSAL group (K*=150s) and S13 class census cond_value$=516.84 vs threshold $639.60
NKD-20210701-043049-L	SKIP	C	primary: frozen mechanical policy — EARLIEST member of its EPISODE_CAUSAL group (K*=150s) and S13 class census cond_value$=516.84 vs threshold $639.60
NKD-20210701-043061-L	SKIP	C	primary: frozen mechanical policy — EARLIEST member of its EPISODE_CAUSAL group (K*=150s) and S13 class census cond_value$=516.84 vs threshold $639.60
NKD-20210701-043081-L	SKIP	C	primary: frozen mechanical policy — EARLIEST member of its EPISODE_CAUSAL group (K*=150s) and S13 class census cond_value$=516.84 vs threshold $639.60
HG-20210701-043231-L	SKIP	C	primary: frozen mechanical policy — EARLIEST member of its EPISODE_CAUSAL group (K*=120s) and S13 class census cond_value$=516.84 vs threshold $639.60
NKD-20210701-043442-S	SKIP	C	primary: frozen mechanical policy — EARLIEST member of its EPISODE_CAUSAL group (K*=150s) and S13 class census cond_value$=516.84 vs threshold $639.60
NKD-20210701-043757-L	SKIP	C	primary: frozen mechanical policy — EARLIEST member of its EPISODE_CAUSAL group (K*=150s) and S13 class census cond_value$=516.84 vs threshold $639.60
HG-20210701-043766-S	SKIP	C	primary: frozen mechanical policy — EARLIEST member of its EPISODE_CAUSAL group (K*=120s) and S13 class census cond_value$=516.84 vs threshold $639.60
HG-20210701-043871-S	SKIP	C	primary: frozen mechanical policy — EARLIEST member of its EPISODE_CAUSAL group (K*=120s) and S13 class census cond_value$=516.84 vs threshold $639.60
HG-20210701-043980-L	SKIP	C	primary: frozen mechanical policy — EARLIEST member of its EPISODE_CAUSAL group (K*=120s) and S13 class census cond_value$=516.84 vs threshold $639.60
SI-20210701-044040-S	SKIP	C	primary: frozen mechanical policy — EARLIEST member of its EPISODE_CAUSAL group (K*=150s) and S13 class census cond_value$=516.84 vs threshold $639.60
HG-20210701-044071-S	SKIP	C	primary: frozen mechanical policy — EARLIEST member of its EPISODE_CAUSAL group (K*=120s) and S13 class census cond_value$=516.84 vs threshold $639.60
NKD-20210701-044086-L	SKIP	C	primary: frozen mechanical policy — EARLIEST member of its EPISODE_CAUSAL group (K*=150s) and S13 class census cond_value$=516.84 vs threshold $639.60
NKD-20210701-044520-S	SKIP	C	primary: frozen mechanical policy — EARLIEST member of its EPISODE_CAUSAL group (K*=150s) and S13 class census cond_value$=516.84 vs threshold $639.60
HG-20210701-044545-S	SKIP	C	primary: frozen mechanical policy — EARLIEST member of its EPISODE_CAUSAL group (K*=120s) and S13 class census cond_value$=516.84 vs threshold $639.60
NKD-20210701-044581-S	SKIP	C	primary: frozen mechanical policy — EARLIEST member of its EPISODE_CAUSAL group (K*=150s) and S13 class census cond_value$=516.84 vs threshold $639.60
NKD-20210701-044631-S	SKIP	C	primary: frozen mechanical policy — EARLIEST member of its EPISODE_CAUSAL group (K*=150s) and S13 class census cond_value$=516.84 vs threshold $639.60
SI-20210701-044699-L	SKIP	C	primary: frozen mechanical policy — EARLIEST member of its EPISODE_CAUSAL group (K*=180s) and S13 class census cond_value$=516.84 vs threshold $639.60
HG-20210701-044735-L	SKIP	C	primary: frozen mechanical policy — EARLIEST member of its EPISODE_CAUSAL group (K*=120s) and S13 class census cond_value$=516.84 vs threshold $639.60
HG-20210701-044852-L	SKIP	C	primary: frozen mechanical policy — EARLIEST member of its EPISODE_CAUSAL group (K*=120s) and S13 class census cond_value$=516.84 vs threshold $639.60
SI-20210701-044907-L	SKIP	C	primary: frozen mechanical policy — EARLIEST member of its EPISODE_CAUSAL group (K*=180s) and S13 class census cond_value$=516.84 vs threshold $639.60
SI-20210701-045084-S	SKIP	C	primary: frozen mechanical policy — EARLIEST member of its EPISODE_CAUSAL group (K*=150s) and S13 class census cond_value$=516.84 vs threshold $639.60
SI-20210701-045272-L	SKIP	C	primary: frozen mechanical policy — EARLIEST member of its EPISODE_CAUSAL group (K*=180s) and S13 class census cond_value$=516.84 vs threshold $639.60
NKD-20210701-045358-L	SKIP	C	primary: frozen mechanical policy — EARLIEST member of its EPISODE_CAUSAL group (K*=150s) and S13 class census cond_value$=516.84 vs threshold $639.60
HG-20210701-045445-S	SKIP	C	primary: frozen mechanical policy — EARLIEST member of its EPISODE_CAUSAL group (K*=120s) and S13 class census cond_value$=516.84 vs threshold $639.60
SI-20210701-045540-S	SKIP	C	primary: frozen mechanical policy — EARLIEST member of its EPISODE_CAUSAL group (K*=150s) and S13 class census cond_value$=516.84 vs threshold $639.60
HG-20210701-045561-S	SKIP	C	primary: frozen mechanical policy — EARLIEST member of its EPISODE_CAUSAL group (K*=120s) and S13 class census cond_value$=516.84 vs threshold $639.60
SI-20210701-045582-S	SKIP	C	primary: frozen mechanical policy — EARLIEST member of its EPISODE_CAUSAL group (K*=150s) and S13 class census cond_value$=516.84 vs threshold $639.60
HG-20210701-045600-S	SKIP	C	primary: frozen mechanical policy — EARLIEST member of its EPISODE_CAUSAL group (K*=120s) and S13 class census cond_value$=516.84 vs threshold $639.60
NKD-20210701-045728-S	SKIP	C	primary: frozen mechanical policy — EARLIEST member of its EPISODE_CAUSAL group (K*=150s) and S13 class census cond_value$=516.84 vs threshold $639.60
HG-20210701-045953-S	SKIP	C	primary: frozen mechanical policy — EARLIEST member of its EPISODE_CAUSAL group (K*=120s) and S13 class census cond_value$=516.84 vs threshold $639.60
NKD-20210701-046106-L	SKIP	C	primary: frozen mechanical policy — EARLIEST member of its EPISODE_CAUSAL group (K*=150s) and S13 class census cond_value$=516.84 vs threshold $639.60
NKD-20210701-046145-L	SKIP	C	primary: frozen mechanical policy — EARLIEST member of its EPISODE_CAUSAL group (K*=150s) and S13 class census cond_value$=516.84 vs threshold $639.60
NKD-20210701-046202-L	SKIP	C	primary: frozen mechanical policy — EARLIEST member of its EPISODE_CAUSAL group (K*=150s) and S13 class census cond_value$=516.84 vs threshold $639.60
HG-20210701-046231-L	SKIP	C	primary: frozen mechanical policy — EARLIEST member of its EPISODE_CAUSAL group (K*=120s) and S13 class census cond_value$=516.84 vs threshold $639.60
NKD-20210701-046244-L	SKIP	C	primary: frozen mechanical policy — EARLIEST member of its EPISODE_CAUSAL group (K*=150s) and S13 class census cond_value$=500.14 vs threshold $639.60
NKD-20210701-046264-L	SKIP	C	primary: frozen mechanical policy — EARLIEST member of its EPISODE_CAUSAL group (K*=150s) and S13 class census cond_value$=516.84 vs threshold $639.60
NKD-20210701-046337-S	SKIP	C	primary: frozen mechanical policy — EARLIEST member of its EPISODE_CAUSAL group (K*=150s) and S13 class census cond_value$=516.84 vs threshold $639.60
NKD-20210701-046390-S	SKIP	C	primary: frozen mechanical policy — EARLIEST member of its EPISODE_CAUSAL group (K*=150s) and S13 class census cond_value$=516.84 vs threshold $639.60
NKD-20210701-046559-S	SKIP	C	primary: frozen mechanical policy — EARLIEST member of its EPISODE_CAUSAL group (K*=150s) and S13 class census cond_value$=516.84 vs threshold $639.60
SI-20210701-046660-L	SKIP	C	primary: frozen mechanical policy — EARLIEST member of its EPISODE_CAUSAL group (K*=180s) and S13 class census cond_value$=516.84 vs threshold $639.60
HG-20210701-046751-L	SKIP	C	primary: frozen mechanical policy — EARLIEST member of its EPISODE_CAUSAL group (K*=120s) and S13 class census cond_value$=516.84 vs threshold $639.60
SI-20210701-046790-L	SKIP	C	primary: frozen mechanical policy — EARLIEST member of its EPISODE_CAUSAL group (K*=180s) and S13 class census cond_value$=516.84 vs threshold $639.60
SI-20210701-046816-L	SKIP	C	primary: frozen mechanical policy — EARLIEST member of its EPISODE_CAUSAL group (K*=180s) and S13 class census cond_value$=516.84 vs threshold $639.60
NKD-20210701-047023-L	TAKE	C	primary: frozen mechanical policy — EARLIEST member of its EPISODE_CAUSAL group (K*=150s) and S13 class census cond_value$=650.35 vs threshold $639.60
NKD-20210701-047025-L	SKIP	C	primary: frozen mechanical policy — EARLIEST member of its EPISODE_CAUSAL group (K*=150s) and S13 class census cond_value$=650.35 vs threshold $639.60
NKD-20210701-047048-L	SKIP	C	primary: frozen mechanical policy — EARLIEST member of its EPISODE_CAUSAL group (K*=150s) and S13 class census cond_value$=650.35 vs threshold $639.60
NKD-20210701-047128-L	SKIP	C	primary: frozen mechanical policy — EARLIEST member of its EPISODE_CAUSAL group (K*=150s) and S13 class census cond_value$=516.84 vs threshold $639.60
NKD-20210701-047130-L	SKIP	C	primary: frozen mechanical policy — EARLIEST member of its EPISODE_CAUSAL group (K*=150s) and S13 class census cond_value$=516.84 vs threshold $639.60
NKD-20210701-047143-L	SKIP	C	primary: frozen mechanical policy — EARLIEST member of its EPISODE_CAUSAL group (K*=150s) and S13 class census cond_value$=516.84 vs threshold $639.60
NKD-20210701-047153-L	SKIP	C	primary: frozen mechanical policy — EARLIEST member of its EPISODE_CAUSAL group (K*=150s) and S13 class census cond_value$=516.84 vs threshold $639.60
SI-20210701-047267-S	SKIP	C	primary: frozen mechanical policy — EARLIEST member of its EPISODE_CAUSAL group (K*=150s) and S13 class census cond_value$=516.84 vs threshold $639.60
HG-20210701-047346-S	SKIP	C	primary: frozen mechanical policy — EARLIEST member of its EPISODE_CAUSAL group (K*=120s) and S13 class census cond_value$=516.84 vs threshold $639.60
SI-20210701-047346-S	SKIP	C	primary: frozen mechanical policy — EARLIEST member of its EPISODE_CAUSAL group (K*=150s) and S13 class census cond_value$=500.14 vs threshold $639.60
HG-20210701-047477-L	SKIP	C	primary: frozen mechanical policy — EARLIEST member of its EPISODE_CAUSAL group (K*=120s) and S13 class census cond_value$=516.84 vs threshold $639.60
NKD-20210701-047603-L	SKIP	C	primary: frozen mechanical policy — EARLIEST member of its EPISODE_CAUSAL group (K*=150s) and S13 class census cond_value$=516.84 vs threshold $639.60
NKD-20210701-047653-S	SKIP	C	primary: frozen mechanical policy — EARLIEST member of its EPISODE_CAUSAL group (K*=150s) and S13 class census cond_value$=516.84 vs threshold $639.60
NKD-20210701-047657-S	SKIP	C	primary: frozen mechanical policy — EARLIEST member of its EPISODE_CAUSAL group (K*=150s) and S13 class census cond_value$=516.84 vs threshold $639.60
HG-20210701-047696-S	SKIP	C	primary: frozen mechanical policy — EARLIEST member of its EPISODE_CAUSAL group (K*=120s) and S13 class census cond_value$=516.84 vs threshold $639.60
HG-20210701-047700-S	SKIP	C	primary: frozen mechanical policy — EARLIEST member of its EPISODE_CAUSAL group (K*=120s) and S13 class census cond_value$=516.84 vs threshold $639.60
SI-20210701-047712-L	SKIP	C	primary: frozen mechanical policy — EARLIEST member of its EPISODE_CAUSAL group (K*=180s) and S13 class census cond_value$=516.84 vs threshold $639.60
NKD-20210701-047780-S	SKIP	C	primary: frozen mechanical policy — EARLIEST member of its EPISODE_CAUSAL group (K*=150s) and S13 class census cond_value$=516.84 vs threshold $639.60
NKD-20210701-047783-S	SKIP	C	primary: frozen mechanical policy — EARLIEST member of its EPISODE_CAUSAL group (K*=150s) and S13 class census cond_value$=516.84 vs threshold $639.60
NKD-20210701-047964-L	SKIP	C	primary: frozen mechanical policy — EARLIEST member of its EPISODE_CAUSAL group (K*=150s) and S13 class census cond_value$=516.84 vs threshold $639.60
NKD-20210701-047994-L	SKIP	C	primary: frozen mechanical policy — EARLIEST member of its EPISODE_CAUSAL group (K*=150s) and S13 class census cond_value$=516.84 vs threshold $639.60
SI-20210701-048215-S	SKIP	C	primary: frozen mechanical policy — EARLIEST member of its EPISODE_CAUSAL group (K*=150s) and S13 class census cond_value$=516.84 vs threshold $639.60
SI-20210701-048311-S	SKIP	C	primary: frozen mechanical policy — EARLIEST member of its EPISODE_CAUSAL group (K*=150s) and S13 class census cond_value$=516.84 vs threshold $639.60
SI-20210701-048343-S	SKIP	C	primary: frozen mechanical policy — EARLIEST member of its EPISODE_CAUSAL group (K*=150s) and S13 class census cond_value$=516.84 vs threshold $639.60
NKD-20210701-048351-S	SKIP	C	primary: frozen mechanical policy — EARLIEST member of its EPISODE_CAUSAL group (K*=150s) and S13 class census cond_value$=516.84 vs threshold $639.60
SI-20210701-048367-S	SKIP	C	primary: frozen mechanical policy — EARLIEST member of its EPISODE_CAUSAL group (K*=150s) and S13 class census cond_value$=516.84 vs threshold $639.60
SI-20210701-048411-S	SKIP	C	primary: frozen mechanical policy — EARLIEST member of its EPISODE_CAUSAL group (K*=150s) and S13 class census cond_value$=516.84 vs threshold $639.60
SI-20210701-048446-S	SKIP	C	primary: frozen mechanical policy — EARLIEST member of its EPISODE_CAUSAL group (K*=150s) and S13 class census cond_value$=516.84 vs threshold $639.60
NKD-20210701-048472-L	SKIP	C	primary: frozen mechanical policy — EARLIEST member of its EPISODE_CAUSAL group (K*=150s) and S13 class census cond_value$=516.84 vs threshold $639.60
SI-20210701-048500-S	SKIP	C	primary: frozen mechanical policy — EARLIEST member of its EPISODE_CAUSAL group (K*=150s) and S13 class census cond_value$=516.84 vs threshold $639.60
HG-20210701-048547-L	SKIP	C	primary: frozen mechanical policy — EARLIEST member of its EPISODE_CAUSAL group (K*=120s) and S13 class census cond_value$=516.84 vs threshold $639.60
NKD-20210701-048588-L	SKIP	C	primary: frozen mechanical policy — EARLIEST member of its EPISODE_CAUSAL group (K*=150s) and S13 class census cond_value$=516.84 vs threshold $639.60
HG-20210701-048622-L	SKIP	C	primary: frozen mechanical policy — EARLIEST member of its EPISODE_CAUSAL group (K*=120s) and S13 class census cond_value$=516.84 vs threshold $639.60
NKD-20210701-048688-L	SKIP	C	primary: frozen mechanical policy — EARLIEST member of its EPISODE_CAUSAL group (K*=150s) and S13 class census cond_value$=516.84 vs threshold $639.60
HG-20210701-048703-S	SKIP	C	primary: frozen mechanical policy — EARLIEST member of its EPISODE_CAUSAL group (K*=120s) and S13 class census cond_value$=516.84 vs threshold $639.60
HG-20210701-048745-S	SKIP	C	primary: frozen mechanical policy — EARLIEST member of its EPISODE_CAUSAL group (K*=120s) and S13 class census cond_value$=516.84 vs threshold $639.60
HG-20210701-048853-L	SKIP	C	primary: frozen mechanical policy — EARLIEST member of its EPISODE_CAUSAL group (K*=120s) and S13 class census cond_value$=516.84 vs threshold $639.60
HG-20210701-048897-S	SKIP	C	primary: frozen mechanical policy — EARLIEST member of its EPISODE_CAUSAL group (K*=120s) and S13 class census cond_value$=516.84 vs threshold $639.60
SI-20210701-049040-L	SKIP	C	primary: frozen mechanical policy — EARLIEST member of its EPISODE_CAUSAL group (K*=180s) and S13 class census cond_value$=516.84 vs threshold $639.60
HG-20210701-049049-L	SKIP	C	primary: frozen mechanical policy — EARLIEST member of its EPISODE_CAUSAL group (K*=120s) and S13 class census cond_value$=516.84 vs threshold $639.60
HG-20210701-049133-L	SKIP	C	primary: frozen mechanical policy — EARLIEST member of its EPISODE_CAUSAL group (K*=120s) and S13 class census cond_value$=516.84 vs threshold $639.60
SI-20210701-049152-L	SKIP	C	primary: frozen mechanical policy — EARLIEST member of its EPISODE_CAUSAL group (K*=180s) and S13 class census cond_value$=516.84 vs threshold $639.60
SI-20210701-049212-L	SKIP	C	primary: frozen mechanical policy — EARLIEST member of its EPISODE_CAUSAL group (K*=180s) and S13 class census cond_value$=516.84 vs threshold $639.60
HG-20210701-049227-L	SKIP	C	primary: frozen mechanical policy — EARLIEST member of its EPISODE_CAUSAL group (K*=120s) and S13 class census cond_value$=500.14 vs threshold $639.60
HG-20210701-049259-L	SKIP	C	primary: frozen mechanical policy — EARLIEST member of its EPISODE_CAUSAL group (K*=120s) and S13 class census cond_value$=516.84 vs threshold $639.60
SI-20210701-049267-L	SKIP	C	primary: frozen mechanical policy — EARLIEST member of its EPISODE_CAUSAL group (K*=180s) and S13 class census cond_value$=516.84 vs threshold $639.60
SI-20210701-049293-S	SKIP	C	primary: frozen mechanical policy — EARLIEST member of its EPISODE_CAUSAL group (K*=150s) and S13 class census cond_value$=516.84 vs threshold $639.60
HG-20210701-049363-L	SKIP	C	primary: frozen mechanical policy — EARLIEST member of its EPISODE_CAUSAL group (K*=120s) and S13 class census cond_value$=516.84 vs threshold $639.60
SI-20210701-049414-L	SKIP	C	primary: frozen mechanical policy — EARLIEST member of its EPISODE_CAUSAL group (K*=180s) and S13 class census cond_value$=516.84 vs threshold $639.60
SI-20210701-049548-S	SKIP	C	primary: frozen mechanical policy — EARLIEST member of its EPISODE_CAUSAL group (K*=150s) and S13 class census cond_value$=516.84 vs threshold $639.60
SI-20210701-049643-S	SKIP	C	primary: frozen mechanical policy — EARLIEST member of its EPISODE_CAUSAL group (K*=150s) and S13 class census cond_value$=516.84 vs threshold $639.60
SI-20210701-049850-S	SKIP	C	primary: frozen mechanical policy — EARLIEST member of its EPISODE_CAUSAL group (K*=150s) and S13 class census cond_value$=516.84 vs threshold $639.60
HG-20210701-050068-S	SKIP	C	primary: frozen mechanical policy — EARLIEST member of its EPISODE_CAUSAL group (K*=120s) and S13 class census cond_value$=516.84 vs threshold $639.60
HG-20210701-050223-L	SKIP	C	primary: frozen mechanical policy — EARLIEST member of its EPISODE_CAUSAL group (K*=120s) and S13 class census cond_value$=516.84 vs threshold $639.60
HG-20210701-050225-L	SKIP	C	primary: frozen mechanical policy — EARLIEST member of its EPISODE_CAUSAL group (K*=120s) and S13 class census cond_value$=516.84 vs threshold $639.60
SI-20210701-050394-L	SKIP	C	primary: frozen mechanical policy — EARLIEST member of its EPISODE_CAUSAL group (K*=180s) and S13 class census cond_value$=516.84 vs threshold $639.60
SI-20210701-050410-L	SKIP	C	primary: frozen mechanical policy — EARLIEST member of its EPISODE_CAUSAL group (K*=180s) and S13 class census cond_value$=516.84 vs threshold $639.60
SI-20210701-050570-L	SKIP	C	primary: frozen mechanical policy — EARLIEST member of its EPISODE_CAUSAL group (K*=180s) and S13 class census cond_value$=516.84 vs threshold $639.60
SI-20210701-050662-L	SKIP	C	primary: frozen mechanical policy — EARLIEST member of its EPISODE_CAUSAL group (K*=180s) and S13 class census cond_value$=516.84 vs threshold $639.60
NKD-20210701-050919-S	SKIP	C	primary: frozen mechanical policy — EARLIEST member of its EPISODE_CAUSAL group (K*=150s) and S13 class census cond_value$=516.84 vs threshold $639.60
SI-20210701-051031-L	SKIP	C	primary: frozen mechanical policy — EARLIEST member of its EPISODE_CAUSAL group (K*=180s) and S13 class census cond_value$=516.84 vs threshold $639.60
SI-20210701-051318-S	SKIP	C	primary: frozen mechanical policy — EARLIEST member of its EPISODE_CAUSAL group (K*=150s) and S13 class census cond_value$=516.84 vs threshold $639.60
SI-20210701-051407-L	SKIP	C	primary: frozen mechanical policy — EARLIEST member of its EPISODE_CAUSAL group (K*=180s) and S13 class census cond_value$=516.84 vs threshold $639.60
SI-20210701-051562-S	SKIP	C	primary: frozen mechanical policy — EARLIEST member of its EPISODE_CAUSAL group (K*=150s) and S13 class census cond_value$=516.84 vs threshold $639.60
HG-20210701-051602-S	SKIP	C	primary: frozen mechanical policy — EARLIEST member of its EPISODE_CAUSAL group (K*=120s) and S13 class census cond_value$=516.84 vs threshold $639.60
SI-20210701-051604-S	SKIP	C	primary: frozen mechanical policy — EARLIEST member of its EPISODE_CAUSAL group (K*=150s) and S13 class census cond_value$=516.84 vs threshold $639.60
SI-20210701-051611-S	SKIP	C	primary: frozen mechanical policy — EARLIEST member of its EPISODE_CAUSAL group (K*=150s) and S13 class census cond_value$=516.84 vs threshold $639.60
SI-20210701-051623-S	SKIP	C	primary: frozen mechanical policy — EARLIEST member of its EPISODE_CAUSAL group (K*=150s) and S13 class census cond_value$=516.84 vs threshold $639.60
HG-20210701-051668-S	SKIP	C	primary: frozen mechanical policy — EARLIEST member of its EPISODE_CAUSAL group (K*=120s) and S13 class census cond_value$=500.14 vs threshold $639.60
HG-20210701-051709-S	SKIP	C	primary: frozen mechanical policy — EARLIEST member of its EPISODE_CAUSAL group (K*=120s) and S13 class census cond_value$=500.14 vs threshold $639.60
NKD-20210701-051713-S	SKIP	C	primary: frozen mechanical policy — EARLIEST member of its EPISODE_CAUSAL group (K*=150s) and S13 class census cond_value$=516.84 vs threshold $639.60
SI-20210701-051725-S	SKIP	C	primary: frozen mechanical policy — EARLIEST member of its EPISODE_CAUSAL group (K*=150s) and S13 class census cond_value$=516.84 vs threshold $639.60
SI-20210701-051754-S	SKIP	C	primary: frozen mechanical policy — EARLIEST member of its EPISODE_CAUSAL group (K*=150s) and S13 class census cond_value$=516.84 vs threshold $639.60
SI-20210701-051759-S	SKIP	C	primary: frozen mechanical policy — EARLIEST member of its EPISODE_CAUSAL group (K*=150s) and S13 class census cond_value$=516.84 vs threshold $639.60
SI-20210701-051783-L	SKIP	C	primary: frozen mechanical policy — EARLIEST member of its EPISODE_CAUSAL group (K*=180s) and S13 class census cond_value$=516.84 vs threshold $639.60
HG-20210701-051788-L	SKIP	C	primary: frozen mechanical policy — EARLIEST member of its EPISODE_CAUSAL group (K*=120s) and S13 class census cond_value$=516.84 vs threshold $639.60
SI-20210701-051795-L	SKIP	C	primary: frozen mechanical policy — EARLIEST member of its EPISODE_CAUSAL group (K*=180s) and S13 class census cond_value$=516.84 vs threshold $639.60
SI-20210701-051798-L	SKIP	C	primary: frozen mechanical policy — EARLIEST member of its EPISODE_CAUSAL group (K*=180s) and S13 class census cond_value$=516.84 vs threshold $639.60
SI-20210701-051799-L	SKIP	C	primary: frozen mechanical policy — EARLIEST member of its EPISODE_CAUSAL group (K*=180s) and S13 class census cond_value$=516.84 vs threshold $639.60
SI-20210701-051827-L	SKIP	C	primary: frozen mechanical policy — EARLIEST member of its EPISODE_CAUSAL group (K*=180s) and S13 class census cond_value$=516.84 vs threshold $639.60
SI-20210701-051903-S	SKIP	C	primary: frozen mechanical policy — EARLIEST member of its EPISODE_CAUSAL group (K*=150s) and S13 class census cond_value$=516.84 vs threshold $639.60
SI-20210701-052046-S	SKIP	C	primary: frozen mechanical policy — EARLIEST member of its EPISODE_CAUSAL group (K*=150s) and S13 class census cond_value$=516.84 vs threshold $639.60
SI-20210701-052071-S	SKIP	C	primary: frozen mechanical policy — EARLIEST member of its EPISODE_CAUSAL group (K*=150s) and S13 class census cond_value$=516.84 vs threshold $639.60
SI-20210701-052166-L	SKIP	C	primary: frozen mechanical policy — EARLIEST member of its EPISODE_CAUSAL group (K*=180s) and S13 class census cond_value$=516.84 vs threshold $639.60
HG-20210701-052246-S	TAKE	C	primary: frozen mechanical policy — EARLIEST member of its EPISODE_CAUSAL group (K*=120s) and S13 class census cond_value$=704.60 vs threshold $639.60
SI-20210701-052261-S	SKIP	C	primary: frozen mechanical policy — EARLIEST member of its EPISODE_CAUSAL group (K*=150s) and S13 class census cond_value$=516.84 vs threshold $639.60
HG-20210701-052284-S	SKIP	C	primary: frozen mechanical policy — EARLIEST member of its EPISODE_CAUSAL group (K*=120s) and S13 class census cond_value$=704.60 vs threshold $639.60
NKD-20210701-052317-S	SKIP	C	primary: frozen mechanical policy — EARLIEST member of its EPISODE_CAUSAL group (K*=150s) and S13 class census cond_value$=516.84 vs threshold $639.60
SI-20210701-052332-L	SKIP	C	primary: frozen mechanical policy — EARLIEST member of its EPISODE_CAUSAL group (K*=180s) and S13 class census cond_value$=704.60 vs threshold $639.60
HG-20210701-052349-S	SKIP	C	primary: frozen mechanical policy — EARLIEST member of its EPISODE_CAUSAL group (K*=120s) and S13 class census cond_value$=704.60 vs threshold $639.60
HG-20210701-052351-S	SKIP	C	primary: frozen mechanical policy — EARLIEST member of its EPISODE_CAUSAL group (K*=120s) and S13 class census cond_value$=516.84 vs threshold $639.60
SI-20210701-052376-S	SKIP	C	primary: frozen mechanical policy — EARLIEST member of its EPISODE_CAUSAL group (K*=150s) and S13 class census cond_value$=704.60 vs threshold $639.60
HG-20210701-052389-S	SKIP	C	primary: frozen mechanical policy — EARLIEST member of its EPISODE_CAUSAL group (K*=120s) and S13 class census cond_value$=516.84 vs threshold $639.60
NKD-20210701-052433-L	TAKE	C	primary: frozen mechanical policy — EARLIEST member of its EPISODE_CAUSAL group (K*=150s) and S13 class census cond_value$=704.60 vs threshold $639.60
NKD-20210701-052436-L	SKIP	C	primary: frozen mechanical policy — EARLIEST member of its EPISODE_CAUSAL group (K*=150s) and S13 class census cond_value$=704.60 vs threshold $639.60
SI-20210701-052437-L	SKIP	C	primary: frozen mechanical policy — EARLIEST member of its EPISODE_CAUSAL group (K*=180s) and S13 class census cond_value$=516.84 vs threshold $639.60
SI-20210701-052445-L	SKIP	C	primary: frozen mechanical policy — EARLIEST member of its EPISODE_CAUSAL group (K*=180s) and S13 class census cond_value$=516.84 vs threshold $639.60
HG-20210701-052454-S	SKIP	C	primary: frozen mechanical policy — EARLIEST member of its EPISODE_CAUSAL group (K*=120s) and S13 class census cond_value$=516.84 vs threshold $639.60
HG-20210701-052456-L	TAKE	C	primary: frozen mechanical policy — EARLIEST member of its EPISODE_CAUSAL group (K*=120s) and S13 class census cond_value$=704.60 vs threshold $639.60
SI-20210701-052465-L	SKIP	C	primary: frozen mechanical policy — EARLIEST member of its EPISODE_CAUSAL group (K*=180s) and S13 class census cond_value$=704.60 vs threshold $639.60
HG-20210701-052479-L	SKIP	C	primary: frozen mechanical policy — EARLIEST member of its EPISODE_CAUSAL group (K*=120s) and S13 class census cond_value$=704.60 vs threshold $639.60
SI-20210701-052481-S	SKIP	C	primary: frozen mechanical policy — EARLIEST member of its EPISODE_CAUSAL group (K*=150s) and S13 class census cond_value$=516.84 vs threshold $639.60
SI-20210701-052523-S	SKIP	C	primary: frozen mechanical policy — EARLIEST member of its EPISODE_CAUSAL group (K*=150s) and S13 class census cond_value$=704.60 vs threshold $639.60
NKD-20210701-052538-L	SKIP	C	primary: frozen mechanical policy — EARLIEST member of its EPISODE_CAUSAL group (K*=150s) and S13 class census cond_value$=516.84 vs threshold $639.60
NKD-20210701-052541-L	SKIP	C	primary: frozen mechanical policy — EARLIEST member of its EPISODE_CAUSAL group (K*=150s) and S13 class census cond_value$=516.84 vs threshold $639.60
HG-20210701-052561-L	SKIP	C	primary: frozen mechanical policy — EARLIEST member of its EPISODE_CAUSAL group (K*=120s) and S13 class census cond_value$=516.84 vs threshold $639.60
SI-20210701-052570-L	SKIP	C	primary: frozen mechanical policy — EARLIEST member of its EPISODE_CAUSAL group (K*=180s) and S13 class census cond_value$=516.84 vs threshold $639.60
SI-20210701-052578-L	SKIP	C	primary: frozen mechanical policy — EARLIEST member of its EPISODE_CAUSAL group (K*=180s) and S13 class census cond_value$=516.84 vs threshold $639.60
HG-20210701-052584-L	SKIP	C	primary: frozen mechanical policy — EARLIEST member of its EPISODE_CAUSAL group (K*=120s) and S13 class census cond_value$=516.84 vs threshold $639.60
SI-20210701-052590-L	SKIP	C	primary: frozen mechanical policy — EARLIEST member of its EPISODE_CAUSAL group (K*=180s) and S13 class census cond_value$=704.60 vs threshold $639.60
SI-20210701-052602-L	SKIP	C	primary: frozen mechanical policy — EARLIEST member of its EPISODE_CAUSAL group (K*=180s) and S13 class census cond_value$=704.60 vs threshold $639.60
SI-20210701-052628-S	SKIP	C	primary: frozen mechanical policy — EARLIEST member of its EPISODE_CAUSAL group (K*=150s) and S13 class census cond_value$=516.84 vs threshold $639.60
HG-20210701-052694-S	TAKE	C	primary: frozen mechanical policy — EARLIEST member of its EPISODE_CAUSAL group (K*=120s) and S13 class census cond_value$=704.60 vs threshold $639.60
SI-20210701-052695-L	SKIP	C	primary: frozen mechanical policy — EARLIEST member of its EPISODE_CAUSAL group (K*=180s) and S13 class census cond_value$=516.84 vs threshold $639.60
SI-20210701-052707-L	SKIP	C	primary: frozen mechanical policy — EARLIEST member of its EPISODE_CAUSAL group (K*=180s) and S13 class census cond_value$=516.84 vs threshold $639.60
SI-20210701-052708-L	SKIP	C	primary: frozen mechanical policy — EARLIEST member of its EPISODE_CAUSAL group (K*=180s) and S13 class census cond_value$=516.84 vs threshold $639.60
HG-20210701-052799-S	SKIP	C	primary: frozen mechanical policy — EARLIEST member of its EPISODE_CAUSAL group (K*=120s) and S13 class census cond_value$=516.84 vs threshold $639.60
SI-20210701-052915-L	SKIP	C	primary: frozen mechanical policy — EARLIEST member of its EPISODE_CAUSAL group (K*=180s) and S13 class census cond_value$=516.84 vs threshold $639.60
SI-20210701-052933-S	SKIP	C	primary: frozen mechanical policy — EARLIEST member of its EPISODE_CAUSAL group (K*=150s) and S13 class census cond_value$=516.84 vs threshold $639.60
HG-20210701-052937-S	SKIP	C	primary: frozen mechanical policy — EARLIEST member of its EPISODE_CAUSAL group (K*=120s) and S13 class census cond_value$=516.84 vs threshold $639.60
SI-20210701-052946-L	SKIP	C	primary: frozen mechanical policy — EARLIEST member of its EPISODE_CAUSAL group (K*=180s) and S13 class census cond_value$=516.84 vs threshold $639.60
NKD-20210701-052985-S	SKIP	C	primary: frozen mechanical policy — EARLIEST member of its EPISODE_CAUSAL group (K*=150s) and S13 class census cond_value$=516.84 vs threshold $639.60
SI-20210701-053019-L	SKIP	C	primary: frozen mechanical policy — EARLIEST member of its EPISODE_CAUSAL group (K*=180s) and S13 class census cond_value$=516.84 vs threshold $639.60
HG-20210701-053098-S	SKIP	C	primary: frozen mechanical policy — EARLIEST member of its EPISODE_CAUSAL group (K*=120s) and S13 class census cond_value$=516.84 vs threshold $639.60
SI-20210701-053119-L	SKIP	C	primary: frozen mechanical policy — EARLIEST member of its EPISODE_CAUSAL group (K*=180s) and S13 class census cond_value$=516.84 vs threshold $639.60
SI-20210701-053123-L	SKIP	C	primary: frozen mechanical policy — EARLIEST member of its EPISODE_CAUSAL group (K*=180s) and S13 class census cond_value$=516.84 vs threshold $639.60
SI-20210701-053193-L	SKIP	C	primary: frozen mechanical policy — EARLIEST member of its EPISODE_CAUSAL group (K*=180s) and S13 class census cond_value$=516.84 vs threshold $639.60
SI-20210701-053263-L	SKIP	C	primary: frozen mechanical policy — EARLIEST member of its EPISODE_CAUSAL group (K*=180s) and S13 class census cond_value$=516.84 vs threshold $639.60
NKD-20210701-053288-S	SKIP	C	primary: frozen mechanical policy — EARLIEST member of its EPISODE_CAUSAL group (K*=150s) and S13 class census cond_value$=516.84 vs threshold $639.60
SI-20210701-053299-L	SKIP	C	primary: frozen mechanical policy — EARLIEST member of its EPISODE_CAUSAL group (K*=180s) and S13 class census cond_value$=500.14 vs threshold $639.60
SI-20210701-053304-L	SKIP	C	primary: frozen mechanical policy — EARLIEST member of its EPISODE_CAUSAL group (K*=180s) and S13 class census cond_value$=500.14 vs threshold $639.60
HG-20210701-053397-L	SKIP	C	primary: frozen mechanical policy — EARLIEST member of its EPISODE_CAUSAL group (K*=120s) and S13 class census cond_value$=516.84 vs threshold $639.60
HG-20210701-053401-L	SKIP	C	primary: frozen mechanical policy — EARLIEST member of its EPISODE_CAUSAL group (K*=120s) and S13 class census cond_value$=516.84 vs threshold $639.60
SI-20210701-053492-S	SKIP	C	primary: frozen mechanical policy — EARLIEST member of its EPISODE_CAUSAL group (K*=150s) and S13 class census cond_value$=516.84 vs threshold $639.60
NKD-20210701-053580-L	SKIP	C	primary: frozen mechanical policy — EARLIEST member of its EPISODE_CAUSAL group (K*=150s) and S13 class census cond_value$=516.84 vs threshold $639.60
HG-20210701-053596-L	SKIP	C	primary: frozen mechanical policy — EARLIEST member of its EPISODE_CAUSAL group (K*=120s) and S13 class census cond_value$=516.84 vs threshold $639.60
SI-20210701-053642-L	SKIP	C	primary: frozen mechanical policy — EARLIEST member of its EPISODE_CAUSAL group (K*=180s) and S13 class census cond_value$=516.84 vs threshold $639.60
SI-20210701-053719-S	SKIP	C	primary: frozen mechanical policy — EARLIEST member of its EPISODE_CAUSAL group (K*=150s) and S13 class census cond_value$=516.84 vs threshold $639.60
SI-20210701-053734-S	SKIP	C	primary: frozen mechanical policy — EARLIEST member of its EPISODE_CAUSAL group (K*=150s) and S13 class census cond_value$=516.84 vs threshold $639.60
HG-20210701-053782-S	SKIP	C	primary: frozen mechanical policy — EARLIEST member of its EPISODE_CAUSAL group (K*=120s) and S13 class census cond_value$=516.84 vs threshold $639.60
HG-20210701-053788-S	SKIP	C	primary: frozen mechanical policy — EARLIEST member of its EPISODE_CAUSAL group (K*=120s) and S13 class census cond_value$=516.84 vs threshold $639.60
NKD-20210701-053869-L	SKIP	C	primary: frozen mechanical policy — EARLIEST member of its EPISODE_CAUSAL group (K*=150s) and S13 class census cond_value$=516.84 vs threshold $639.60
SI-20210701-053872-L	SKIP	C	primary: frozen mechanical policy — EARLIEST member of its EPISODE_CAUSAL group (K*=180s) and S13 class census cond_value$=516.84 vs threshold $639.60
HG-20210701-053921-L	SKIP	C	primary: frozen mechanical policy — EARLIEST member of its EPISODE_CAUSAL group (K*=120s) and S13 class census cond_value$=516.84 vs threshold $639.60
SI-20210701-053928-L	SKIP	C	primary: frozen mechanical policy — EARLIEST member of its EPISODE_CAUSAL group (K*=180s) and S13 class census cond_value$=516.84 vs threshold $639.60
HG-20210701-054010-S	SKIP	C	primary: frozen mechanical policy — EARLIEST member of its EPISODE_CAUSAL group (K*=120s) and S13 class census cond_value$=516.84 vs threshold $639.60
HG-20210701-054106-L	SKIP	C	primary: frozen mechanical policy — EARLIEST member of its EPISODE_CAUSAL group (K*=120s) and S13 class census cond_value$=516.84 vs threshold $639.60
HG-20210701-054121-L	SKIP	C	primary: frozen mechanical policy — EARLIEST member of its EPISODE_CAUSAL group (K*=120s) and S13 class census cond_value$=516.84 vs threshold $639.60
HG-20210701-054126-L	SKIP	C	primary: frozen mechanical policy — EARLIEST member of its EPISODE_CAUSAL group (K*=120s) and S13 class census cond_value$=516.84 vs threshold $639.60
HG-20210701-054129-S	SKIP	C	primary: frozen mechanical policy — EARLIEST member of its EPISODE_CAUSAL group (K*=120s) and S13 class census cond_value$=516.84 vs threshold $639.60
SI-20210701-054129-S	SKIP	C	primary: frozen mechanical policy — EARLIEST member of its EPISODE_CAUSAL group (K*=150s) and S13 class census cond_value$=516.84 vs threshold $639.60
SI-20210701-054135-S	SKIP	C	primary: frozen mechanical policy — EARLIEST member of its EPISODE_CAUSAL group (K*=150s) and S13 class census cond_value$=516.84 vs threshold $639.60
SI-20210701-054136-S	SKIP	C	primary: frozen mechanical policy — EARLIEST member of its EPISODE_CAUSAL group (K*=150s) and S13 class census cond_value$=516.84 vs threshold $639.60
HG-20210701-054181-L	SKIP	C	primary: frozen mechanical policy — EARLIEST member of its EPISODE_CAUSAL group (K*=120s) and S13 class census cond_value$=516.84 vs threshold $639.60
SI-20210701-054182-L	SKIP	C	primary: frozen mechanical policy — EARLIEST member of its EPISODE_CAUSAL group (K*=180s) and S13 class census cond_value$=516.84 vs threshold $639.60
NKD-20210701-054186-L	SKIP	C	primary: frozen mechanical policy — EARLIEST member of its EPISODE_CAUSAL group (K*=150s) and S13 class census cond_value$=516.84 vs threshold $639.60
SI-20210701-054273-L	SKIP	C	primary: frozen mechanical policy — EARLIEST member of its EPISODE_CAUSAL group (K*=180s) and S13 class census cond_value$=516.84 vs threshold $639.60
SI-20210701-054339-S	SKIP	C	primary: frozen mechanical policy — EARLIEST member of its EPISODE_CAUSAL group (K*=150s) and S13 class census cond_value$=516.84 vs threshold $639.60
NKD-20210701-054376-S	SKIP	C	primary: frozen mechanical policy — EARLIEST member of its EPISODE_CAUSAL group (K*=150s) and S13 class census cond_value$=516.84 vs threshold $639.60
SI-20210701-054388-S	SKIP	C	primary: frozen mechanical policy — EARLIEST member of its EPISODE_CAUSAL group (K*=150s) and S13 class census cond_value$=516.84 vs threshold $639.60
SI-20210701-054410-L	SKIP	C	primary: frozen mechanical policy — EARLIEST member of its EPISODE_CAUSAL group (K*=180s) and S13 class census cond_value$=516.84 vs threshold $639.60
SI-20210701-054467-S	SKIP	C	primary: frozen mechanical policy — EARLIEST member of its EPISODE_CAUSAL group (K*=150s) and S13 class census cond_value$=516.84 vs threshold $639.60
SI-20210701-054512-S	SKIP	C	primary: frozen mechanical policy — EARLIEST member of its EPISODE_CAUSAL group (K*=150s) and S13 class census cond_value$=516.84 vs threshold $639.60
SI-20210701-054541-L	SKIP	C	primary: frozen mechanical policy — EARLIEST member of its EPISODE_CAUSAL group (K*=180s) and S13 class census cond_value$=516.84 vs threshold $639.60
SI-20210701-054557-S	SKIP	C	primary: frozen mechanical policy — EARLIEST member of its EPISODE_CAUSAL group (K*=150s) and S13 class census cond_value$=516.84 vs threshold $639.60
SI-20210701-054628-S	SKIP	C	primary: frozen mechanical policy — EARLIEST member of its EPISODE_CAUSAL group (K*=150s) and S13 class census cond_value$=516.84 vs threshold $639.60
HG-20210701-054637-S	SKIP	C	primary: frozen mechanical policy — EARLIEST member of its EPISODE_CAUSAL group (K*=120s) and S13 class census cond_value$=516.84 vs threshold $639.60
HG-20210701-054648-S	SKIP	C	primary: frozen mechanical policy — EARLIEST member of its EPISODE_CAUSAL group (K*=120s) and S13 class census cond_value$=516.84 vs threshold $639.60
HG-20210701-054652-S	SKIP	C	primary: frozen mechanical policy — EARLIEST member of its EPISODE_CAUSAL group (K*=120s) and S13 class census cond_value$=516.84 vs threshold $639.60
SI-20210701-054656-S	SKIP	C	primary: frozen mechanical policy — EARLIEST member of its EPISODE_CAUSAL group (K*=150s) and S13 class census cond_value$=516.84 vs threshold $639.60
SI-20210701-054672-S	SKIP	C	primary: frozen mechanical policy — EARLIEST member of its EPISODE_CAUSAL group (K*=150s) and S13 class census cond_value$=500.14 vs threshold $639.60
SI-20210701-054700-S	SKIP	C	primary: frozen mechanical policy — EARLIEST member of its EPISODE_CAUSAL group (K*=150s) and S13 class census cond_value$=516.84 vs threshold $639.60
SI-20210701-054744-S	SKIP	C	primary: frozen mechanical policy — EARLIEST member of its EPISODE_CAUSAL group (K*=150s) and S13 class census cond_value$=500.14 vs threshold $639.60
HG-20210701-054759-S	SKIP	C	primary: frozen mechanical policy — EARLIEST member of its EPISODE_CAUSAL group (K*=120s) and S13 class census cond_value$=500.14 vs threshold $639.60
HG-20210701-054779-S	SKIP	C	primary: frozen mechanical policy — EARLIEST member of its EPISODE_CAUSAL group (K*=120s) and S13 class census cond_value$=516.84 vs threshold $639.60
SI-20210701-054786-L	SKIP	C	primary: frozen mechanical policy — EARLIEST member of its EPISODE_CAUSAL group (K*=180s) and S13 class census cond_value$=516.84 vs threshold $639.60
HG-20210701-054794-S	SKIP	C	primary: frozen mechanical policy — EARLIEST member of its EPISODE_CAUSAL group (K*=120s) and S13 class census cond_value$=500.14 vs threshold $639.60
SI-20210701-054796-S	SKIP	C	primary: frozen mechanical policy — EARLIEST member of its EPISODE_CAUSAL group (K*=150s) and S13 class census cond_value$=516.84 vs threshold $639.60
HG-20210701-054799-S	SKIP	C	primary: frozen mechanical policy — EARLIEST member of its EPISODE_CAUSAL group (K*=120s) and S13 class census cond_value$=516.84 vs threshold $639.60
HG-20210701-054817-S	SKIP	C	primary: frozen mechanical policy — EARLIEST member of its EPISODE_CAUSAL group (K*=120s) and S13 class census cond_value$=516.84 vs threshold $639.60
SI-20210701-054934-S	SKIP	C	primary: frozen mechanical policy — EARLIEST member of its EPISODE_CAUSAL group (K*=150s) and S13 class census cond_value$=516.84 vs threshold $639.60
SI-20210701-054949-S	SKIP	C	primary: frozen mechanical policy — EARLIEST member of its EPISODE_CAUSAL group (K*=150s) and S13 class census cond_value$=516.84 vs threshold $639.60
HG-20210701-054957-S	SKIP	C	primary: frozen mechanical policy — EARLIEST member of its EPISODE_CAUSAL group (K*=120s) and S13 class census cond_value$=516.84 vs threshold $639.60
NKD-20210701-055059-L	SKIP	C	primary: frozen mechanical policy — EARLIEST member of its EPISODE_CAUSAL group (K*=150s) and S13 class census cond_value$=516.84 vs threshold $639.60
SI-20210701-055093-L	SKIP	C	primary: frozen mechanical policy — EARLIEST member of its EPISODE_CAUSAL group (K*=180s) and S13 class census cond_value$=516.84 vs threshold $639.60
SI-20210701-055101-L	SKIP	C	primary: frozen mechanical policy — EARLIEST member of its EPISODE_CAUSAL group (K*=180s) and S13 class census cond_value$=516.84 vs threshold $639.60
SI-20210701-055104-L	SKIP	C	primary: frozen mechanical policy — EARLIEST member of its EPISODE_CAUSAL group (K*=180s) and S13 class census cond_value$=516.84 vs threshold $639.60
HG-20210701-055131-L	SKIP	C	primary: frozen mechanical policy — EARLIEST member of its EPISODE_CAUSAL group (K*=120s) and S13 class census cond_value$=516.84 vs threshold $639.60
SI-20210701-055141-L	SKIP	C	primary: frozen mechanical policy — EARLIEST member of its EPISODE_CAUSAL group (K*=180s) and S13 class census cond_value$=516.84 vs threshold $639.60
NKD-20210701-055201-L	SKIP	C	primary: frozen mechanical policy — EARLIEST member of its EPISODE_CAUSAL group (K*=150s) and S13 class census cond_value$=516.84 vs threshold $639.60
HG-20210701-055212-L	SKIP	C	primary: frozen mechanical policy — EARLIEST member of its EPISODE_CAUSAL group (K*=120s) and S13 class census cond_value$=516.84 vs threshold $639.60
SI-20210701-055257-L	SKIP	C	primary: frozen mechanical policy — EARLIEST member of its EPISODE_CAUSAL group (K*=180s) and S13 class census cond_value$=500.14 vs threshold $639.60
SI-20210701-055258-L	SKIP	C	primary: frozen mechanical policy — EARLIEST member of its EPISODE_CAUSAL group (K*=180s) and S13 class census cond_value$=516.84 vs threshold $639.60
SI-20210701-055261-L	SKIP	C	primary: frozen mechanical policy — EARLIEST member of its EPISODE_CAUSAL group (K*=180s) and S13 class census cond_value$=516.84 vs threshold $639.60
SI-20210701-055266-S	SKIP	C	primary: frozen mechanical policy — EARLIEST member of its EPISODE_CAUSAL group (K*=150s) and S13 class census cond_value$=516.84 vs threshold $639.60
HG-20210701-055281-L	SKIP	C	primary: frozen mechanical policy — EARLIEST member of its EPISODE_CAUSAL group (K*=120s) and S13 class census cond_value$=516.84 vs threshold $639.60
HG-20210701-055310-L	SKIP	C	primary: frozen mechanical policy — EARLIEST member of its EPISODE_CAUSAL group (K*=120s) and S13 class census cond_value$=516.84 vs threshold $639.60
HG-20210701-055400-L	SKIP	C	primary: frozen mechanical policy — EARLIEST member of its EPISODE_CAUSAL group (K*=120s) and S13 class census cond_value$=516.84 vs threshold $639.60
SI-20210701-055415-L	SKIP	C	primary: frozen mechanical policy — EARLIEST member of its EPISODE_CAUSAL group (K*=180s) and S13 class census cond_value$=516.84 vs threshold $639.60
SI-20210701-055502-S	SKIP	C	primary: frozen mechanical policy — EARLIEST member of its EPISODE_CAUSAL group (K*=150s) and S13 class census cond_value$=516.84 vs threshold $639.60
SI-20210701-055536-S	SKIP	C	primary: frozen mechanical policy — EARLIEST member of its EPISODE_CAUSAL group (K*=150s) and S13 class census cond_value$=516.84 vs threshold $639.60
SI-20210701-055567-L	SKIP	C	primary: frozen mechanical policy — EARLIEST member of its EPISODE_CAUSAL group (K*=180s) and S13 class census cond_value$=516.84 vs threshold $639.60
HG-20210701-055570-L	SKIP	C	primary: frozen mechanical policy — EARLIEST member of its EPISODE_CAUSAL group (K*=120s) and S13 class census cond_value$=516.84 vs threshold $639.60
SI-20210701-055644-S	SKIP	C	primary: frozen mechanical policy — EARLIEST member of its EPISODE_CAUSAL group (K*=150s) and S13 class census cond_value$=516.84 vs threshold $639.60
HG-20210701-055739-S	SKIP	C	primary: frozen mechanical policy — EARLIEST member of its EPISODE_CAUSAL group (K*=120s) and S13 class census cond_value$=516.84 vs threshold $639.60
SI-20210701-055759-S	SKIP	C	primary: frozen mechanical policy — EARLIEST member of its EPISODE_CAUSAL group (K*=150s) and S13 class census cond_value$=516.84 vs threshold $639.60
HG-20210701-055849-L	SKIP	C	primary: frozen mechanical policy — EARLIEST member of its EPISODE_CAUSAL group (K*=120s) and S13 class census cond_value$=516.84 vs threshold $639.60
SI-20210701-055849-L	TAKE	C	primary: frozen mechanical policy — EARLIEST member of its EPISODE_CAUSAL group (K*=180s) and S13 class census cond_value$=650.35 vs threshold $639.60
HG-20210701-055858-S	SKIP	C	primary: frozen mechanical policy — EARLIEST member of its EPISODE_CAUSAL group (K*=120s) and S13 class census cond_value$=650.35 vs threshold $639.60
SI-20210701-055874-S	SKIP	C	primary: frozen mechanical policy — EARLIEST member of its EPISODE_CAUSAL group (K*=150s) and S13 class census cond_value$=650.35 vs threshold $639.60
SI-20210701-055907-L	SKIP	C	primary: frozen mechanical policy — EARLIEST member of its EPISODE_CAUSAL group (K*=180s) and S13 class census cond_value$=650.35 vs threshold $639.60
HG-20210701-055938-S	SKIP	C	primary: frozen mechanical policy — EARLIEST member of its EPISODE_CAUSAL group (K*=120s) and S13 class census cond_value$=650.35 vs threshold $639.60
SI-20210701-055954-L	SKIP	C	primary: frozen mechanical policy — EARLIEST member of its EPISODE_CAUSAL group (K*=180s) and S13 class census cond_value$=516.84 vs threshold $639.60
HG-20210701-055955-S	SKIP	C	primary: frozen mechanical policy — EARLIEST member of its EPISODE_CAUSAL group (K*=120s) and S13 class census cond_value$=650.35 vs threshold $639.60
HG-20210701-055963-S	SKIP	C	primary: frozen mechanical policy — EARLIEST member of its EPISODE_CAUSAL group (K*=120s) and S13 class census cond_value$=516.84 vs threshold $639.60
SI-20210701-055963-S	SKIP	C	primary: frozen mechanical policy — EARLIEST member of its EPISODE_CAUSAL group (K*=150s) and S13 class census cond_value$=650.35 vs threshold $639.60
HG-20210701-055979-S	SKIP	C	primary: frozen mechanical policy — EARLIEST member of its EPISODE_CAUSAL group (K*=120s) and S13 class census cond_value$=516.84 vs threshold $639.60
SI-20210701-055979-S	SKIP	C	primary: frozen mechanical policy — EARLIEST member of its EPISODE_CAUSAL group (K*=150s) and S13 class census cond_value$=516.84 vs threshold $639.60
HG-20210701-055997-S	SKIP	C	primary: frozen mechanical policy — EARLIEST member of its EPISODE_CAUSAL group (K*=120s) and S13 class census cond_value$=650.35 vs threshold $639.60
SI-20210701-056012-L	SKIP	C	primary: frozen mechanical policy — EARLIEST member of its EPISODE_CAUSAL group (K*=180s) and S13 class census cond_value$=516.84 vs threshold $639.60
SI-20210701-056024-L	SKIP	C	primary: frozen mechanical policy — EARLIEST member of its EPISODE_CAUSAL group (K*=180s) and S13 class census cond_value$=516.84 vs threshold $639.60
HG-20210701-056043-S	SKIP	C	primary: frozen mechanical policy — EARLIEST member of its EPISODE_CAUSAL group (K*=120s) and S13 class census cond_value$=516.84 vs threshold $639.60
HG-20210701-056046-S	SKIP	C	primary: frozen mechanical policy — EARLIEST member of its EPISODE_CAUSAL group (K*=120s) and S13 class census cond_value$=516.84 vs threshold $639.60
NKD-20210701-056055-S	TAKE	C	primary: frozen mechanical policy — EARLIEST member of its EPISODE_CAUSAL group (K*=150s) and S13 class census cond_value$=650.35 vs threshold $639.60
HG-20210701-056059-S	SKIP	C	primary: frozen mechanical policy — EARLIEST member of its EPISODE_CAUSAL group (K*=120s) and S13 class census cond_value$=516.84 vs threshold $639.60
HG-20210701-056060-S	SKIP	C	primary: frozen mechanical policy — EARLIEST member of its EPISODE_CAUSAL group (K*=120s) and S13 class census cond_value$=516.84 vs threshold $639.60
SI-20210701-056068-S	SKIP	C	primary: frozen mechanical policy — EARLIEST member of its EPISODE_CAUSAL group (K*=150s) and S13 class census cond_value$=516.84 vs threshold $639.60
NKD-20210701-056070-S	SKIP	C	primary: frozen mechanical policy — EARLIEST member of its EPISODE_CAUSAL group (K*=150s) and S13 class census cond_value$=650.35 vs threshold $639.60
HG-20210701-056077-S	SKIP	C	primary: frozen mechanical policy — EARLIEST member of its EPISODE_CAUSAL group (K*=120s) and S13 class census cond_value$=516.84 vs threshold $639.60
HG-20210701-056079-S	SKIP	C	primary: frozen mechanical policy — EARLIEST member of its EPISODE_CAUSAL group (K*=120s) and S13 class census cond_value$=516.84 vs threshold $639.60
SI-20210701-056083-S	SKIP	C	primary: frozen mechanical policy — EARLIEST member of its EPISODE_CAUSAL group (K*=150s) and S13 class census cond_value$=650.35 vs threshold $639.60
HG-20210701-056102-S	SKIP	C	primary: frozen mechanical policy — EARLIEST member of its EPISODE_CAUSAL group (K*=120s) and S13 class census cond_value$=516.84 vs threshold $639.60
NKD-20210701-056160-S	SKIP	C	primary: frozen mechanical policy — EARLIEST member of its EPISODE_CAUSAL group (K*=150s) and S13 class census cond_value$=516.84 vs threshold $639.60
NKD-20210701-056175-S	SKIP	C	primary: frozen mechanical policy — EARLIEST member of its EPISODE_CAUSAL group (K*=150s) and S13 class census cond_value$=516.84 vs threshold $639.60
SI-20210701-056188-S	SKIP	C	primary: frozen mechanical policy — EARLIEST member of its EPISODE_CAUSAL group (K*=150s) and S13 class census cond_value$=516.84 vs threshold $639.60
NKD-20210701-056233-S	SKIP	C	primary: frozen mechanical policy — EARLIEST member of its EPISODE_CAUSAL group (K*=150s) and S13 class census cond_value$=516.84 vs threshold $639.60
NKD-20210701-056236-S	SKIP	C	primary: frozen mechanical policy — EARLIEST member of its EPISODE_CAUSAL group (K*=150s) and S13 class census cond_value$=516.84 vs threshold $639.60
HG-20210701-056255-L	SKIP	C	primary: frozen mechanical policy — EARLIEST member of its EPISODE_CAUSAL group (K*=120s) and S13 class census cond_value$=516.84 vs threshold $639.60
NKD-20210701-056256-S	SKIP	C	primary: frozen mechanical policy — EARLIEST member of its EPISODE_CAUSAL group (K*=150s) and S13 class census cond_value$=516.84 vs threshold $639.60
SI-20210701-056264-L	SKIP	C	primary: frozen mechanical policy — EARLIEST member of its EPISODE_CAUSAL group (K*=180s) and S13 class census cond_value$=516.84 vs threshold $639.60
SI-20210701-056274-L	SKIP	C	primary: frozen mechanical policy — EARLIEST member of its EPISODE_CAUSAL group (K*=180s) and S13 class census cond_value$=516.84 vs threshold $639.60
HG-20210701-056275-L	SKIP	C	primary: frozen mechanical policy — EARLIEST member of its EPISODE_CAUSAL group (K*=120s) and S13 class census cond_value$=516.84 vs threshold $639.60
NKD-20210701-056276-S	SKIP	C	primary: frozen mechanical policy — EARLIEST member of its EPISODE_CAUSAL group (K*=150s) and S13 class census cond_value$=516.84 vs threshold $639.60
SI-20210701-056276-L	SKIP	C	primary: frozen mechanical policy — EARLIEST member of its EPISODE_CAUSAL group (K*=180s) and S13 class census cond_value$=516.84 vs threshold $639.60
SI-20210701-056277-L	SKIP	C	primary: frozen mechanical policy — EARLIEST member of its EPISODE_CAUSAL group (K*=180s) and S13 class census cond_value$=516.84 vs threshold $639.60
HG-20210701-056308-L	SKIP	C	primary: frozen mechanical policy — EARLIEST member of its EPISODE_CAUSAL group (K*=120s) and S13 class census cond_value$=516.84 vs threshold $639.60
SI-20210701-056342-S	SKIP	C	primary: frozen mechanical policy — EARLIEST member of its EPISODE_CAUSAL group (K*=150s) and S13 class census cond_value$=516.84 vs threshold $639.60
NKD-20210701-056461-L	SKIP	C	primary: frozen mechanical policy — EARLIEST member of its EPISODE_CAUSAL group (K*=150s) and S13 class census cond_value$=516.84 vs threshold $639.60
SI-20210701-056462-S	SKIP	C	primary: frozen mechanical policy — EARLIEST member of its EPISODE_CAUSAL group (K*=150s) and S13 class census cond_value$=516.84 vs threshold $639.60
HG-20210701-056493-S	SKIP	C	primary: frozen mechanical policy — EARLIEST member of its EPISODE_CAUSAL group (K*=120s) and S13 class census cond_value$=516.84 vs threshold $639.60
HG-20210701-056628-S	SKIP	C	primary: frozen mechanical policy — EARLIEST member of its EPISODE_CAUSAL group (K*=120s) and S13 class census cond_value$=516.84 vs threshold $639.60
SI-20210701-056803-L	SKIP	C	primary: frozen mechanical policy — EARLIEST member of its EPISODE_CAUSAL group (K*=180s) and S13 class census cond_value$=516.84 vs threshold $639.60
HG-20210701-056815-L	SKIP	C	primary: frozen mechanical policy — EARLIEST member of its EPISODE_CAUSAL group (K*=120s) and S13 class census cond_value$=516.84 vs threshold $639.60
SI-20210701-056835-L	SKIP	C	primary: frozen mechanical policy — EARLIEST member of its EPISODE_CAUSAL group (K*=180s) and S13 class census cond_value$=516.84 vs threshold $639.60
HG-20210701-056837-L	SKIP	C	primary: frozen mechanical policy — EARLIEST member of its EPISODE_CAUSAL group (K*=120s) and S13 class census cond_value$=516.84 vs threshold $639.60
SI-20210701-056837-L	SKIP	C	primary: frozen mechanical policy — EARLIEST member of its EPISODE_CAUSAL group (K*=180s) and S13 class census cond_value$=516.84 vs threshold $639.60
SI-20210701-056838-L	SKIP	C	primary: frozen mechanical policy — EARLIEST member of its EPISODE_CAUSAL group (K*=180s) and S13 class census cond_value$=516.84 vs threshold $639.60
NKD-20210701-056839-L	SKIP	C	primary: frozen mechanical policy — EARLIEST member of its EPISODE_CAUSAL group (K*=150s) and S13 class census cond_value$=516.84 vs threshold $639.60
SI-20210701-056847-L	SKIP	C	primary: frozen mechanical policy — EARLIEST member of its EPISODE_CAUSAL group (K*=180s) and S13 class census cond_value$=516.84 vs threshold $639.60
SI-20210701-056939-L	SKIP	C	primary: frozen mechanical policy — EARLIEST member of its EPISODE_CAUSAL group (K*=180s) and S13 class census cond_value$=500.14 vs threshold $639.60
SI-20210701-057079-S	SKIP	C	primary: frozen mechanical policy — EARLIEST member of its EPISODE_CAUSAL group (K*=150s) and S13 class census cond_value$=516.84 vs threshold $639.60
HG-20210701-057109-S	SKIP	C	primary: frozen mechanical policy — EARLIEST member of its EPISODE_CAUSAL group (K*=120s) and S13 class census cond_value$=516.84 vs threshold $639.60
NKD-20210701-057111-S	SKIP	C	primary: frozen mechanical policy — EARLIEST member of its EPISODE_CAUSAL group (K*=150s) and S13 class census cond_value$=516.84 vs threshold $639.60
NKD-20210701-057208-S	SKIP	C	primary: frozen mechanical policy — EARLIEST member of its EPISODE_CAUSAL group (K*=150s) and S13 class census cond_value$=516.84 vs threshold $639.60
HG-20210701-057280-S	SKIP	C	primary: frozen mechanical policy — EARLIEST member of its EPISODE_CAUSAL group (K*=120s) and S13 class census cond_value$=516.84 vs threshold $639.60
SI-20210701-057344-S	SKIP	C	primary: frozen mechanical policy — EARLIEST member of its EPISODE_CAUSAL group (K*=150s) and S13 class census cond_value$=516.84 vs threshold $639.60
NKD-20210701-057361-L	SKIP	C	primary: frozen mechanical policy — EARLIEST member of its EPISODE_CAUSAL group (K*=150s) and S13 class census cond_value$=516.84 vs threshold $639.60
SI-20210701-057388-L	SKIP	C	primary: frozen mechanical policy — EARLIEST member of its EPISODE_CAUSAL group (K*=180s) and S13 class census cond_value$=516.84 vs threshold $639.60
SI-20210701-057455-L	SKIP	C	primary: frozen mechanical policy — EARLIEST member of its EPISODE_CAUSAL group (K*=180s) and S13 class census cond_value$=516.84 vs threshold $639.60
HG-20210701-057457-L	SKIP	C	primary: frozen mechanical policy — EARLIEST member of its EPISODE_CAUSAL group (K*=120s) and S13 class census cond_value$=516.84 vs threshold $639.60
SI-20210701-057457-L	SKIP	C	primary: frozen mechanical policy — EARLIEST member of its EPISODE_CAUSAL group (K*=180s) and S13 class census cond_value$=516.84 vs threshold $639.60
SI-20210701-057458-L	SKIP	C	primary: frozen mechanical policy — EARLIEST member of its EPISODE_CAUSAL group (K*=180s) and S13 class census cond_value$=516.84 vs threshold $639.60
NKD-20210701-057490-L	SKIP	C	primary: frozen mechanical policy — EARLIEST member of its EPISODE_CAUSAL group (K*=150s) and S13 class census cond_value$=516.84 vs threshold $639.60
NKD-20210701-057510-L	SKIP	C	primary: frozen mechanical policy — EARLIEST member of its EPISODE_CAUSAL group (K*=150s) and S13 class census cond_value$=516.84 vs threshold $639.60
HG-20210701-057581-S	SKIP	C	primary: frozen mechanical policy — EARLIEST member of its EPISODE_CAUSAL group (K*=120s) and S13 class census cond_value$=516.84 vs threshold $639.60
HG-20210701-057614-S	SKIP	C	primary: frozen mechanical policy — EARLIEST member of its EPISODE_CAUSAL group (K*=120s) and S13 class census cond_value$=516.84 vs threshold $639.60
SI-20210701-057615-L	TAKE	C	primary: frozen mechanical policy — EARLIEST member of its EPISODE_CAUSAL group (K*=180s) and S13 class census cond_value$=704.60 vs threshold $639.60
SI-20210701-057619-S	TAKE	C	primary: frozen mechanical policy — EARLIEST member of its EPISODE_CAUSAL group (K*=150s) and S13 class census cond_value$=704.60 vs threshold $639.60
SI-20210701-057624-L	SKIP	C	primary: frozen mechanical policy — EARLIEST member of its EPISODE_CAUSAL group (K*=180s) and S13 class census cond_value$=704.60 vs threshold $639.60
SI-20210701-057662-S	SKIP	C	primary: frozen mechanical policy — EARLIEST member of its EPISODE_CAUSAL group (K*=150s) and S13 class census cond_value$=516.84 vs threshold $639.60
HG-20210701-057685-L	TAKE	C	primary: frozen mechanical policy — EARLIEST member of its EPISODE_CAUSAL group (K*=120s) and S13 class census cond_value$=704.60 vs threshold $639.60
SI-20210701-057695-L	SKIP	C	primary: frozen mechanical policy — EARLIEST member of its EPISODE_CAUSAL group (K*=180s) and S13 class census cond_value$=704.60 vs threshold $639.60
SI-20210701-057720-L	SKIP	C	primary: frozen mechanical policy — EARLIEST member of its EPISODE_CAUSAL group (K*=180s) and S13 class census cond_value$=516.84 vs threshold $639.60
SI-20210701-057724-S	SKIP	C	primary: frozen mechanical policy — EARLIEST member of its EPISODE_CAUSAL group (K*=150s) and S13 class census cond_value$=516.84 vs threshold $639.60
SI-20210701-057729-L	SKIP	C	primary: frozen mechanical policy — EARLIEST member of its EPISODE_CAUSAL group (K*=180s) and S13 class census cond_value$=516.84 vs threshold $639.60
SI-20210701-057738-L	SKIP	C	primary: frozen mechanical policy — EARLIEST member of its EPISODE_CAUSAL group (K*=180s) and S13 class census cond_value$=704.60 vs threshold $639.60
HG-20210701-057765-S	TAKE	C	primary: frozen mechanical policy — EARLIEST member of its EPISODE_CAUSAL group (K*=120s) and S13 class census cond_value$=704.60 vs threshold $639.60
SI-20210701-057766-S	SKIP	C	primary: frozen mechanical policy — EARLIEST member of its EPISODE_CAUSAL group (K*=150s) and S13 class census cond_value$=704.60 vs threshold $639.60
SI-20210701-057771-S	SKIP	C	primary: frozen mechanical policy — EARLIEST member of its EPISODE_CAUSAL group (K*=150s) and S13 class census cond_value$=704.60 vs threshold $639.60
HG-20210701-057790-L	SKIP	C	primary: frozen mechanical policy — EARLIEST member of its EPISODE_CAUSAL group (K*=120s) and S13 class census cond_value$=516.84 vs threshold $639.60
SI-20210701-057800-L	SKIP	C	primary: frozen mechanical policy — EARLIEST member of its EPISODE_CAUSAL group (K*=180s) and S13 class census cond_value$=516.84 vs threshold $639.60
SI-20210701-057804-S	SKIP	C	primary: frozen mechanical policy — EARLIEST member of its EPISODE_CAUSAL group (K*=150s) and S13 class census cond_value$=704.60 vs threshold $639.60
SI-20210701-057843-L	SKIP	C	primary: frozen mechanical policy — EARLIEST member of its EPISODE_CAUSAL group (K*=180s) and S13 class census cond_value$=516.84 vs threshold $639.60
HG-20210701-057870-S	SKIP	C	primary: frozen mechanical policy — EARLIEST member of its EPISODE_CAUSAL group (K*=120s) and S13 class census cond_value$=516.84 vs threshold $639.60
SI-20210701-057871-S	SKIP	C	primary: frozen mechanical policy — EARLIEST member of its EPISODE_CAUSAL group (K*=150s) and S13 class census cond_value$=516.84 vs threshold $639.60
SI-20210701-057873-S	SKIP	C	primary: frozen mechanical policy — EARLIEST member of its EPISODE_CAUSAL group (K*=150s) and S13 class census cond_value$=516.84 vs threshold $639.60
SI-20210701-057875-S	SKIP	C	primary: frozen mechanical policy — EARLIEST member of its EPISODE_CAUSAL group (K*=150s) and S13 class census cond_value$=516.84 vs threshold $639.60
SI-20210701-057876-S	SKIP	C	primary: frozen mechanical policy — EARLIEST member of its EPISODE_CAUSAL group (K*=150s) and S13 class census cond_value$=516.84 vs threshold $639.60
SI-20210701-057909-S	SKIP	C	primary: frozen mechanical policy — EARLIEST member of its EPISODE_CAUSAL group (K*=150s) and S13 class census cond_value$=516.84 vs threshold $639.60
SI-20210701-057910-L	SKIP	C	primary: frozen mechanical policy — EARLIEST member of its EPISODE_CAUSAL group (K*=180s) and S13 class census cond_value$=704.60 vs threshold $639.60
SI-20210701-058015-L	SKIP	C	primary: frozen mechanical policy — EARLIEST member of its EPISODE_CAUSAL group (K*=180s) and S13 class census cond_value$=516.84 vs threshold $639.60
SI-20210701-058039-S	TAKE	C	primary: frozen mechanical policy — EARLIEST member of its EPISODE_CAUSAL group (K*=150s) and S13 class census cond_value$=704.60 vs threshold $639.60
SI-20210701-058133-L	SKIP	C	primary: frozen mechanical policy — EARLIEST member of its EPISODE_CAUSAL group (K*=180s) and S13 class census cond_value$=704.60 vs threshold $639.60
SI-20210701-058144-S	SKIP	C	primary: frozen mechanical policy — EARLIEST member of its EPISODE_CAUSAL group (K*=150s) and S13 class census cond_value$=516.84 vs threshold $639.60
SI-20210701-058182-S	SKIP	C	primary: frozen mechanical policy — EARLIEST member of its EPISODE_CAUSAL group (K*=150s) and S13 class census cond_value$=704.60 vs threshold $639.60
SI-20210701-058194-S	SKIP	C	primary: frozen mechanical policy — EARLIEST member of its EPISODE_CAUSAL group (K*=150s) and S13 class census cond_value$=704.60 vs threshold $639.60
SI-20210701-058238-L	SKIP	C	primary: frozen mechanical policy — EARLIEST member of its EPISODE_CAUSAL group (K*=180s) and S13 class census cond_value$=516.84 vs threshold $639.60
SI-20210701-058287-S	SKIP	C	primary: frozen mechanical policy — EARLIEST member of its EPISODE_CAUSAL group (K*=150s) and S13 class census cond_value$=516.84 vs threshold $639.60
SI-20210701-058299-S	SKIP	C	primary: frozen mechanical policy — EARLIEST member of its EPISODE_CAUSAL group (K*=150s) and S13 class census cond_value$=516.84 vs threshold $639.60
SI-20210701-058624-L	SKIP	C	primary: frozen mechanical policy — EARLIEST member of its EPISODE_CAUSAL group (K*=180s) and S13 class census cond_value$=516.84 vs threshold $639.60
SI-20210701-058635-L	SKIP	C	primary: frozen mechanical policy — EARLIEST member of its EPISODE_CAUSAL group (K*=180s) and S13 class census cond_value$=516.84 vs threshold $639.60
HG-20210701-058636-L	SKIP	C	primary: frozen mechanical policy — EARLIEST member of its EPISODE_CAUSAL group (K*=120s) and S13 class census cond_value$=516.84 vs threshold $639.60
SI-20210701-058639-L	SKIP	C	primary: frozen mechanical policy — EARLIEST member of its EPISODE_CAUSAL group (K*=180s) and S13 class census cond_value$=516.84 vs threshold $639.60
SI-20210701-058648-S	SKIP	C	primary: frozen mechanical policy — EARLIEST member of its EPISODE_CAUSAL group (K*=150s) and S13 class census cond_value$=516.84 vs threshold $639.60
SI-20210701-058669-L	SKIP	C	primary: frozen mechanical policy — EARLIEST member of its EPISODE_CAUSAL group (K*=180s) and S13 class census cond_value$=516.84 vs threshold $639.60
SI-20210701-058695-S	SKIP	C	primary: frozen mechanical policy — EARLIEST member of its EPISODE_CAUSAL group (K*=150s) and S13 class census cond_value$=516.84 vs threshold $639.60
HG-20210701-058711-S	SKIP	C	primary: frozen mechanical policy — EARLIEST member of its EPISODE_CAUSAL group (K*=120s) and S13 class census cond_value$=516.84 vs threshold $639.60
NKD-20210701-058718-S	SKIP	C	primary: frozen mechanical policy — EARLIEST member of its EPISODE_CAUSAL group (K*=150s) and S13 class census cond_value$=516.84 vs threshold $639.60
SI-20210701-058719-L	SKIP	C	primary: frozen mechanical policy — EARLIEST member of its EPISODE_CAUSAL group (K*=180s) and S13 class census cond_value$=516.84 vs threshold $639.60
SI-20210701-058723-L	SKIP	C	primary: frozen mechanical policy — EARLIEST member of its EPISODE_CAUSAL group (K*=180s) and S13 class census cond_value$=516.84 vs threshold $639.60
SI-20210701-058726-L	SKIP	C	primary: frozen mechanical policy — EARLIEST member of its EPISODE_CAUSAL group (K*=180s) and S13 class census cond_value$=516.84 vs threshold $639.60
SI-20210701-058729-L	SKIP	C	primary: frozen mechanical policy — EARLIEST member of its EPISODE_CAUSAL group (K*=180s) and S13 class census cond_value$=516.84 vs threshold $639.60
HG-20210701-058734-L	SKIP	C	primary: frozen mechanical policy — EARLIEST member of its EPISODE_CAUSAL group (K*=120s) and S13 class census cond_value$=516.84 vs threshold $639.60
HG-20210701-058749-L	SKIP	C	primary: frozen mechanical policy — EARLIEST member of its EPISODE_CAUSAL group (K*=120s) and S13 class census cond_value$=516.84 vs threshold $639.60
NKD-20210701-058755-S	SKIP	C	primary: frozen mechanical policy — EARLIEST member of its EPISODE_CAUSAL group (K*=150s) and S13 class census cond_value$=516.84 vs threshold $639.60
HG-20210701-058757-L	SKIP	C	primary: frozen mechanical policy — EARLIEST member of its EPISODE_CAUSAL group (K*=120s) and S13 class census cond_value$=516.84 vs threshold $639.60
NKD-20210701-058763-S	SKIP	C	primary: frozen mechanical policy — EARLIEST member of its EPISODE_CAUSAL group (K*=150s) and S13 class census cond_value$=516.84 vs threshold $639.60
HG-20210701-058796-L	SKIP	C	primary: frozen mechanical policy — EARLIEST member of its EPISODE_CAUSAL group (K*=120s) and S13 class census cond_value$=516.84 vs threshold $639.60
HG-20210701-058797-L	SKIP	C	primary: frozen mechanical policy — EARLIEST member of its EPISODE_CAUSAL group (K*=120s) and S13 class census cond_value$=516.84 vs threshold $639.60
SI-20210701-058801-L	SKIP	C	primary: frozen mechanical policy — EARLIEST member of its EPISODE_CAUSAL group (K*=180s) and S13 class census cond_value$=516.84 vs threshold $639.60
SI-20210701-058805-L	SKIP	C	primary: frozen mechanical policy — EARLIEST member of its EPISODE_CAUSAL group (K*=180s) and S13 class census cond_value$=516.84 vs threshold $639.60
HG-20210701-058807-L	SKIP	C	primary: frozen mechanical policy — EARLIEST member of its EPISODE_CAUSAL group (K*=120s) and S13 class census cond_value$=516.84 vs threshold $639.60
HG-20210701-058832-L	SKIP	C	primary: frozen mechanical policy — EARLIEST member of its EPISODE_CAUSAL group (K*=120s) and S13 class census cond_value$=516.84 vs threshold $639.60
HG-20210701-058865-S	SKIP	C	primary: frozen mechanical policy — EARLIEST member of its EPISODE_CAUSAL group (K*=120s) and S13 class census cond_value$=516.84 vs threshold $639.60
SI-20210701-058866-S	SKIP	C	primary: frozen mechanical policy — EARLIEST member of its EPISODE_CAUSAL group (K*=150s) and S13 class census cond_value$=516.84 vs threshold $639.60
HG-20210701-058889-S	SKIP	C	primary: frozen mechanical policy — EARLIEST member of its EPISODE_CAUSAL group (K*=120s) and S13 class census cond_value$=516.84 vs threshold $639.60
SI-20210701-058892-S	SKIP	C	primary: frozen mechanical policy — EARLIEST member of its EPISODE_CAUSAL group (K*=150s) and S13 class census cond_value$=516.84 vs threshold $639.60
HG-20210701-058922-L	SKIP	C	primary: frozen mechanical policy — EARLIEST member of its EPISODE_CAUSAL group (K*=120s) and S13 class census cond_value$=516.84 vs threshold $639.60
SI-20210701-059046-L	SKIP	C	primary: frozen mechanical policy — EARLIEST member of its EPISODE_CAUSAL group (K*=180s) and S13 class census cond_value$=516.84 vs threshold $639.60
HG-20210701-059069-L	SKIP	C	primary: frozen mechanical policy — EARLIEST member of its EPISODE_CAUSAL group (K*=120s) and S13 class census cond_value$=516.84 vs threshold $639.60
HG-20210701-059099-S	SKIP	C	primary: frozen mechanical policy — EARLIEST member of its EPISODE_CAUSAL group (K*=120s) and S13 class census cond_value$=516.84 vs threshold $639.60
SI-20210701-059104-L	SKIP	C	primary: frozen mechanical policy — EARLIEST member of its EPISODE_CAUSAL group (K*=180s) and S13 class census cond_value$=500.14 vs threshold $639.60
NKD-20210701-059124-S	SKIP	C	primary: frozen mechanical policy — EARLIEST member of its EPISODE_CAUSAL group (K*=150s) and S13 class census cond_value$=500.14 vs threshold $639.60
HG-20210701-059135-S	SKIP	C	primary: frozen mechanical policy — EARLIEST member of its EPISODE_CAUSAL group (K*=120s) and S13 class census cond_value$=516.84 vs threshold $639.60
NKD-20210701-059179-S	SKIP	C	primary: frozen mechanical policy — EARLIEST member of its EPISODE_CAUSAL group (K*=150s) and S13 class census cond_value$=516.84 vs threshold $639.60
NKD-20210701-059229-S	SKIP	C	primary: frozen mechanical policy — EARLIEST member of its EPISODE_CAUSAL group (K*=150s) and S13 class census cond_value$=516.84 vs threshold $639.60
SI-20210701-059277-L	SKIP	C	primary: frozen mechanical policy — EARLIEST member of its EPISODE_CAUSAL group (K*=180s) and S13 class census cond_value$=516.84 vs threshold $639.60
HG-20210701-059292-L	SKIP	C	primary: frozen mechanical policy — EARLIEST member of its EPISODE_CAUSAL group (K*=120s) and S13 class census cond_value$=516.84 vs threshold $639.60
NKD-20210701-059355-S	SKIP	C	primary: frozen mechanical policy — EARLIEST member of its EPISODE_CAUSAL group (K*=150s) and S13 class census cond_value$=516.84 vs threshold $639.60
HG-20210701-059375-L	SKIP	C	primary: frozen mechanical policy — EARLIEST member of its EPISODE_CAUSAL group (K*=120s) and S13 class census cond_value$=516.84 vs threshold $639.60
SI-20210701-059472-L	SKIP	C	primary: frozen mechanical policy — EARLIEST member of its EPISODE_CAUSAL group (K*=180s) and S13 class census cond_value$=500.14 vs threshold $639.60
HG-20210701-059511-S	SKIP	C	primary: frozen mechanical policy — EARLIEST member of its EPISODE_CAUSAL group (K*=120s) and S13 class census cond_value$=516.84 vs threshold $639.60
SI-20210701-059522-S	SKIP	C	primary: frozen mechanical policy — EARLIEST member of its EPISODE_CAUSAL group (K*=150s) and S13 class census cond_value$=516.84 vs threshold $639.60
HG-20210701-059523-S	SKIP	C	primary: frozen mechanical policy — EARLIEST member of its EPISODE_CAUSAL group (K*=120s) and S13 class census cond_value$=516.84 vs threshold $639.60
SI-20210701-059532-S	SKIP	C	primary: frozen mechanical policy — EARLIEST member of its EPISODE_CAUSAL group (K*=150s) and S13 class census cond_value$=516.84 vs threshold $639.60
SI-20210701-059547-S	SKIP	C	primary: frozen mechanical policy — EARLIEST member of its EPISODE_CAUSAL group (K*=150s) and S13 class census cond_value$=516.84 vs threshold $639.60
HG-20210701-059549-S	SKIP	C	primary: frozen mechanical policy — EARLIEST member of its EPISODE_CAUSAL group (K*=120s) and S13 class census cond_value$=516.84 vs threshold $639.60
HG-20210701-059567-S	SKIP	C	primary: frozen mechanical policy — EARLIEST member of its EPISODE_CAUSAL group (K*=120s) and S13 class census cond_value$=516.84 vs threshold $639.60
SI-20210701-059586-L	SKIP	C	primary: frozen mechanical policy — EARLIEST member of its EPISODE_CAUSAL group (K*=180s) and S13 class census cond_value$=516.84 vs threshold $639.60
HG-20210701-059592-L	SKIP	C	primary: frozen mechanical policy — EARLIEST member of its EPISODE_CAUSAL group (K*=120s) and S13 class census cond_value$=516.84 vs threshold $639.60
SI-20210701-059592-L	SKIP	C	primary: frozen mechanical policy — EARLIEST member of its EPISODE_CAUSAL group (K*=180s) and S13 class census cond_value$=516.84 vs threshold $639.60
HG-20210701-059630-L	SKIP	C	primary: frozen mechanical policy — EARLIEST member of its EPISODE_CAUSAL group (K*=120s) and S13 class census cond_value$=516.84 vs threshold $639.60
HG-20210701-059712-L	SKIP	C	primary: frozen mechanical policy — EARLIEST member of its EPISODE_CAUSAL group (K*=120s) and S13 class census cond_value$=516.84 vs threshold $639.60
HG-20210701-059806-S	SKIP	C	primary: frozen mechanical policy — EARLIEST member of its EPISODE_CAUSAL group (K*=120s) and S13 class census cond_value$=516.84 vs threshold $639.60
HG-20210701-059827-S	SKIP	C	primary: frozen mechanical policy — EARLIEST member of its EPISODE_CAUSAL group (K*=120s) and S13 class census cond_value$=516.84 vs threshold $639.60
SI-20210701-059838-S	SKIP	C	primary: frozen mechanical policy — EARLIEST member of its EPISODE_CAUSAL group (K*=150s) and S13 class census cond_value$=516.84 vs threshold $639.60
HG-20210701-059899-L	SKIP	C	primary: frozen mechanical policy — EARLIEST member of its EPISODE_CAUSAL group (K*=120s) and S13 class census cond_value$=516.84 vs threshold $639.60
SI-20210701-059945-S	SKIP	C	primary: frozen mechanical policy — EARLIEST member of its EPISODE_CAUSAL group (K*=150s) and S13 class census cond_value$=516.84 vs threshold $639.60
HG-20210701-059953-S	SKIP	C	primary: frozen mechanical policy — EARLIEST member of its EPISODE_CAUSAL group (K*=120s) and S13 class census cond_value$=516.84 vs threshold $639.60
SI-20210701-059968-S	SKIP	C	primary: frozen mechanical policy — EARLIEST member of its EPISODE_CAUSAL group (K*=150s) and S13 class census cond_value$=516.84 vs threshold $639.60
SI-20210701-060158-L	SKIP	C	primary: frozen mechanical policy — EARLIEST member of its EPISODE_CAUSAL group (K*=180s) and S13 class census cond_value$=516.84 vs threshold $639.60
HG-20210701-060166-L	SKIP	C	primary: frozen mechanical policy — EARLIEST member of its EPISODE_CAUSAL group (K*=120s) and S13 class census cond_value$=516.84 vs threshold $639.60
NKD-20210701-060175-L	SKIP	C	primary: frozen mechanical policy — EARLIEST member of its EPISODE_CAUSAL group (K*=150s) and S13 class census cond_value$=516.84 vs threshold $639.60
SI-20210701-060178-L	SKIP	C	primary: frozen mechanical policy — EARLIEST member of its EPISODE_CAUSAL group (K*=180s) and S13 class census cond_value$=516.84 vs threshold $639.60
HG-20210701-060190-L	SKIP	C	primary: frozen mechanical policy — EARLIEST member of its EPISODE_CAUSAL group (K*=120s) and S13 class census cond_value$=516.84 vs threshold $639.60
NKD-20210701-060207-L	SKIP	C	primary: frozen mechanical policy — EARLIEST member of its EPISODE_CAUSAL group (K*=150s) and S13 class census cond_value$=516.84 vs threshold $639.60
SI-20210701-060258-S	SKIP	C	primary: frozen mechanical policy — EARLIEST member of its EPISODE_CAUSAL group (K*=150s) and S13 class census cond_value$=516.84 vs threshold $639.60
SI-20210701-060348-L	SKIP	C	primary: frozen mechanical policy — EARLIEST member of its EPISODE_CAUSAL group (K*=180s) and S13 class census cond_value$=516.84 vs threshold $639.60
NKD-20210701-060395-L	SKIP	C	primary: frozen mechanical policy — EARLIEST member of its EPISODE_CAUSAL group (K*=150s) and S13 class census cond_value$=516.84 vs threshold $639.60
SI-20210701-060523-L	SKIP	C	primary: frozen mechanical policy — EARLIEST member of its EPISODE_CAUSAL group (K*=180s) and S13 class census cond_value$=516.84 vs threshold $639.60
HG-20210701-060531-L	SKIP	C	primary: frozen mechanical policy — EARLIEST member of its EPISODE_CAUSAL group (K*=120s) and S13 class census cond_value$=516.84 vs threshold $639.60
HG-20210701-060801-S	SKIP	C	primary: frozen mechanical policy — EARLIEST member of its EPISODE_CAUSAL group (K*=120s) and S13 class census cond_value$=516.84 vs threshold $639.60
HG-20210701-060839-L	SKIP	C	primary: frozen mechanical policy — EARLIEST member of its EPISODE_CAUSAL group (K*=120s) and S13 class census cond_value$=516.84 vs threshold $639.60
SI-20210701-060991-L	SKIP	C	primary: frozen mechanical policy — EARLIEST member of its EPISODE_CAUSAL group (K*=180s) and S13 class census cond_value$=516.84 vs threshold $639.60
HG-20210701-061141-S	SKIP	C	primary: frozen mechanical policy — EARLIEST member of its EPISODE_CAUSAL group (K*=120s) and S13 class census cond_value$=516.84 vs threshold $639.60
SI-20210701-061141-S	SKIP	C	primary: frozen mechanical policy — EARLIEST member of its EPISODE_CAUSAL group (K*=150s) and S13 class census cond_value$=516.84 vs threshold $639.60
SI-20210701-061151-S	SKIP	C	primary: frozen mechanical policy — EARLIEST member of its EPISODE_CAUSAL group (K*=150s) and S13 class census cond_value$=516.84 vs threshold $639.60
NKD-20210701-061168-S	SKIP	C	primary: frozen mechanical policy — EARLIEST member of its EPISODE_CAUSAL group (K*=150s) and S13 class census cond_value$=516.84 vs threshold $639.60
SI-20210701-061173-S	SKIP	C	primary: frozen mechanical policy — EARLIEST member of its EPISODE_CAUSAL group (K*=150s) and S13 class census cond_value$=516.84 vs threshold $639.60
HG-20210701-061175-S	SKIP	C	primary: frozen mechanical policy — EARLIEST member of its EPISODE_CAUSAL group (K*=120s) and S13 class census cond_value$=516.84 vs threshold $639.60
HG-20210701-061192-S	SKIP	C	primary: frozen mechanical policy — EARLIEST member of its EPISODE_CAUSAL group (K*=120s) and S13 class census cond_value$=516.84 vs threshold $639.60
SI-20210701-061192-S	SKIP	C	primary: frozen mechanical policy — EARLIEST member of its EPISODE_CAUSAL group (K*=150s) and S13 class census cond_value$=516.84 vs threshold $639.60
NKD-20210701-061237-S	SKIP	C	primary: frozen mechanical policy — EARLIEST member of its EPISODE_CAUSAL group (K*=150s) and S13 class census cond_value$=516.84 vs threshold $639.60
HG-20210701-061269-S	SKIP	C	primary: frozen mechanical policy — EARLIEST member of its EPISODE_CAUSAL group (K*=120s) and S13 class census cond_value$=516.84 vs threshold $639.60
HG-20210701-061274-S	SKIP	C	primary: frozen mechanical policy — EARLIEST member of its EPISODE_CAUSAL group (K*=120s) and S13 class census cond_value$=516.84 vs threshold $639.60
HG-20210701-061275-S	SKIP	C	primary: frozen mechanical policy — EARLIEST member of its EPISODE_CAUSAL group (K*=120s) and S13 class census cond_value$=516.84 vs threshold $639.60
SI-20210701-061334-S	SKIP	C	primary: frozen mechanical policy — EARLIEST member of its EPISODE_CAUSAL group (K*=150s) and S13 class census cond_value$=516.84 vs threshold $639.60
HG-20210701-061343-S	SKIP	C	primary: frozen mechanical policy — EARLIEST member of its EPISODE_CAUSAL group (K*=120s) and S13 class census cond_value$=516.84 vs threshold $639.60
HG-20210701-061347-S	SKIP	C	primary: frozen mechanical policy — EARLIEST member of its EPISODE_CAUSAL group (K*=120s) and S13 class census cond_value$=516.84 vs threshold $639.60
HG-20210701-061581-L	SKIP	C	primary: frozen mechanical policy — EARLIEST member of its EPISODE_CAUSAL group (K*=120s) and S13 class census cond_value$=516.84 vs threshold $639.60
HG-20210701-061632-L	SKIP	C	primary: frozen mechanical policy — EARLIEST member of its EPISODE_CAUSAL group (K*=120s) and S13 class census cond_value$=516.84 vs threshold $639.60
HG-20210701-061633-L	SKIP	C	primary: frozen mechanical policy — EARLIEST member of its EPISODE_CAUSAL group (K*=120s) and S13 class census cond_value$=516.84 vs threshold $639.60
SI-20210701-061662-L	SKIP	C	primary: frozen mechanical policy — EARLIEST member of its EPISODE_CAUSAL group (K*=180s) and S13 class census cond_value$=516.84 vs threshold $639.60
NKD-20210701-061883-S	SKIP	C	primary: frozen mechanical policy — EARLIEST member of its EPISODE_CAUSAL group (K*=150s) and S13 class census cond_value$=516.84 vs threshold $639.60
SI-20210701-061960-S	SKIP	C	primary: frozen mechanical policy — EARLIEST member of its EPISODE_CAUSAL group (K*=150s) and S13 class census cond_value$=516.84 vs threshold $639.60
HG-20210701-061986-S	SKIP	C	primary: frozen mechanical policy — EARLIEST member of its EPISODE_CAUSAL group (K*=120s) and S13 class census cond_value$=516.84 vs threshold $639.60
SI-20210701-061986-S	SKIP	C	primary: frozen mechanical policy — EARLIEST member of its EPISODE_CAUSAL group (K*=150s) and S13 class census cond_value$=516.84 vs threshold $639.60
NKD-20210701-062012-S	SKIP	C	primary: frozen mechanical policy — EARLIEST member of its EPISODE_CAUSAL group (K*=150s) and S13 class census cond_value$=516.84 vs threshold $639.60
HG-20210701-062013-S	SKIP	C	primary: frozen mechanical policy — EARLIEST member of its EPISODE_CAUSAL group (K*=120s) and S13 class census cond_value$=516.84 vs threshold $639.60
SI-20210701-062248-L	SKIP	C	primary: frozen mechanical policy — EARLIEST member of its EPISODE_CAUSAL group (K*=180s) and S13 class census cond_value$=516.84 vs threshold $639.60
SI-20210701-062257-L	SKIP	C	primary: frozen mechanical policy — EARLIEST member of its EPISODE_CAUSAL group (K*=180s) and S13 class census cond_value$=516.84 vs threshold $639.60
SI-20210701-062264-L	SKIP	C	primary: frozen mechanical policy — EARLIEST member of its EPISODE_CAUSAL group (K*=180s) and S13 class census cond_value$=516.84 vs threshold $639.60
SI-20210701-062376-L	SKIP	C	primary: frozen mechanical policy — EARLIEST member of its EPISODE_CAUSAL group (K*=180s) and S13 class census cond_value$=500.14 vs threshold $639.60
SI-20210701-062390-S	SKIP	C	primary: frozen mechanical policy — EARLIEST member of its EPISODE_CAUSAL group (K*=150s) and S13 class census cond_value$=516.84 vs threshold $639.60
SI-20210701-062449-S	SKIP	C	primary: frozen mechanical policy — EARLIEST member of its EPISODE_CAUSAL group (K*=150s) and S13 class census cond_value$=516.84 vs threshold $639.60
HG-20210701-062547-L	SKIP	C	primary: frozen mechanical policy — EARLIEST member of its EPISODE_CAUSAL group (K*=120s) and S13 class census cond_value$=516.84 vs threshold $639.60
SI-20210701-062547-L	SKIP	C	primary: frozen mechanical policy — EARLIEST member of its EPISODE_CAUSAL group (K*=180s) and S13 class census cond_value$=516.84 vs threshold $639.60
HG-20210701-062722-S	SKIP	C	primary: frozen mechanical policy — EARLIEST member of its EPISODE_CAUSAL group (K*=120s) and S13 class census cond_value$=516.84 vs threshold $639.60
SI-20210701-062764-S	SKIP	C	primary: frozen mechanical policy — EARLIEST member of its EPISODE_CAUSAL group (K*=150s) and S13 class census cond_value$=516.84 vs threshold $639.60
HG-20210701-062967-L	SKIP	C	primary: frozen mechanical policy — EARLIEST member of its EPISODE_CAUSAL group (K*=120s) and S13 class census cond_value$=516.84 vs threshold $639.60
NKD-20210701-063061-L	SKIP	C	primary: frozen mechanical policy — EARLIEST member of its EPISODE_CAUSAL group (K*=150s) and S13 class census cond_value$=516.84 vs threshold $639.60
NKD-20210701-063102-L	SKIP	C	primary: frozen mechanical policy — EARLIEST member of its EPISODE_CAUSAL group (K*=150s) and S13 class census cond_value$=516.84 vs threshold $639.60
HG-20210701-063119-S	SKIP	C	primary: frozen mechanical policy — EARLIEST member of its EPISODE_CAUSAL group (K*=120s) and S13 class census cond_value$=516.84 vs threshold $639.60
SI-20210701-063134-L	SKIP	C	primary: frozen mechanical policy — EARLIEST member of its EPISODE_CAUSAL group (K*=180s) and S13 class census cond_value$=516.84 vs threshold $639.60
HG-20210701-063143-L	SKIP	C	primary: frozen mechanical policy — EARLIEST member of its EPISODE_CAUSAL group (K*=120s) and S13 class census cond_value$=516.84 vs threshold $639.60
HG-20210701-063176-L	SKIP	C	primary: frozen mechanical policy — EARLIEST member of its EPISODE_CAUSAL group (K*=120s) and S13 class census cond_value$=516.84 vs threshold $639.60
NKD-20210701-063212-L	SKIP	C	primary: frozen mechanical policy — EARLIEST member of its EPISODE_CAUSAL group (K*=150s) and S13 class census cond_value$=516.84 vs threshold $639.60
SI-20210701-063218-L	SKIP	C	primary: frozen mechanical policy — EARLIEST member of its EPISODE_CAUSAL group (K*=180s) and S13 class census cond_value$=516.84 vs threshold $639.60
HG-20210701-063345-S	SKIP	C	primary: frozen mechanical policy — EARLIEST member of its EPISODE_CAUSAL group (K*=120s) and S13 class census cond_value$=516.84 vs threshold $639.60
HG-20210701-063500-S	SKIP	C	primary: frozen mechanical policy — EARLIEST member of its EPISODE_CAUSAL group (K*=120s) and S13 class census cond_value$=516.84 vs threshold $639.60
SI-20210701-063504-L	SKIP	C	primary: frozen mechanical policy — EARLIEST member of its EPISODE_CAUSAL group (K*=180s) and S13 class census cond_value$=500.14 vs threshold $639.60
SI-20210701-063620-S	SKIP	C	primary: frozen mechanical policy — EARLIEST member of its EPISODE_CAUSAL group (K*=150s) and S13 class census cond_value$=516.84 vs threshold $639.60
NKD-20210701-063805-S	SKIP	C	primary: frozen mechanical policy — EARLIEST member of its EPISODE_CAUSAL group (K*=150s) and S13 class census cond_value$=516.84 vs threshold $639.60
SI-20210701-063884-S	SKIP	C	primary: frozen mechanical policy — EARLIEST member of its EPISODE_CAUSAL group (K*=150s) and S13 class census cond_value$=516.84 vs threshold $639.60
SI-20210701-063956-L	SKIP	C	primary: frozen mechanical policy — EARLIEST member of its EPISODE_CAUSAL group (K*=180s) and S13 class census cond_value$=516.84 vs threshold $639.60
NKD-20210701-064032-S	SKIP	C	primary: frozen mechanical policy — EARLIEST member of its EPISODE_CAUSAL group (K*=150s) and S13 class census cond_value$=516.84 vs threshold $639.60
HG-20210701-064264-L	SKIP	C	primary: frozen mechanical policy — EARLIEST member of its EPISODE_CAUSAL group (K*=120s) and S13 class census cond_value$=516.84 vs threshold $639.60
HG-20210701-064369-L	SKIP	C	primary: frozen mechanical policy — EARLIEST member of its EPISODE_CAUSAL group (K*=120s) and S13 class census cond_value$=516.84 vs threshold $639.60
NKD-20210701-064371-S	SKIP	C	primary: frozen mechanical policy — EARLIEST member of its EPISODE_CAUSAL group (K*=150s) and S13 class census cond_value$=516.84 vs threshold $639.60
HG-20210701-064385-S	SKIP	C	primary: frozen mechanical policy — EARLIEST member of its EPISODE_CAUSAL group (K*=120s) and S13 class census cond_value$=516.84 vs threshold $639.60
HG-20210701-064499-L	SKIP	C	primary: frozen mechanical policy — EARLIEST member of its EPISODE_CAUSAL group (K*=120s) and S13 class census cond_value$=516.84 vs threshold $639.60
HG-20210701-064757-S	SKIP	C	primary: frozen mechanical policy — EARLIEST member of its EPISODE_CAUSAL group (K*=120s) and S13 class census cond_value$=516.84 vs threshold $639.60
SI-20210701-064932-S	SKIP	C	primary: frozen mechanical policy — EARLIEST member of its EPISODE_CAUSAL group (K*=150s) and S13 class census cond_value$=516.84 vs threshold $639.60
HG-20210701-064977-L	SKIP	C	primary: frozen mechanical policy — EARLIEST member of its EPISODE_CAUSAL group (K*=120s) and S13 class census cond_value$=516.84 vs threshold $639.60
HG-20210701-065203-L	SKIP	C	primary: frozen mechanical policy — EARLIEST member of its EPISODE_CAUSAL group (K*=120s) and S13 class census cond_value$=516.84 vs threshold $639.60
HG-20210701-065251-L	SKIP	C	primary: frozen mechanical policy — EARLIEST member of its EPISODE_CAUSAL group (K*=120s) and S13 class census cond_value$=500.14 vs threshold $639.60
HG-20210701-065271-L	SKIP	C	primary: frozen mechanical policy — EARLIEST member of its EPISODE_CAUSAL group (K*=120s) and S13 class census cond_value$=500.14 vs threshold $639.60
HG-20210701-065502-L	SKIP	C	primary: frozen mechanical policy — EARLIEST member of its EPISODE_CAUSAL group (K*=120s) and S13 class census cond_value$=516.84 vs threshold $639.60
HG-20210701-065724-S	SKIP	C	primary: frozen mechanical policy — EARLIEST member of its EPISODE_CAUSAL group (K*=120s) and S13 class census cond_value$=516.84 vs threshold $639.60
HG-20210701-065759-S	SKIP	C	primary: frozen mechanical policy — EARLIEST member of its EPISODE_CAUSAL group (K*=120s) and S13 class census cond_value$=516.84 vs threshold $639.60
HG-20210701-066341-S	SKIP	C	primary: frozen mechanical policy — EARLIEST member of its EPISODE_CAUSAL group (K*=120s) and S13 class census cond_value$=516.84 vs threshold $639.60
HG-20210701-066456-S	SKIP	C	primary: frozen mechanical policy — EARLIEST member of its EPISODE_CAUSAL group (K*=120s) and S13 class census cond_value$=516.84 vs threshold $639.60
SI-20210701-066611-S	SKIP	C	primary: frozen mechanical policy — EARLIEST member of its EPISODE_CAUSAL group (K*=150s) and S13 class census cond_value$=516.84 vs threshold $639.60
NKD-20210701-067009-L	SKIP	C	primary: frozen mechanical policy — EARLIEST member of its EPISODE_CAUSAL group (K*=150s) and S13 class census cond_value$=516.84 vs threshold $639.60
HG-20210701-067584-L	SKIP	C	primary: frozen mechanical policy — EARLIEST member of its EPISODE_CAUSAL group (K*=120s) and S13 class census cond_value$=516.84 vs threshold $639.60
HG-20210701-067644-S	SKIP	C	primary: frozen mechanical policy — EARLIEST member of its EPISODE_CAUSAL group (K*=120s) and S13 class census cond_value$=516.84 vs threshold $639.60
SI-20210701-067678-L	SKIP	C	primary: frozen mechanical policy — EARLIEST member of its EPISODE_CAUSAL group (K*=180s) and S13 class census cond_value$=516.84 vs threshold $639.60
HG-20210701-067709-L	SKIP	C	primary: frozen mechanical policy — EARLIEST member of its EPISODE_CAUSAL group (K*=120s) and S13 class census cond_value$=516.84 vs threshold $639.60
HG-20210701-067879-L	SKIP	C	primary: frozen mechanical policy — EARLIEST member of its EPISODE_CAUSAL group (K*=120s) and S13 class census cond_value$=516.84 vs threshold $639.60
HG-20210701-067883-L	SKIP	C	primary: frozen mechanical policy — EARLIEST member of its EPISODE_CAUSAL group (K*=120s) and S13 class census cond_value$=500.14 vs threshold $639.60
NKD-20210701-067921-S	SKIP	C	primary: frozen mechanical policy — EARLIEST member of its EPISODE_CAUSAL group (K*=150s) and S13 class census cond_value$=516.84 vs threshold $639.60
SI-20210701-067970-L	SKIP	C	primary: frozen mechanical policy — EARLIEST member of its EPISODE_CAUSAL group (K*=180s) and S13 class census cond_value$=516.84 vs threshold $639.60
HG-20210701-068028-S	SKIP	C	primary: frozen mechanical policy — EARLIEST member of its EPISODE_CAUSAL group (K*=120s) and S13 class census cond_value$=516.84 vs threshold $639.60
NKD-20210701-068029-L	SKIP	C	primary: frozen mechanical policy — EARLIEST member of its EPISODE_CAUSAL group (K*=150s) and S13 class census cond_value$=516.84 vs threshold $639.60
NKD-20210701-068070-L	SKIP	C	primary: frozen mechanical policy — EARLIEST member of its EPISODE_CAUSAL group (K*=150s) and S13 class census cond_value$=516.84 vs threshold $639.60
HG-20210701-068251-S	SKIP	C	primary: frozen mechanical policy — EARLIEST member of its EPISODE_CAUSAL group (K*=120s) and S13 class census cond_value$=516.84 vs threshold $639.60
NKD-20210701-068454-L	SKIP	C	primary: frozen mechanical policy — EARLIEST member of its EPISODE_CAUSAL group (K*=150s) and S13 class census cond_value$=516.84 vs threshold $639.60
HG-20210701-068465-L	SKIP	C	primary: frozen mechanical policy — EARLIEST member of its EPISODE_CAUSAL group (K*=120s) and S13 class census cond_value$=516.84 vs threshold $639.60
SI-20210701-068487-L	SKIP	C	primary: frozen mechanical policy — EARLIEST member of its EPISODE_CAUSAL group (K*=180s) and S13 class census cond_value$=516.84 vs threshold $639.60
HG-20210701-068489-L	SKIP	C	primary: frozen mechanical policy — EARLIEST member of its EPISODE_CAUSAL group (K*=120s) and S13 class census cond_value$=516.84 vs threshold $639.60
HG-20210701-068530-S	SKIP	C	primary: frozen mechanical policy — EARLIEST member of its EPISODE_CAUSAL group (K*=120s) and S13 class census cond_value$=516.84 vs threshold $639.60
HG-20210701-068584-S	SKIP	C	primary: frozen mechanical policy — EARLIEST member of its EPISODE_CAUSAL group (K*=120s) and S13 class census cond_value$=516.84 vs threshold $639.60
HG-20210701-069040-L	SKIP	C	primary: frozen mechanical policy — EARLIEST member of its EPISODE_CAUSAL group (K*=120s) and S13 class census cond_value$=516.84 vs threshold $639.60
SI-20210701-069047-L	SKIP	C	primary: frozen mechanical policy — EARLIEST member of its EPISODE_CAUSAL group (K*=180s) and S13 class census cond_value$=516.84 vs threshold $639.60
HG-20210701-069085-L	SKIP	C	primary: frozen mechanical policy — EARLIEST member of its EPISODE_CAUSAL group (K*=120s) and S13 class census cond_value$=516.84 vs threshold $639.60
HG-20210701-069098-L	SKIP	C	primary: frozen mechanical policy — EARLIEST member of its EPISODE_CAUSAL group (K*=120s) and S13 class census cond_value$=516.84 vs threshold $639.60
SI-20210701-069215-S	SKIP	C	primary: frozen mechanical policy — EARLIEST member of its EPISODE_CAUSAL group (K*=150s) and S13 class census cond_value$=516.84 vs threshold $639.60
HG-20210701-069329-S	SKIP	C	primary: frozen mechanical policy — EARLIEST member of its EPISODE_CAUSAL group (K*=120s) and S13 class census cond_value$=516.84 vs threshold $639.60
HG-20210701-069585-L	SKIP	C	primary: frozen mechanical policy — EARLIEST member of its EPISODE_CAUSAL group (K*=120s) and S13 class census cond_value$=516.84 vs threshold $639.60
SI-20210701-069652-L	SKIP	C	primary: frozen mechanical policy — EARLIEST member of its EPISODE_CAUSAL group (K*=180s) and S13 class census cond_value$=516.84 vs threshold $639.60
HG-20210701-069806-S	SKIP	C	primary: frozen mechanical policy — EARLIEST member of its EPISODE_CAUSAL group (K*=120s) and S13 class census cond_value$=516.84 vs threshold $639.60
HG-20210701-069851-S	SKIP	C	primary: frozen mechanical policy — EARLIEST member of its EPISODE_CAUSAL group (K*=120s) and S13 class census cond_value$=516.84 vs threshold $639.60
HG-20210701-069897-S	SKIP	C	primary: frozen mechanical policy — EARLIEST member of its EPISODE_CAUSAL group (K*=120s) and S13 class census cond_value$=516.84 vs threshold $639.60
SI-20210701-069939-S	SKIP	C	primary: frozen mechanical policy — EARLIEST member of its EPISODE_CAUSAL group (K*=150s) and S13 class census cond_value$=516.84 vs threshold $639.60
SI-20210701-069961-S	SKIP	C	primary: frozen mechanical policy — EARLIEST member of its EPISODE_CAUSAL group (K*=150s) and S13 class census cond_value$=516.84 vs threshold $639.60
SI-20210701-069990-L	SKIP	C	primary: frozen mechanical policy — EARLIEST member of its EPISODE_CAUSAL group (K*=180s) and S13 class census cond_value$=516.84 vs threshold $639.60
SI-20210701-070015-S	SKIP	C	primary: frozen mechanical policy — EARLIEST member of its EPISODE_CAUSAL group (K*=150s) and S13 class census cond_value$=516.84 vs threshold $639.60
SI-20210701-070030-L	SKIP	C	primary: frozen mechanical policy — EARLIEST member of its EPISODE_CAUSAL group (K*=180s) and S13 class census cond_value$=516.84 vs threshold $639.60
SI-20210701-070066-L	SKIP	C	primary: frozen mechanical policy — EARLIEST member of its EPISODE_CAUSAL group (K*=180s) and S13 class census cond_value$=516.84 vs threshold $639.60
SI-20210701-070349-S	SKIP	C	primary: frozen mechanical policy — EARLIEST member of its EPISODE_CAUSAL group (K*=150s) and S13 class census cond_value$=516.84 vs threshold $639.60
HG-20210701-070636-L	SKIP	C	primary: frozen mechanical policy — EARLIEST member of its EPISODE_CAUSAL group (K*=120s) and S13 class census cond_value$=516.84 vs threshold $639.60
NKD-20210701-070719-L	SKIP	C	primary: frozen mechanical policy — EARLIEST member of its EPISODE_CAUSAL group (K*=150s) and S13 class census cond_value$=516.84 vs threshold $639.60
SI-20210701-071127-S	SKIP	C	primary: frozen mechanical policy — EARLIEST member of its EPISODE_CAUSAL group (K*=150s) and S13 class census cond_value$=516.84 vs threshold $639.60
NKD-20210701-071485-S	SKIP	C	primary: frozen mechanical policy — EARLIEST member of its EPISODE_CAUSAL group (K*=150s) and S13 class census cond_value$=516.84 vs threshold $639.60
NKD-20210701-071604-S	SKIP	C	primary: frozen mechanical policy — EARLIEST member of its EPISODE_CAUSAL group (K*=150s) and S13 class census cond_value$=516.84 vs threshold $639.60
HG-20210701-071829-L	SKIP	C	primary: frozen mechanical policy — EARLIEST member of its EPISODE_CAUSAL group (K*=120s) and S13 class census cond_value$=516.84 vs threshold $639.60
NKD-20210701-071913-S	SKIP	C	primary: frozen mechanical policy — EARLIEST member of its EPISODE_CAUSAL group (K*=150s) and S13 class census cond_value$=516.84 vs threshold $639.60
HG-20210701-072377-L	SKIP	C	primary: frozen mechanical policy — EARLIEST member of its EPISODE_CAUSAL group (K*=120s) and S13 class census cond_value$=516.84 vs threshold $639.60
HG-20210701-072452-L	SKIP	C	primary: frozen mechanical policy — EARLIEST member of its EPISODE_CAUSAL group (K*=120s) and S13 class census cond_value$=516.84 vs threshold $639.60
SI-20210701-072493-L	SKIP	C	primary: frozen mechanical policy — EARLIEST member of its EPISODE_CAUSAL group (K*=180s) and S13 class census cond_value$=516.84 vs threshold $639.60
SI-20210701-072594-L	SKIP	C	primary: frozen mechanical policy — EARLIEST member of its EPISODE_CAUSAL group (K*=180s) and S13 class census cond_value$=516.84 vs threshold $639.60
NKD-20210701-073155-L	SKIP	C	primary: frozen mechanical policy — EARLIEST member of its EPISODE_CAUSAL group (K*=150s) and S13 class census cond_value$=516.84 vs threshold $639.60
NKD-20210701-073208-L	SKIP	C	primary: frozen mechanical policy — EARLIEST member of its EPISODE_CAUSAL group (K*=150s) and S13 class census cond_value$=516.84 vs threshold $639.60
NKD-20210701-073671-L	SKIP	C	primary: frozen mechanical policy — EARLIEST member of its EPISODE_CAUSAL group (K*=150s) and S13 class census cond_value$=516.84 vs threshold $639.60
HG-20210701-074761-S	SKIP	C	primary: frozen mechanical policy — EARLIEST member of its EPISODE_CAUSAL group (K*=120s) and S13 class census cond_value$=516.84 vs threshold $639.60
HG-20210701-075101-S	SKIP	C	primary: frozen mechanical policy — EARLIEST member of its EPISODE_CAUSAL group (K*=120s) and S13 class census cond_value$=516.84 vs threshold $639.60
NKD-20210701-076099-S	SKIP	C	primary: frozen mechanical policy — EARLIEST member of its EPISODE_CAUSAL group (K*=150s) and S13 class census cond_value$=516.84 vs threshold $639.60
NKD-20210701-076647-L	SKIP	C	primary: frozen mechanical policy — EARLIEST member of its EPISODE_CAUSAL group (K*=150s) and S13 class census cond_value$=516.84 vs threshold $639.60
SI-20210701-077658-S	SKIP	C	primary: frozen mechanical policy — EARLIEST member of its EPISODE_CAUSAL group (K*=150s) and S13 class census cond_value$=516.84 vs threshold $639.60
NKD-20210701-078056-S	SKIP	C	primary: frozen mechanical policy — EARLIEST member of its EPISODE_CAUSAL group (K*=150s) and S13 class census cond_value$=516.84 vs threshold $639.60
SI-20210701-078432-L	SKIP	C	primary: frozen mechanical policy — EARLIEST member of its EPISODE_CAUSAL group (K*=180s) and S13 class census cond_value$=516.84 vs threshold $639.60
NKD-20210701-078629-S	SKIP	C	primary: frozen mechanical policy — EARLIEST member of its EPISODE_CAUSAL group (K*=150s) and S13 class census cond_value$=516.84 vs threshold $639.60
HG-20210701-079053-L	SKIP	C	primary: frozen mechanical policy — EARLIEST member of its EPISODE_CAUSAL group (K*=120s) and S13 class census cond_value$=516.84 vs threshold $639.60
NKD-20210701-079114-L	SKIP	C	primary: frozen mechanical policy — EARLIEST member of its EPISODE_CAUSAL group (K*=150s) and S13 class census cond_value$=516.84 vs threshold $639.60
NKD-20210701-079122-L	SKIP	C	primary: frozen mechanical policy — EARLIEST member of its EPISODE_CAUSAL group (K*=150s) and S13 class census cond_value$=516.84 vs threshold $639.60
HG-20210701-079291-L	SKIP	C	primary: frozen mechanical policy — EARLIEST member of its EPISODE_CAUSAL group (K*=120s) and S13 class census cond_value$=516.84 vs threshold $639.60
NKD-20210701-079386-S	SKIP	C	primary: frozen mechanical policy — EARLIEST member of its EPISODE_CAUSAL group (K*=150s) and S13 class census cond_value$=516.84 vs threshold $639.60
NKD-20210701-079445-S	SKIP	C	primary: frozen mechanical policy — EARLIEST member of its EPISODE_CAUSAL group (K*=150s) and S13 class census cond_value$=516.84 vs threshold $639.60
NKD-20210701-079708-S	SKIP	C	primary: frozen mechanical policy — EARLIEST member of its EPISODE_CAUSAL group (K*=150s) and S13 class census cond_value$=516.84 vs threshold $639.60
HG-20210701-079797-S	SKIP	C	primary: frozen mechanical policy — EARLIEST member of its EPISODE_CAUSAL group (K*=120s) and S13 class census cond_value$=516.84 vs threshold $639.60
NKD-20210701-079852-S	SKIP	C	primary: frozen mechanical policy — EARLIEST member of its EPISODE_CAUSAL group (K*=150s) and S13 class census cond_value$=516.84 vs threshold $639.60
NKD-20210701-082273-S	SKIP	C	primary: frozen mechanical policy — EARLIEST member of its EPISODE_CAUSAL group (K*=150s) and S13 class census cond_value$=516.84 vs threshold $639.60
HG-20210701-082377-L	SKIP	C	primary: frozen mechanical policy — EARLIEST member of its EPISODE_CAUSAL group (K*=120s) and S13 class census cond_value$=516.84 vs threshold $639.60
