# PORT M2 port m2 NEW DECISION OBJECTS — joint (member x delay) ranking, rank-then-gate-verify, optimal stopping (E3-E7 develop, E8 one blind read) (lane=port-m2-newobj; version=PORT-M2-NEWOBJ-V1; seed=20260813)
# E8 QUARANTINE: every fit, threshold and selection in this file is made on E3-E7 only; E8 rows are ONE labeled blind read and were never an input to any choice.
# THE DENOMINATOR IS FIXED HERE TOO: usd_per_session_ALL counts every session in the era, a non-trading session contributing $0.  usd_per_FIRING_session is the incumbent's quantity and is what produced the $1,261.25 headline out of 1.8 trades.
# THE SECRETARY FAMILY WAS NOT CAUSAL.  `arrival.seats_secretary` sets its observation window to k = round(frac * m) where m is the cell's EVENTUAL arrival count — a quantity the arrival second cannot know.  Rows marked LOOKAHEAD_m are the incumbent form and are VOID FOR DEPLOYMENT for the same reason `top_per_cell_score` was.  Every headline number the program has printed since the respecification is one of those rows.
# SECTIME_f is the causal replacement on the PHASE CLOCK: observe until t_first_arrival + f x (phase_close - t_first_arrival), both known at the first arrival (the phase close is a schedule fact).
# SECNHAT_f is the causal replacement on a COUNT: observe the first round(f x n_hat) arrivals, n_hat = the TRAINING BLOCK's mean cell size for that (asset, phase).
# SECDECL_f_p is the HYBRID the seated-vs-selected diagnosis asked for: causal-clock observation, then a bar that starts at the running max and falls linearly in phase time to the p-quantile of what has been observed.  SECRETARY x OCCUPANCY.
# top5_trade_share_of_pnl is the CONCENTRATION CHECK: the share of an arm's whole realised P&L carried by its five best trades.  A policy seating ~1 position per session over ~390 sessions whose top five trades carry most of the money is a lottery ticket, not an edge, whatever its mean reads.
# PROPHET rows are the same rules driven by the candidate's TRUE certificate — the rule-shape ceiling, HINDSIGHT, never deployable.
mode	era	criterion	target	policy	causality	usd_per_session_ALL	sd_usd	usd_per_FIRING_session	n_firing_sessions	n_era_sessions	n_trades_total	usd_per_trade	top5_trade_share_of_pnl	shuffled_null	causal_oracle	capture_of_causal_oracle	aim_08causal	gap_to_aim
eval	E5	BINDING	A_EV	OCCUPANCY_0.5	causal	-60.74	26.39	-65.15	360.2	387	431.8	-54.34	0.164	-52.91	2021.0	-0.0301	1616.8	-1677.54
eval	E5	BINDING	A_EV	OCCUPANCY_1	causal	-65.27	21.18	-67.69	373.0	387	461.4	-54.69	0.16	-96.26	2021.0	-0.0323	1616.8	-1682.07
eval	E5	BINDING	A_EV	OCCUPANCY_2	causal	-48.18	22.18	-49.65	375.6	387	499.6	-37.63	0.142	-38.1	2021.0	-0.0238	1616.8	-1664.98
eval	E5	BINDING	A_EV	SECDECL_0.25_0.5	causal	-58.96	26.12	-58.96	387.0	387	813.4	-28.07	0.067	-75.64	2021.0	-0.0292	1616.8	-1675.76
eval	E5	BINDING	A_EV	SECDECL_0.25_0.75	causal	-43.6	19.98	-43.6	386.8	387	776.2	-21.76	0.075	-46.65	2021.0	-0.0216	1616.8	-1660.4
eval	E5	BINDING	A_EV	SECDECL_0.25_0.9	causal	-36.15	20.99	-36.31	385.4	387	734.6	-19.02	0.078	-67.57	2021.0	-0.0179	1616.8	-1652.95
eval	E5	BINDING	A_EV	SECDECL_0.5_0.5	causal	-42.62	16.5	-42.62	387.0	387	831.4	-19.89	0.08	-90.08	2021.0	-0.0211	1616.8	-1659.42
eval	E5	BINDING	A_EV	SECDECL_0.5_0.75	causal	-31.41	10.13	-31.7	383.6	387	722.0	-16.91	0.084	-63.39	2021.0	-0.0155	1616.8	-1648.21
eval	E5	BINDING	A_EV	SECDECL_0.5_0.9	causal	-27.55	19.1	-28.88	370.0	387	615.0	-17.32	0.099	-37.66	2021.0	-0.0136	1616.8	-1644.35
eval	E5	BINDING	A_EV	SECDECL_0.6_0.5	causal	-18.41	16.0	-18.47	386.0	387	797.0	-9.01	0.087	-66.2	2021.0	-0.0091	1616.8	-1635.21
eval	E5	BINDING	A_EV	SECDECL_0.6_0.75	causal	-15.65	15.59	-16.02	379.0	387	676.8	-9.06	0.099	-47.48	2021.0	-0.0077	1616.8	-1632.45
eval	E5	BINDING	A_EV	SECDECL_0.6_0.9	causal	-17.8	16.34	-19.34	356.8	387	556.4	-12.43	0.113	-33.49	2021.0	-0.0088	1616.8	-1634.6
eval	E5	BINDING	A_EV	SECDECL_0.7_0.5	causal	-28.73	8.83	-28.93	384.4	387	743.6	-14.96	0.111	-40.89	2021.0	-0.0142	1616.8	-1645.53
eval	E5	BINDING	A_EV	SECDECL_0.7_0.75	causal	-27.86	11.91	-29.18	369.2	387	619.8	-17.33	0.121	-48.34	2021.0	-0.0138	1616.8	-1644.66
eval	E5	BINDING	A_EV	SECDECL_0.7_0.9	causal	-23.97	20.14	-27.5	338.8	387	496.6	-18.65	0.14	-40.85	2021.0	-0.0119	1616.8	-1640.77
eval	E5	BINDING	A_EV	SECNHAT_0.1	causal	-49.67	41.46	-49.87	385.2	387	739.0	-25.96	0.08	-31.13	2021.0	-0.0246	1616.8	-1666.47
eval	E5	BINDING	A_EV	SECNHAT_0.25	causal	-12.9	27.77	-13.17	375.2	387	662.6	-7.6	0.089	-56.68	2021.0	-0.0064	1616.8	-1629.7
eval	E5	BINDING	A_EV	SECNHAT_0.5	causal	-29.18	12.56	-34.04	332.6	387	491.8	-22.94	0.124	-24.83	2021.0	-0.0144	1616.8	-1645.98
eval	E5	BINDING	A_EV	SECNHAT_0.6	causal	-3.7	16.07	-4.92	295.0	387	408.4	-3.21	0.16	-36.49	2021.0	-0.0018	1616.8	-1620.5
eval	E5	BINDING	A_EV	SECNHAT_0.7	causal	3.26	18.13	4.94	251.6	387	329.6	4.42	0.196	-18.1	2021.0	0.0016	1616.8	-1613.54
eval	E5	BINDING	A_EV	SECNHAT_0.8	causal	-13.38	8.45	-24.11	210.2	387	254.8	-19.9	0.241	-20.57	2021.0	-0.0066	1616.8	-1630.18
eval	E5	BINDING	A_EV	SECRETARY_0.1	LOOKAHEAD_m	-33.37	48.39	-33.42	386.2	387	772.2	-16.75	0.072	-52.78	2021.0	-0.0165	1616.8	-1650.17
eval	E5	BINDING	A_EV	SECRETARY_0.25	LOOKAHEAD_m	5.14	26.42	5.37	381.0	387	711.8	2.8	0.084	-73.86	2021.0	0.0025	1616.8	-1611.66
eval	E5	BINDING	A_EV	SECRETARY_0.5	LOOKAHEAD_m	-10.3	13.49	-11.25	355.8	387	559.8	-7.04	0.116	-52.9	2021.0	-0.0051	1616.8	-1627.1
eval	E5	BINDING	A_EV	SECRETARY_0.6	LOOKAHEAD_m	-28.92	10.33	-32.68	342.2	387	501.4	-22.14	0.125	-25.96	2021.0	-0.0143	1616.8	-1645.72
eval	E5	BINDING	A_EV	SECRETARY_0.7	LOOKAHEAD_m	-37.11	11.1	-45.75	313.2	387	430.6	-33.11	0.144	-18.7	2021.0	-0.0184	1616.8	-1653.91
eval	E5	BINDING	A_EV	SECRETARY_0.8	LOOKAHEAD_m	-24.09	13.86	-33.42	275.8	387	352.0	-26.03	0.167	-18.64	2021.0	-0.0119	1616.8	-1640.89
eval	E5	BINDING	A_EV	SECTIME_0.1	causal	-41.25	11.03	-41.28	386.6	387	758.2	-21.03	0.081	-56.63	2021.0	-0.0204	1616.8	-1658.05
eval	E5	BINDING	A_EV	SECTIME_0.25	causal	-33.61	23.0	-34.22	378.6	387	661.8	-19.54	0.08	-49.0	2021.0	-0.0166	1616.8	-1650.41
eval	E5	BINDING	A_EV	SECTIME_0.5	causal	-25.9	14.07	-30.59	328.4	387	460.0	-21.51	0.124	-31.11	2021.0	-0.0128	1616.8	-1642.7
eval	E5	BINDING	A_EV	SECTIME_0.6	causal	-13.97	12.42	-18.08	301.0	387	397.6	-13.68	0.149	-26.13	2021.0	-0.0069	1616.8	-1630.77
eval	E5	BINDING	A_EV	SECTIME_0.7	causal	-10.85	13.86	-15.86	271.6	387	340.8	-12.45	0.19	-13.53	2021.0	-0.0054	1616.8	-1627.65
eval	E5	BINDING	A_EV	SECTIME_0.8	causal	-11.12	7.85	-18.68	234.0	387	280.8	-15.42	0.201	-2.05	2021.0	-0.0055	1616.8	-1627.92
eval	E5	BINDING	A_EV	SECTIME_RE_0.1	causal	-41.52	10.89	-41.56	386.6	387	760.2	-21.13	0.081	-70.84	2021.0	-0.0205	1616.8	-1658.32
eval	E5	BINDING	A_EV	SECTIME_RE_0.25	causal	-33.66	23.03	-34.27	378.6	387	664.0	-19.53	0.08	-38.66	2021.0	-0.0167	1616.8	-1650.46
eval	E5	BINDING	A_EV	SECTIME_RE_0.5	causal	-26.02	14.05	-30.74	328.4	387	462.8	-21.5	0.124	-29.72	2021.0	-0.0129	1616.8	-1642.82
eval	E5	BINDING	A_EV	SECTIME_RE_0.6	causal	-14.13	12.46	-18.28	301.0	387	399.8	-13.77	0.149	-20.79	2021.0	-0.007	1616.8	-1630.93
eval	E5	BINDING	A_EV	SECTIME_RE_0.7	causal	-11.0	13.89	-16.07	271.6	387	343.0	-12.56	0.19	-4.49	2021.0	-0.0054	1616.8	-1627.8
eval	E5	BINDING	A_EV	SECTIME_RE_0.8	causal	-11.28	7.72	-18.94	234.0	387	281.8	-15.61	0.201	-5.7	2021.0	-0.0056	1616.8	-1628.08
eval	E5	BINDING	A_PBAR	OCCUPANCY_0.5	causal	-50.72	13.46	-51.14	383.8	387	461.4	-42.6	0.148	-28.63	2021.0	-0.0251	1616.8	-1667.52
eval	E5	BINDING	A_PBAR	OCCUPANCY_1	causal	-33.77	41.46	-33.8	386.4	387	487.4	-26.85	0.13	-75.13	2021.0	-0.0167	1616.8	-1650.57
eval	E5	BINDING	A_PBAR	OCCUPANCY_2	causal	-61.9	15.67	-61.94	386.8	387	498.0	-48.21	0.107	-49.61	2021.0	-0.0306	1616.8	-1678.7
eval	E5	BINDING	A_PBAR	SECDECL_0.25_0.5	causal	-1.09	21.83	-1.1	379.6	387	639.2	-0.74	0.126	-32.93	2021.0	-0.0005	1616.8	-1617.89
eval	E5	BINDING	A_PBAR	SECDECL_0.25_0.75	causal	41.12	32.12	56.18	278.4	387	346.8	45.01	0.168	-48.04	2021.0	0.0203	1616.8	-1575.68
eval	E5	BINDING	A_PBAR	SECDECL_0.25_0.9	causal	17.47	29.14	36.55	191.6	387	214.8	32.0	0.224	-76.99	2021.0	0.0086	1616.8	-1599.33
eval	E5	BINDING	A_PBAR	SECDECL_0.5_0.5	causal	-31.29	10.18	-37.07	326.8	387	456.0	-26.64	0.166	-60.89	2021.0	-0.0155	1616.8	-1648.09
eval	E5	BINDING	A_PBAR	SECDECL_0.5_0.75	causal	3.5	6.88	22.15	76.0	387	79.4	21.77	0.52	-70.78	2021.0	0.0017	1616.8	-1613.3
eval	E5	BINDING	A_PBAR	SECDECL_0.5_0.9	causal	3.77	7.47	97.43	19.2	387	19.2	97.43	0.888	-43.87	2021.0	0.0019	1616.8	-1613.03
eval	E5	BINDING	A_PBAR	SECDECL_0.6_0.5	causal	-21.44	9.26	-27.27	304.4	387	414.0	-20.17	0.198	-63.62	2021.0	-0.0106	1616.8	-1638.24
eval	E5	BINDING	A_PBAR	SECDECL_0.6_0.75	causal	-4.81	8.27	-26.45	56.8	387	57.6	-25.6	0.685	-38.1	2021.0	-0.0024	1616.8	-1621.61
eval	E5	BINDING	A_PBAR	SECDECL_0.6_0.9	causal	1.47	5.2	55.23	9.6	387	9.6	55.23	0.928	-66.7	2021.0	0.0007	1616.8	-1615.33
eval	E5	BINDING	A_PBAR	SECDECL_0.7_0.5	causal	-25.4	3.69	-35.1	280.4	387	360.8	-27.34	0.234	-66.79	2021.0	-0.0126	1616.8	-1642.2
eval	E5	BINDING	A_PBAR	SECDECL_0.7_0.75	causal	-2.67	4.94	-26.68	43.4	387	43.6	-26.48	0.781	-45.3	2021.0	-0.0013	1616.8	-1619.47
eval	E5	BINDING	A_PBAR	SECDECL_0.7_0.9	causal	-1.07	3.85	-146.33	4.6	387	4.6	-146.33	-22.982	-38.71	2021.0	-0.0005	1616.8	-1617.87
eval	E5	BINDING	A_PBAR	SECNHAT_0.1	causal	-27.83	15.67	-55.59	199.2	387	231.2	-48.41	0.167	-34.0	2021.0	-0.0138	1616.8	-1644.63
eval	E5	BINDING	A_PBAR	SECNHAT_0.25	causal	-16.3	7.48	-90.27	69.6	387	72.6	-86.29	0.448	-46.66	2021.0	-0.0081	1616.8	-1633.1
eval	E5	BINDING	A_PBAR	SECNHAT_0.5	causal	-4.39	4.88	-131.51	12.4	387	12.6	-132.27	0.948	-16.38	2021.0	-0.0022	1616.8	-1621.19
eval	E5	BINDING	A_PBAR	SECNHAT_0.6	causal	-1.83	0.96	-126.13	5.8	387	5.8	-126.13	-0.284	-20.84	2021.0	-0.0009	1616.8	-1618.63
eval	E5	BINDING	A_PBAR	SECNHAT_0.7	causal	-0.75	1.5	-114.27	2.6	387	2.6	-114.27	-0.092	-1.57	2021.0	-0.0004	1616.8	-1617.55
eval	E5	BINDING	A_PBAR	SECNHAT_0.8	causal	-0.12	1.37	-99.69	2.2	387	2.2	-99.69	0.422	-10.29	2021.0	-0.0001	1616.8	-1616.92
eval	E5	BINDING	A_PBAR	SECRETARY_0.1	LOOKAHEAD_m	-26.12	21.66	-48.94	209.6	387	247.2	-41.82	0.174	-61.78	2021.0	-0.0129	1616.8	-1642.92
eval	E5	BINDING	A_PBAR	SECRETARY_0.25	LOOKAHEAD_m	-22.4	6.49	-130.44	69.0	387	72.0	-125.68	0.419	-64.76	2021.0	-0.0111	1616.8	-1639.2
eval	E5	BINDING	A_PBAR	SECRETARY_0.5	LOOKAHEAD_m	-0.13	2.58	1.3	8.0	387	8.0	1.3	0.858	-29.21	2021.0	-0.0001	1616.8	-1616.93
eval	E5	BINDING	A_PBAR	SECRETARY_0.6	LOOKAHEAD_m	-0.17	1.74	70.38	2.0	387	2.0	87.97	-0.675	-21.93	2021.0	-0.0001	1616.8	-1616.97
eval	E5	BINDING	A_PBAR	SECRETARY_0.7	LOOKAHEAD_m	0.19	0.65	74.25	0.4	387	0.4	185.63	1.0	-17.9	2021.0	0.0001	1616.8	-1616.61
eval	E5	BINDING	A_PBAR	SECRETARY_0.8	LOOKAHEAD_m	-0.1	0.19	-37.25	0.2	387	0.2	-186.25		-6.21	2021.0	-0.0	1616.8	-1616.9
eval	E5	BINDING	A_PBAR	SECTIME_0.1	causal	-68.0	23.43	-98.61	268.4	387	325.0	-81.42	0.137	-52.11	2021.0	-0.0336	1616.8	-1684.8
eval	E5	BINDING	A_PBAR	SECTIME_0.25	causal	3.18	7.56	25.11	64.0	387	66.0	23.93	0.462	-55.8	2021.0	0.0016	1616.8	-1613.62
eval	E5	BINDING	A_PBAR	SECTIME_0.5	causal	-0.29	1.3	-79.38	1.4	387	1.4	-79.38	0.039	-9.06	2021.0	-0.0001	1616.8	-1617.09
eval	E5	BINDING	A_PBAR	SECTIME_0.6	causal	-0.59	0.96	-228.25	0.4	387	0.4	-570.62		-5.95	2021.0	-0.0003	1616.8	-1617.39
eval	E5	BINDING	A_PBAR	SECTIME_0.7	causal	0.0	0.0	0.0	0.0	387	0.0			-10.89	2021.0	0.0	1616.8	-1616.8
eval	E5	BINDING	A_PBAR	SECTIME_0.8	causal	0.0	0.0	0.0	0.0	387	0.0			-8.86	2021.0	0.0	1616.8	-1616.8
eval	E5	BINDING	A_PBAR	SECTIME_RE_0.1	causal	-68.0	23.43	-98.61	268.4	387	325.0	-81.42	0.137	-49.84	2021.0	-0.0336	1616.8	-1684.8
eval	E5	BINDING	A_PBAR	SECTIME_RE_0.25	causal	3.18	7.56	25.11	64.0	387	66.0	23.93	0.462	-23.78	2021.0	0.0016	1616.8	-1613.62
eval	E5	BINDING	A_PBAR	SECTIME_RE_0.5	causal	-0.29	1.3	-79.38	1.4	387	1.4	-79.38	0.039	-19.11	2021.0	-0.0001	1616.8	-1617.09
eval	E5	BINDING	A_PBAR	SECTIME_RE_0.6	causal	-0.59	0.96	-228.25	0.4	387	0.4	-570.62		-18.75	2021.0	-0.0003	1616.8	-1617.39
eval	E5	BINDING	A_PBAR	SECTIME_RE_0.7	causal	0.0	0.0	0.0	0.0	387	0.0			-17.86	2021.0	0.0	1616.8	-1616.8
eval	E5	BINDING	A_PBAR	SECTIME_RE_0.8	causal	0.0	0.0	0.0	0.0	387	0.0			-3.11	2021.0	0.0	1616.8	-1616.8
eval	E5	BINDING	A_PWIN	OCCUPANCY_0.5	causal	-17.62	41.02	-34.34	208.6	387	216.6	-33.48	0.258	-43.29	2021.0	-0.0087	1616.8	-1634.42
eval	E5	BINDING	A_PWIN	OCCUPANCY_1	causal	-45.39	33.06	-46.83	372.0	387	451.2	-38.06	0.148	-15.78	2021.0	-0.0225	1616.8	-1662.19
eval	E5	BINDING	A_PWIN	OCCUPANCY_2	causal	-36.8	16.49	-37.88	374.6	387	463.0	-30.43	0.158	-22.23	2021.0	-0.0182	1616.8	-1653.6
eval	E5	BINDING	A_PWIN	SECDECL_0.25_0.5	causal	-22.04	23.82	-26.06	331.2	387	458.8	-18.7	0.127	-69.12	2021.0	-0.0109	1616.8	-1638.84
eval	E5	BINDING	A_PWIN	SECDECL_0.25_0.75	causal	-23.5	20.42	-29.82	301.4	387	392.4	-22.96	0.142	-77.67	2021.0	-0.0116	1616.8	-1640.3
eval	E5	BINDING	A_PWIN	SECDECL_0.25_0.9	causal	-20.54	21.84	-27.91	283.2	387	359.8	-22.06	0.152	-83.77	2021.0	-0.0102	1616.8	-1637.34
eval	E5	BINDING	A_PWIN	SECDECL_0.5_0.5	causal	-26.83	6.55	-119.37	92.4	387	95.8	-116.09	0.393	-84.29	2021.0	-0.0133	1616.8	-1643.63
eval	E5	BINDING	A_PWIN	SECDECL_0.5_0.75	causal	-13.13	8.66	-94.33	60.4	387	61.6	-93.68	0.472	-75.69	2021.0	-0.0065	1616.8	-1629.93
eval	E5	BINDING	A_PWIN	SECDECL_0.5_0.9	causal	-11.76	4.81	-104.41	47.0	387	48.0	-103.07	0.554	-48.51	2021.0	-0.0058	1616.8	-1628.56
eval	E5	BINDING	A_PWIN	SECDECL_0.6_0.5	causal	-9.46	2.98	-60.3	65.6	387	67.4	-59.38	0.538	-54.06	2021.0	-0.0047	1616.8	-1626.26
eval	E5	BINDING	A_PWIN	SECDECL_0.6_0.75	causal	-2.69	4.74	-22.9	39.4	387	40.0	-22.86	0.602	-58.64	2021.0	-0.0013	1616.8	-1619.49
eval	E5	BINDING	A_PWIN	SECDECL_0.6_0.9	causal	-4.36	5.21	-60.57	31.0	387	31.2	-60.67	0.706	-66.88	2021.0	-0.0022	1616.8	-1621.16
eval	E5	BINDING	A_PWIN	SECDECL_0.7_0.5	causal	0.3	9.59	-0.82	48.8	387	50.4	-2.04	0.634	-65.54	2021.0	0.0001	1616.8	-1616.5
eval	E5	BINDING	A_PWIN	SECDECL_0.7_0.75	causal	0.73	6.2	11.4	28.0	387	28.6	10.51	0.738	-50.29	2021.0	0.0004	1616.8	-1616.07
eval	E5	BINDING	A_PWIN	SECDECL_0.7_0.9	causal	-2.09	6.45	-53.54	22.8	387	22.8	-53.54	0.84	-59.33	2021.0	-0.001	1616.8	-1618.89
eval	E5	BINDING	A_PWIN	SECNHAT_0.1	causal	-6.25	29.86	-7.74	224.2	387	260.4	-6.86	0.186	-52.88	2021.0	-0.0031	1616.8	-1623.05
eval	E5	BINDING	A_PWIN	SECNHAT_0.25	causal	-7.36	11.97	-29.28	103.6	387	111.2	-27.18	0.363	-38.41	2021.0	-0.0036	1616.8	-1624.16
eval	E5	BINDING	A_PWIN	SECNHAT_0.5	causal	3.14	9.17	24.2	42.2	387	44.2	23.36	0.604	-16.27	2021.0	0.0016	1616.8	-1613.66
eval	E5	BINDING	A_PWIN	SECNHAT_0.6	causal	1.51	8.81	14.7	30.2	387	31.8	13.09	0.747	-3.47	2021.0	0.0007	1616.8	-1615.29
eval	E5	BINDING	A_PWIN	SECNHAT_0.7	causal	0.57	3.02	6.52	19.0	387	19.6	6.14	0.898	-9.85	2021.0	0.0003	1616.8	-1616.23
eval	E5	BINDING	A_PWIN	SECNHAT_0.8	causal	0.08	3.21	0.02	14.2	387	14.8	0.73	0.979	-9.49	2021.0	0.0	1616.8	-1616.72
eval	E5	BINDING	A_PWIN	SECRETARY_0.1	LOOKAHEAD_m	-21.42	29.05	-34.26	238.8	387	283.6	-28.73	0.174	-28.97	2021.0	-0.0106	1616.8	-1638.22
eval	E5	BINDING	A_PWIN	SECRETARY_0.25	LOOKAHEAD_m	-6.57	13.9	-24.03	108.0	387	115.0	-22.54	0.339	-4.34	2021.0	-0.0033	1616.8	-1623.37
eval	E5	BINDING	A_PWIN	SECRETARY_0.5	LOOKAHEAD_m	-10.66	8.06	-129.7	31.2	387	31.4	-128.22	0.713	-25.54	2021.0	-0.0053	1616.8	-1627.46
eval	E5	BINDING	A_PWIN	SECRETARY_0.6	LOOKAHEAD_m	-1.02	3.08	-25.04	14.6	387	14.6	-25.04	0.89	-23.35	2021.0	-0.0005	1616.8	-1617.82
eval	E5	BINDING	A_PWIN	SECRETARY_0.7	LOOKAHEAD_m	-1.61	2.16	-68.71	8.0	387	8.0	-68.71	0.787	-16.15	2021.0	-0.0008	1616.8	-1618.41
eval	E5	BINDING	A_PWIN	SECRETARY_0.8	LOOKAHEAD_m	0.47	0.93	82.92	2.2	387	2.2	82.92	-1.188	-6.81	2021.0	0.0002	1616.8	-1616.33
eval	E5	BINDING	A_PWIN	SECTIME_0.1	causal	-31.72	32.59	-45.56	265.4	387	324.4	-37.12	0.164	-89.04	2021.0	-0.0157	1616.8	-1648.52
eval	E5	BINDING	A_PWIN	SECTIME_0.25	causal	-11.34	7.14	-45.62	100.4	387	104.2	-44.39	0.37	-22.57	2021.0	-0.0056	1616.8	-1628.14
eval	E5	BINDING	A_PWIN	SECTIME_0.5	causal	-3.49	3.08	-125.01	12.0	387	12.0	-125.01	0.91	-11.14	2021.0	-0.0017	1616.8	-1620.29
eval	E5	BINDING	A_PWIN	SECTIME_0.6	causal	-2.02	2.39	-92.87	9.4	387	9.4	-92.87	0.855	-7.17	2021.0	-0.001	1616.8	-1618.82
eval	E5	BINDING	A_PWIN	SECTIME_0.7	causal	-2.38	3.87	-126.5	7.0	387	7.0	-126.5	0.123	-1.75	2021.0	-0.0012	1616.8	-1619.18
eval	E5	BINDING	A_PWIN	SECTIME_0.8	causal	-1.22	0.99	-233.75	2.0	387	2.0	-233.75	-7.263	-1.2	2021.0	-0.0006	1616.8	-1618.02
eval	E5	BINDING	A_PWIN	SECTIME_RE_0.1	causal	-31.72	32.59	-45.56	265.4	387	324.4	-37.12	0.164	-42.61	2021.0	-0.0157	1616.8	-1648.52
eval	E5	BINDING	A_PWIN	SECTIME_RE_0.25	causal	-11.34	7.14	-45.62	100.4	387	104.2	-44.39	0.37	-4.37	2021.0	-0.0056	1616.8	-1628.14
eval	E5	BINDING	A_PWIN	SECTIME_RE_0.5	causal	-3.49	3.08	-125.01	12.0	387	12.0	-125.01	0.91	-11.7	2021.0	-0.0017	1616.8	-1620.29
eval	E5	BINDING	A_PWIN	SECTIME_RE_0.6	causal	-2.02	2.39	-92.87	9.4	387	9.4	-92.87	0.855	-10.55	2021.0	-0.001	1616.8	-1618.82
eval	E5	BINDING	A_PWIN	SECTIME_RE_0.7	causal	-2.38	3.87	-126.5	7.0	387	7.0	-126.5	0.123	-3.8	2021.0	-0.0012	1616.8	-1619.18
eval	E5	BINDING	A_PWIN	SECTIME_RE_0.8	causal	-1.22	0.99	-233.75	2.0	387	2.0	-233.75	-7.263	-2.15	2021.0	-0.0006	1616.8	-1618.02
eval	E5	BINDING	PROPHET	OCCUPANCY_0.5	causal	617.42	0.0	649.3	368.0	387	469.0	509.47	0.105		2021.0	0.3055	1616.8	-999.38
eval	E5	BINDING	PROPHET	OCCUPANCY_1	causal	552.86	0.0	576.7	371.0	387	470.0	455.23	0.105		2021.0	0.2736	1616.8	-1063.94
eval	E5	BINDING	PROPHET	OCCUPANCY_2	causal	768.03	0.0	794.72	374.0	387	486.0	611.58	0.08		2021.0	0.38	1616.8	-848.77
eval	E5	BINDING	PROPHET	SECDECL_0.25_0.5	causal	1155.64	0.0	1155.64	387.0	387	1010.0	442.8	0.037		2021.0	0.5718	1616.8	-461.16
eval	E5	BINDING	PROPHET	SECDECL_0.25_0.75	causal	1017.69	0.0	1061.58	371.0	387	722.0	545.49	0.042		2021.0	0.5036	1616.8	-599.11
eval	E5	BINDING	PROPHET	SECDECL_0.25_0.9	causal	950.0	0.0	1044.46	352.0	387	624.0	589.18	0.045		2021.0	0.4701	1616.8	-666.8
eval	E5	BINDING	PROPHET	SECDECL_0.5_0.5	causal	572.03	0.0	585.65	378.0	387	785.0	282.01	0.066		2021.0	0.283	1616.8	-1044.77
eval	E5	BINDING	PROPHET	SECDECL_0.5_0.75	causal	386.2	0.0	564.0	265.0	387	343.0	435.74	0.072		2021.0	0.1911	1616.8	-1230.6
eval	E5	BINDING	PROPHET	SECDECL_0.5_0.9	causal	303.63	0.0	596.47	197.0	387	234.0	502.16	0.092		2021.0	0.1502	1616.8	-1313.17
eval	E5	BINDING	PROPHET	SECDECL_0.6_0.5	causal	413.36	0.0	426.59	375.0	387	676.0	236.64	0.055		2021.0	0.2045	1616.8	-1203.44
eval	E5	BINDING	PROPHET	SECDECL_0.6_0.75	causal	271.57	0.0	484.33	217.0	387	254.0	413.77	0.085		2021.0	0.1344	1616.8	-1345.23
eval	E5	BINDING	PROPHET	SECDECL_0.6_0.9	causal	196.01	0.0	526.77	144.0	387	159.0	477.08	0.12		2021.0	0.097	1616.8	-1420.79
eval	E5	BINDING	PROPHET	SECDECL_0.7_0.5	causal	288.01	0.0	314.86	354.0	387	582.0	191.51	0.073		2021.0	0.1425	1616.8	-1328.79
eval	E5	BINDING	PROPHET	SECDECL_0.7_0.75	causal	172.89	0.0	418.18	160.0	387	172.0	389.0	0.13		2021.0	0.0855	1616.8	-1443.91
eval	E5	BINDING	PROPHET	SECDECL_0.7_0.9	causal	113.69	0.0	473.1	93.0	387	99.0	444.43	0.193		2021.0	0.0563	1616.8	-1503.11
eval	E5	BINDING	PROPHET	SECNHAT_0.1	causal	1209.13	0.0	1275.03	367.0	387	753.0	621.43	0.047		2021.0	0.5983	1616.8	-407.67
eval	E5	BINDING	PROPHET	SECNHAT_0.25	causal	814.47	0.0	1003.82	314.0	387	495.0	636.77	0.065		2021.0	0.403	1616.8	-802.33
eval	E5	BINDING	PROPHET	SECNHAT_0.5	causal	422.97	0.0	848.14	193.0	387	248.0	660.05	0.069		2021.0	0.2093	1616.8	-1193.83
eval	E5	BINDING	PROPHET	SECNHAT_0.6	causal	302.57	0.0	813.17	144.0	387	172.0	680.79	0.096		2021.0	0.1497	1616.8	-1314.23
eval	E5	BINDING	PROPHET	SECNHAT_0.7	causal	212.34	0.0	760.87	108.0	387	124.0	662.69	0.123		2021.0	0.1051	1616.8	-1404.46
eval	E5	BINDING	PROPHET	SECNHAT_0.8	causal	149.77	0.0	805.03	72.0	387	80.0	724.53	0.169		2021.0	0.0741	1616.8	-1467.03
eval	E5	BINDING	PROPHET	SECRETARY_0.1	LOOKAHEAD_m	1238.96	0.0	1288.91	372.0	387	791.0	606.16	0.045		2021.0	0.613	1616.8	-377.84
eval	E5	BINDING	PROPHET	SECRETARY_0.25	LOOKAHEAD_m	842.09	0.0	996.6	327.0	387	535.0	609.14	0.065		2021.0	0.4167	1616.8	-774.71
eval	E5	BINDING	PROPHET	SECRETARY_0.5	LOOKAHEAD_m	417.97	0.0	712.58	227.0	387	290.0	557.78	0.066		2021.0	0.2068	1616.8	-1198.83
eval	E5	BINDING	PROPHET	SECRETARY_0.6	LOOKAHEAD_m	279.21	0.0	620.99	174.0	387	202.0	534.91	0.098		2021.0	0.1382	1616.8	-1337.59
eval	E5	BINDING	PROPHET	SECRETARY_0.7	LOOKAHEAD_m	153.56	0.0	588.4	101.0	387	113.0	525.92	0.164		2021.0	0.076	1616.8	-1463.24
eval	E5	BINDING	PROPHET	SECRETARY_0.8	LOOKAHEAD_m	70.39	0.0	495.27	55.0	387	57.0	477.89	0.219		2021.0	0.0348	1616.8	-1546.41
eval	E5	BINDING	PROPHET	SECTIME_0.1	causal	1369.56	0.0	1391.13	381.0	387	836.0	634.0	0.045		2021.0	0.6777	1616.8	-247.24
eval	E5	BINDING	PROPHET	SECTIME_0.25	causal	868.23	0.0	1003.0	335.0	387	549.0	612.03	0.049		2021.0	0.4296	1616.8	-748.57
eval	E5	BINDING	PROPHET	SECTIME_0.5	causal	242.94	0.0	595.05	158.0	387	174.0	540.33	0.111		2021.0	0.1202	1616.8	-1373.86
eval	E5	BINDING	PROPHET	SECTIME_0.6	causal	140.11	0.0	531.61	102.0	387	109.0	497.47	0.153		2021.0	0.0693	1616.8	-1476.69
eval	E5	BINDING	PROPHET	SECTIME_0.7	causal	85.07	0.0	548.69	60.0	387	62.0	530.99	0.241		2021.0	0.0421	1616.8	-1531.73
eval	E5	BINDING	PROPHET	SECTIME_0.8	causal	33.18	0.0	475.56	27.0	387	27.0	475.56	0.363		2021.0	0.0164	1616.8	-1583.62
eval	E5	BINDING	PROPHET	SECTIME_RE_0.1	causal	1369.56	0.0	1391.13	381.0	387	836.0	634.0	0.045		2021.0	0.6777	1616.8	-247.24
eval	E5	BINDING	PROPHET	SECTIME_RE_0.25	causal	868.23	0.0	1003.0	335.0	387	549.0	612.03	0.049		2021.0	0.4296	1616.8	-748.57
eval	E5	BINDING	PROPHET	SECTIME_RE_0.5	causal	242.94	0.0	595.05	158.0	387	174.0	540.33	0.111		2021.0	0.1202	1616.8	-1373.86
eval	E5	BINDING	PROPHET	SECTIME_RE_0.6	causal	140.11	0.0	531.61	102.0	387	109.0	497.47	0.153		2021.0	0.0693	1616.8	-1476.69
eval	E5	BINDING	PROPHET	SECTIME_RE_0.7	causal	85.07	0.0	548.69	60.0	387	62.0	530.99	0.241		2021.0	0.0421	1616.8	-1531.73
eval	E5	BINDING	PROPHET	SECTIME_RE_0.8	causal	33.18	0.0	475.56	27.0	387	27.0	475.56	0.363		2021.0	0.0164	1616.8	-1583.62
eval	E6	BINDING	A_EV	OCCUPANCY_0.5	causal	-33.7	21.9	-37.12	348.4	384	422.6	-30.85	0.167	-97.96	2675.0	-0.0126	2140.0	-2173.7
eval	E6	BINDING	A_EV	OCCUPANCY_1	causal	-27.33	15.46	-29.02	362.2	384	455.0	-23.2	0.16	-50.91	2675.0	-0.0102	2140.0	-2167.33
eval	E6	BINDING	A_EV	OCCUPANCY_2	causal	-37.96	22.97	-39.84	365.8	384	478.4	-30.42	0.143	-49.83	2675.0	-0.0142	2140.0	-2177.96
eval	E6	BINDING	A_EV	SECDECL_0.25_0.5	causal	-24.57	33.49	-24.57	384.0	384	776.6	-12.25	0.086	-84.23	2675.0	-0.0092	2140.0	-2164.57
eval	E6	BINDING	A_EV	SECDECL_0.25_0.75	causal	-26.43	38.93	-26.43	384.0	384	762.0	-13.51	0.089	-51.77	2675.0	-0.0099	2140.0	-2166.43
eval	E6	BINDING	A_EV	SECDECL_0.25_0.9	causal	-21.44	36.96	-21.43	383.8	384	733.6	-11.56	0.088	-71.88	2675.0	-0.008	2140.0	-2161.44
eval	E6	BINDING	A_EV	SECDECL_0.5_0.5	causal	-77.22	12.06	-77.22	384.0	384	779.2	-38.09	0.094	-104.24	2675.0	-0.0289	2140.0	-2217.22
eval	E6	BINDING	A_EV	SECDECL_0.5_0.75	causal	-73.95	17.18	-74.31	382.4	384	724.2	-39.23	0.101	-37.51	2675.0	-0.0276	2140.0	-2213.95
eval	E6	BINDING	A_EV	SECDECL_0.5_0.9	causal	-44.43	7.43	-45.12	378.0	384	660.6	-25.92	0.104	-67.18	2675.0	-0.0166	2140.0	-2184.43
eval	E6	BINDING	A_EV	SECDECL_0.6_0.5	causal	-96.47	10.18	-96.51	383.8	384	779.8	-47.59	0.106	-90.22	2675.0	-0.0361	2140.0	-2236.47
eval	E6	BINDING	A_EV	SECDECL_0.6_0.75	causal	-77.33	15.78	-78.07	380.4	384	708.0	-42.1	0.107	-70.75	2675.0	-0.0289	2140.0	-2217.33
eval	E6	BINDING	A_EV	SECDECL_0.6_0.9	causal	-67.59	6.53	-69.82	371.8	384	623.4	-41.64	0.119	-62.58	2675.0	-0.0253	2140.0	-2207.59
eval	E6	BINDING	A_EV	SECDECL_0.7_0.5	causal	-104.39	14.92	-104.49	383.6	384	755.0	-53.14	0.105	-59.01	2675.0	-0.039	2140.0	-2244.39
eval	E6	BINDING	A_EV	SECDECL_0.7_0.75	causal	-84.54	11.5	-86.22	376.4	384	660.2	-49.15	0.118	-61.06	2675.0	-0.0316	2140.0	-2224.54
eval	E6	BINDING	A_EV	SECDECL_0.7_0.9	causal	-76.18	17.32	-80.68	362.2	384	570.6	-51.1	0.13	-39.88	2675.0	-0.0285	2140.0	-2216.18
eval	E6	BINDING	A_EV	SECNHAT_0.1	causal	12.58	33.76	12.72	382.2	384	677.6	7.13	0.078	-65.02	2675.0	0.0047	2140.0	-2127.42
eval	E6	BINDING	A_EV	SECNHAT_0.25	causal	-15.37	36.68	-15.51	369.2	384	594.4	-9.54	0.099	-54.58	2675.0	-0.0057	2140.0	-2155.37
eval	E6	BINDING	A_EV	SECNHAT_0.5	causal	-57.24	28.69	-67.26	324.8	384	443.8	-49.26	0.17	-32.59	2675.0	-0.0214	2140.0	-2197.24
eval	E6	BINDING	A_EV	SECNHAT_0.6	causal	-64.21	36.94	-84.05	292.4	384	376.4	-65.26	0.193	-17.54	2675.0	-0.024	2140.0	-2204.21
eval	E6	BINDING	A_EV	SECNHAT_0.7	causal	-56.39	42.26	-84.09	259.6	384	321.8	-67.63	0.229	-42.52	2675.0	-0.0211	2140.0	-2196.39
eval	E6	BINDING	A_EV	SECNHAT_0.8	causal	-32.18	24.11	-58.18	221.0	384	270.0	-47.45	0.242	-23.43	2675.0	-0.012	2140.0	-2172.18
eval	E6	BINDING	A_EV	SECRETARY_0.1	LOOKAHEAD_m	23.11	40.18	23.26	383.2	384	703.4	12.6	0.079	-93.39	2675.0	0.0086	2140.0	-2116.89
eval	E6	BINDING	A_EV	SECRETARY_0.25	LOOKAHEAD_m	-24.99	34.14	-25.31	375.0	384	631.4	-15.21	0.1	-36.25	2675.0	-0.0093	2140.0	-2164.99
eval	E6	BINDING	A_EV	SECRETARY_0.5	LOOKAHEAD_m	-37.77	35.54	-41.18	350.4	384	519.6	-28.15	0.117	-16.0	2675.0	-0.0141	2140.0	-2177.77
eval	E6	BINDING	A_EV	SECRETARY_0.6	LOOKAHEAD_m	-53.29	20.41	-61.52	331.0	384	464.0	-43.93	0.133	-42.9	2675.0	-0.0199	2140.0	-2193.29
eval	E6	BINDING	A_EV	SECRETARY_0.7	LOOKAHEAD_m	-49.06	18.99	-61.5	303.2	384	410.4	-45.4	0.157	-29.55	2675.0	-0.0183	2140.0	-2189.06
eval	E6	BINDING	A_EV	SECRETARY_0.8	LOOKAHEAD_m	-39.35	13.14	-57.01	265.6	384	339.2	-44.6	0.212	-17.09	2675.0	-0.0147	2140.0	-2179.35
eval	E6	BINDING	A_EV	SECTIME_0.1	causal	17.47	46.47	17.54	383.2	384	703.6	9.39	0.085	-74.6	2675.0	0.0065	2140.0	-2122.53
eval	E6	BINDING	A_EV	SECTIME_0.25	causal	-8.52	33.38	-8.42	377.6	384	634.4	-5.17	0.103	-57.44	2675.0	-0.0032	2140.0	-2148.52
eval	E6	BINDING	A_EV	SECTIME_0.5	causal	-52.75	16.2	-62.91	322.6	384	437.0	-46.55	0.155	-52.0	2675.0	-0.0197	2140.0	-2192.75
eval	E6	BINDING	A_EV	SECTIME_0.6	causal	-52.17	10.52	-66.76	298.8	384	389.6	-51.24	0.184	-37.39	2675.0	-0.0195	2140.0	-2192.17
eval	E6	BINDING	A_EV	SECTIME_0.7	causal	-39.78	13.06	-55.0	276.6	384	345.6	-43.98	0.226	-18.96	2675.0	-0.0149	2140.0	-2179.78
eval	E6	BINDING	A_EV	SECTIME_0.8	causal	-35.52	9.86	-56.25	241.4	384	290.0	-46.7	0.28	-14.55	2675.0	-0.0133	2140.0	-2175.52
eval	E6	BINDING	A_EV	SECTIME_RE_0.1	causal	17.37	46.37	17.44	383.2	384	705.6	9.3	0.085	-83.1	2675.0	0.0065	2140.0	-2122.62
eval	E6	BINDING	A_EV	SECTIME_RE_0.25	causal	-8.69	33.55	-8.59	377.6	384	637.2	-5.25	0.103	-60.05	2675.0	-0.0032	2140.0	-2148.69
eval	E6	BINDING	A_EV	SECTIME_RE_0.5	causal	-52.75	16.23	-62.9	322.6	384	439.8	-46.28	0.155	-47.68	2675.0	-0.0197	2140.0	-2192.75
eval	E6	BINDING	A_EV	SECTIME_RE_0.6	causal	-52.2	10.6	-66.8	298.8	384	392.8	-50.87	0.184	-30.04	2675.0	-0.0195	2140.0	-2192.2
eval	E6	BINDING	A_EV	SECTIME_RE_0.7	causal	-39.71	13.1	-54.89	276.6	384	348.4	-43.55	0.225	-22.01	2675.0	-0.0148	2140.0	-2179.71
eval	E6	BINDING	A_EV	SECTIME_RE_0.8	causal	-35.45	9.93	-56.13	241.4	384	292.8	-46.18	0.279	-13.59	2675.0	-0.0133	2140.0	-2175.45
eval	E6	BINDING	A_PBAR	OCCUPANCY_0.5	causal	-57.74	43.31	-59.8	370.6	384	446.6	-49.67	0.118	-53.25	2675.0	-0.0216	2140.0	-2197.74
eval	E6	BINDING	A_PBAR	OCCUPANCY_1	causal	-55.65	27.93	-56.4	379.0	384	467.2	-45.75	0.109	-53.53	2675.0	-0.0208	2140.0	-2195.65
eval	E6	BINDING	A_PBAR	OCCUPANCY_2	causal	-41.78	32.96	-42.22	380.0	384	480.6	-33.58	0.108	-100.1	2675.0	-0.0156	2140.0	-2181.78
eval	E6	BINDING	A_PBAR	SECDECL_0.25_0.5	causal	-39.04	15.35	-39.24	382.0	384	650.8	-23.05	0.096	-36.82	2675.0	-0.0146	2140.0	-2179.04
eval	E6	BINDING	A_PBAR	SECDECL_0.25_0.75	causal	11.68	17.03	13.18	338.0	384	451.6	9.83	0.14	-69.18	2675.0	0.0044	2140.0	-2128.32
eval	E6	BINDING	A_PBAR	SECDECL_0.25_0.9	causal	14.93	10.06	21.76	263.6	384	309.0	18.41	0.181	-45.19	2675.0	0.0056	2140.0	-2125.07
eval	E6	BINDING	A_PBAR	SECDECL_0.5_0.5	causal	-71.89	10.8	-77.56	355.8	384	521.0	-52.94	0.135	-97.8	2675.0	-0.0269	2140.0	-2211.89
eval	E6	BINDING	A_PBAR	SECDECL_0.5_0.75	causal	-29.94	7.23	-72.62	158.8	384	180.8	-63.73	0.291	-75.98	2675.0	-0.0112	2140.0	-2169.94
eval	E6	BINDING	A_PBAR	SECDECL_0.5_0.9	causal	-1.54	10.8	-14.67	46.4	384	48.4	-14.22	0.621	-74.42	2675.0	-0.0006	2140.0	-2141.54
eval	E6	BINDING	A_PBAR	SECDECL_0.6_0.5	causal	-78.11	12.64	-88.18	339.8	384	478.0	-62.58	0.15	-51.96	2675.0	-0.0292	2140.0	-2218.11
eval	E6	BINDING	A_PBAR	SECDECL_0.6_0.75	causal	-29.59	3.7	-95.14	119.6	384	132.2	-86.04	0.436	-67.79	2675.0	-0.0111	2140.0	-2169.59
eval	E6	BINDING	A_PBAR	SECDECL_0.6_0.9	causal	-2.26	5.81	-26.86	26.2	384	27.4	-25.91	0.95	-45.56	2675.0	-0.0008	2140.0	-2142.26
eval	E6	BINDING	A_PBAR	SECDECL_0.7_0.5	causal	-44.9	5.7	-54.68	315.2	384	416.6	-41.31	0.235	-43.32	2675.0	-0.0168	2140.0	-2184.9
eval	E6	BINDING	A_PBAR	SECDECL_0.7_0.75	causal	-18.33	1.2	-71.72	98.6	384	105.0	-67.49	0.677	-60.57	2675.0	-0.0069	2140.0	-2158.33
eval	E6	BINDING	A_PBAR	SECDECL_0.7_0.9	causal	9.2	1.44	198.5	18.4	384	18.8	193.22	0.975	-35.82	2675.0	0.0034	2140.0	-2130.8
eval	E6	BINDING	A_PBAR	SECNHAT_0.1	causal	-15.36	15.4	-30.38	201.4	384	223.8	-27.39	0.178	-46.73	2675.0	-0.0057	2140.0	-2155.36
eval	E6	BINDING	A_PBAR	SECNHAT_0.25	causal	20.31	15.81	89.33	87.2	384	90.4	86.13	0.332	-48.1	2675.0	0.0076	2140.0	-2119.69
eval	E6	BINDING	A_PBAR	SECNHAT_0.5	causal	-16.63	5.25	-205.4	31.0	384	31.2	-204.48	0.87	-21.3	2675.0	-0.0062	2140.0	-2156.63
eval	E6	BINDING	A_PBAR	SECNHAT_0.6	causal	-8.79	3.85	-169.83	19.8	384	19.8	-169.83	0.999	-68.51	2675.0	-0.0033	2140.0	-2148.79
eval	E6	BINDING	A_PBAR	SECNHAT_0.7	causal	-2.86	6.93	-84.71	13.0	384	13.0	-84.71	0.898	-0.66	2675.0	-0.0011	2140.0	-2142.86
eval	E6	BINDING	A_PBAR	SECNHAT_0.8	causal	-5.9	4.35	-242.86	9.8	384	9.8	-242.86	0.366	-40.12	2675.0	-0.0022	2140.0	-2145.9
eval	E6	BINDING	A_PBAR	SECRETARY_0.1	LOOKAHEAD_m	25.74	20.31	47.42	203.8	384	227.8	42.3	0.168	-41.31	2675.0	0.0096	2140.0	-2114.26
eval	E6	BINDING	A_PBAR	SECRETARY_0.25	LOOKAHEAD_m	5.11	4.75	27.85	74.4	384	75.4	27.46	0.445	-57.04	2675.0	0.0019	2140.0	-2134.89
eval	E6	BINDING	A_PBAR	SECRETARY_0.5	LOOKAHEAD_m	10.74	6.36	491.53	8.6	384	8.6	491.53	0.963	-38.1	2675.0	0.004	2140.0	-2129.26
eval	E6	BINDING	A_PBAR	SECRETARY_0.6	LOOKAHEAD_m	4.78	1.44	1261.25	1.8	384	1.8	1261.25	0.867	-34.63	2675.0	0.0018	2140.0	-2135.22
eval	E6	BINDING	A_PBAR	SECRETARY_0.7	LOOKAHEAD_m	0.0	0.0	0.0	0.0	384	0.0			-13.84	2675.0	0.0	2140.0	-2140.0
eval	E6	BINDING	A_PBAR	SECRETARY_0.8	LOOKAHEAD_m	0.0	0.0	0.0	0.0	384	0.0			-10.16	2675.0	0.0	2140.0	-2140.0
eval	E6	BINDING	A_PBAR	SECTIME_0.1	causal	24.38	25.27	35.92	254.2	384	290.2	31.16	0.14	-42.01	2675.0	0.0091	2140.0	-2115.62
eval	E6	BINDING	A_PBAR	SECTIME_0.25	causal	15.84	11.01	55.65	105.6	384	109.8	53.44	0.314	-24.84	2675.0	0.0059	2140.0	-2124.16
eval	E6	BINDING	A_PBAR	SECTIME_0.5	causal	2.97	2.39	273.65	4.8	384	4.8	273.65	0.492	-39.56	2675.0	0.0011	2140.0	-2137.03
eval	E6	BINDING	A_PBAR	SECTIME_0.6	causal	0.74	0.97	330.0	1.2	384	1.2	330.0	0.604	-7.75	2675.0	0.0003	2140.0	-2139.26
eval	E6	BINDING	A_PBAR	SECTIME_0.7	causal	0.0	0.0	0.0	0.0	384	0.0			-16.15	2675.0	0.0	2140.0	-2140.0
eval	E6	BINDING	A_PBAR	SECTIME_0.8	causal	0.0	0.0	0.0	0.0	384	0.0			-11.85	2675.0	0.0	2140.0	-2140.0
eval	E6	BINDING	A_PBAR	SECTIME_RE_0.1	causal	24.38	25.27	35.92	254.2	384	290.2	31.16	0.14	-58.71	2675.0	0.0091	2140.0	-2115.62
eval	E6	BINDING	A_PBAR	SECTIME_RE_0.25	causal	15.84	11.01	55.65	105.6	384	109.8	53.44	0.314	-43.59	2675.0	0.0059	2140.0	-2124.16
eval	E6	BINDING	A_PBAR	SECTIME_RE_0.5	causal	2.97	2.39	273.65	4.8	384	4.8	273.65	0.492	-26.14	2675.0	0.0011	2140.0	-2137.03
eval	E6	BINDING	A_PBAR	SECTIME_RE_0.6	causal	0.74	0.97	330.0	1.2	384	1.2	330.0	0.604	-23.29	2675.0	0.0003	2140.0	-2139.26
eval	E6	BINDING	A_PBAR	SECTIME_RE_0.7	causal	0.0	0.0	0.0	0.0	384	0.0			-9.69	2675.0	0.0	2140.0	-2140.0
eval	E6	BINDING	A_PBAR	SECTIME_RE_0.8	causal	0.0	0.0	0.0	0.0	384	0.0			-12.1	2675.0	0.0	2140.0	-2140.0
eval	E6	BINDING	A_PWIN	OCCUPANCY_0.5	causal	-57.46	36.26	-84.05	259.2	384	285.6	-76.42	0.175	-72.68	2675.0	-0.0215	2140.0	-2197.46
eval	E6	BINDING	A_PWIN	OCCUPANCY_1	causal	-48.96	4.89	-51.85	362.6	384	440.4	-42.69	0.137	-1.33	2675.0	-0.0183	2140.0	-2188.96
eval	E6	BINDING	A_PWIN	OCCUPANCY_2	causal	-48.89	15.78	-51.7	363.4	384	452.4	-41.5	0.135	-76.02	2675.0	-0.0183	2140.0	-2188.89
eval	E6	BINDING	A_PWIN	SECDECL_0.25_0.5	causal	-18.82	28.76	-20.67	353.0	384	492.2	-15.5	0.106	-39.16	2675.0	-0.007	2140.0	-2158.82
eval	E6	BINDING	A_PWIN	SECDECL_0.25_0.75	causal	-47.33	25.8	-53.76	340.4	384	457.6	-40.44	0.115	-1.19	2675.0	-0.0177	2140.0	-2187.33
eval	E6	BINDING	A_PWIN	SECDECL_0.25_0.9	causal	-36.62	21.74	-42.77	331.0	384	435.0	-32.98	0.118	-50.39	2675.0	-0.0137	2140.0	-2176.62
eval	E6	BINDING	A_PWIN	SECDECL_0.5_0.5	causal	-6.2	15.57	-21.63	99.0	384	106.6	-20.69	0.373	-96.04	2675.0	-0.0023	2140.0	-2146.2
eval	E6	BINDING	A_PWIN	SECDECL_0.5_0.75	causal	-4.24	16.54	-25.81	72.4	384	77.2	-24.94	0.419	-74.96	2675.0	-0.0016	2140.0	-2144.24
eval	E6	BINDING	A_PWIN	SECDECL_0.5_0.9	causal	-9.48	18.92	-65.64	61.0	384	65.2	-61.54	0.475	-99.91	2675.0	-0.0035	2140.0	-2149.48
eval	E6	BINDING	A_PWIN	SECDECL_0.6_0.5	causal	-6.93	15.84	-48.74	65.0	384	67.8	-47.19	0.619	-79.8	2675.0	-0.0026	2140.0	-2146.93
eval	E6	BINDING	A_PWIN	SECDECL_0.6_0.75	causal	-5.49	18.92	-52.96	42.6	384	44.0	-52.22	0.687	-69.82	2675.0	-0.0021	2140.0	-2145.49
eval	E6	BINDING	A_PWIN	SECDECL_0.6_0.9	causal	-6.19	17.17	-76.25	34.2	384	35.4	-78.4	0.75	-97.27	2675.0	-0.0023	2140.0	-2146.19
eval	E6	BINDING	A_PWIN	SECDECL_0.7_0.5	causal	-6.68	14.26	-60.83	45.2	384	47.8	-58.67	0.802	-61.1	2675.0	-0.0025	2140.0	-2146.68
eval	E6	BINDING	A_PWIN	SECDECL_0.7_0.75	causal	-10.68	10.95	-156.76	26.8	384	28.0	-152.11	0.914	-68.97	2675.0	-0.004	2140.0	-2150.68
eval	E6	BINDING	A_PWIN	SECDECL_0.7_0.9	causal	-10.82	10.76	-209.52	21.0	384	22.2	-203.34	0.922	-44.29	2675.0	-0.004	2140.0	-2150.82
eval	E6	BINDING	A_PWIN	SECNHAT_0.1	causal	-0.15	26.81	2.13	218.2	384	251.4	2.0	0.205	-70.31	2675.0	-0.0001	2140.0	-2140.15
eval	E6	BINDING	A_PWIN	SECNHAT_0.25	causal	23.85	25.28	94.09	87.6	384	94.8	85.64	0.276	-15.66	2675.0	0.0089	2140.0	-2116.15
eval	E6	BINDING	A_PWIN	SECNHAT_0.5	causal	10.81	10.79	95.4	40.4	384	44.0	86.2	0.555	-17.72	2675.0	0.004	2140.0	-2129.19
eval	E6	BINDING	A_PWIN	SECNHAT_0.6	causal	10.76	15.41	97.91	32.2	384	34.8	88.52	0.645	-10.88	2675.0	0.004	2140.0	-2129.24
eval	E6	BINDING	A_PWIN	SECNHAT_0.7	causal	4.57	15.58	36.33	26.0	384	27.0	36.93	0.758	-15.83	2675.0	0.0017	2140.0	-2135.43
eval	E6	BINDING	A_PWIN	SECNHAT_0.8	causal	7.55	13.46	82.77	21.8	384	22.8	81.49	0.804	-5.62	2675.0	0.0028	2140.0	-2132.45
eval	E6	BINDING	A_PWIN	SECRETARY_0.1	LOOKAHEAD_m	11.92	16.86	19.49	224.6	384	268.8	16.23	0.186	-73.62	2675.0	0.0045	2140.0	-2128.08
eval	E6	BINDING	A_PWIN	SECRETARY_0.25	LOOKAHEAD_m	8.03	9.49	35.84	84.0	384	90.8	32.94	0.331	-71.89	2675.0	0.003	2140.0	-2131.97
eval	E6	BINDING	A_PWIN	SECRETARY_0.5	LOOKAHEAD_m	-0.16	7.54	5.31	17.0	384	17.4	4.15	0.81	-22.19	2675.0	-0.0001	2140.0	-2140.16
eval	E6	BINDING	A_PWIN	SECRETARY_0.6	LOOKAHEAD_m	-0.54	5.34	-101.68	8.6	384	8.6	-101.68	-0.002	-9.86	2675.0	-0.0002	2140.0	-2140.54
eval	E6	BINDING	A_PWIN	SECRETARY_0.7	LOOKAHEAD_m	0.21	3.17	33.42	5.6	384	5.6	33.42	0.464	-11.98	2675.0	0.0001	2140.0	-2139.79
eval	E6	BINDING	A_PWIN	SECRETARY_0.8	LOOKAHEAD_m	0.73	1.47	141.17	1.8	384	1.8	235.28	0.404	-9.3	2675.0	0.0003	2140.0	-2139.27
eval	E6	BINDING	A_PWIN	SECTIME_0.1	causal	-13.81	21.16	-19.26	265.2	384	330.0	-15.47	0.173	-65.39	2675.0	-0.0052	2140.0	-2153.81
eval	E6	BINDING	A_PWIN	SECTIME_0.25	causal	-22.96	18.57	-85.43	114.6	384	124.6	-80.41	0.286	-24.3	2675.0	-0.0086	2140.0	-2162.96
eval	E6	BINDING	A_PWIN	SECTIME_0.5	causal	-3.25	5.88	-153.05	10.0	384	10.0	-153.05	0.387	-20.06	2675.0	-0.0012	2140.0	-2143.25
eval	E6	BINDING	A_PWIN	SECTIME_0.6	causal	-3.97	3.77	-242.86	5.4	384	5.4	-242.86	-1.645	-4.78	2675.0	-0.0015	2140.0	-2143.97
eval	E6	BINDING	A_PWIN	SECTIME_0.7	causal	-3.77	3.9	-311.13	4.6	384	4.6	-311.13	0.062	-4.11	2675.0	-0.0014	2140.0	-2143.77
eval	E6	BINDING	A_PWIN	SECTIME_0.8	causal	1.38	1.82	529.5	0.6	384	0.6	882.5	1.0	-9.25	2675.0	0.0005	2140.0	-2138.62
eval	E6	BINDING	A_PWIN	SECTIME_RE_0.1	causal	-13.81	21.16	-19.26	265.2	384	330.0	-15.47	0.173	-41.34	2675.0	-0.0052	2140.0	-2153.81
eval	E6	BINDING	A_PWIN	SECTIME_RE_0.25	causal	-22.96	18.57	-85.43	114.6	384	124.6	-80.41	0.286	-34.52	2675.0	-0.0086	2140.0	-2162.96
eval	E6	BINDING	A_PWIN	SECTIME_RE_0.5	causal	-3.25	5.88	-153.05	10.0	384	10.0	-153.05	0.387	-16.29	2675.0	-0.0012	2140.0	-2143.25
eval	E6	BINDING	A_PWIN	SECTIME_RE_0.6	causal	-3.97	3.77	-242.86	5.4	384	5.4	-242.86	-1.645	-6.8	2675.0	-0.0015	2140.0	-2143.97
eval	E6	BINDING	A_PWIN	SECTIME_RE_0.7	causal	-3.77	3.9	-311.13	4.6	384	4.6	-311.13	0.062	-5.18	2675.0	-0.0014	2140.0	-2143.77
eval	E6	BINDING	A_PWIN	SECTIME_RE_0.8	causal	1.38	1.82	529.5	0.6	384	0.6	882.5	1.0	-2.35	2675.0	0.0005	2140.0	-2138.62
eval	E6	BINDING	PROPHET	OCCUPANCY_0.5	causal	1213.35	0.0	1308.79	356.0	384	497.0	937.48	0.076		2675.0	0.4536	2140.0	-926.65
eval	E6	BINDING	PROPHET	OCCUPANCY_1	causal	1138.53	0.0	1224.64	357.0	384	491.0	890.42	0.069		2675.0	0.4256	2140.0	-1001.47
eval	E6	BINDING	PROPHET	OCCUPANCY_2	causal	1397.98	0.0	1470.75	365.0	384	525.0	1022.52	0.058		2675.0	0.5226	2140.0	-742.02
eval	E6	BINDING	PROPHET	SECDECL_0.25_0.5	causal	1368.28	0.0	1368.28	384.0	384	1020.0	515.12	0.032		2675.0	0.5115	2140.0	-771.72
eval	E6	BINDING	PROPHET	SECDECL_0.25_0.75	causal	1233.92	0.0	1273.72	372.0	384	750.0	631.77	0.037		2675.0	0.4613	2140.0	-906.08
eval	E6	BINDING	PROPHET	SECDECL_0.25_0.9	causal	1108.77	0.0	1213.01	351.0	384	629.0	676.9	0.041		2675.0	0.4145	2140.0	-1031.23
eval	E6	BINDING	PROPHET	SECDECL_0.5_0.5	causal	749.65	0.0	757.54	380.0	384	856.0	336.29	0.043		2675.0	0.2802	2140.0	-1390.35
eval	E6	BINDING	PROPHET	SECDECL_0.5_0.75	causal	499.28	0.0	707.46	271.0	384	368.0	520.99	0.06		2675.0	0.1866	2140.0	-1640.72
eval	E6	BINDING	PROPHET	SECDECL_0.5_0.9	causal	347.64	0.0	713.87	187.0	384	230.0	580.41	0.09		2675.0	0.13	2140.0	-1792.36
eval	E6	BINDING	PROPHET	SECDECL_0.6_0.5	causal	555.12	0.0	568.44	375.0	384	773.0	275.76	0.054		2675.0	0.2075	2140.0	-1584.88
eval	E6	BINDING	PROPHET	SECDECL_0.6_0.75	causal	345.78	0.0	614.72	216.0	384	274.0	484.6	0.08		2675.0	0.1293	2140.0	-1794.22
eval	E6	BINDING	PROPHET	SECDECL_0.6_0.9	causal	227.09	0.0	650.76	134.0	384	156.0	558.98	0.118		2675.0	0.0849	2140.0	-1912.91
eval	E6	BINDING	PROPHET	SECDECL_0.7_0.5	causal	430.61	0.0	445.7	371.0	384	679.0	243.53	0.066		2675.0	0.161	2140.0	-1709.39
eval	E6	BINDING	PROPHET	SECDECL_0.7_0.75	causal	254.13	0.0	548.24	178.0	384	210.0	464.7	0.107		2675.0	0.095	2140.0	-1885.87
eval	E6	BINDING	PROPHET	SECDECL_0.7_0.9	causal	135.25	0.0	558.47	93.0	384	100.0	519.37	0.158		2675.0	0.0506	2140.0	-2004.75
eval	E6	BINDING	PROPHET	SECNHAT_0.1	causal	1585.12	0.0	1690.8	360.0	384	725.0	839.57	0.051		2675.0	0.5926	2140.0	-554.88
eval	E6	BINDING	PROPHET	SECNHAT_0.25	causal	1183.16	0.0	1470.34	309.0	384	488.0	931.01	0.064		2675.0	0.4423	2140.0	-956.84
eval	E6	BINDING	PROPHET	SECNHAT_0.5	causal	639.04	0.0	1378.6	178.0	384	237.0	1035.4	0.106		2675.0	0.2389	2140.0	-1500.96
eval	E6	BINDING	PROPHET	SECNHAT_0.6	causal	523.82	0.0	1406.63	143.0	384	183.0	1099.17	0.13		2675.0	0.1958	2140.0	-1616.18
eval	E6	BINDING	PROPHET	SECNHAT_0.7	causal	416.67	0.0	1441.44	111.0	384	135.0	1185.19	0.163		2675.0	0.1558	2140.0	-1723.33
eval	E6	BINDING	PROPHET	SECNHAT_0.8	causal	347.71	0.0	1500.21	89.0	384	105.0	1271.61	0.189		2675.0	0.13	2140.0	-1792.29
eval	E6	BINDING	PROPHET	SECRETARY_0.1	LOOKAHEAD_m	1629.37	0.0	1695.6	369.0	384	771.0	811.51	0.049		2675.0	0.6091	2140.0	-510.63
eval	E6	BINDING	PROPHET	SECRETARY_0.25	LOOKAHEAD_m	1087.41	0.0	1346.98	310.0	384	512.0	815.56	0.06		2675.0	0.4065	2140.0	-1052.59
eval	E6	BINDING	PROPHET	SECRETARY_0.5	LOOKAHEAD_m	500.77	0.0	991.21	194.0	384	251.0	766.12	0.081		2675.0	0.1872	2140.0	-1639.23
eval	E6	BINDING	PROPHET	SECRETARY_0.6	LOOKAHEAD_m	325.99	0.0	881.56	142.0	384	165.0	758.67	0.109		2675.0	0.1219	2140.0	-1814.01
eval	E6	BINDING	PROPHET	SECRETARY_0.7	LOOKAHEAD_m	148.54	0.0	679.02	84.0	384	90.0	633.75	0.157		2675.0	0.0555	2140.0	-1991.46
eval	E6	BINDING	PROPHET	SECRETARY_0.8	LOOKAHEAD_m	79.03	0.0	674.36	45.0	384	47.0	645.66	0.273		2675.0	0.0295	2140.0	-2060.97
eval	E6	BINDING	PROPHET	SECTIME_0.1	causal	1738.76	0.0	1785.25	374.0	384	801.0	833.56	0.045		2675.0	0.65	2140.0	-401.24
eval	E6	BINDING	PROPHET	SECTIME_0.25	causal	1193.09	0.0	1388.32	330.0	384	551.0	831.48	0.058		2675.0	0.446	2140.0	-946.91
eval	E6	BINDING	PROPHET	SECTIME_0.5	causal	251.47	0.0	760.34	127.0	384	146.0	661.4	0.116		2675.0	0.094	2140.0	-1888.53
eval	E6	BINDING	PROPHET	SECTIME_0.6	causal	152.22	0.0	759.11	77.0	384	86.0	679.67	0.176		2675.0	0.0569	2140.0	-1987.78
eval	E6	BINDING	PROPHET	SECTIME_0.7	causal	96.16	0.0	724.02	51.0	384	55.0	671.36	0.267		2675.0	0.0359	2140.0	-2043.84
eval	E6	BINDING	PROPHET	SECTIME_0.8	causal	45.25	0.0	599.14	29.0	384	30.0	579.17	0.421		2675.0	0.0169	2140.0	-2094.75
eval	E6	BINDING	PROPHET	SECTIME_RE_0.1	causal	1738.76	0.0	1785.25	374.0	384	801.0	833.56	0.045		2675.0	0.65	2140.0	-401.24
eval	E6	BINDING	PROPHET	SECTIME_RE_0.25	causal	1193.09	0.0	1388.32	330.0	384	551.0	831.48	0.058		2675.0	0.446	2140.0	-946.91
eval	E6	BINDING	PROPHET	SECTIME_RE_0.5	causal	251.47	0.0	760.34	127.0	384	146.0	661.4	0.116		2675.0	0.094	2140.0	-1888.53
eval	E6	BINDING	PROPHET	SECTIME_RE_0.6	causal	152.22	0.0	759.11	77.0	384	86.0	679.67	0.176		2675.0	0.0569	2140.0	-1987.78
eval	E6	BINDING	PROPHET	SECTIME_RE_0.7	causal	96.16	0.0	724.02	51.0	384	55.0	671.36	0.267		2675.0	0.0359	2140.0	-2043.84
eval	E6	BINDING	PROPHET	SECTIME_RE_0.8	causal	45.25	0.0	599.14	29.0	384	30.0	579.17	0.421		2675.0	0.0169	2140.0	-2094.75
eval	E7	BINDING	A_EV	OCCUPANCY_0.5	causal	-90.02	32.58	-105.02	336.0	393	395.8	-89.2	0.137	-23.67	3360.0	-0.0268	2688.0	-2778.02
eval	E7	BINDING	A_EV	OCCUPANCY_1	causal	-72.81	36.09	-82.24	348.2	393	426.6	-67.32	0.153	-25.23	3360.0	-0.0217	2688.0	-2760.81
eval	E7	BINDING	A_EV	OCCUPANCY_2	causal	-35.12	49.09	-37.75	363.6	393	481.0	-28.43	0.133	-37.35	3360.0	-0.0105	2688.0	-2723.12
eval	E7	BINDING	A_EV	SECDECL_0.25_0.5	causal	-116.43	38.53	-116.43	393.0	393	713.4	-64.39	0.081	-53.88	3360.0	-0.0347	2688.0	-2804.43
eval	E7	BINDING	A_EV	SECDECL_0.25_0.75	causal	-121.77	29.91	-121.86	392.8	393	695.6	-69.02	0.083	-87.78	3360.0	-0.0362	2688.0	-2809.77
eval	E7	BINDING	A_EV	SECDECL_0.25_0.9	causal	-116.52	35.18	-117.12	391.2	393	662.4	-69.52	0.095	-55.23	3360.0	-0.0347	2688.0	-2804.52
eval	E7	BINDING	A_EV	SECDECL_0.5_0.5	causal	-120.52	33.94	-120.52	393.0	393	720.0	-65.95	0.084	-87.87	3360.0	-0.0359	2688.0	-2808.52
eval	E7	BINDING	A_EV	SECDECL_0.5_0.75	causal	-115.71	24.2	-117.75	386.4	393	636.4	-71.61	0.1	-36.28	3360.0	-0.0344	2688.0	-2803.71
eval	E7	BINDING	A_EV	SECDECL_0.5_0.9	causal	-93.79	12.86	-100.79	366.4	393	541.8	-68.02	0.144	-47.84	3360.0	-0.0279	2688.0	-2781.79
eval	E7	BINDING	A_EV	SECDECL_0.6_0.5	causal	-106.54	21.34	-106.54	393.0	393	720.6	-58.17	0.086	-55.72	3360.0	-0.0317	2688.0	-2794.54
eval	E7	BINDING	A_EV	SECDECL_0.6_0.75	causal	-99.48	19.87	-102.24	382.8	393	618.4	-63.31	0.118	-59.02	3360.0	-0.0296	2688.0	-2787.48
eval	E7	BINDING	A_EV	SECDECL_0.6_0.9	causal	-65.41	18.27	-71.8	358.6	393	514.8	-50.01	0.157	-18.93	3360.0	-0.0195	2688.0	-2753.41
eval	E7	BINDING	A_EV	SECDECL_0.7_0.5	causal	-91.75	16.85	-91.92	392.2	393	701.0	-51.39	0.104	-71.41	3360.0	-0.0273	2688.0	-2779.75
eval	E7	BINDING	A_EV	SECDECL_0.7_0.75	causal	-81.19	17.9	-84.95	376.4	393	585.0	-54.61	0.148	-51.35	3360.0	-0.0242	2688.0	-2769.19
eval	E7	BINDING	A_EV	SECDECL_0.7_0.9	causal	-68.49	17.82	-78.5	343.2	393	474.6	-56.76	0.176	-33.97	3360.0	-0.0204	2688.0	-2756.49
eval	E7	BINDING	A_EV	SECNHAT_0.1	causal	-41.19	33.74	-41.3	392.2	393	668.4	-24.65	0.105	24.0	3360.0	-0.0123	2688.0	-2729.19
eval	E7	BINDING	A_EV	SECNHAT_0.25	causal	-61.91	29.65	-64.11	379.4	393	599.8	-40.54	0.122	-1.67	3360.0	-0.0184	2688.0	-2749.91
eval	E7	BINDING	A_EV	SECNHAT_0.5	causal	-42.91	26.49	-52.08	326.2	393	446.0	-37.79	0.161	-39.74	3360.0	-0.0128	2688.0	-2730.91
eval	E7	BINDING	A_EV	SECNHAT_0.6	causal	-49.89	16.47	-67.19	293.0	393	373.4	-52.72	0.207	-37.79	3360.0	-0.0148	2688.0	-2737.89
eval	E7	BINDING	A_EV	SECNHAT_0.7	causal	-65.9	26.34	-100.6	258.8	393	308.2	-84.39	0.261	-36.48	3360.0	-0.0196	2688.0	-2753.9
eval	E7	BINDING	A_EV	SECNHAT_0.8	causal	-46.37	20.22	-81.52	224.4	393	254.8	-71.58	0.297	-19.04	3360.0	-0.0138	2688.0	-2734.37
eval	E7	BINDING	A_EV	SECRETARY_0.1	LOOKAHEAD_m	-30.63	41.32	-30.63	393.0	393	690.6	-17.61	0.084	-40.99	3360.0	-0.0091	2688.0	-2718.63
eval	E7	BINDING	A_EV	SECRETARY_0.25	LOOKAHEAD_m	-147.39	43.81	-149.0	388.8	393	628.8	-92.39	0.124	-80.72	3360.0	-0.0439	2688.0	-2835.39
eval	E7	BINDING	A_EV	SECRETARY_0.5	LOOKAHEAD_m	-90.32	38.23	-101.07	353.2	393	526.8	-67.79	0.141	-60.58	3360.0	-0.0269	2688.0	-2778.32
eval	E7	BINDING	A_EV	SECRETARY_0.6	LOOKAHEAD_m	-67.01	34.29	-80.09	332.8	393	470.6	-56.27	0.157	-63.66	3360.0	-0.0199	2688.0	-2755.01
eval	E7	BINDING	A_EV	SECRETARY_0.7	LOOKAHEAD_m	-41.55	15.88	-52.99	311.4	393	419.8	-38.99	0.196	-48.05	3360.0	-0.0124	2688.0	-2729.55
eval	E7	BINDING	A_EV	SECRETARY_0.8	LOOKAHEAD_m	-22.8	12.27	-32.57	276.2	393	349.0	-25.64	0.221	-13.09	3360.0	-0.0068	2688.0	-2710.8
eval	E7	BINDING	A_EV	SECTIME_0.1	causal	21.67	54.75	21.64	392.4	393	693.2	11.8	0.091	-52.17	3360.0	0.0064	2688.0	-2666.33
eval	E7	BINDING	A_EV	SECTIME_0.25	causal	-105.39	50.86	-106.65	388.8	393	620.0	-67.42	0.095	-120.12	3360.0	-0.0314	2688.0	-2793.39
eval	E7	BINDING	A_EV	SECTIME_0.5	causal	-71.08	19.07	-87.44	321.8	393	431.2	-65.06	0.174	-42.54	3360.0	-0.0212	2688.0	-2759.08
eval	E7	BINDING	A_EV	SECTIME_0.6	causal	-60.48	12.35	-78.28	304.8	393	390.0	-61.13	0.21	-29.28	3360.0	-0.018	2688.0	-2748.48
eval	E7	BINDING	A_EV	SECTIME_0.7	causal	-46.6	8.59	-65.04	282.6	393	352.4	-52.08	0.249	-36.84	3360.0	-0.0139	2688.0	-2734.6
eval	E7	BINDING	A_EV	SECTIME_0.8	causal	-39.64	6.38	-60.34	258.0	393	305.0	-51.11	0.32	-3.68	3360.0	-0.0118	2688.0	-2727.64
eval	E7	BINDING	A_EV	SECTIME_RE_0.1	causal	21.51	54.66	21.48	392.4	393	693.8	11.68	0.091	-39.4	3360.0	0.0064	2688.0	-2666.49
eval	E7	BINDING	A_EV	SECTIME_RE_0.25	causal	-105.8	50.96	-107.07	388.8	393	622.8	-67.36	0.095	-50.15	3360.0	-0.0315	2688.0	-2793.8
eval	E7	BINDING	A_EV	SECTIME_RE_0.5	causal	-71.36	19.26	-87.79	321.8	393	435.4	-64.7	0.174	-15.17	3360.0	-0.0212	2688.0	-2759.36
eval	E7	BINDING	A_EV	SECTIME_RE_0.6	causal	-60.39	12.52	-78.17	304.8	393	395.0	-60.26	0.209	-17.08	3360.0	-0.018	2688.0	-2748.39
eval	E7	BINDING	A_EV	SECTIME_RE_0.7	causal	-46.63	8.67	-65.08	282.6	393	357.4	-51.39	0.248	-18.43	3360.0	-0.0139	2688.0	-2734.63
eval	E7	BINDING	A_EV	SECTIME_RE_0.8	causal	-39.49	6.08	-60.12	258.0	393	309.0	-50.26	0.318	-20.89	3360.0	-0.0118	2688.0	-2727.49
eval	E7	BINDING	A_PBAR	OCCUPANCY_0.5	causal	-71.9	24.21	-77.7	363.0	393	418.8	-67.31	0.153	-75.8	3360.0	-0.0214	2688.0	-2759.9
eval	E7	BINDING	A_PBAR	OCCUPANCY_1	causal	-66.66	30.46	-67.92	385.2	393	460.8	-56.59	0.145	-14.88	3360.0	-0.0198	2688.0	-2754.66
eval	E7	BINDING	A_PBAR	OCCUPANCY_2	causal	-63.56	22.58	-64.22	388.8	393	488.0	-51.1	0.129	-33.83	3360.0	-0.0189	2688.0	-2751.56
eval	E7	BINDING	A_PBAR	SECDECL_0.25_0.5	causal	-29.25	24.64	-29.29	392.4	393	647.8	-17.75	0.121	-82.64	3360.0	-0.0087	2688.0	-2717.25
eval	E7	BINDING	A_PBAR	SECDECL_0.25_0.75	causal	-5.54	29.17	-6.1	354.2	393	478.4	-4.39	0.103	-119.17	3360.0	-0.0016	2688.0	-2693.54
eval	E7	BINDING	A_PBAR	SECDECL_0.25_0.9	causal	-37.88	14.65	-50.43	298.2	393	359.8	-41.87	0.13	-31.11	3360.0	-0.0113	2688.0	-2725.88
eval	E7	BINDING	A_PBAR	SECDECL_0.5_0.5	causal	-78.99	4.83	-83.35	372.4	393	532.0	-58.36	0.143	-59.87	3360.0	-0.0235	2688.0	-2766.99
eval	E7	BINDING	A_PBAR	SECDECL_0.5_0.75	causal	-40.75	10.14	-83.55	192.6	393	218.4	-74.04	0.258	-95.41	3360.0	-0.0121	2688.0	-2728.75
eval	E7	BINDING	A_PBAR	SECDECL_0.5_0.9	causal	-28.95	3.25	-170.73	67.0	393	69.0	-165.91	0.437	-40.57	3360.0	-0.0086	2688.0	-2716.95
eval	E7	BINDING	A_PBAR	SECDECL_0.6_0.5	causal	-64.91	7.98	-71.57	356.4	393	491.0	-51.97	0.17	-44.01	3360.0	-0.0193	2688.0	-2752.91
eval	E7	BINDING	A_PBAR	SECDECL_0.6_0.75	causal	-10.6	2.81	-27.1	153.4	393	166.2	-24.97	0.343	-48.82	3360.0	-0.0032	2688.0	-2698.6
eval	E7	BINDING	A_PBAR	SECDECL_0.6_0.9	causal	-15.59	4.56	-169.94	37.0	393	37.0	-169.94	0.761	-33.43	3360.0	-0.0046	2688.0	-2703.59
eval	E7	BINDING	A_PBAR	SECDECL_0.7_0.5	causal	-66.68	5.0	-78.81	332.2	393	430.2	-60.88	0.211	-48.15	3360.0	-0.0198	2688.0	-2754.68
eval	E7	BINDING	A_PBAR	SECDECL_0.7_0.75	causal	-25.84	2.42	-84.58	121.0	393	127.6	-80.31	0.432	-59.5	3360.0	-0.0077	2688.0	-2713.84
eval	E7	BINDING	A_PBAR	SECDECL_0.7_0.9	causal	-13.35	3.09	-198.37	26.6	393	26.6	-198.37	0.871	-52.66	3360.0	-0.004	2688.0	-2701.35
eval	E7	BINDING	A_PBAR	SECNHAT_0.1	causal	-68.88	40.18	-99.62	271.8	393	307.4	-87.71	0.21	-59.3	3360.0	-0.0205	2688.0	-2756.88
eval	E7	BINDING	A_PBAR	SECNHAT_0.25	causal	-25.3	13.94	-72.26	141.0	393	148.8	-68.72	0.291	-8.1	3360.0	-0.0075	2688.0	-2713.3
eval	E7	BINDING	A_PBAR	SECNHAT_0.5	causal	-1.46	12.93	-11.31	54.2	393	55.0	-11.53	0.515	-25.02	3360.0	-0.0004	2688.0	-2689.46
eval	E7	BINDING	A_PBAR	SECNHAT_0.6	causal	3.11	12.29	38.14	33.8	393	34.0	36.73	0.755	-13.36	3360.0	0.0009	2688.0	-2684.89
eval	E7	BINDING	A_PBAR	SECNHAT_0.7	causal	-8.19	17.25	-104.16	23.8	393	24.0	-106.93	0.936	15.89	3360.0	-0.0024	2688.0	-2696.19
eval	E7	BINDING	A_PBAR	SECNHAT_0.8	causal	-7.17	13.76	-113.89	20.0	393	20.2	-117.38	0.985	-16.12	3360.0	-0.0021	2688.0	-2695.17
eval	E7	BINDING	A_PBAR	SECRETARY_0.1	LOOKAHEAD_m	-82.09	23.66	-113.68	285.0	393	337.6	-95.84	0.144	-85.78	3360.0	-0.0244	2688.0	-2770.09
eval	E7	BINDING	A_PBAR	SECRETARY_0.25	LOOKAHEAD_m	-27.01	8.45	-79.68	134.4	393	145.0	-73.99	0.303	-63.4	3360.0	-0.008	2688.0	-2715.01
eval	E7	BINDING	A_PBAR	SECRETARY_0.5	LOOKAHEAD_m	4.83	12.42	96.5	21.8	393	22.4	90.41	0.76	-20.27	3360.0	0.0014	2688.0	-2683.17
eval	E7	BINDING	A_PBAR	SECRETARY_0.6	LOOKAHEAD_m	-0.2	2.61	-26.7	10.4	393	10.4	-26.7	0.611	-24.28	3360.0	-0.0001	2688.0	-2688.2
eval	E7	BINDING	A_PBAR	SECRETARY_0.7	LOOKAHEAD_m	1.6	1.32	345.25	3.4	393	3.4	345.25	0.362	-29.39	3360.0	0.0005	2688.0	-2686.4
eval	E7	BINDING	A_PBAR	SECRETARY_0.8	LOOKAHEAD_m	-1.55	0.95	-469.83	1.4	393	1.4	-587.29	-0.956	-9.13	3360.0	-0.0005	2688.0	-2689.55
eval	E7	BINDING	A_PBAR	SECTIME_0.1	causal	-71.95	24.56	-89.87	316.8	393	387.8	-73.72	0.162	-69.12	3360.0	-0.0214	2688.0	-2759.95
eval	E7	BINDING	A_PBAR	SECTIME_0.25	causal	-16.46	12.22	-35.95	181.4	393	193.6	-33.76	0.224	-59.72	3360.0	-0.0049	2688.0	-2704.46
eval	E7	BINDING	A_PBAR	SECTIME_0.5	causal	-5.59	3.97	-224.33	11.0	393	11.0	-224.33	0.587	-28.36	3360.0	-0.0017	2688.0	-2693.59
eval	E7	BINDING	A_PBAR	SECTIME_0.6	causal	-1.14	3.32	-255.42	4.4	393	4.4	-255.42	-0.027	-22.71	3360.0	-0.0003	2688.0	-2689.14
eval	E7	BINDING	A_PBAR	SECTIME_0.7	causal	0.28	3.45	-181.75	3.6	393	3.6	-181.75	0.008	-3.63	3360.0	0.0001	2688.0	-2687.72
eval	E7	BINDING	A_PBAR	SECTIME_0.8	causal	-1.02	1.77	-315.08	1.2	393	1.2	-525.14	0.179	-2.69	3360.0	-0.0003	2688.0	-2689.02
eval	E7	BINDING	A_PBAR	SECTIME_RE_0.1	causal	-71.95	24.56	-89.87	316.8	393	387.8	-73.72	0.162	-31.02	3360.0	-0.0214	2688.0	-2759.95
eval	E7	BINDING	A_PBAR	SECTIME_RE_0.25	causal	-16.46	12.22	-35.95	181.4	393	193.6	-33.76	0.224	-75.43	3360.0	-0.0049	2688.0	-2704.46
eval	E7	BINDING	A_PBAR	SECTIME_RE_0.5	causal	-5.59	3.97	-224.33	11.0	393	11.0	-224.33	0.587	-23.89	3360.0	-0.0017	2688.0	-2693.59
eval	E7	BINDING	A_PBAR	SECTIME_RE_0.6	causal	-1.14	3.32	-255.42	4.4	393	4.4	-255.42	-0.027	-23.54	3360.0	-0.0003	2688.0	-2689.14
eval	E7	BINDING	A_PBAR	SECTIME_RE_0.7	causal	0.28	3.45	-181.75	3.6	393	3.6	-181.75	0.008	-13.67	3360.0	0.0001	2688.0	-2687.72
eval	E7	BINDING	A_PBAR	SECTIME_RE_0.8	causal	-1.02	1.77	-315.08	1.2	393	1.2	-525.14	0.179	-3.57	3360.0	-0.0003	2688.0	-2689.02
eval	E7	BINDING	A_PWIN	OCCUPANCY_0.5	causal	-81.15	50.28	-116.04	279.8	393	307.4	-106.7	0.194	-29.42	3360.0	-0.0242	2688.0	-2769.15
eval	E7	BINDING	A_PWIN	OCCUPANCY_1	causal	-45.16	75.26	-49.99	359.0	393	431.0	-42.33	0.159	-8.08	3360.0	-0.0134	2688.0	-2733.16
eval	E7	BINDING	A_PWIN	OCCUPANCY_2	causal	-46.42	51.26	-49.53	367.4	393	444.0	-40.9	0.148	-38.36	3360.0	-0.0138	2688.0	-2734.42
eval	E7	BINDING	A_PWIN	SECDECL_0.25_0.5	causal	-73.72	33.73	-84.28	346.6	393	467.0	-63.22	0.1	-72.75	3360.0	-0.0219	2688.0	-2761.72
eval	E7	BINDING	A_PWIN	SECDECL_0.25_0.75	causal	-74.21	16.0	-86.81	337.6	393	446.6	-66.26	0.103	-102.45	3360.0	-0.0221	2688.0	-2762.21
eval	E7	BINDING	A_PWIN	SECDECL_0.25_0.9	causal	-61.54	24.36	-74.51	327.4	393	426.6	-57.82	0.119	-89.32	3360.0	-0.0183	2688.0	-2749.54
eval	E7	BINDING	A_PWIN	SECDECL_0.5_0.5	causal	-18.12	29.67	-54.28	106.4	393	115.0	-49.96	0.374	-35.28	3360.0	-0.0054	2688.0	-2706.12
eval	E7	BINDING	A_PWIN	SECDECL_0.5_0.75	causal	-26.84	19.98	-105.03	94.6	393	101.0	-98.48	0.379	-69.52	3360.0	-0.008	2688.0	-2714.84
eval	E7	BINDING	A_PWIN	SECDECL_0.5_0.9	causal	-17.53	24.02	-71.0	88.4	393	95.0	-67.36	0.399	-34.85	3360.0	-0.0052	2688.0	-2705.53
eval	E7	BINDING	A_PWIN	SECDECL_0.6_0.5	causal	-9.87	21.2	-51.97	66.6	393	68.8	-50.74	0.442	-65.38	3360.0	-0.0029	2688.0	-2697.87
eval	E7	BINDING	A_PWIN	SECDECL_0.6_0.75	causal	-3.17	24.8	-17.05	60.0	393	61.6	-18.17	0.47	-70.79	3360.0	-0.0009	2688.0	-2691.17
eval	E7	BINDING	A_PWIN	SECDECL_0.6_0.9	causal	9.53	23.75	88.02	56.4	393	58.0	84.52	0.462	-27.0	3360.0	0.0028	2688.0	-2678.47
eval	E7	BINDING	A_PWIN	SECDECL_0.7_0.5	causal	-24.4	12.93	-225.45	41.4	393	41.8	-223.99	0.706	-41.93	3360.0	-0.0073	2688.0	-2712.4
eval	E7	BINDING	A_PWIN	SECDECL_0.7_0.75	causal	-16.01	12.88	-158.45	37.0	393	37.2	-156.95	0.717	-36.84	3360.0	-0.0048	2688.0	-2704.01
eval	E7	BINDING	A_PWIN	SECDECL_0.7_0.9	causal	-15.34	6.4	-172.43	34.0	393	34.4	-170.37	0.737	-17.89	3360.0	-0.0046	2688.0	-2703.34
eval	E7	BINDING	A_PWIN	SECNHAT_0.1	causal	3.74	20.5	5.64	273.4	393	317.8	4.84	0.14	-13.43	3360.0	0.0011	2688.0	-2684.26
eval	E7	BINDING	A_PWIN	SECNHAT_0.25	causal	-2.89	8.59	-7.04	145.8	393	155.6	-6.51	0.246	-46.73	3360.0	-0.0009	2688.0	-2690.89
eval	E7	BINDING	A_PWIN	SECNHAT_0.5	causal	0.14	16.65	11.62	53.6	393	55.6	12.73	0.519	-37.95	3360.0	0.0	2688.0	-2687.86
eval	E7	BINDING	A_PWIN	SECNHAT_0.6	causal	-2.48	17.5	-19.25	41.0	393	42.6	-16.17	0.631	-25.48	3360.0	-0.0007	2688.0	-2690.48
eval	E7	BINDING	A_PWIN	SECNHAT_0.7	causal	-9.5	14.54	-128.69	31.4	393	32.6	-123.02	0.803	2.82	3360.0	-0.0028	2688.0	-2697.5
eval	E7	BINDING	A_PWIN	SECNHAT_0.8	causal	-11.25	12.66	-224.66	25.2	393	26.2	-218.69	0.705	-4.89	3360.0	-0.0033	2688.0	-2699.25
eval	E7	BINDING	A_PWIN	SECRETARY_0.1	LOOKAHEAD_m	-9.7	33.21	-12.38	284.4	393	338.8	-10.38	0.126	-58.65	3360.0	-0.0029	2688.0	-2697.7
eval	E7	BINDING	A_PWIN	SECRETARY_0.25	LOOKAHEAD_m	-20.03	11.56	-50.02	146.8	393	159.2	-46.06	0.244	-42.47	3360.0	-0.006	2688.0	-2708.03
eval	E7	BINDING	A_PWIN	SECRETARY_0.5	LOOKAHEAD_m	-17.61	7.66	-262.59	27.4	393	28.0	-257.39	0.771	-17.24	3360.0	-0.0052	2688.0	-2705.61
eval	E7	BINDING	A_PWIN	SECRETARY_0.6	LOOKAHEAD_m	-5.04	7.99	-164.38	13.4	393	13.6	-164.75	0.45	-16.56	3360.0	-0.0015	2688.0	-2693.04
eval	E7	BINDING	A_PWIN	SECRETARY_0.7	LOOKAHEAD_m	-0.64	6.6	-47.98	8.6	393	8.6	-47.98	0.468	-15.01	3360.0	-0.0002	2688.0	-2688.64
eval	E7	BINDING	A_PWIN	SECRETARY_0.8	LOOKAHEAD_m	-0.1	3.96	-100.43	4.0	393	4.0	-125.54	0.581	-7.67	3360.0	-0.0	2688.0	-2688.1
eval	E7	BINDING	A_PWIN	SECTIME_0.1	causal	-10.0	59.45	-13.92	298.4	393	354.2	-11.65	0.133	-21.3	3360.0	-0.003	2688.0	-2698.0
eval	E7	BINDING	A_PWIN	SECTIME_0.25	causal	-8.0	12.49	-19.38	163.2	393	175.6	-17.89	0.205	-36.51	3360.0	-0.0024	2688.0	-2696.0
eval	E7	BINDING	A_PWIN	SECTIME_0.5	causal	-5.1	6.0	-118.41	15.8	393	15.8	-118.41	0.827	-2.56	3360.0	-0.0015	2688.0	-2693.1
eval	E7	BINDING	A_PWIN	SECTIME_0.6	causal	3.21	5.01	134.46	11.6	393	11.6	134.46	0.817	-24.54	3360.0	0.001	2688.0	-2684.79
eval	E7	BINDING	A_PWIN	SECTIME_0.7	causal	3.1	5.13	129.52	11.0	393	11.0	129.52	0.821	-7.17	3360.0	0.0009	2688.0	-2684.9
eval	E7	BINDING	A_PWIN	SECTIME_0.8	causal	-1.25	3.85	-122.15	6.2	393	6.2	-122.15	-0.728	-2.87	3360.0	-0.0004	2688.0	-2689.25
eval	E7	BINDING	A_PWIN	SECTIME_RE_0.1	causal	-10.0	59.45	-13.92	298.4	393	354.2	-11.65	0.133	9.86	3360.0	-0.003	2688.0	-2698.0
eval	E7	BINDING	A_PWIN	SECTIME_RE_0.25	causal	-8.0	12.49	-19.38	163.2	393	175.6	-17.89	0.205	-53.06	3360.0	-0.0024	2688.0	-2696.0
eval	E7	BINDING	A_PWIN	SECTIME_RE_0.5	causal	-5.1	6.0	-118.41	15.8	393	15.8	-118.41	0.827	-30.87	3360.0	-0.0015	2688.0	-2693.1
eval	E7	BINDING	A_PWIN	SECTIME_RE_0.6	causal	3.21	5.01	134.46	11.6	393	11.6	134.46	0.817	-9.47	3360.0	0.001	2688.0	-2684.79
eval	E7	BINDING	A_PWIN	SECTIME_RE_0.7	causal	3.1	5.13	129.52	11.0	393	11.0	129.52	0.821	-6.74	3360.0	0.0009	2688.0	-2684.9
eval	E7	BINDING	A_PWIN	SECTIME_RE_0.8	causal	-1.25	3.85	-122.15	6.2	393	6.2	-122.15	-0.728	-10.63	3360.0	-0.0004	2688.0	-2689.25
eval	E7	BINDING	PROPHET	OCCUPANCY_0.5	causal	1499.48	0.0	1743.47	338.0	393	455.0	1295.15	0.08		3360.0	0.4463	2688.0	-1188.52
eval	E7	BINDING	PROPHET	OCCUPANCY_1	causal	1456.13	0.0	1683.11	340.0	393	456.0	1254.95	0.074		3360.0	0.4334	2688.0	-1231.87
eval	E7	BINDING	PROPHET	OCCUPANCY_2	causal	1822.65	0.0	2058.33	348.0	393	505.0	1418.42	0.061		3360.0	0.5425	2688.0	-865.35
eval	E7	BINDING	PROPHET	SECDECL_0.25_0.5	causal	1669.43	0.0	1669.43	393.0	393	1053.0	623.06	0.037		3360.0	0.4969	2688.0	-1018.57
eval	E7	BINDING	PROPHET	SECDECL_0.25_0.75	causal	1445.0	0.0	1510.33	376.0	393	737.0	770.53	0.059		3360.0	0.4301	2688.0	-1243.0
eval	E7	BINDING	PROPHET	SECDECL_0.25_0.9	causal	1253.96	0.0	1380.41	357.0	393	611.0	806.56	0.049		3360.0	0.3732	2688.0	-1434.04
eval	E7	BINDING	PROPHET	SECDECL_0.5_0.5	causal	952.88	0.0	957.75	391.0	393	924.0	405.28	0.064		3360.0	0.2836	2688.0	-1735.12
eval	E7	BINDING	PROPHET	SECDECL_0.5_0.75	causal	604.19	0.0	818.78	290.0	393	391.0	607.28	0.058		3360.0	0.1798	2688.0	-2083.81
eval	E7	BINDING	PROPHET	SECDECL_0.5_0.9	causal	389.23	0.0	796.71	192.0	393	230.0	665.08	0.08		3360.0	0.1158	2688.0	-2298.77
eval	E7	BINDING	PROPHET	SECDECL_0.6_0.5	causal	724.43	0.0	730.0	390.0	393	836.0	340.55	0.075		3360.0	0.2156	2688.0	-1963.57
eval	E7	BINDING	PROPHET	SECDECL_0.6_0.75	causal	417.16	0.0	697.64	235.0	393	296.0	553.87	0.081		3360.0	0.1242	2688.0	-2270.84
eval	E7	BINDING	PROPHET	SECDECL_0.6_0.9	causal	277.12	0.0	772.39	141.0	393	166.0	656.07	0.121		3360.0	0.0825	2688.0	-2410.88
eval	E7	BINDING	PROPHET	SECDECL_0.7_0.5	causal	581.17	0.0	591.71	386.0	393	740.0	308.65	0.078		3360.0	0.173	2688.0	-2106.83
eval	E7	BINDING	PROPHET	SECDECL_0.7_0.75	causal	314.94	0.0	665.44	186.0	393	217.0	570.37	0.108		3360.0	0.0937	2688.0	-2373.06
eval	E7	BINDING	PROPHET	SECDECL_0.7_0.9	causal	179.98	0.0	700.32	101.0	393	111.0	637.23	0.137		3360.0	0.0536	2688.0	-2508.02
eval	E7	BINDING	PROPHET	SECNHAT_0.1	causal	1906.69	0.0	2014.32	372.0	393	718.0	1043.63	0.061		3360.0	0.5675	2688.0	-781.31
eval	E7	BINDING	PROPHET	SECNHAT_0.25	causal	1270.34	0.0	1584.9	315.0	393	476.0	1048.83	0.069		3360.0	0.3781	2688.0	-1417.66
eval	E7	BINDING	PROPHET	SECNHAT_0.5	causal	658.25	0.0	1413.62	183.0	393	219.0	1181.24	0.129		3360.0	0.1959	2688.0	-2029.75
eval	E7	BINDING	PROPHET	SECNHAT_0.6	causal	496.17	0.0	1326.51	147.0	393	167.0	1167.64	0.16		3360.0	0.1477	2688.0	-2191.83
eval	E7	BINDING	PROPHET	SECNHAT_0.7	causal	369.86	0.0	1425.04	102.0	393	118.0	1231.81	0.202		3360.0	0.1101	2688.0	-2318.14
eval	E7	BINDING	PROPHET	SECNHAT_0.8	causal	297.68	0.0	1519.35	77.0	393	87.0	1344.71	0.252		3360.0	0.0886	2688.0	-2390.32
eval	E7	BINDING	PROPHET	SECRETARY_0.1	LOOKAHEAD_m	1781.21	0.0	1866.71	375.0	393	758.0	923.5	0.049		3360.0	0.5301	2688.0	-906.79
eval	E7	BINDING	PROPHET	SECRETARY_0.25	LOOKAHEAD_m	1117.23	0.0	1330.52	330.0	393	511.0	859.24	0.062		3360.0	0.3325	2688.0	-1570.77
eval	E7	BINDING	PROPHET	SECRETARY_0.5	LOOKAHEAD_m	546.65	0.0	1003.89	214.0	393	266.0	807.64	0.095		3360.0	0.1627	2688.0	-2141.35
eval	E7	BINDING	PROPHET	SECRETARY_0.6	LOOKAHEAD_m	373.45	0.0	889.48	165.0	393	192.0	764.4	0.113		3360.0	0.1111	2688.0	-2314.55
eval	E7	BINDING	PROPHET	SECRETARY_0.7	LOOKAHEAD_m	232.48	0.0	861.92	106.0	393	116.0	787.62	0.174		3360.0	0.0692	2688.0	-2455.52
eval	E7	BINDING	PROPHET	SECRETARY_0.8	LOOKAHEAD_m	121.09	0.0	897.9	53.0	393	56.0	849.8	0.303		3360.0	0.036	2688.0	-2566.91
eval	E7	BINDING	PROPHET	SECTIME_0.1	causal	2117.4	0.0	2167.02	384.0	393	804.0	1035.0	0.055		3360.0	0.6302	2688.0	-570.6
eval	E7	BINDING	PROPHET	SECTIME_0.25	causal	1262.49	0.0	1455.01	341.0	393	536.0	925.67	0.059		3360.0	0.3757	2688.0	-1425.51
eval	E7	BINDING	PROPHET	SECTIME_0.5	causal	308.74	0.0	885.67	137.0	393	159.0	763.12	0.155		3360.0	0.0919	2688.0	-2379.26
eval	E7	BINDING	PROPHET	SECTIME_0.6	causal	221.51	0.0	897.46	97.0	393	108.0	806.05	0.223		3360.0	0.0659	2688.0	-2466.49
eval	E7	BINDING	PROPHET	SECTIME_0.7	causal	162.83	0.0	914.2	70.0	393	75.0	853.25	0.281		3360.0	0.0485	2688.0	-2525.17
eval	E7	BINDING	PROPHET	SECTIME_0.8	causal	80.79	0.0	933.82	34.0	393	35.0	907.14	0.407		3360.0	0.024	2688.0	-2607.21
eval	E7	BINDING	PROPHET	SECTIME_RE_0.1	causal	2117.4	0.0	2167.02	384.0	393	804.0	1035.0	0.055		3360.0	0.6302	2688.0	-570.6
eval	E7	BINDING	PROPHET	SECTIME_RE_0.25	causal	1262.49	0.0	1455.01	341.0	393	536.0	925.67	0.059		3360.0	0.3757	2688.0	-1425.51
eval	E7	BINDING	PROPHET	SECTIME_RE_0.5	causal	308.74	0.0	885.67	137.0	393	159.0	763.12	0.155		3360.0	0.0919	2688.0	-2379.26
eval	E7	BINDING	PROPHET	SECTIME_RE_0.6	causal	221.51	0.0	897.46	97.0	393	108.0	806.05	0.223		3360.0	0.0659	2688.0	-2466.49
eval	E7	BINDING	PROPHET	SECTIME_RE_0.7	causal	162.83	0.0	914.2	70.0	393	75.0	853.25	0.281		3360.0	0.0485	2688.0	-2525.17
eval	E7	BINDING	PROPHET	SECTIME_RE_0.8	causal	80.79	0.0	933.82	34.0	393	35.0	907.14	0.407		3360.0	0.024	2688.0	-2607.21
inner	E5	BINDING	A_EV	OCCUPANCY_0.5	causal	11.84	17.85	14.37	312.0	379	367.2	12.24	0.151	-33.57	2021.0	0.0059	1616.8	-1604.96
inner	E5	BINDING	A_EV	OCCUPANCY_1	causal	-9.17	25.87	-10.79	325.2	379	392.2	-9.08	0.15	-33.74	2021.0	-0.0045	1616.8	-1625.97
inner	E5	BINDING	A_EV	OCCUPANCY_2	causal	10.29	5.55	11.57	336.2	379	438.8	8.83	0.131	-40.46	2021.0	0.0051	1616.8	-1606.51
inner	E5	BINDING	A_EV	SECDECL_0.25_0.5	causal	-30.06	21.83	-30.06	379.0	379	787.2	-14.6	0.071	-30.48	2021.0	-0.0149	1616.8	-1646.86
inner	E5	BINDING	A_EV	SECDECL_0.25_0.75	causal	-23.8	11.65	-23.84	378.6	379	754.4	-11.96	0.075	-54.11	2021.0	-0.0118	1616.8	-1640.6
inner	E5	BINDING	A_EV	SECDECL_0.25_0.9	causal	-28.95	14.58	-29.2	376.4	379	708.6	-15.56	0.08	-52.07	2021.0	-0.0143	1616.8	-1645.75
inner	E5	BINDING	A_EV	SECDECL_0.5_0.5	causal	-57.56	28.44	-57.64	378.2	379	761.2	-28.71	0.08	-80.58	2021.0	-0.0285	1616.8	-1674.36
inner	E5	BINDING	A_EV	SECDECL_0.5_0.75	causal	-54.17	10.78	-55.03	373.0	379	659.2	-31.14	0.095	-58.84	2021.0	-0.0268	1616.8	-1670.97
inner	E5	BINDING	A_EV	SECDECL_0.5_0.9	causal	-45.93	8.48	-48.46	358.8	379	561.4	-30.97	0.108	-31.33	2021.0	-0.0227	1616.8	-1662.73
inner	E5	BINDING	A_EV	SECDECL_0.6_0.5	causal	-58.61	23.85	-58.94	377.0	379	743.6	-29.88	0.112	-70.98	2021.0	-0.029	1616.8	-1675.41
inner	E5	BINDING	A_EV	SECDECL_0.6_0.75	causal	-60.22	8.31	-61.95	368.6	379	620.2	-36.82	0.133	-68.57	2021.0	-0.0298	1616.8	-1677.02
inner	E5	BINDING	A_EV	SECDECL_0.6_0.9	causal	-50.24	11.91	-54.91	346.0	379	508.0	-37.37	0.159	-52.6	2021.0	-0.0249	1616.8	-1667.04
inner	E5	BINDING	A_EV	SECDECL_0.7_0.5	causal	-94.35	8.4	-95.09	376.0	379	691.4	-51.69	0.098	-47.04	2021.0	-0.0467	1616.8	-1711.15
inner	E5	BINDING	A_EV	SECDECL_0.7_0.75	causal	-73.63	10.09	-77.48	359.8	379	561.8	-49.55	0.138	-58.65	2021.0	-0.0364	1616.8	-1690.43
inner	E5	BINDING	A_EV	SECDECL_0.7_0.9	causal	-60.58	5.65	-70.03	327.6	379	451.0	-50.89	0.164	-45.68	2021.0	-0.03	1616.8	-1677.38
inner	E5	BINDING	A_EV	SECNHAT_0.1	causal	-17.97	34.51	-18.14	376.2	379	707.6	-9.67	0.092	-45.51	2021.0	-0.0089	1616.8	-1634.77
inner	E5	BINDING	A_EV	SECNHAT_0.25	causal	-24.09	19.68	-25.37	360.4	379	584.4	-15.59	0.1	-41.56	2021.0	-0.0119	1616.8	-1640.89
inner	E5	BINDING	A_EV	SECNHAT_0.5	causal	-37.49	10.89	-49.29	287.6	379	398.8	-35.65	0.154	-27.2	2021.0	-0.0186	1616.8	-1654.29
inner	E5	BINDING	A_EV	SECNHAT_0.6	causal	-21.97	10.39	-32.56	253.8	379	331.8	-25.11	0.177	-0.53	2021.0	-0.0109	1616.8	-1638.77
inner	E5	BINDING	A_EV	SECNHAT_0.7	causal	-39.35	9.98	-68.86	218.0	379	269.8	-55.83	0.187	6.17	2021.0	-0.0195	1616.8	-1656.15
inner	E5	BINDING	A_EV	SECNHAT_0.8	causal	-31.43	21.01	-68.25	176.0	379	213.4	-55.84	0.238	-18.98	2021.0	-0.0156	1616.8	-1648.23
inner	E5	BINDING	A_EV	SECRETARY_0.1	LOOKAHEAD_m	-49.45	39.66	-49.54	378.6	379	725.6	-26.02	0.081	-30.4	2021.0	-0.0245	1616.8	-1666.25
inner	E5	BINDING	A_EV	SECRETARY_0.25	LOOKAHEAD_m	-27.09	19.75	-27.46	373.8	379	649.8	-15.92	0.101	-40.82	2021.0	-0.0134	1616.8	-1643.89
inner	E5	BINDING	A_EV	SECRETARY_0.5	LOOKAHEAD_m	-34.15	11.02	-37.66	344.6	379	513.0	-25.31	0.118	-17.7	2021.0	-0.0169	1616.8	-1650.95
inner	E5	BINDING	A_EV	SECRETARY_0.6	LOOKAHEAD_m	-33.69	15.01	-38.82	327.8	379	456.6	-27.79	0.128	-20.22	2021.0	-0.0167	1616.8	-1650.49
inner	E5	BINDING	A_EV	SECRETARY_0.7	LOOKAHEAD_m	-39.03	8.99	-49.52	297.8	379	387.4	-38.06	0.138	-21.78	2021.0	-0.0193	1616.8	-1655.83
inner	E5	BINDING	A_EV	SECRETARY_0.8	LOOKAHEAD_m	-29.85	11.01	-42.88	264.2	379	327.2	-34.79	0.155	-21.18	2021.0	-0.0148	1616.8	-1646.65
inner	E5	BINDING	A_EV	SECTIME_0.1	causal	-32.68	45.98	-32.68	379.0	379	718.6	-17.53	0.088	-38.93	2021.0	-0.0162	1616.8	-1649.48
inner	E5	BINDING	A_EV	SECTIME_0.25	causal	-27.25	17.53	-27.89	371.0	379	637.8	-16.39	0.086	-48.8	2021.0	-0.0135	1616.8	-1644.05
inner	E5	BINDING	A_EV	SECTIME_0.5	causal	-48.41	18.16	-57.82	316.6	379	418.6	-43.6	0.135	-37.4	2021.0	-0.024	1616.8	-1665.21
inner	E5	BINDING	A_EV	SECTIME_0.6	causal	-50.19	16.18	-65.12	291.8	379	369.6	-51.27	0.18	-27.71	2021.0	-0.0248	1616.8	-1666.99
inner	E5	BINDING	A_EV	SECTIME_0.7	causal	-48.16	9.78	-69.74	262.0	379	319.6	-57.23	0.225	-8.87	2021.0	-0.0238	1616.8	-1664.96
inner	E5	BINDING	A_EV	SECTIME_0.8	causal	-34.38	6.06	-58.59	223.4	379	261.0	-50.15	0.225	-11.8	2021.0	-0.017	1616.8	-1651.18
inner	E5	BINDING	A_EV	SECTIME_RE_0.1	causal	-32.75	45.97	-32.75	379.0	379	719.2	-17.56	0.088	-86.14	2021.0	-0.0162	1616.8	-1649.55
inner	E5	BINDING	A_EV	SECTIME_RE_0.25	causal	-27.28	17.53	-27.92	371.0	379	638.4	-16.39	0.086	-25.58	2021.0	-0.0135	1616.8	-1644.08
inner	E5	BINDING	A_EV	SECTIME_RE_0.5	causal	-49.06	18.19	-58.61	316.6	379	421.2	-43.9	0.135	-22.59	2021.0	-0.0243	1616.8	-1665.86
inner	E5	BINDING	A_EV	SECTIME_RE_0.6	causal	-50.73	16.18	-65.82	291.8	379	371.6	-51.53	0.179	-15.92	2021.0	-0.0251	1616.8	-1667.53
inner	E5	BINDING	A_EV	SECTIME_RE_0.7	causal	-48.4	9.55	-70.11	262.0	379	320.8	-57.31	0.225	-3.46	2021.0	-0.024	1616.8	-1665.2
inner	E5	BINDING	A_EV	SECTIME_RE_0.8	causal	-34.45	6.02	-58.72	223.4	379	261.6	-50.12	0.225	-13.6	2021.0	-0.017	1616.8	-1651.25
inner	E5	BINDING	A_PBAR	OCCUPANCY_0.5	causal	8.4	9.49	8.86	358.8	379	424.8	7.43	0.14	-53.75	2021.0	0.0042	1616.8	-1608.4
inner	E5	BINDING	A_PBAR	OCCUPANCY_1	causal	-12.23	22.69	-12.61	368.8	379	459.2	-10.2	0.138	-39.4	2021.0	-0.006	1616.8	-1629.03
inner	E5	BINDING	A_PBAR	OCCUPANCY_2	causal	29.39	17.04	29.58	376.6	379	510.8	21.82	0.114	-56.25	2021.0	0.0145	1616.8	-1587.41
inner	E5	BINDING	A_PBAR	SECDECL_0.25_0.5	causal	-52.54	14.88	-55.75	356.2	379	551.6	-35.97	0.109	-36.66	2021.0	-0.026	1616.8	-1669.34
inner	E5	BINDING	A_PBAR	SECDECL_0.25_0.75	causal	-22.04	8.81	-37.58	222.4	379	265.2	-31.53	0.17	-10.24	2021.0	-0.0109	1616.8	-1638.84
inner	E5	BINDING	A_PBAR	SECDECL_0.25_0.9	causal	-0.64	9.83	-0.75	135.4	379	150.0	-0.99	0.26	-57.16	2021.0	-0.0003	1616.8	-1617.44
inner	E5	BINDING	A_PBAR	SECDECL_0.5_0.5	causal	-47.67	6.28	-64.42	280.2	379	374.2	-48.23	0.189	-71.68	2021.0	-0.0236	1616.8	-1664.47
inner	E5	BINDING	A_PBAR	SECDECL_0.5_0.75	causal	1.87	5.51	9.42	70.6	379	72.2	9.21	0.544	-55.41	2021.0	0.0009	1616.8	-1614.93
inner	E5	BINDING	A_PBAR	SECDECL_0.5_0.9	causal	6.68	6.8	144.04	15.6	379	15.6	144.04	0.903	-27.51	2021.0	0.0033	1616.8	-1610.12
inner	E5	BINDING	A_PBAR	SECDECL_0.6_0.5	causal	-29.8	2.19	-45.08	250.4	379	320.0	-35.3	0.293	-61.3	2021.0	-0.0147	1616.8	-1646.6
inner	E5	BINDING	A_PBAR	SECDECL_0.6_0.75	causal	-10.26	3.4	-78.63	49.2	379	50.0	-77.15	0.622	-61.69	2021.0	-0.0051	1616.8	-1627.06
inner	E5	BINDING	A_PBAR	SECDECL_0.6_0.9	causal	-5.94	1.84	-313.25	7.8	379	7.8	-313.25	-12.375	-54.22	2021.0	-0.0029	1616.8	-1622.74
inner	E5	BINDING	A_PBAR	SECDECL_0.7_0.5	causal	-39.71	7.5	-69.49	215.8	379	266.6	-56.28	0.243	-56.08	2021.0	-0.0196	1616.8	-1656.51
inner	E5	BINDING	A_PBAR	SECDECL_0.7_0.75	causal	-9.08	1.05	-104.09	33.4	379	33.6	-103.44	0.836	-64.61	2021.0	-0.0045	1616.8	-1625.88
inner	E5	BINDING	A_PBAR	SECDECL_0.7_0.9	causal	-2.19	1.32	-196.16	4.2	379	4.2	-196.16	-43.244	-41.07	2021.0	-0.0011	1616.8	-1618.99
inner	E5	BINDING	A_PBAR	SECNHAT_0.1	causal	-18.0	26.45	-29.26	226.4	379	278.6	-24.19	0.177	-60.09	2021.0	-0.0089	1616.8	-1634.8
inner	E5	BINDING	A_PBAR	SECNHAT_0.25	causal	-5.86	15.22	-27.5	66.8	379	71.6	-24.68	0.421	-15.25	2021.0	-0.0029	1616.8	-1622.66
inner	E5	BINDING	A_PBAR	SECNHAT_0.5	causal	6.58	1.74	170.36	16.2	379	16.2	170.36	0.843	-35.21	2021.0	0.0033	1616.8	-1610.22
inner	E5	BINDING	A_PBAR	SECNHAT_0.6	causal	6.97	4.34	333.66	9.0	379	9.0	333.66	0.96	-13.52	2021.0	0.0034	1616.8	-1609.83
inner	E5	BINDING	A_PBAR	SECNHAT_0.7	causal	2.76	2.82	157.98	6.6	379	6.6	157.98	0.82	-29.04	2021.0	0.0014	1616.8	-1614.04
inner	E5	BINDING	A_PBAR	SECNHAT_0.8	causal	1.73	2.13	175.0	3.8	379	3.8	175.0	0.359	-15.08	2021.0	0.0009	1616.8	-1615.07
inner	E5	BINDING	A_PBAR	SECRETARY_0.1	LOOKAHEAD_m	-23.88	18.68	-36.14	253.4	379	314.2	-29.16	0.149	-61.84	2021.0	-0.0118	1616.8	-1640.68
inner	E5	BINDING	A_PBAR	SECRETARY_0.25	LOOKAHEAD_m	-15.8	13.2	-63.38	91.4	379	94.2	-60.98	0.393	-42.19	2021.0	-0.0078	1616.8	-1632.6
inner	E5	BINDING	A_PBAR	SECRETARY_0.5	LOOKAHEAD_m	1.32	2.61	32.51	10.4	379	10.4	32.51	0.815	-29.79	2021.0	0.0007	1616.8	-1615.48
inner	E5	BINDING	A_PBAR	SECRETARY_0.6	LOOKAHEAD_m	2.33	2.17	216.67	3.6	379	3.6	216.67	0.481	-21.31	2021.0	0.0012	1616.8	-1614.47
inner	E5	BINDING	A_PBAR	SECRETARY_0.7	LOOKAHEAD_m	-0.24	0.38	-89.5	0.4	379	0.4	-223.75		-26.86	2021.0	-0.0001	1616.8	-1617.04
inner	E5	BINDING	A_PBAR	SECRETARY_0.8	LOOKAHEAD_m	-0.04	0.08	-16.0	0.2	379	0.2	-80.0		-13.33	2021.0	-0.0	1616.8	-1616.84
inner	E5	BINDING	A_PBAR	SECTIME_0.1	causal	-4.27	20.83	-5.53	295.4	379	375.2	-4.46	0.134	-57.37	2021.0	-0.0021	1616.8	-1621.07
inner	E5	BINDING	A_PBAR	SECTIME_0.25	causal	-5.69	13.09	-28.39	71.2	379	73.0	-27.68	0.43	-28.67	2021.0	-0.0028	1616.8	-1622.49
inner	E5	BINDING	A_PBAR	SECTIME_0.5	causal	7.76	3.68	760.77	4.0	379	4.0	760.77	0.859	-30.72	2021.0	0.0038	1616.8	-1609.04
inner	E5	BINDING	A_PBAR	SECTIME_0.6	causal	-0.17	0.31	-59.0	1.2	379	1.2	-73.75	0.507	-22.26	2021.0	-0.0001	1616.8	-1616.97
inner	E5	BINDING	A_PBAR	SECTIME_0.7	causal	-0.1	0.2	-18.5	0.4	379	0.4	-92.5		-15.26	2021.0	-0.0	1616.8	-1616.9
inner	E5	BINDING	A_PBAR	SECTIME_0.8	causal	-0.1	0.2	-18.5	0.4	379	0.4	-92.5		-9.91	2021.0	-0.0	1616.8	-1616.9
inner	E5	BINDING	A_PBAR	SECTIME_RE_0.1	causal	-4.27	20.83	-5.53	295.4	379	375.2	-4.46	0.134	-53.86	2021.0	-0.0021	1616.8	-1621.07
inner	E5	BINDING	A_PBAR	SECTIME_RE_0.25	causal	-5.69	13.09	-28.39	71.2	379	73.0	-27.68	0.43	-50.77	2021.0	-0.0028	1616.8	-1622.49
inner	E5	BINDING	A_PBAR	SECTIME_RE_0.5	causal	7.76	3.68	760.77	4.0	379	4.0	760.77	0.859	-36.11	2021.0	0.0038	1616.8	-1609.04
inner	E5	BINDING	A_PBAR	SECTIME_RE_0.6	causal	-0.17	0.31	-59.0	1.2	379	1.2	-73.75	0.507	-13.53	2021.0	-0.0001	1616.8	-1616.97
inner	E5	BINDING	A_PBAR	SECTIME_RE_0.7	causal	-0.1	0.2	-18.5	0.4	379	0.4	-92.5		-18.94	2021.0	-0.0	1616.8	-1616.9
inner	E5	BINDING	A_PBAR	SECTIME_RE_0.8	causal	-0.1	0.2	-18.5	0.4	379	0.4	-92.5		-12.94	2021.0	-0.0	1616.8	-1616.9
inner	E5	BINDING	A_PWIN	OCCUPANCY_0.5	causal	1.23	32.17	2.58	223.6	379	227.8	2.44	0.201	-27.66	2021.0	0.0006	1616.8	-1615.57
inner	E5	BINDING	A_PWIN	OCCUPANCY_1	causal	-44.68	36.3	-53.02	320.0	379	366.0	-46.46	0.164	-63.52	2021.0	-0.0221	1616.8	-1661.48
inner	E5	BINDING	A_PWIN	OCCUPANCY_2	causal	-44.63	19.3	-52.19	324.4	379	373.4	-45.29	0.168	-41.21	2021.0	-0.0221	1616.8	-1661.43
inner	E5	BINDING	A_PWIN	SECDECL_0.25_0.5	causal	29.31	16.8	42.02	266.8	379	339.2	33.14	0.151	-23.91	2021.0	0.0145	1616.8	-1587.49
inner	E5	BINDING	A_PWIN	SECDECL_0.25_0.75	causal	33.68	8.08	55.84	228.0	379	275.4	46.2	0.172	-40.9	2021.0	0.0167	1616.8	-1583.12
inner	E5	BINDING	A_PWIN	SECDECL_0.25_0.9	causal	40.37	13.55	73.7	207.8	379	242.4	62.93	0.186	-34.7	2021.0	0.02	1616.8	-1576.43
inner	E5	BINDING	A_PWIN	SECDECL_0.5_0.5	causal	1.48	5.7	8.41	83.4	379	87.6	8.31	0.389	-49.42	2021.0	0.0007	1616.8	-1615.32
inner	E5	BINDING	A_PWIN	SECDECL_0.5_0.75	causal	-3.1	5.83	-19.25	55.6	379	56.4	-18.74	0.48	-40.31	2021.0	-0.0015	1616.8	-1619.9
inner	E5	BINDING	A_PWIN	SECDECL_0.5_0.9	causal	-5.89	5.19	-50.26	43.0	379	43.4	-49.6	0.551	-84.5	2021.0	-0.0029	1616.8	-1622.69
inner	E5	BINDING	A_PWIN	SECDECL_0.6_0.5	causal	2.59	8.3	16.18	62.8	379	65.4	15.71	0.494	-63.03	2021.0	0.0013	1616.8	-1614.21
inner	E5	BINDING	A_PWIN	SECDECL_0.6_0.75	causal	4.58	9.48	42.62	40.6	379	41.0	42.88	0.546	-61.38	2021.0	0.0023	1616.8	-1612.22
inner	E5	BINDING	A_PWIN	SECDECL_0.6_0.9	causal	-2.28	8.75	-32.55	31.2	379	31.4	-31.14	0.679	-42.4	2021.0	-0.0011	1616.8	-1619.08
inner	E5	BINDING	A_PWIN	SECDECL_0.7_0.5	causal	-0.27	9.3	-2.48	48.0	379	50.0	-3.45	0.615	-56.2	2021.0	-0.0001	1616.8	-1617.07
inner	E5	BINDING	A_PWIN	SECDECL_0.7_0.75	causal	-4.4	9.52	-59.2	31.0	379	31.0	-59.2	0.775	-77.87	2021.0	-0.0022	1616.8	-1621.2
inner	E5	BINDING	A_PWIN	SECDECL_0.7_0.9	causal	-2.4	7.67	-61.89	22.0	379	22.0	-61.89	0.816	-36.6	2021.0	-0.0012	1616.8	-1619.2
inner	E5	BINDING	A_PWIN	SECNHAT_0.1	causal	22.81	40.81	34.58	256.6	379	313.0	27.33	0.147	-35.41	2021.0	0.0113	1616.8	-1593.99
inner	E5	BINDING	A_PWIN	SECNHAT_0.25	causal	18.53	22.81	54.42	135.8	379	150.2	48.99	0.257	-55.23	2021.0	0.0092	1616.8	-1598.27
inner	E5	BINDING	A_PWIN	SECNHAT_0.5	causal	19.67	19.62	104.65	71.2	379	73.2	100.48	0.383	-11.09	2021.0	0.0097	1616.8	-1597.13
inner	E5	BINDING	A_PWIN	SECNHAT_0.6	causal	14.15	10.86	93.89	55.6	379	56.6	91.45	0.446	-5.11	2021.0	0.007	1616.8	-1602.65
inner	E5	BINDING	A_PWIN	SECNHAT_0.7	causal	10.5	9.32	106.92	40.8	379	41.4	105.11	0.568	-12.32	2021.0	0.0052	1616.8	-1606.3
inner	E5	BINDING	A_PWIN	SECNHAT_0.8	causal	-0.28	7.01	-4.4	30.2	379	30.6	-4.29	0.697	-10.0	2021.0	-0.0001	1616.8	-1617.08
inner	E5	BINDING	A_PWIN	SECRETARY_0.1	LOOKAHEAD_m	15.89	40.66	20.69	291.2	379	371.2	15.85	0.134	-83.7	2021.0	0.0079	1616.8	-1600.91
inner	E5	BINDING	A_PWIN	SECRETARY_0.25	LOOKAHEAD_m	21.69	19.93	52.49	159.4	379	171.0	48.75	0.267	-51.87	2021.0	0.0107	1616.8	-1595.11
inner	E5	BINDING	A_PWIN	SECRETARY_0.5	LOOKAHEAD_m	0.87	9.86	8.96	57.6	379	58.8	9.02	0.476	-45.19	2021.0	0.0004	1616.8	-1615.93
inner	E5	BINDING	A_PWIN	SECRETARY_0.6	LOOKAHEAD_m	-1.07	7.49	-9.4	37.8	379	38.0	-9.25	0.648	-30.63	2021.0	-0.0005	1616.8	-1617.87
inner	E5	BINDING	A_PWIN	SECRETARY_0.7	LOOKAHEAD_m	8.53	5.7	289.96	11.0	379	11.0	289.96	0.962	-21.2	2021.0	0.0042	1616.8	-1608.27
inner	E5	BINDING	A_PWIN	SECRETARY_0.8	LOOKAHEAD_m	-0.13	2.49	61.04	3.2	379	3.2	61.04	-0.522	-16.43	2021.0	-0.0001	1616.8	-1616.93
inner	E5	BINDING	A_PWIN	SECTIME_0.1	causal	47.36	35.01	57.88	307.2	379	399.6	44.06	0.127	-30.84	2021.0	0.0234	1616.8	-1569.44
inner	E5	BINDING	A_PWIN	SECTIME_0.25	causal	12.26	18.49	36.06	132.6	379	143.2	33.44	0.254	-62.18	2021.0	0.0061	1616.8	-1604.54
inner	E5	BINDING	A_PWIN	SECTIME_0.5	causal	-0.85	6.96	-13.44	18.2	379	18.4	-12.67	0.824	-35.5	2021.0	-0.0004	1616.8	-1617.65
inner	E5	BINDING	A_PWIN	SECTIME_0.6	causal	-1.61	5.53	-69.75	12.0	379	12.2	-67.12	0.898	-27.55	2021.0	-0.0008	1616.8	-1618.41
inner	E5	BINDING	A_PWIN	SECTIME_0.7	causal	-3.29	4.25	-145.23	10.0	379	10.2	-140.93	0.43	-11.17	2021.0	-0.0016	1616.8	-1620.09
inner	E5	BINDING	A_PWIN	SECTIME_0.8	causal	-1.11	1.26	-314.25	0.8	379	0.8	-523.75		-11.39	2021.0	-0.0005	1616.8	-1617.91
inner	E5	BINDING	A_PWIN	SECTIME_RE_0.1	causal	47.36	35.01	57.88	307.2	379	399.6	44.06	0.127	-120.78	2021.0	0.0234	1616.8	-1569.44
inner	E5	BINDING	A_PWIN	SECTIME_RE_0.25	causal	12.26	18.49	36.06	132.6	379	143.2	33.44	0.254	-47.59	2021.0	0.0061	1616.8	-1604.54
inner	E5	BINDING	A_PWIN	SECTIME_RE_0.5	causal	-0.85	6.96	-13.44	18.2	379	18.4	-12.67	0.824	-19.87	2021.0	-0.0004	1616.8	-1617.65
inner	E5	BINDING	A_PWIN	SECTIME_RE_0.6	causal	-1.61	5.53	-69.75	12.0	379	12.2	-67.12	0.898	-19.92	2021.0	-0.0008	1616.8	-1618.41
inner	E5	BINDING	A_PWIN	SECTIME_RE_0.7	causal	-3.29	4.25	-145.23	10.0	379	10.2	-140.93	0.43	-16.81	2021.0	-0.0016	1616.8	-1620.09
inner	E5	BINDING	A_PWIN	SECTIME_RE_0.8	causal	-1.11	1.26	-314.25	0.8	379	0.8	-523.75		-18.58	2021.0	-0.0005	1616.8	-1617.91
inner	E6	BINDING	A_EV	OCCUPANCY_0.5	causal	-30.19	8.17	-32.39	427.6	459	503.2	-27.54	0.143	-55.91	2675.0	-0.0113	2140.0	-2170.19
inner	E6	BINDING	A_EV	OCCUPANCY_1	causal	-87.31	12.74	-90.59	442.4	459	534.2	-75.01	0.15	-26.29	2675.0	-0.0326	2140.0	-2227.31
inner	E6	BINDING	A_EV	OCCUPANCY_2	causal	-58.7	14.53	-60.6	444.6	459	561.6	-47.93	0.144	-44.71	2675.0	-0.0219	2140.0	-2198.7
inner	E6	BINDING	A_EV	SECDECL_0.25_0.5	causal	-24.93	15.62	-24.93	459.0	459	954.4	-11.99	0.059	-46.91	2675.0	-0.0093	2140.0	-2164.93
inner	E6	BINDING	A_EV	SECDECL_0.25_0.75	causal	-27.05	14.42	-27.05	459.0	459	927.2	-13.37	0.062	-43.16	2675.0	-0.0101	2140.0	-2167.05
inner	E6	BINDING	A_EV	SECDECL_0.25_0.9	causal	-26.89	22.79	-26.94	458.0	459	877.8	-14.13	0.066	-34.4	2675.0	-0.0101	2140.0	-2166.89
inner	E6	BINDING	A_EV	SECDECL_0.5_0.5	causal	-63.57	20.88	-63.57	459.0	459	968.8	-30.16	0.073	-75.1	2675.0	-0.0238	2140.0	-2203.57
inner	E6	BINDING	A_EV	SECDECL_0.5_0.75	causal	-52.7	17.29	-53.11	455.4	459	856.0	-28.2	0.089	-77.67	2675.0	-0.0197	2140.0	-2192.7
inner	E6	BINDING	A_EV	SECDECL_0.5_0.9	causal	-32.89	29.33	-33.91	441.6	459	746.2	-19.9	0.106	-58.3	2675.0	-0.0123	2140.0	-2172.89
inner	E6	BINDING	A_EV	SECDECL_0.6_0.5	causal	-66.86	16.4	-67.04	457.8	459	934.4	-32.89	0.09	-60.13	2675.0	-0.025	2140.0	-2206.86
inner	E6	BINDING	A_EV	SECDECL_0.6_0.75	causal	-55.13	15.86	-56.1	450.6	459	808.0	-31.12	0.104	-74.87	2675.0	-0.0206	2140.0	-2195.13
inner	E6	BINDING	A_EV	SECDECL_0.6_0.9	causal	-38.52	21.46	-40.67	431.2	459	686.6	-25.23	0.126	-45.33	2675.0	-0.0144	2140.0	-2178.52
inner	E6	BINDING	A_EV	SECDECL_0.7_0.5	causal	-57.23	7.36	-57.53	456.6	459	891.6	-29.47	0.11	-49.78	2675.0	-0.0214	2140.0	-2197.23
inner	E6	BINDING	A_EV	SECDECL_0.7_0.75	causal	-41.15	6.75	-42.83	440.8	459	736.2	-25.61	0.132	-27.99	2675.0	-0.0154	2140.0	-2181.15
inner	E6	BINDING	A_EV	SECDECL_0.7_0.9	causal	-27.25	11.66	-30.15	412.2	459	611.0	-20.13	0.151	-20.67	2675.0	-0.0102	2140.0	-2167.25
inner	E6	BINDING	A_EV	SECNHAT_0.1	causal	-51.84	26.08	-52.21	455.8	459	809.8	-29.54	0.081	-34.59	2675.0	-0.0194	2140.0	-2191.84
inner	E6	BINDING	A_EV	SECNHAT_0.25	causal	-44.38	18.84	-47.08	434.2	459	690.4	-30.07	0.109	-38.65	2675.0	-0.0166	2140.0	-2184.38
inner	E6	BINDING	A_EV	SECNHAT_0.5	causal	-18.76	13.17	-23.6	363.6	459	518.0	-16.44	0.153	-19.32	2675.0	-0.007	2140.0	-2158.76
inner	E6	BINDING	A_EV	SECNHAT_0.6	causal	-22.81	4.14	-32.77	320.4	459	426.2	-24.68	0.173	-36.04	2675.0	-0.0085	2140.0	-2162.81
inner	E6	BINDING	A_EV	SECNHAT_0.7	causal	-12.61	3.45	-21.46	269.8	459	343.2	-16.91	0.203	-22.52	2675.0	-0.0047	2140.0	-2152.61
inner	E6	BINDING	A_EV	SECNHAT_0.8	causal	-14.59	7.24	-30.92	211.8	459	255.2	-25.64	0.277	-26.43	2675.0	-0.0055	2140.0	-2154.59
inner	E6	BINDING	A_EV	SECRETARY_0.1	LOOKAHEAD_m	-61.83	30.29	-62.11	457.2	459	836.6	-34.01	0.065	-87.37	2675.0	-0.0231	2140.0	-2201.83
inner	E6	BINDING	A_EV	SECRETARY_0.25	LOOKAHEAD_m	-43.47	6.9	-45.36	440.2	459	728.4	-27.57	0.101	-45.29	2675.0	-0.0163	2140.0	-2183.47
inner	E6	BINDING	A_EV	SECRETARY_0.5	LOOKAHEAD_m	-26.18	15.13	-30.75	394.6	459	572.6	-21.34	0.123	-40.05	2675.0	-0.0098	2140.0	-2166.18
inner	E6	BINDING	A_EV	SECRETARY_0.6	LOOKAHEAD_m	-23.05	16.05	-28.58	371.8	459	515.4	-20.55	0.138	-34.25	2675.0	-0.0086	2140.0	-2163.05
inner	E6	BINDING	A_EV	SECRETARY_0.7	LOOKAHEAD_m	-37.52	11.14	-50.45	338.8	459	442.6	-38.55	0.136	-17.84	2675.0	-0.014	2140.0	-2177.52
inner	E6	BINDING	A_EV	SECRETARY_0.8	LOOKAHEAD_m	-24.68	8.35	-36.98	302.4	459	373.2	-29.9	0.151	-9.1	2675.0	-0.0092	2140.0	-2164.68
inner	E6	BINDING	A_EV	SECTIME_0.1	causal	4.93	34.45	4.95	458.4	459	865.0	2.51	0.066	-87.16	2675.0	0.0018	2140.0	-2135.07
inner	E6	BINDING	A_EV	SECTIME_0.25	causal	-36.35	7.65	-37.66	442.0	459	727.2	-22.83	0.082	-46.78	2675.0	-0.0136	2140.0	-2176.35
inner	E6	BINDING	A_EV	SECTIME_0.5	causal	-10.57	19.12	-13.48	351.2	459	470.0	-10.18	0.188	-31.24	2675.0	-0.004	2140.0	-2150.57
inner	E6	BINDING	A_EV	SECTIME_0.6	causal	-25.33	13.86	-35.47	324.4	459	410.0	-28.11	0.209	-26.09	2675.0	-0.0095	2140.0	-2165.33
inner	E6	BINDING	A_EV	SECTIME_0.7	causal	-6.41	10.45	-9.84	292.0	459	357.4	-7.98	0.249	-18.56	2675.0	-0.0024	2140.0	-2146.41
inner	E6	BINDING	A_EV	SECTIME_0.8	causal	-18.98	3.6	-34.69	251.0	459	289.6	-30.03	0.229	-7.77	2675.0	-0.0071	2140.0	-2158.98
inner	E6	BINDING	A_EV	SECTIME_RE_0.1	causal	4.89	34.45	4.92	458.4	459	865.2	2.49	0.066	-56.64	2675.0	0.0018	2140.0	-2135.11
inner	E6	BINDING	A_EV	SECTIME_RE_0.25	causal	-36.36	7.65	-37.68	442.0	459	728.2	-22.8	0.082	-47.78	2675.0	-0.0136	2140.0	-2176.36
inner	E6	BINDING	A_EV	SECTIME_RE_0.5	causal	-10.65	19.15	-13.57	351.2	459	471.8	-10.22	0.188	-42.44	2675.0	-0.004	2140.0	-2150.65
inner	E6	BINDING	A_EV	SECTIME_RE_0.6	causal	-25.32	13.95	-35.45	324.4	459	412.0	-27.98	0.208	-36.02	2675.0	-0.0095	2140.0	-2165.32
inner	E6	BINDING	A_EV	SECTIME_RE_0.7	causal	-6.43	10.6	-9.87	292.0	459	360.0	-7.97	0.248	-14.52	2675.0	-0.0024	2140.0	-2146.43
inner	E6	BINDING	A_EV	SECTIME_RE_0.8	causal	-19.11	3.61	-34.93	251.0	459	290.8	-30.11	0.229	-4.86	2675.0	-0.0071	2140.0	-2159.11
inner	E6	BINDING	A_PBAR	OCCUPANCY_0.5	causal	-27.89	33.25	-28.53	450.0	459	531.0	-24.31	0.137	-33.05	2675.0	-0.0104	2140.0	-2167.89
inner	E6	BINDING	A_PBAR	OCCUPANCY_1	causal	-44.54	25.08	-44.71	457.4	459	560.6	-36.47	0.103	-59.02	2675.0	-0.0167	2140.0	-2184.54
inner	E6	BINDING	A_PBAR	OCCUPANCY_2	causal	-40.82	21.79	-40.87	458.4	459	577.8	-32.48	0.092	-37.36	2675.0	-0.0153	2140.0	-2180.82
inner	E6	BINDING	A_PBAR	SECDECL_0.25_0.5	causal	-28.25	9.6	-29.18	443.4	459	702.6	-18.49	0.114	-36.6	2675.0	-0.0106	2140.0	-2168.25
inner	E6	BINDING	A_PBAR	SECDECL_0.25_0.75	causal	-6.85	11.93	-9.68	315.4	459	370.0	-8.33	0.154	-28.67	2675.0	-0.0026	2140.0	-2146.85
inner	E6	BINDING	A_PBAR	SECDECL_0.25_0.9	causal	-15.4	7.74	-31.57	224.8	459	244.2	-28.99	0.17	-79.3	2675.0	-0.0058	2140.0	-2155.4
inner	E6	BINDING	A_PBAR	SECDECL_0.5_0.5	causal	-37.76	4.3	-49.42	350.4	459	459.2	-37.71	0.162	-85.71	2675.0	-0.0141	2140.0	-2177.76
inner	E6	BINDING	A_PBAR	SECDECL_0.5_0.75	causal	-11.53	4.31	-70.21	76.6	459	78.8	-68.3	0.473	-74.17	2675.0	-0.0043	2140.0	-2151.53
inner	E6	BINDING	A_PBAR	SECDECL_0.5_0.9	causal	-3.94	0.93	-152.31	12.4	459	12.4	-152.31	0.923	-69.73	2675.0	-0.0015	2140.0	-2143.94
inner	E6	BINDING	A_PBAR	SECDECL_0.6_0.5	causal	-32.58	4.96	-46.58	321.2	459	405.6	-36.92	0.183	-70.49	2675.0	-0.0122	2140.0	-2172.58
inner	E6	BINDING	A_PBAR	SECDECL_0.6_0.75	causal	-7.21	3.57	-54.04	61.0	459	62.0	-53.37	0.564	-70.96	2675.0	-0.0027	2140.0	-2147.21
inner	E6	BINDING	A_PBAR	SECDECL_0.6_0.9	causal	2.32	2.2	267.22	6.4	459	6.4	267.22	0.909	-68.16	2675.0	0.0009	2140.0	-2137.68
inner	E6	BINDING	A_PBAR	SECDECL_0.7_0.5	causal	-22.55	1.42	-36.7	282.6	459	350.6	-29.65	0.265	-55.11	2675.0	-0.0084	2140.0	-2162.55
inner	E6	BINDING	A_PBAR	SECDECL_0.7_0.75	causal	0.18	4.17	-0.77	49.2	459	49.6	-0.96	0.833	-44.19	2675.0	0.0001	2140.0	-2139.82
inner	E6	BINDING	A_PBAR	SECDECL_0.7_0.9	causal	-1.22	3.05	-240.05	3.8	459	3.8	-240.05	-62.099	-41.61	2675.0	-0.0005	2140.0	-2141.22
inner	E6	BINDING	A_PBAR	SECNHAT_0.1	causal	-48.08	28.95	-82.87	264.0	459	312.2	-70.29	0.168	-58.17	2675.0	-0.018	2140.0	-2188.08
inner	E6	BINDING	A_PBAR	SECNHAT_0.25	causal	-17.61	9.22	-74.51	105.6	459	111.4	-70.8	0.311	-63.81	2675.0	-0.0066	2140.0	-2157.61
inner	E6	BINDING	A_PBAR	SECNHAT_0.5	causal	-1.15	3.22	-32.91	17.2	459	17.4	-34.46	0.926	-43.6	2675.0	-0.0004	2140.0	-2141.15
inner	E6	BINDING	A_PBAR	SECNHAT_0.6	causal	-3.76	1.99	-197.63	9.0	459	9.0	-197.63	0.583	-16.6	2675.0	-0.0014	2140.0	-2143.76
inner	E6	BINDING	A_PBAR	SECNHAT_0.7	causal	-0.75	2.56	-110.5	4.0	459	4.0	-110.5	-0.099	-20.7	2675.0	-0.0003	2140.0	-2140.75
inner	E6	BINDING	A_PBAR	SECNHAT_0.8	causal	0.41	1.4	53.33	2.0	459	2.0	53.33	-3.982	-12.65	2675.0	0.0002	2140.0	-2139.59
inner	E6	BINDING	A_PBAR	SECRETARY_0.1	LOOKAHEAD_m	-53.64	21.43	-87.72	279.4	459	331.8	-74.15	0.134	-73.2	2675.0	-0.0201	2140.0	-2193.64
inner	E6	BINDING	A_PBAR	SECRETARY_0.25	LOOKAHEAD_m	-17.4	9.86	-80.09	99.0	459	104.0	-75.84	0.314	-44.02	2675.0	-0.0065	2140.0	-2157.4
inner	E6	BINDING	A_PBAR	SECRETARY_0.5	LOOKAHEAD_m	-2.52	1.77	-97.42	11.4	459	11.4	-97.42	0.962	-29.74	2675.0	-0.0009	2140.0	-2142.52
inner	E6	BINDING	A_PBAR	SECRETARY_0.6	LOOKAHEAD_m	-0.58	2.28	-44.5	2.8	459	2.8	-44.5	-4.324	-21.94	2675.0	-0.0002	2140.0	-2140.58
inner	E6	BINDING	A_PBAR	SECRETARY_0.7	LOOKAHEAD_m	0.49	0.98	224.0	0.2	459	0.2	1120.0	1.0	-20.83	2675.0	0.0002	2140.0	-2139.51
inner	E6	BINDING	A_PBAR	SECRETARY_0.8	LOOKAHEAD_m	0.0	0.0	0.0	0.0	459	0.0			-14.14	2675.0	0.0	2140.0	-2140.0
inner	E6	BINDING	A_PBAR	SECTIME_0.1	causal	-67.85	22.22	-92.65	333.4	459	409.0	-76.02	0.127	-71.05	2675.0	-0.0254	2140.0	-2207.85
inner	E6	BINDING	A_PBAR	SECTIME_0.25	causal	-0.97	8.68	-2.87	118.2	459	122.6	-2.75	0.297	-73.04	2675.0	-0.0004	2140.0	-2140.97
inner	E6	BINDING	A_PBAR	SECTIME_0.5	causal	-0.56	1.07	-132.5	1.8	459	1.8	-132.5	0.728	-25.58	2675.0	-0.0002	2140.0	-2140.56
inner	E6	BINDING	A_PBAR	SECTIME_0.6	causal	-0.78	1.0	-265.0	1.2	459	1.2	-265.0	-10.625	-25.05	2675.0	-0.0003	2140.0	-2140.78
inner	E6	BINDING	A_PBAR	SECTIME_0.7	causal	-0.81	0.99	-372.0	0.4	459	0.4	-930.0		-25.61	2675.0	-0.0003	2140.0	-2140.81
inner	E6	BINDING	A_PBAR	SECTIME_0.8	causal	0.0	0.0	0.0	0.0	459	0.0			-7.28	2675.0	0.0	2140.0	-2140.0
inner	E6	BINDING	A_PBAR	SECTIME_RE_0.1	causal	-67.85	22.22	-92.65	333.4	459	409.0	-76.02	0.127	-40.59	2675.0	-0.0254	2140.0	-2207.85
inner	E6	BINDING	A_PBAR	SECTIME_RE_0.25	causal	-0.97	8.68	-2.87	118.2	459	122.6	-2.75	0.297	-27.26	2675.0	-0.0004	2140.0	-2140.97
inner	E6	BINDING	A_PBAR	SECTIME_RE_0.5	causal	-0.56	1.07	-132.5	1.8	459	1.8	-132.5	0.728	-16.53	2675.0	-0.0002	2140.0	-2140.56
inner	E6	BINDING	A_PBAR	SECTIME_RE_0.6	causal	-0.78	1.0	-265.0	1.2	459	1.2	-265.0	-10.625	-19.86	2675.0	-0.0003	2140.0	-2140.78
inner	E6	BINDING	A_PBAR	SECTIME_RE_0.7	causal	-0.81	0.99	-372.0	0.4	459	0.4	-930.0		-13.26	2675.0	-0.0003	2140.0	-2140.81
inner	E6	BINDING	A_PBAR	SECTIME_RE_0.8	causal	0.0	0.0	0.0	0.0	459	0.0			-8.79	2675.0	0.0	2140.0	-2140.0
inner	E6	BINDING	A_PWIN	OCCUPANCY_0.5	causal	-68.62	10.57	-143.6	220.0	459	226.6	-139.56	0.247	-38.27	2675.0	-0.0257	2140.0	-2208.62
inner	E6	BINDING	A_PWIN	OCCUPANCY_1	causal	-74.84	17.07	-78.03	440.2	459	525.0	-65.45	0.159	-37.67	2675.0	-0.028	2140.0	-2214.84
inner	E6	BINDING	A_PWIN	OCCUPANCY_2	causal	-62.16	19.31	-64.49	442.4	459	532.4	-53.61	0.155	-42.48	2675.0	-0.0232	2140.0	-2202.16
inner	E6	BINDING	A_PWIN	SECDECL_0.25_0.5	causal	-43.58	20.18	-57.38	345.0	459	441.6	-44.65	0.112	-61.29	2675.0	-0.0163	2140.0	-2183.58
inner	E6	BINDING	A_PWIN	SECDECL_0.25_0.75	causal	-41.46	15.89	-60.71	312.8	459	389.4	-48.49	0.121	-46.72	2675.0	-0.0155	2140.0	-2181.46
inner	E6	BINDING	A_PWIN	SECDECL_0.25_0.9	causal	-38.75	16.43	-59.33	297.2	459	365.8	-47.96	0.131	-85.37	2675.0	-0.0145	2140.0	-2178.75
inner	E6	BINDING	A_PWIN	SECDECL_0.5_0.5	causal	-13.49	5.09	-125.32	49.6	459	50.6	-122.73	0.648	-65.36	2675.0	-0.005	2140.0	-2153.49
inner	E6	BINDING	A_PWIN	SECDECL_0.5_0.75	causal	-8.77	6.47	-146.38	27.8	459	28.2	-143.5	0.847	-71.07	2675.0	-0.0033	2140.0	-2148.77
inner	E6	BINDING	A_PWIN	SECDECL_0.5_0.9	causal	-10.36	6.6	-201.2	23.0	459	23.4	-196.04	0.938	-59.86	2675.0	-0.0039	2140.0	-2150.36
inner	E6	BINDING	A_PWIN	SECDECL_0.6_0.5	causal	-7.4	4.34	-108.78	31.6	459	32.0	-108.09	0.856	-60.82	2675.0	-0.0028	2140.0	-2147.4
inner	E6	BINDING	A_PWIN	SECDECL_0.6_0.75	causal	-6.66	6.13	-231.81	14.4	459	14.4	-231.81	0.855	-52.97	2675.0	-0.0025	2140.0	-2146.66
inner	E6	BINDING	A_PWIN	SECDECL_0.6_0.9	causal	-1.26	3.61	-47.3	10.8	459	10.8	-47.3	0.906	-50.91	2675.0	-0.0005	2140.0	-2141.26
inner	E6	BINDING	A_PWIN	SECDECL_0.7_0.5	causal	0.37	3.22	13.46	24.2	459	24.4	13.7	0.965	-49.1	2675.0	0.0001	2140.0	-2139.63
inner	E6	BINDING	A_PWIN	SECDECL_0.7_0.75	causal	1.02	2.37	45.93	9.6	459	9.6	45.93	0.881	-50.59	2675.0	0.0004	2140.0	-2138.98
inner	E6	BINDING	A_PWIN	SECDECL_0.7_0.9	causal	2.26	1.9	153.74	7.6	459	7.6	153.74	0.821	-31.56	2675.0	0.0008	2140.0	-2137.74
inner	E6	BINDING	A_PWIN	SECNHAT_0.1	causal	-51.55	30.2	-67.62	349.2	459	444.2	-53.2	0.11	-41.76	2675.0	-0.0193	2140.0	-2191.55
inner	E6	BINDING	A_PWIN	SECNHAT_0.25	causal	-24.34	19.37	-73.88	150.0	459	164.0	-67.32	0.27	-26.25	2675.0	-0.0091	2140.0	-2164.34
inner	E6	BINDING	A_PWIN	SECNHAT_0.5	causal	1.29	18.23	15.75	43.2	459	45.2	11.26	0.649	-45.4	2675.0	0.0005	2140.0	-2138.71
inner	E6	BINDING	A_PWIN	SECNHAT_0.6	causal	8.93	8.5	135.18	30.6	459	32.2	124.46	0.729	-22.08	2675.0	0.0033	2140.0	-2131.07
inner	E6	BINDING	A_PWIN	SECNHAT_0.7	causal	9.97	7.32	203.91	21.8	459	23.2	188.44	0.807	-20.45	2675.0	0.0037	2140.0	-2130.03
inner	E6	BINDING	A_PWIN	SECNHAT_0.8	causal	9.8	4.35	312.95	15.0	459	15.8	293.81	0.906	-14.67	2675.0	0.0037	2140.0	-2130.2
inner	E6	BINDING	A_PWIN	SECRETARY_0.1	LOOKAHEAD_m	-44.01	27.49	-54.24	367.0	459	477.2	-41.7	0.114	-61.59	2675.0	-0.0165	2140.0	-2184.01
inner	E6	BINDING	A_PWIN	SECRETARY_0.25	LOOKAHEAD_m	-19.34	25.81	-59.19	149.2	459	163.6	-53.3	0.316	-75.83	2675.0	-0.0072	2140.0	-2159.34
inner	E6	BINDING	A_PWIN	SECRETARY_0.5	LOOKAHEAD_m	0.69	7.09	13.52	24.8	459	24.8	13.52	0.814	-50.97	2675.0	0.0003	2140.0	-2139.31
inner	E6	BINDING	A_PWIN	SECRETARY_0.6	LOOKAHEAD_m	1.69	2.72	79.05	9.2	459	9.2	79.05	0.835	-19.99	2675.0	0.0006	2140.0	-2138.31
inner	E6	BINDING	A_PWIN	SECRETARY_0.7	LOOKAHEAD_m	-2.1	2.11	-268.56	4.2	459	4.2	-268.56	-3.258	-1.86	2675.0	-0.0008	2140.0	-2142.1
inner	E6	BINDING	A_PWIN	SECRETARY_0.8	LOOKAHEAD_m	-0.27	1.01	-123.0	0.6	459	0.6	-205.0	1.0	-20.92	2675.0	-0.0001	2140.0	-2140.27
inner	E6	BINDING	A_PWIN	SECTIME_0.1	causal	-62.0	37.82	-71.51	399.4	459	528.6	-54.51	0.119	-70.17	2675.0	-0.0232	2140.0	-2202.0
inner	E6	BINDING	A_PWIN	SECTIME_0.25	causal	-23.85	25.26	-63.45	170.4	459	184.0	-58.97	0.229	-32.91	2675.0	-0.0089	2140.0	-2163.85
inner	E6	BINDING	A_PWIN	SECTIME_0.5	causal	1.97	4.54	217.51	6.2	459	6.2	217.51	0.56	-22.29	2675.0	0.0007	2140.0	-2138.03
inner	E6	BINDING	A_PWIN	SECTIME_0.6	causal	1.73	3.15	240.92	4.4	459	4.4	240.92	0.294	-18.56	2675.0	0.0006	2140.0	-2138.27
inner	E6	BINDING	A_PWIN	SECTIME_0.7	causal	3.01	2.25	436.25	3.6	459	3.6	436.25	0.423	-11.95	2675.0	0.0011	2140.0	-2136.99
inner	E6	BINDING	A_PWIN	SECTIME_0.8	causal	-0.81	0.99	-372.0	0.4	459	0.4	-930.0		-10.19	2675.0	-0.0003	2140.0	-2140.81
inner	E6	BINDING	A_PWIN	SECTIME_RE_0.1	causal	-62.0	37.82	-71.51	399.4	459	528.6	-54.51	0.119	-26.32	2675.0	-0.0232	2140.0	-2202.0
inner	E6	BINDING	A_PWIN	SECTIME_RE_0.25	causal	-23.85	25.26	-63.45	170.4	459	184.0	-58.97	0.229	-44.22	2675.0	-0.0089	2140.0	-2163.85
inner	E6	BINDING	A_PWIN	SECTIME_RE_0.5	causal	1.97	4.54	217.51	6.2	459	6.2	217.51	0.56	-28.86	2675.0	0.0007	2140.0	-2138.03
inner	E6	BINDING	A_PWIN	SECTIME_RE_0.6	causal	1.73	3.15	240.92	4.4	459	4.4	240.92	0.294	-17.75	2675.0	0.0006	2140.0	-2138.27
inner	E6	BINDING	A_PWIN	SECTIME_RE_0.7	causal	3.01	2.25	436.25	3.6	459	3.6	436.25	0.423	-5.45	2675.0	0.0011	2140.0	-2136.99
inner	E6	BINDING	A_PWIN	SECTIME_RE_0.8	causal	-0.81	0.99	-372.0	0.4	459	0.4	-930.0		-7.85	2675.0	-0.0003	2140.0	-2140.81
inner	E7	BINDING	A_EV	OCCUPANCY_0.5	causal	-43.7	26.9	-48.01	485.8	534	574.2	-40.68	0.146	-39.08	3360.0	-0.013	2688.0	-2731.7
inner	E7	BINDING	A_EV	OCCUPANCY_1	causal	-45.68	28.46	-48.53	502.0	534	608.2	-40.23	0.142	-64.04	3360.0	-0.0136	2688.0	-2733.68
inner	E7	BINDING	A_EV	OCCUPANCY_2	causal	-64.2	36.91	-67.58	508.0	534	637.0	-53.89	0.13	-58.58	3360.0	-0.0191	2688.0	-2752.2
inner	E7	BINDING	A_EV	SECDECL_0.25_0.5	causal	-56.56	27.66	-56.56	534.0	534	1087.8	-27.86	0.067	-42.21	3360.0	-0.0168	2688.0	-2744.56
inner	E7	BINDING	A_EV	SECDECL_0.25_0.75	causal	-73.04	29.44	-73.04	534.0	534	1057.8	-36.96	0.071	-66.77	3360.0	-0.0217	2688.0	-2761.04
inner	E7	BINDING	A_EV	SECDECL_0.25_0.9	causal	-61.78	27.9	-61.82	533.6	534	1012.6	-32.71	0.074	-75.52	3360.0	-0.0184	2688.0	-2749.78
inner	E7	BINDING	A_EV	SECDECL_0.5_0.5	causal	-51.91	15.48	-51.91	534.0	534	1114.2	-24.89	0.08	-61.18	3360.0	-0.0155	2688.0	-2739.91
inner	E7	BINDING	A_EV	SECDECL_0.5_0.75	causal	-57.03	21.64	-57.39	530.8	534	1002.8	-30.33	0.083	-62.54	3360.0	-0.017	2688.0	-2745.03
inner	E7	BINDING	A_EV	SECDECL_0.5_0.9	causal	-56.15	25.92	-57.8	518.0	534	864.4	-34.61	0.1	-50.55	3360.0	-0.0167	2688.0	-2744.15
inner	E7	BINDING	A_EV	SECDECL_0.6_0.5	causal	-67.39	12.34	-67.39	534.0	534	1081.2	-33.35	0.086	-81.4	3360.0	-0.0201	2688.0	-2755.39
inner	E7	BINDING	A_EV	SECDECL_0.6_0.75	causal	-75.63	12.19	-76.57	527.8	534	951.6	-42.58	0.095	-65.13	3360.0	-0.0225	2688.0	-2763.63
inner	E7	BINDING	A_EV	SECDECL_0.6_0.9	causal	-60.98	15.95	-64.63	503.4	534	795.8	-40.84	0.118	-51.26	3360.0	-0.0181	2688.0	-2748.98
inner	E7	BINDING	A_EV	SECDECL_0.7_0.5	causal	-76.03	14.69	-76.17	533.0	534	1023.6	-39.68	0.095	-73.25	3360.0	-0.0226	2688.0	-2764.03
inner	E7	BINDING	A_EV	SECDECL_0.7_0.75	causal	-67.54	18.43	-69.09	522.2	534	889.0	-40.59	0.11	-60.38	3360.0	-0.0201	2688.0	-2755.54
inner	E7	BINDING	A_EV	SECDECL_0.7_0.9	causal	-53.93	11.7	-59.23	486.2	534	722.6	-39.78	0.134	-44.76	3360.0	-0.0161	2688.0	-2741.93
inner	E7	BINDING	A_EV	SECNHAT_0.1	causal	-9.78	39.71	-9.84	533.4	534	994.4	-5.69	0.063	-64.58	3360.0	-0.0029	2688.0	-2697.78
inner	E7	BINDING	A_EV	SECNHAT_0.25	causal	-12.59	24.92	-12.99	522.6	534	881.4	-7.62	0.08	-45.69	3360.0	-0.0037	2688.0	-2700.59
inner	E7	BINDING	A_EV	SECNHAT_0.5	causal	-46.86	28.99	-54.07	460.0	534	646.0	-38.28	0.118	-70.58	3360.0	-0.0139	2688.0	-2734.86
inner	E7	BINDING	A_EV	SECNHAT_0.6	causal	-48.33	23.35	-62.48	412.4	534	546.2	-46.95	0.147	-41.52	3360.0	-0.0144	2688.0	-2736.33
inner	E7	BINDING	A_EV	SECNHAT_0.7	causal	-49.21	21.4	-73.53	355.8	534	442.2	-58.95	0.156	-36.95	3360.0	-0.0146	2688.0	-2737.21
inner	E7	BINDING	A_EV	SECNHAT_0.8	causal	-27.53	24.24	-48.1	304.4	534	367.4	-39.32	0.178	-23.67	3360.0	-0.0082	2688.0	-2715.53
inner	E7	BINDING	A_EV	SECRETARY_0.1	LOOKAHEAD_m	-11.71	20.03	-11.71	534.0	534	1026.2	-6.17	0.059	-75.88	3360.0	-0.0035	2688.0	-2699.71
inner	E7	BINDING	A_EV	SECRETARY_0.25	LOOKAHEAD_m	-47.98	30.23	-48.27	530.6	534	938.0	-27.51	0.083	-60.09	3360.0	-0.0143	2688.0	-2735.98
inner	E7	BINDING	A_EV	SECRETARY_0.5	LOOKAHEAD_m	-55.1	25.48	-58.99	498.8	534	760.4	-38.48	0.101	-39.19	3360.0	-0.0164	2688.0	-2743.1
inner	E7	BINDING	A_EV	SECRETARY_0.6	LOOKAHEAD_m	-50.34	10.38	-57.27	469.0	534	675.6	-39.66	0.101	-27.1	3360.0	-0.015	2688.0	-2738.34
inner	E7	BINDING	A_EV	SECRETARY_0.7	LOOKAHEAD_m	-46.68	13.85	-57.42	433.6	534	585.8	-42.42	0.118	-22.04	3360.0	-0.0139	2688.0	-2734.68
inner	E7	BINDING	A_EV	SECRETARY_0.8	LOOKAHEAD_m	-38.78	11.64	-55.01	376.2	534	478.8	-43.07	0.157	-25.72	3360.0	-0.0115	2688.0	-2726.78
inner	E7	BINDING	A_EV	SECTIME_0.1	causal	-25.39	19.59	-25.39	534.0	534	1023.4	-13.29	0.062	-17.2	3360.0	-0.0076	2688.0	-2713.39
inner	E7	BINDING	A_EV	SECTIME_0.25	causal	-31.98	21.71	-32.22	530.0	534	933.8	-18.39	0.076	-69.44	3360.0	-0.0095	2688.0	-2719.98
inner	E7	BINDING	A_EV	SECTIME_0.5	causal	-48.87	20.5	-56.94	458.0	534	629.2	-41.26	0.129	-27.67	3360.0	-0.0145	2688.0	-2736.87
inner	E7	BINDING	A_EV	SECTIME_0.6	causal	-41.64	11.51	-53.01	419.4	534	549.0	-40.35	0.159	-17.15	3360.0	-0.0124	2688.0	-2729.64
inner	E7	BINDING	A_EV	SECTIME_0.7	causal	-29.24	13.14	-41.53	381.0	534	473.4	-33.22	0.208	-27.64	3360.0	-0.0087	2688.0	-2717.24
inner	E7	BINDING	A_EV	SECTIME_0.8	causal	-27.25	8.23	-43.32	337.6	534	405.6	-35.95	0.21	-5.54	3360.0	-0.0081	2688.0	-2715.25
inner	E7	BINDING	A_EV	SECTIME_RE_0.1	causal	-25.56	19.61	-25.56	534.0	534	1026.4	-13.35	0.062	-78.74	3360.0	-0.0076	2688.0	-2713.56
inner	E7	BINDING	A_EV	SECTIME_RE_0.25	causal	-32.26	21.7	-32.5	530.0	534	939.4	-18.45	0.076	-48.36	3360.0	-0.0096	2688.0	-2720.26
inner	E7	BINDING	A_EV	SECTIME_RE_0.5	causal	-49.45	20.41	-57.62	458.0	534	636.4	-41.33	0.129	-49.15	3360.0	-0.0147	2688.0	-2737.45
inner	E7	BINDING	A_EV	SECTIME_RE_0.6	causal	-42.3	11.53	-53.85	419.4	534	556.6	-40.44	0.158	-32.54	3360.0	-0.0126	2688.0	-2730.3
inner	E7	BINDING	A_EV	SECTIME_RE_0.7	causal	-29.84	13.08	-42.36	381.0	534	480.6	-33.4	0.207	-12.53	3360.0	-0.0089	2688.0	-2717.84
inner	E7	BINDING	A_EV	SECTIME_RE_0.8	causal	-27.62	8.11	-43.9	337.6	534	411.6	-35.91	0.209	-8.65	3360.0	-0.0082	2688.0	-2715.62
inner	E7	BINDING	A_PBAR	OCCUPANCY_0.5	causal	-75.47	17.14	-78.62	513.2	534	605.6	-66.62	0.098	-37.96	3360.0	-0.0225	2688.0	-2763.47
inner	E7	BINDING	A_PBAR	OCCUPANCY_1	causal	-46.72	22.46	-47.33	526.8	534	640.4	-39.06	0.084	-71.42	3360.0	-0.0139	2688.0	-2734.72
inner	E7	BINDING	A_PBAR	OCCUPANCY_2	causal	-38.23	11.88	-38.49	530.6	534	674.6	-30.28	0.079	-70.56	3360.0	-0.0114	2688.0	-2726.23
inner	E7	BINDING	A_PBAR	SECDECL_0.25_0.5	causal	-41.76	10.27	-42.26	527.8	534	885.6	-25.22	0.097	-72.41	3360.0	-0.0124	2688.0	-2729.76
inner	E7	BINDING	A_PBAR	SECDECL_0.25_0.75	causal	-17.52	15.45	-21.48	432.6	534	549.8	-16.75	0.105	-31.39	3360.0	-0.0052	2688.0	-2705.52
inner	E7	BINDING	A_PBAR	SECDECL_0.25_0.9	causal	12.24	30.29	24.45	299.8	534	351.0	20.58	0.162	-87.73	3360.0	0.0036	2688.0	-2675.76
inner	E7	BINDING	A_PBAR	SECDECL_0.5_0.5	causal	-61.13	4.78	-69.34	470.4	534	667.8	-48.82	0.107	-77.04	3360.0	-0.0182	2688.0	-2749.13
inner	E7	BINDING	A_PBAR	SECDECL_0.5_0.75	causal	-25.2	3.51	-79.91	171.0	534	189.6	-72.2	0.297	-91.95	3360.0	-0.0075	2688.0	-2713.2
inner	E7	BINDING	A_PBAR	SECDECL_0.5_0.9	causal	-4.79	4.07	-53.26	44.8	534	46.0	-52.53	0.622	-33.24	3360.0	-0.0014	2688.0	-2692.79
inner	E7	BINDING	A_PBAR	SECDECL_0.6_0.5	causal	-63.8	2.18	-77.23	441.4	534	602.8	-56.63	0.135	-57.48	3360.0	-0.019	2688.0	-2751.8
inner	E7	BINDING	A_PBAR	SECDECL_0.6_0.75	causal	-29.35	5.68	-125.36	125.8	534	134.8	-117.3	0.465	-67.26	3360.0	-0.0087	2688.0	-2717.35
inner	E7	BINDING	A_PBAR	SECDECL_0.6_0.9	causal	1.41	3.15	27.75	24.2	534	25.2	26.29	0.886	-54.13	3360.0	0.0004	2688.0	-2686.59
inner	E7	BINDING	A_PBAR	SECDECL_0.7_0.5	causal	-43.35	4.51	-57.87	400.2	534	517.2	-44.81	0.207	-65.56	3360.0	-0.0129	2688.0	-2731.35
inner	E7	BINDING	A_PBAR	SECDECL_0.7_0.75	causal	-10.38	2.33	-58.1	95.0	534	99.6	-55.4	0.681	-43.86	3360.0	-0.0031	2688.0	-2698.38
inner	E7	BINDING	A_PBAR	SECDECL_0.7_0.9	causal	0.53	2.62	12.52	12.0	534	12.0	12.52	0.923	-62.97	3360.0	0.0002	2688.0	-2687.47
inner	E7	BINDING	A_PBAR	SECNHAT_0.1	causal	-22.37	16.07	-34.9	343.8	534	398.4	-30.13	0.119	-53.73	3360.0	-0.0067	2688.0	-2710.37
inner	E7	BINDING	A_PBAR	SECNHAT_0.25	causal	-0.45	8.48	-2.02	168.4	534	175.8	-2.09	0.215	-48.65	3360.0	-0.0001	2688.0	-2688.45
inner	E7	BINDING	A_PBAR	SECNHAT_0.5	causal	-10.81	6.3	-98.19	59.2	534	59.4	-97.65	0.529	-15.32	3360.0	-0.0032	2688.0	-2698.81
inner	E7	BINDING	A_PBAR	SECNHAT_0.6	causal	-7.97	5.01	-107.3	41.0	534	41.2	-106.18	0.68	-23.77	3360.0	-0.0024	2688.0	-2695.97
inner	E7	BINDING	A_PBAR	SECNHAT_0.7	causal	-5.79	4.35	-109.69	29.2	534	29.4	-107.76	0.75	-18.37	3360.0	-0.0017	2688.0	-2693.79
inner	E7	BINDING	A_PBAR	SECNHAT_0.8	causal	-3.69	3.36	-100.01	20.2	534	20.2	-100.01	0.87	-20.07	3360.0	-0.0011	2688.0	-2691.69
inner	E7	BINDING	A_PBAR	SECRETARY_0.1	LOOKAHEAD_m	16.58	17.65	25.1	354.6	534	412.6	21.69	0.115	-80.73	3360.0	0.0049	2688.0	-2671.42
inner	E7	BINDING	A_PBAR	SECRETARY_0.25	LOOKAHEAD_m	-21.4	6.6	-74.35	154.8	534	162.0	-71.04	0.267	-40.59	3360.0	-0.0064	2688.0	-2709.4
inner	E7	BINDING	A_PBAR	SECRETARY_0.5	LOOKAHEAD_m	11.83	3.1	315.11	21.0	534	21.2	310.74	0.785	-54.05	3360.0	0.0035	2688.0	-2676.17
inner	E7	BINDING	A_PBAR	SECRETARY_0.6	LOOKAHEAD_m	5.5	2.87	352.08	8.8	534	8.8	352.08	0.964	-34.43	3360.0	0.0016	2688.0	-2682.5
inner	E7	BINDING	A_PBAR	SECRETARY_0.7	LOOKAHEAD_m	-1.32	0.95	-392.33	1.6	534	1.6	-490.42	-9.61	-11.73	3360.0	-0.0004	2688.0	-2689.32
inner	E7	BINDING	A_PBAR	SECRETARY_0.8	LOOKAHEAD_m	-0.7	0.89	-375.5	0.6	534	0.6	-625.83	1.0	-17.03	3360.0	-0.0002	2688.0	-2688.7
inner	E7	BINDING	A_PBAR	SECTIME_0.1	causal	-2.11	14.96	-2.12	418.0	534	512.4	-1.63	0.094	-84.97	3360.0	-0.0006	2688.0	-2690.11
inner	E7	BINDING	A_PBAR	SECTIME_0.25	causal	7.51	6.58	23.87	171.0	534	183.4	22.29	0.216	-60.89	3360.0	0.0022	2688.0	-2680.49
inner	E7	BINDING	A_PBAR	SECTIME_0.5	causal	1.53	3.17	66.7	9.6	534	9.6	66.7	0.816	-40.16	3360.0	0.0005	2688.0	-2686.47
inner	E7	BINDING	A_PBAR	SECTIME_0.6	causal	-1.96	1.24	-488.33	2.4	534	2.4	-488.33	-1.074	-27.73	3360.0	-0.0006	2688.0	-2689.96
inner	E7	BINDING	A_PBAR	SECTIME_0.7	causal	-1.04	1.39	-372.0	0.6	534	0.6	-930.0		-11.99	3360.0	-0.0003	2688.0	-2689.04
inner	E7	BINDING	A_PBAR	SECTIME_0.8	causal	0.0	0.0	0.0	0.0	534	0.0			-10.64	3360.0	0.0	2688.0	-2688.0
inner	E7	BINDING	A_PBAR	SECTIME_RE_0.1	causal	-2.11	14.96	-2.12	418.0	534	512.4	-1.63	0.094	-77.76	3360.0	-0.0006	2688.0	-2690.11
inner	E7	BINDING	A_PBAR	SECTIME_RE_0.25	causal	7.51	6.58	23.87	171.0	534	183.4	22.29	0.216	-44.57	3360.0	0.0022	2688.0	-2680.49
inner	E7	BINDING	A_PBAR	SECTIME_RE_0.5	causal	1.53	3.17	66.7	9.6	534	9.6	66.7	0.816	-44.49	3360.0	0.0005	2688.0	-2686.47
inner	E7	BINDING	A_PBAR	SECTIME_RE_0.6	causal	-1.96	1.24	-488.33	2.4	534	2.4	-488.33	-1.074	-24.28	3360.0	-0.0006	2688.0	-2689.96
inner	E7	BINDING	A_PBAR	SECTIME_RE_0.7	causal	-1.04	1.39	-372.0	0.6	534	0.6	-930.0		-15.55	3360.0	-0.0003	2688.0	-2689.04
inner	E7	BINDING	A_PBAR	SECTIME_RE_0.8	causal	0.0	0.0	0.0	0.0	534	0.0			-10.95	3360.0	0.0	2688.0	-2688.0
inner	E7	BINDING	A_PWIN	OCCUPANCY_0.5	causal	-23.5	17.31	-41.94	298.0	534	319.4	-39.19	0.194	-44.95	3360.0	-0.007	2688.0	-2711.5
inner	E7	BINDING	A_PWIN	OCCUPANCY_1	causal	-58.36	15.68	-62.78	496.4	534	587.2	-53.11	0.12	-69.48	3360.0	-0.0174	2688.0	-2746.36
inner	E7	BINDING	A_PWIN	OCCUPANCY_2	causal	-49.03	14.92	-52.25	500.6	534	599.4	-43.67	0.132	-69.55	3360.0	-0.0146	2688.0	-2737.03
inner	E7	BINDING	A_PWIN	SECDECL_0.25_0.5	causal	-28.24	34.87	-41.34	369.2	534	459.0	-33.36	0.109	-65.57	3360.0	-0.0084	2688.0	-2716.24
inner	E7	BINDING	A_PWIN	SECDECL_0.25_0.75	causal	-30.85	41.25	-51.38	329.6	534	398.6	-43.2	0.116	-96.83	3360.0	-0.0092	2688.0	-2718.85
inner	E7	BINDING	A_PWIN	SECDECL_0.25_0.9	causal	-29.47	40.54	-52.4	310.2	534	367.6	-45.09	0.123	-79.36	3360.0	-0.0088	2688.0	-2717.47
inner	E7	BINDING	A_PWIN	SECDECL_0.5_0.5	causal	-11.23	11.05	-64.92	89.0	534	92.6	-61.58	0.367	-63.34	3360.0	-0.0033	2688.0	-2699.23
inner	E7	BINDING	A_PWIN	SECDECL_0.5_0.75	causal	-7.88	12.03	-65.05	64.2	534	66.6	-62.63	0.447	-59.06	3360.0	-0.0023	2688.0	-2695.88
inner	E7	BINDING	A_PWIN	SECDECL_0.5_0.9	causal	-5.56	11.71	-57.46	51.2	534	52.2	-56.37	0.496	-60.22	3360.0	-0.0017	2688.0	-2693.56
inner	E7	BINDING	A_PWIN	SECDECL_0.6_0.5	causal	-10.62	6.63	-93.16	57.8	534	60.8	-88.35	0.56	-67.15	3360.0	-0.0032	2688.0	-2698.62
inner	E7	BINDING	A_PWIN	SECDECL_0.6_0.75	causal	-8.51	7.25	-104.98	41.6	534	43.4	-100.07	0.609	-70.71	3360.0	-0.0025	2688.0	-2696.51
inner	E7	BINDING	A_PWIN	SECDECL_0.6_0.9	causal	-8.57	6.51	-138.14	32.8	534	34.0	-131.08	0.698	-66.29	3360.0	-0.0025	2688.0	-2696.57
inner	E7	BINDING	A_PWIN	SECDECL_0.7_0.5	causal	-12.25	8.34	-161.52	38.8	534	39.6	-157.45	0.81	-74.18	3360.0	-0.0036	2688.0	-2700.25
inner	E7	BINDING	A_PWIN	SECDECL_0.7_0.75	causal	-10.14	4.22	-195.15	27.6	534	27.8	-194.1	0.888	-61.39	3360.0	-0.003	2688.0	-2698.14
inner	E7	BINDING	A_PWIN	SECDECL_0.7_0.9	causal	-9.24	3.72	-219.15	22.0	534	22.4	-215.56	0.934	-49.7	3360.0	-0.0028	2688.0	-2697.24
inner	E7	BINDING	A_PWIN	SECNHAT_0.1	causal	-40.76	32.74	-52.02	410.6	534	506.6	-42.28	0.101	-70.77	3360.0	-0.0121	2688.0	-2728.76
inner	E7	BINDING	A_PWIN	SECNHAT_0.25	causal	-7.13	10.04	-16.1	232.6	534	268.6	-14.22	0.161	-52.73	3360.0	-0.0021	2688.0	-2695.13
inner	E7	BINDING	A_PWIN	SECNHAT_0.5	causal	-10.04	14.77	-54.11	107.2	534	118.6	-49.86	0.307	-37.36	3360.0	-0.003	2688.0	-2698.04
inner	E7	BINDING	A_PWIN	SECNHAT_0.6	causal	-5.1	16.8	-35.39	89.0	534	97.2	-32.74	0.365	-21.35	3360.0	-0.0015	2688.0	-2693.1
inner	E7	BINDING	A_PWIN	SECNHAT_0.7	causal	1.46	4.13	10.29	69.8	534	75.4	9.43	0.415	-11.54	3360.0	0.0004	2688.0	-2686.54
inner	E7	BINDING	A_PWIN	SECNHAT_0.8	causal	9.61	3.71	91.6	56.0	534	61.0	84.53	0.455	-17.57	3360.0	0.0029	2688.0	-2678.39
inner	E7	BINDING	A_PWIN	SECRETARY_0.1	LOOKAHEAD_m	-8.82	24.55	-10.48	434.6	534	563.4	-8.28	0.092	-34.42	3360.0	-0.0026	2688.0	-2696.82
inner	E7	BINDING	A_PWIN	SECRETARY_0.25	LOOKAHEAD_m	-19.47	17.29	-44.54	235.8	534	264.2	-40.35	0.17	-34.53	3360.0	-0.0058	2688.0	-2707.47
inner	E7	BINDING	A_PWIN	SECRETARY_0.5	LOOKAHEAD_m	3.87	8.32	27.48	65.6	534	67.8	25.73	0.425	-47.89	3360.0	0.0012	2688.0	-2684.13
inner	E7	BINDING	A_PWIN	SECRETARY_0.6	LOOKAHEAD_m	-2.63	12.62	-55.18	36.2	534	37.2	-56.43	0.615	-24.54	3360.0	-0.0008	2688.0	-2690.63
inner	E7	BINDING	A_PWIN	SECRETARY_0.7	LOOKAHEAD_m	-1.17	4.0	-43.95	21.0	534	21.4	-45.22	0.794	-16.62	3360.0	-0.0003	2688.0	-2689.17
inner	E7	BINDING	A_PWIN	SECRETARY_0.8	LOOKAHEAD_m	0.55	3.37	6.85	8.8	534	9.0	4.1	0.616	-15.07	3360.0	0.0002	2688.0	-2687.45
inner	E7	BINDING	A_PWIN	SECTIME_0.1	causal	-24.05	17.11	-27.67	463.8	534	606.8	-21.4	0.088	-62.03	3360.0	-0.0072	2688.0	-2712.05
inner	E7	BINDING	A_PWIN	SECTIME_0.25	causal	-33.71	14.98	-76.67	234.4	534	262.4	-68.86	0.165	-50.39	3360.0	-0.01	2688.0	-2721.71
inner	E7	BINDING	A_PWIN	SECTIME_0.5	causal	-0.93	5.9	-21.04	33.6	534	34.0	-22.2	0.618	-27.92	3360.0	-0.0003	2688.0	-2688.93
inner	E7	BINDING	A_PWIN	SECTIME_0.6	causal	-4.34	3.69	-109.03	22.8	534	23.0	-109.36	0.842	-25.6	3360.0	-0.0013	2688.0	-2692.34
inner	E7	BINDING	A_PWIN	SECTIME_0.7	causal	-4.75	3.98	-150.62	16.8	534	16.8	-150.62	0.945	-15.26	3360.0	-0.0014	2688.0	-2692.75
inner	E7	BINDING	A_PWIN	SECTIME_0.8	causal	-3.01	2.26	-267.88	6.8	534	6.8	-267.88	-10.232	-8.44	3360.0	-0.0009	2688.0	-2691.01
inner	E7	BINDING	A_PWIN	SECTIME_RE_0.1	causal	-24.05	17.11	-27.67	463.8	534	606.8	-21.4	0.088	-52.55	3360.0	-0.0072	2688.0	-2712.05
inner	E7	BINDING	A_PWIN	SECTIME_RE_0.25	causal	-33.71	14.98	-76.67	234.4	534	262.4	-68.86	0.165	-53.94	3360.0	-0.01	2688.0	-2721.71
inner	E7	BINDING	A_PWIN	SECTIME_RE_0.5	causal	-0.93	5.9	-21.04	33.6	534	34.0	-22.2	0.618	-46.13	3360.0	-0.0003	2688.0	-2688.93
inner	E7	BINDING	A_PWIN	SECTIME_RE_0.6	causal	-4.34	3.69	-109.03	22.8	534	23.0	-109.36	0.842	-14.62	3360.0	-0.0013	2688.0	-2692.34
inner	E7	BINDING	A_PWIN	SECTIME_RE_0.7	causal	-4.75	3.98	-150.62	16.8	534	16.8	-150.62	0.945	-28.19	3360.0	-0.0014	2688.0	-2692.75
inner	E7	BINDING	A_PWIN	SECTIME_RE_0.8	causal	-3.01	2.26	-267.88	6.8	534	6.8	-267.88	-10.232	-11.89	3360.0	-0.0009	2688.0	-2691.01
