# E1 STUDY LEDGER — reader=opus-discretionary, era=E1, block=STUDY, sheets_version=PORT-SHEETS-V1.1
# Format: PORT_M2_SHEETS_SPEC §3 / READER_BRIEFING §1, + CC-M2-4/5 annotation columns. Rows appended per day.
cid	call	conf	primary	against	interaction	novel	premortem	minimal_pair	flip_threshold	sections_read	depth	taint	n_terms	terms	asset	phase_dec	clock	candidate_class
NKD-20210701-000027-L	SKIP	C	primary: S13 spread_at_decision=$175 vs NKD era spread_med $50 — the entrant pays a liquidity fact, not a transient quote (P005 ENTRY_SPREAD_TAX)	against: T2; T3; T5; T6						TRIAGE-INDEX-ONLY	TRIAGE	DIRECT	4	1478	NKD	TOKYO	00:00:27	OPEN-DYNAMICS
NKD-20210701-000028-L	SKIP	C	primary: S13 spread_at_decision=$175 vs NKD era spread_med $50 — the entrant pays a liquidity fact, not a transient quote (P005 ENTRY_SPREAD_TAX)	against: T2; T3; T5; T6						TRIAGE-INDEX-ONLY	TRIAGE	WINDOW	4	1478	NKD	TOKYO	00:00:28	OPEN-DYNAMICS
NKD-20210701-000068-S	SKIP	C	primary: S8 60s n=4 vol=4 — no transacting counterparty in the last minute (P004 DEAD_BOOK_VETO)	against: T1; T2; T3; T5; T6						TRIAGE-INDEX-ONLY	TRIAGE	WINDOW	3	478	NKD	TOKYO	00:01:08	OPEN-DYNAMICS
NKD-20210701-000132-L	SKIP	C	primary: S8 60s n=1 vol=1 — no transacting counterparty in the last minute (P004 DEAD_BOOK_VETO)	against: T1; T3; T5; T6						TRIAGE-INDEX-ONLY	TRIAGE	WINDOW	4	2478	NKD	TOKYO	00:02:12	OPEN-DYNAMICS
NKD-20210701-000133-L	SKIP	C	primary: S8 60s n=1 vol=1 — no transacting counterparty in the last minute (P004 DEAD_BOOK_VETO)	against: T1; T3; T5; T6						TRIAGE-INDEX-ONLY	TRIAGE	WINDOW	4	2478	NKD	TOKYO	00:02:13	REVERSAL-CONFIRMATION
NKD-20210701-000173-S	SKIP	C	primary: S8 60s n=1 vol=1 — no transacting counterparty in the last minute (P004 DEAD_BOOK_VETO)	against: T1; T2; T3; T5; T6						TRIAGE-INDEX-ONLY	TRIAGE	WINDOW	3	478	NKD	TOKYO	00:02:53	REVERSAL-CONFIRMATION
NKD-20210701-000237-L	SKIP	C	primary: S8 60s n=0 vol=0 — no transacting counterparty in the last minute (P004 DEAD_BOOK_VETO)	against: T1; T2; T3; T5; T6; T8; S9 rv1800/rv60=11.62						TRIAGE-INDEX-ONLY	TRIAGE	WINDOW	2	47	NKD	TOKYO	00:03:57	REVERSAL-CONFIRMATION
HG-20210701-000436-L	SKIP	C	primary: S8 60s n=2 vol=3 — no transacting counterparty in the last minute (P004 DEAD_BOOK_VETO)	against: T1; T3; T5; T6						TRIAGE-INDEX-ONLY	TRIAGE	CLEAN	4	2478	HG	TOKYO	00:07:16	REVERSAL-CONFIRMATION
NKD-20210701-000799-L	SKIP	C	primary: S8 60s n=0 vol=0 — no transacting counterparty in the last minute (P004 DEAD_BOOK_VETO)	against: T1; T3; T5; T8; S9 rv1800/rv60=8.76						TRIAGE-INDEX-ONLY	TRIAGE	WINDOW	4	2467	NKD	TOKYO	00:13:19	REVERSAL-CONFIRMATION
SI-20210701-000933-S	SKIP	C	primary: S8 60s n=4 vol=5 — no transacting counterparty in the last minute (P004 DEAD_BOOK_VETO)	against: T1; T3; T5						TRIAGE-INDEX-ONLY	TRIAGE	CLEAN	5	24678	SI	TOKYO	00:15:33	REVERSAL-CONFIRMATION
NKD-20210701-001978-L	SKIP	C	primary: S8 60s n=0 vol=0 — no transacting counterparty in the last minute (P004 DEAD_BOOK_VETO)	against: T1; T3; T5; T6; T7; T8						TRIAGE-INDEX-ONLY	TRIAGE	WINDOW	2	24	NKD	TOKYO	00:32:58	REVERSAL-CONFIRMATION
SI-20210701-002080-S	SKIP	C	primary: S8 60s n=6 vol=8 — no transacting counterparty in the last minute (P004 DEAD_BOOK_VETO)	against: T1; T2; T3; T7						TRIAGE-INDEX-ONLY	TRIAGE	CLEAN	4	4568	SI	TOKYO	00:34:40	REVERSAL-CONFIRMATION
HG-20210701-002106-S	SKIP	C	primary: S8 60s n=2 vol=7 — no transacting counterparty in the last minute (P004 DEAD_BOOK_VETO)	against: T1; T3; T5; T7; S3 binding unspent=$985.9 < $1000 bar (q50 median, not a cap — reported, not weighted)						S3,S4,S5,S7,S8	DEEP	CLEAN	4	2468	HG	TOKYO	00:35:06	REVERSAL-CONFIRMATION
SI-20210701-002632-S	SKIP	C	primary: S8 60s n=1 vol=1 — no transacting counterparty in the last minute (P004 DEAD_BOOK_VETO)	against: T1; T2; T3; T6; T7; T8						TRIAGE-INDEX-ONLY	TRIAGE	CLEAN	2	45	SI	TOKYO	00:43:52	REVERSAL-CONFIRMATION
HG-20210701-003862-L	SKIP	C	primary: S8 60s n=5 vol=5 — no transacting counterparty in the last minute (P004 DEAD_BOOK_VETO)	against: T1; T3; T5; T6; T7; S3 binding unspent=$985.9 < $1000 bar (q50 median, not a cap — reported, not weighted)						TRIAGE-INDEX-ONLY	TRIAGE	CLEAN	3	248	HG	TOKYO	01:04:22	REVERSAL-CONFIRMATION
HG-20210701-004801-L	SKIP	C	primary: S8 60s n=0 vol=0 — no transacting counterparty in the last minute (P004 DEAD_BOOK_VETO)	against: T1; T3; T5; T6; T7; T8; S9 rv1800/rv60=9.63; S3 binding unspent=$948.4 < $1000 bar (q50 median, not a cap — reported, not weighted); S8 through_book_600s thru_bid=1 vs thru_ask=0 (recent aggression is on the other side)						TRIAGE-INDEX-ONLY	TRIAGE	CLEAN	2	24	HG	TOKYO	01:20:01	REVERSAL-CONFIRMATION
SI-20210701-004802-L	SKIP	C	primary: S8 60s n=3 vol=9 — no transacting counterparty in the last minute (P004 DEAD_BOOK_VETO)	against: T1; T3; T5; T6; T7						TRIAGE-INDEX-ONLY	TRIAGE	CLEAN	3	248	SI	TOKYO	01:20:02	REVERSAL-CONFIRMATION
HG-20210701-005218-S	SKIP	C	primary: S8 60s n=2 vol=2 — no transacting counterparty in the last minute (P004 DEAD_BOOK_VETO)	against: T1; T3; T4; S3 binding unspent=$948.4 < $1000 bar (q50 median, not a cap — reported, not weighted)						TRIAGE-INDEX-ONLY	TRIAGE	CLEAN	5	25678	HG	TOKYO	01:26:58	REVERSAL-CONFIRMATION
HG-20210701-005769-S	SKIP	C	primary: S8 60s n=3 vol=3 — no transacting counterparty in the last minute (P004 DEAD_BOOK_VETO)	against: T1; T3; T4; T6; T7; T8; S9 rv1800/rv60=17.92; S3 binding unspent=$948.4 < $1000 bar (q50 median, not a cap — reported, not weighted)						TRIAGE-INDEX-ONLY	TRIAGE	CLEAN	2	25	HG	TOKYO	01:36:09	REVERSAL-CONFIRMATION
NKD-20210701-005896-S	SKIP	C	primary: S8 60s n=3 vol=4 — no transacting counterparty in the last minute (P004 DEAD_BOOK_VETO)	against: T1; T3; T5; S3 binding unspent=$843 < $1000 bar (q50 median, not a cap — reported, not weighted)						TRIAGE-INDEX-ONLY	TRIAGE	WINDOW	5	24678	NKD	TOKYO	01:38:16	REVERSAL-CONFIRMATION
NKD-20210701-005965-S	SKIP	C	primary: S8 60s n=3 vol=5 — no transacting counterparty in the last minute (P004 DEAD_BOOK_VETO)	against: T1; T3; T5; T6; T7; S3 binding unspent=$843 < $1000 bar (q50 median, not a cap — reported, not weighted)						TRIAGE-INDEX-ONLY	TRIAGE	WINDOW	3	248	NKD	TOKYO	01:39:25	REVERSAL-CONFIRMATION
NKD-20210701-005968-S	SKIP	C	primary: S8 60s n=3 vol=5 — no transacting counterparty in the last minute (P004 DEAD_BOOK_VETO)	against: T1; T3; T5; T6; T7; S3 binding unspent=$843 < $1000 bar (q50 median, not a cap — reported, not weighted)						TRIAGE-INDEX-ONLY	TRIAGE	WINDOW	3	248	NKD	TOKYO	01:39:28	REVERSAL-CONFIRMATION
NKD-20210701-006338-L	SKIP	C	primary: S3 phase TOKYO H=2.888e+04 L=2.879e+04 vs S13 entry mid=2.884e+04 — the $1,000 bar needs $775 of NEW range beyond the phase extreme (A1 strict, warmup #21)	against: T3; T5; T6; T7; S3 binding unspent=$843 < $1000 bar (q50 median, not a cap — reported, not weighted)						TRIAGE-INDEX-ONLY	TRIAGE	WINDOW	4	1248	NKD	TOKYO	01:45:38	REVERSAL-CONFIRMATION
NKD-20210701-006420-L	SKIP	C	primary: S3 phase TOKYO H=2.888e+04 L=2.879e+04 vs S13 entry mid=2.884e+04 — the $1,000 bar needs $775 of NEW range beyond the phase extreme (A1 strict, warmup #21)	against: T3; T5; T7; S3 binding unspent=$843 < $1000 bar (q50 median, not a cap — reported, not weighted)						TRIAGE-INDEX-ONLY	TRIAGE	WINDOW	5	12468	NKD	TOKYO	01:47:00	REVERSAL-CONFIRMATION
NKD-20210701-006451-S	SKIP	C	primary: S8 60s n=4 vol=13 — no transacting counterparty in the last minute (P004 DEAD_BOOK_VETO)	against: T1; T3; T6; T7; S3 binding unspent=$843 < $1000 bar (q50 median, not a cap — reported, not weighted)						TRIAGE-INDEX-ONLY	TRIAGE	WINDOW	4	2458	NKD	TOKYO	01:47:31	REVERSAL-CONFIRMATION
NKD-20210701-006461-S	SKIP	C	primary: S8 60s n=3 vol=12 — no transacting counterparty in the last minute (P004 DEAD_BOOK_VETO)	against: T1; T3; T6; T7; S3 binding unspent=$843 < $1000 bar (q50 median, not a cap — reported, not weighted)						TRIAGE-INDEX-ONLY	TRIAGE	WINDOW	4	2458	NKD	TOKYO	01:47:41	REVERSAL-CONFIRMATION
SI-20210701-006622-S	SKIP	C	primary: S8 60s n=5 vol=6 — no transacting counterparty in the last minute (P004 DEAD_BOOK_VETO)	against: T1; T3; T4; T6; T7						TRIAGE-INDEX-ONLY	TRIAGE	CLEAN	3	258	SI	TOKYO	01:50:22	REVERSAL-CONFIRMATION
NKD-20210701-007069-L	SKIP	C	primary: S8 60s n=0 vol=0 — no transacting counterparty in the last minute (P004 DEAD_BOOK_VETO)	against: T1; T3; T5; T6; T7; S3 binding unspent=$843 < $1000 bar (q50 median, not a cap — reported, not weighted)						TRIAGE-INDEX-ONLY	TRIAGE	WINDOW	3	248	NKD	TOKYO	01:57:49	REVERSAL-CONFIRMATION
NKD-20210701-007073-L	SKIP	C	primary: S8 60s n=0 vol=0 — no transacting counterparty in the last minute (P004 DEAD_BOOK_VETO)	against: T1; T3; T5; T6; T7; T8; S9 rv1800/rv60=8.04; S3 binding unspent=$843 < $1000 bar (q50 median, not a cap — reported, not weighted)						TRIAGE-INDEX-ONLY	TRIAGE	WINDOW	2	24	NKD	TOKYO	01:57:53	REVERSAL-CONFIRMATION
NKD-20210701-007106-L	SKIP	C	primary: S8 60s n=3 vol=3 — no transacting counterparty in the last minute (P004 DEAD_BOOK_VETO)	against: T1; T3; T5; T6; T7; S3 binding unspent=$843 < $1000 bar (q50 median, not a cap — reported, not weighted)						TRIAGE-INDEX-ONLY	TRIAGE	WINDOW	3	248	NKD	TOKYO	01:58:26	LEVEL-FIRST-TEST
NKD-20210701-007321-L	SKIP	B	primary: S8 phase sflow=-44 vs side=LONG — the phase's cumulative order flow is not on this trade's side at magnitude (imbalance -44/306 of phase volume) (P015 PHASE_FLOW_CONCORDANCE fails)	against: T5; T6; S3 binding unspent=$593 < $1000 bar (q50 median, not a cap — reported, not weighted)						TRIAGE-INDEX-ONLY	TRIAGE	WINDOW	6	123478	NKD	TOKYO	02:02:01	REVERSAL-CONFIRMATION
NKD-20210701-007363-S	SKIP	C	primary: S3 phase TOKYO H=2.888e+04 L=2.874e+04 vs S13 entry mid=2.877e+04 — the $1,000 bar needs $862.5 of NEW range beyond the phase extreme (A1 strict, warmup #21)	against: T3; T6; T7; S3 binding unspent=$593 < $1000 bar (q50 median, not a cap — reported, not weighted)						TRIAGE-INDEX-ONLY	TRIAGE	WINDOW	5	12458	NKD	TOKYO	02:02:43	REVERSAL-CONFIRMATION
NKD-20210701-007365-S	SKIP	C	primary: S13 spread_at_decision=$75 vs NKD era spread_med $50 — the entrant pays a liquidity fact, not a transient quote (P005 ENTRY_SPREAD_TAX)	against: T2; T3; T6; T7; S3 binding unspent=$593 < $1000 bar (q50 median, not a cap — reported, not weighted)						TRIAGE-INDEX-ONLY	TRIAGE	WINDOW	4	1458	NKD	TOKYO	02:02:45	REVERSAL-CONFIRMATION
NKD-20210701-007449-L	SKIP	B	primary: S3 phase TOKYO H=2.888e+04 L=2.874e+04 vs S13 entry mid=2.879e+04 — the $1,000 bar needs $550 of NEW range beyond the phase extreme (A1 strict, warmup #21)	against: T3; T5; S3 binding unspent=$593 < $1000 bar (q50 median, not a cap — reported, not weighted)						TRIAGE-INDEX-ONLY	TRIAGE	WINDOW	6	124678	NKD	TOKYO	02:04:09	REVERSAL-CONFIRMATION
NKD-20210701-007458-L	SKIP	B	primary: S3 phase TOKYO H=2.888e+04 L=2.874e+04 vs S13 entry mid=2.878e+04 — the $1,000 bar needs $500 of NEW range beyond the phase extreme (A1 strict, warmup #21)	against: T3; T5; S3 binding unspent=$593 < $1000 bar (q50 median, not a cap — reported, not weighted)						TRIAGE-INDEX-ONLY	TRIAGE	WINDOW	6	124678	NKD	TOKYO	02:04:18	REVERSAL-CONFIRMATION
NKD-20210701-007465-L	SKIP	B	primary: S8 phase sflow=-47 vs side=LONG — the phase's cumulative order flow is not on this trade's side at magnitude (imbalance -47/348 of phase volume) (P015 PHASE_FLOW_CONCORDANCE fails)	against: T5; T6; S3 binding unspent=$593 < $1000 bar (q50 median, not a cap — reported, not weighted)						TRIAGE-INDEX-ONLY	TRIAGE	WINDOW	6	123478	NKD	TOKYO	02:04:25	REVERSAL-CONFIRMATION
NKD-20210701-007487-S	SKIP	C	primary: S13 spread_at_decision=$75 vs NKD era spread_med $50 — the entrant pays a liquidity fact, not a transient quote (P005 ENTRY_SPREAD_TAX)	against: T2; T3; T7; S3 binding unspent=$593 < $1000 bar (q50 median, not a cap — reported, not weighted)						TRIAGE-INDEX-ONLY	TRIAGE	WINDOW	5	14568	NKD	TOKYO	02:04:47	REVERSAL-CONFIRMATION
NKD-20210701-007490-S	SKIP	B	primary: S3 phase TOKYO H=2.888e+04 L=2.874e+04 vs S13 entry mid=2.877e+04 — the $1,000 bar needs $862.5 of NEW range beyond the phase extreme (A1 strict, warmup #21)	against: T3; T7; S3 binding unspent=$593 < $1000 bar (q50 median, not a cap — reported, not weighted)						TRIAGE-INDEX-ONLY	TRIAGE	WINDOW	6	124568	NKD	TOKYO	02:04:50	REVERSAL-CONFIRMATION
NKD-20210701-007514-L	SKIP	B	primary: S3 phase TOKYO H=2.888e+04 L=2.874e+04 vs S13 entry mid=2.879e+04 — the $1,000 bar needs $550 of NEW range beyond the phase extreme (A1 strict, warmup #21)	against: T3; T5; S3 binding unspent=$593 < $1000 bar (q50 median, not a cap — reported, not weighted)						TRIAGE-INDEX-ONLY	TRIAGE	WINDOW	6	124678	NKD	TOKYO	02:05:14	REVERSAL-CONFIRMATION
NKD-20210701-007532-L	SKIP	C	primary: S8 60s n=1 vol=1 — no transacting counterparty in the last minute (P004 DEAD_BOOK_VETO)	against: T1; T3; T5; S3 binding unspent=$593 < $1000 bar (q50 median, not a cap — reported, not weighted)						TRIAGE-INDEX-ONLY	TRIAGE	WINDOW	5	24678	NKD	TOKYO	02:05:32	REVERSAL-CONFIRMATION
NKD-20210701-007548-L	SKIP	C	primary: S8 60s n=3 vol=3 — no transacting counterparty in the last minute (P004 DEAD_BOOK_VETO)	against: T1; T3; T5; S3 binding unspent=$593 < $1000 bar (q50 median, not a cap — reported, not weighted)						TRIAGE-INDEX-ONLY	TRIAGE	WINDOW	5	24678	NKD	TOKYO	02:05:48	REVERSAL-CONFIRMATION
NKD-20210701-007574-S	SKIP	C	primary: S8 60s n=3 vol=4 — no transacting counterparty in the last minute (P004 DEAD_BOOK_VETO)	against: T1; T3; T6; T7; S3 binding unspent=$593 < $1000 bar (q50 median, not a cap — reported, not weighted)						TRIAGE-INDEX-ONLY	TRIAGE	WINDOW	4	2458	NKD	TOKYO	02:06:14	REVERSAL-CONFIRMATION
NKD-20210701-007581-S	SKIP	C	primary: S3 phase TOKYO H=2.888e+04 L=2.874e+04 vs S13 entry mid=2.878e+04 — the $1,000 bar needs $787.5 of NEW range beyond the phase extreme (A1 strict, warmup #21)	against: T3; T6; T7; S3 binding unspent=$593 < $1000 bar (q50 median, not a cap — reported, not weighted)						TRIAGE-INDEX-ONLY	TRIAGE	WINDOW	5	12458	NKD	TOKYO	02:06:21	REVERSAL-CONFIRMATION
NKD-20210701-007628-L	SKIP	C	primary: S3 phase TOKYO H=2.888e+04 L=2.874e+04 vs S13 entry mid=2.879e+04 — the $1,000 bar needs $550 of NEW range beyond the phase extreme (A1 strict, warmup #21)	against: T3; T5; T6; S3 binding unspent=$593 < $1000 bar (q50 median, not a cap — reported, not weighted)						TRIAGE-INDEX-ONLY	TRIAGE	WINDOW	5	12478	NKD	TOKYO	02:07:08	REVERSAL-CONFIRMATION
NKD-20210701-007693-L	SKIP	C	primary: S8 60s n=5 vol=6 — no transacting counterparty in the last minute (P004 DEAD_BOOK_VETO)	against: T1; T3; T5; T6; S3 binding unspent=$593 < $1000 bar (q50 median, not a cap — reported, not weighted)						TRIAGE-INDEX-ONLY	TRIAGE	WINDOW	4	2478	NKD	TOKYO	02:08:13	REVERSAL-CONFIRMATION
NKD-20210701-007741-L	SKIP	C	primary: S8 60s n=7 vol=8 — no transacting counterparty in the last minute (P004 DEAD_BOOK_VETO)	against: T1; T5; T6; S3 binding unspent=$555.5 < $1000 bar (q50 median, not a cap — reported, not weighted)						TRIAGE-INDEX-ONLY	TRIAGE	DIRECT	5	23478	NKD	TOKYO	02:09:01	RECLAIM
NKD-20210701-007766-S	SKIP	C	primary: S8 60s n=7 vol=9 — no transacting counterparty in the last minute (P004 DEAD_BOOK_VETO)	against: T1; T3; T7; S3 binding unspent=$505.5 < $1000 bar (q50 median, not a cap — reported, not weighted)						TRIAGE-INDEX-ONLY	TRIAGE	WINDOW	5	24568	NKD	TOKYO	02:09:26	REVERSAL-CONFIRMATION
NKD-20210701-007775-S	SKIP	B	primary: S3 phase TOKYO H=2.888e+04 L=2.872e+04 vs S13 entry mid=2.871e+04 — the $1,000 bar needs $1025 of NEW range beyond the phase extreme (A1 strict, warmup #21)	against: T3; T7; S3 binding unspent=$455.5 < $1000 bar (q50 median, not a cap — reported, not weighted)						TRIAGE-INDEX-ONLY	TRIAGE	WINDOW	6	124568	NKD	TOKYO	02:09:35	REVERSAL-CONFIRMATION
NKD-20210701-007781-S	SKIP	B	primary: S3 phase TOKYO H=2.888e+04 L=2.871e+04 vs S13 entry mid=2.87e+04 — the $1,000 bar needs $1025 of NEW range beyond the phase extreme (A1 strict, warmup #21)	against: T3; T7; S3 binding unspent=$430.5 < $1000 bar (q50 median, not a cap — reported, not weighted)						TRIAGE-INDEX-ONLY	TRIAGE	WINDOW	6	124568	NKD	TOKYO	02:09:41	REVERSAL-CONFIRMATION
NKD-20210701-007843-S	SKIP	C	primary: S3 phase TOKYO H=2.888e+04 L=2.869e+04 vs S13 entry mid=2.87e+04 — the $1,000 bar needs $925 of NEW range beyond the phase extreme (A1 strict, warmup #21)	against: T3; T6; T7; S3 binding unspent=$330.5 < $1000 bar (q50 median, not a cap — reported, not weighted)						TRIAGE-INDEX-ONLY	TRIAGE	WINDOW	5	12458	NKD	TOKYO	02:10:43	REVERSAL-CONFIRMATION
NKD-20210701-007928-L	SKIP	B	primary: S8 60s n=8 vol=8 — no transacting counterparty in the last minute (P004 DEAD_BOOK_VETO)	against: T1; T5; S3 binding unspent=$330.5 < $1000 bar (q50 median, not a cap — reported, not weighted)						TRIAGE-INDEX-ONLY	TRIAGE	WINDOW	6	234678	NKD	TOKYO	02:12:08	REVERSAL-CONFIRMATION
NKD-20210701-007935-L	SKIP	B	primary: S8 60s n=6 vol=6 — no transacting counterparty in the last minute (P004 DEAD_BOOK_VETO)	against: T1; T5; S3 binding unspent=$330.5 < $1000 bar (q50 median, not a cap — reported, not weighted)						TRIAGE-INDEX-ONLY	TRIAGE	WINDOW	6	234678	NKD	TOKYO	02:12:15	REVERSAL-CONFIRMATION
NKD-20210701-007984-L	SKIP	B	primary: S8 60s n=4 vol=4 — no transacting counterparty in the last minute (P004 DEAD_BOOK_VETO)	against: T1; T5; S3 binding unspent=$330.5 < $1000 bar (q50 median, not a cap — reported, not weighted)						TRIAGE-INDEX-ONLY	TRIAGE	WINDOW	6	234678	NKD	TOKYO	02:13:04	REVERSAL-CONFIRMATION
NKD-20210701-007996-S	SKIP	C	primary: S8 60s n=4 vol=4 — no transacting counterparty in the last minute (P004 DEAD_BOOK_VETO)	against: T1; T3; T6; T7; S3 binding unspent=$330.5 < $1000 bar (q50 median, not a cap — reported, not weighted)						TRIAGE-INDEX-ONLY	TRIAGE	WINDOW	4	2458	NKD	TOKYO	02:13:16	REVERSAL-CONFIRMATION
NKD-20210701-008039-L	SKIP	B	primary: S8 60s n=2 vol=2 — no transacting counterparty in the last minute (P004 DEAD_BOOK_VETO)	against: T1; T5; S3 binding unspent=$330.5 < $1000 bar (q50 median, not a cap — reported, not weighted)						TRIAGE-INDEX-ONLY	TRIAGE	WINDOW	6	234678	NKD	TOKYO	02:13:59	REVERSAL-CONFIRMATION
NKD-20210701-008070-L	SKIP	C	primary: S8 60s n=3 vol=6 — no transacting counterparty in the last minute (P004 DEAD_BOOK_VETO)	against: T1; T5; T6; S3 binding unspent=$330.5 < $1000 bar (q50 median, not a cap — reported, not weighted)						TRIAGE-INDEX-ONLY	TRIAGE	WINDOW	5	23478	NKD	TOKYO	02:14:30	REVERSAL-CONFIRMATION
NKD-20210701-008135-L	SKIP	C	primary: S8 60s n=4 vol=4 — no transacting counterparty in the last minute (P004 DEAD_BOOK_VETO)	against: T1; T5; T6; S3 binding unspent=$330.5 < $1000 bar (q50 median, not a cap — reported, not weighted)						TRIAGE-INDEX-ONLY	TRIAGE	WINDOW	5	23478	NKD	TOKYO	02:15:35	REVERSAL-CONFIRMATION
HG-20210701-008162-S	SKIP	C	primary: S8 60s n=6 vol=7 — no transacting counterparty in the last minute (P004 DEAD_BOOK_VETO)	against: T1; T3; T4; T7; S3 binding unspent=$879.6 < $1000 bar (q50 median, not a cap — reported, not weighted)						TRIAGE-INDEX-ONLY	TRIAGE	CLEAN	4	2568	HG	TOKYO	02:16:02	REVERSAL-CONFIRMATION
NKD-20210701-008192-L	SKIP	C	primary: S8 60s n=3 vol=6 — no transacting counterparty in the last minute (P004 DEAD_BOOK_VETO)	against: T1; T5; T6; S3 binding unspent=$330.5 < $1000 bar (q50 median, not a cap — reported, not weighted)						TRIAGE-INDEX-ONLY	TRIAGE	WINDOW	5	23478	NKD	TOKYO	02:16:32	RECLAIM
NKD-20210701-008229-S	SKIP	C	primary: S8 60s n=3 vol=6 — no transacting counterparty in the last minute (P004 DEAD_BOOK_VETO)	against: T1; T3; T7; S3 binding unspent=$330.5 < $1000 bar (q50 median, not a cap — reported, not weighted)						TRIAGE-INDEX-ONLY	TRIAGE	WINDOW	5	24568	NKD	TOKYO	02:17:09	REVERSAL-CONFIRMATION
NKD-20210701-008281-S	SKIP	C	primary: S8 60s n=3 vol=4 — no transacting counterparty in the last minute (P004 DEAD_BOOK_VETO)	against: T1; T3; T6; T7; S3 binding unspent=$330.5 < $1000 bar (q50 median, not a cap — reported, not weighted)						TRIAGE-INDEX-ONLY	TRIAGE	WINDOW	4	2458	NKD	TOKYO	02:18:01	REVERSAL-CONFIRMATION
NKD-20210701-008307-S	SKIP	C	primary: S8 60s n=2 vol=2 — no transacting counterparty in the last minute (P004 DEAD_BOOK_VETO)	against: T1; T3; T6; T7; S3 binding unspent=$330.5 < $1000 bar (q50 median, not a cap — reported, not weighted)						TRIAGE-INDEX-ONLY	TRIAGE	WINDOW	4	2458	NKD	TOKYO	02:18:27	REVERSAL-CONFIRMATION
NKD-20210701-008360-L	SKIP	C	primary: S8 60s n=2 vol=5 — no transacting counterparty in the last minute (P004 DEAD_BOOK_VETO)	against: T1; T5; T6; S3 binding unspent=$330.5 < $1000 bar (q50 median, not a cap — reported, not weighted)						TRIAGE-INDEX-ONLY	TRIAGE	WINDOW	5	23478	NKD	TOKYO	02:19:20	REVERSAL-CONFIRMATION
NKD-20210701-008374-L	SKIP	C	primary: S8 60s n=0 vol=0 — no transacting counterparty in the last minute (P004 DEAD_BOOK_VETO)	against: T1; T5; T6; S3 binding unspent=$330.5 < $1000 bar (q50 median, not a cap — reported, not weighted)						TRIAGE-INDEX-ONLY	TRIAGE	WINDOW	5	23478	NKD	TOKYO	02:19:34	REVERSAL-CONFIRMATION
NKD-20210701-008394-L	SKIP	C	primary: S8 60s n=1 vol=2 — no transacting counterparty in the last minute (P004 DEAD_BOOK_VETO)	against: T1; T5; T6; S3 binding unspent=$330.5 < $1000 bar (q50 median, not a cap — reported, not weighted)						TRIAGE-INDEX-ONLY	TRIAGE	WINDOW	5	23478	NKD	TOKYO	02:19:54	REVERSAL-CONFIRMATION
NKD-20210701-008433-S	SKIP	C	primary: S8 60s n=1 vol=2 — no transacting counterparty in the last minute (P004 DEAD_BOOK_VETO)	against: T1; T3; T6; T7; S3 binding unspent=$330.5 < $1000 bar (q50 median, not a cap — reported, not weighted)						TRIAGE-INDEX-ONLY	TRIAGE	WINDOW	4	2458	NKD	TOKYO	02:20:33	REVERSAL-CONFIRMATION
NKD-20210701-008435-S	SKIP	C	primary: S8 60s n=1 vol=2 — no transacting counterparty in the last minute (P004 DEAD_BOOK_VETO)	against: T1; T3; T6; T7; S3 binding unspent=$330.5 < $1000 bar (q50 median, not a cap — reported, not weighted)						TRIAGE-INDEX-ONLY	TRIAGE	WINDOW	4	2458	NKD	TOKYO	02:20:35	REVERSAL-CONFIRMATION
NKD-20210701-008485-S	SKIP	C	primary: S8 60s n=1 vol=1 — no transacting counterparty in the last minute (P004 DEAD_BOOK_VETO)	against: T1; T3; T6; T7; S3 binding unspent=$330.5 < $1000 bar (q50 median, not a cap — reported, not weighted)						TRIAGE-INDEX-ONLY	TRIAGE	WINDOW	4	2458	NKD	TOKYO	02:21:25	REVERSAL-CONFIRMATION
NKD-20210701-008502-S	SKIP	C	primary: S8 60s n=0 vol=0 — no transacting counterparty in the last minute (P004 DEAD_BOOK_VETO)	against: T1; T3; T6; T7; T8; S9 rv1800/rv60=12.03; S3 binding unspent=$330.5 < $1000 bar (q50 median, not a cap — reported, not weighted)						TRIAGE-INDEX-ONLY	TRIAGE	WINDOW	3	245	NKD	TOKYO	02:21:42	REVERSAL-CONFIRMATION
NKD-20210701-008531-L	SKIP	B	primary: S8 60s n=1 vol=1 — no transacting counterparty in the last minute (P004 DEAD_BOOK_VETO)	against: T1; T5; S3 binding unspent=$330.5 < $1000 bar (q50 median, not a cap — reported, not weighted)						TRIAGE-INDEX-ONLY	TRIAGE	WINDOW	6	234678	NKD	TOKYO	02:22:11	REVERSAL-CONFIRMATION
NKD-20210701-008546-L	SKIP	B	primary: S8 60s n=1 vol=1 — no transacting counterparty in the last minute (P004 DEAD_BOOK_VETO)	against: T1; T5; S3 binding unspent=$330.5 < $1000 bar (q50 median, not a cap — reported, not weighted)						TRIAGE-INDEX-ONLY	TRIAGE	WINDOW	6	234678	NKD	TOKYO	02:22:26	REVERSAL-CONFIRMATION
NKD-20210701-008629-L	SKIP	C	primary: S8 60s n=0 vol=0 — no transacting counterparty in the last minute (P004 DEAD_BOOK_VETO)	against: T1; T5; T6; S3 binding unspent=$330.5 < $1000 bar (q50 median, not a cap — reported, not weighted)						TRIAGE-INDEX-ONLY	TRIAGE	WINDOW	5	23478	NKD	TOKYO	02:23:49	REVERSAL-CONFIRMATION
NKD-20210701-008649-L	SKIP	C	primary: S8 60s n=1 vol=1 — no transacting counterparty in the last minute (P004 DEAD_BOOK_VETO)	against: T1; T5; T6; S3 binding unspent=$330.5 < $1000 bar (q50 median, not a cap — reported, not weighted)						TRIAGE-INDEX-ONLY	TRIAGE	WINDOW	5	23478	NKD	TOKYO	02:24:09	REVERSAL-CONFIRMATION
NKD-20210701-008722-S	SKIP	C	primary: S8 60s n=0 vol=0 — no transacting counterparty in the last minute (P004 DEAD_BOOK_VETO)	against: T1; T3; T6; T7; S3 binding unspent=$330.5 < $1000 bar (q50 median, not a cap — reported, not weighted)						TRIAGE-INDEX-ONLY	TRIAGE	WINDOW	4	2458	NKD	TOKYO	02:25:22	REVERSAL-CONFIRMATION
NKD-20210701-008803-L	SKIP	C	primary: S8 60s n=2 vol=2 — no transacting counterparty in the last minute (P004 DEAD_BOOK_VETO)	against: T1; T3; T5; T6; T7; S3 binding unspent=$330.5 < $1000 bar (q50 median, not a cap — reported, not weighted)						TRIAGE-INDEX-ONLY	TRIAGE	WINDOW	3	248	NKD	TOKYO	02:26:43	REVERSAL-CONFIRMATION
NKD-20210701-008905-S	SKIP	C	primary: S8 60s n=0 vol=0 — no transacting counterparty in the last minute (P004 DEAD_BOOK_VETO)	against: T1; T3; T6; T7; T8; S9 rv1800/rv60=9.77; S3 binding unspent=$330.5 < $1000 bar (q50 median, not a cap — reported, not weighted)						TRIAGE-INDEX-ONLY	TRIAGE	WINDOW	3	245	NKD	TOKYO	02:28:25	REVERSAL-CONFIRMATION
NKD-20210701-008918-L	SKIP	C	primary: S8 60s n=0 vol=0 — no transacting counterparty in the last minute (P004 DEAD_BOOK_VETO)	against: T1; T3; T5; T7; S3 binding unspent=$330.5 < $1000 bar (q50 median, not a cap — reported, not weighted)						TRIAGE-INDEX-ONLY	TRIAGE	WINDOW	4	2468	NKD	TOKYO	02:28:38	LEVEL-FIRST-TEST
NKD-20210701-008944-S	SKIP	C	primary: S8 60s n=0 vol=0 — no transacting counterparty in the last minute (P004 DEAD_BOOK_VETO)	against: T1; T2; T3; T6; T7; S3 binding unspent=$330.5 < $1000 bar (q50 median, not a cap — reported, not weighted)						TRIAGE-INDEX-ONLY	TRIAGE	WINDOW	3	458	NKD	TOKYO	02:29:04	REVERSAL-CONFIRMATION
NKD-20210701-009110-L	SKIP	C	primary: S8 60s n=0 vol=0 — no transacting counterparty in the last minute (P004 DEAD_BOOK_VETO)	against: T1; T5; T6; T7; S3 binding unspent=$330.5 < $1000 bar (q50 median, not a cap — reported, not weighted)						TRIAGE-INDEX-ONLY	TRIAGE	WINDOW	4	2348	NKD	TOKYO	02:31:50	REVERSAL-CONFIRMATION
NKD-20210701-009129-L	SKIP	C	primary: S8 60s n=1 vol=1 — no transacting counterparty in the last minute (P004 DEAD_BOOK_VETO)	against: T1; T3; T5; T6; T7; S3 binding unspent=$330.5 < $1000 bar (q50 median, not a cap — reported, not weighted)						TRIAGE-INDEX-ONLY	TRIAGE	WINDOW	3	248	NKD	TOKYO	02:32:09	REVERSAL-CONFIRMATION
NKD-20210701-009213-S	SKIP	C	primary: S8 60s n=0 vol=0 — no transacting counterparty in the last minute (P004 DEAD_BOOK_VETO)	against: T1; T3; T7; S3 binding unspent=$330.5 < $1000 bar (q50 median, not a cap — reported, not weighted)						TRIAGE-INDEX-ONLY	TRIAGE	WINDOW	5	24568	NKD	TOKYO	02:33:33	REVERSAL-CONFIRMATION
NKD-20210701-009218-S	SKIP	C	primary: S8 60s n=0 vol=0 — no transacting counterparty in the last minute (P004 DEAD_BOOK_VETO)	against: T1; T3; T6; T7; T8; S9 rv1800/rv60=8.13; S3 binding unspent=$330.5 < $1000 bar (q50 median, not a cap — reported, not weighted)						TRIAGE-INDEX-ONLY	TRIAGE	WINDOW	3	245	NKD	TOKYO	02:33:38	REVERSAL-CONFIRMATION
SI-20210701-009409-L	SKIP	C	primary: S8 60s n=3 vol=4 — no transacting counterparty in the last minute (P004 DEAD_BOOK_VETO)	against: T1; T3; T4; T5; T6; T7						TRIAGE-INDEX-ONLY	TRIAGE	CLEAN	2	28	SI	TOKYO	02:36:49	REVERSAL-CONFIRMATION
NKD-20210701-009622-S	SKIP	C	primary: S8 60s n=2 vol=4 — no transacting counterparty in the last minute (P004 DEAD_BOOK_VETO)	against: T1; T3; T6; T7; S3 binding unspent=$330.5 < $1000 bar (q50 median, not a cap — reported, not weighted)						TRIAGE-INDEX-ONLY	TRIAGE	WINDOW	4	2458	NKD	TOKYO	02:40:22	REVERSAL-CONFIRMATION
NKD-20210701-009638-S	SKIP	C	primary: S8 60s n=3 vol=6 — no transacting counterparty in the last minute (P004 DEAD_BOOK_VETO)	against: T1; T3; T6; T7; S3 binding unspent=$330.5 < $1000 bar (q50 median, not a cap — reported, not weighted)						TRIAGE-INDEX-ONLY	TRIAGE	WINDOW	4	2458	NKD	TOKYO	02:40:38	REVERSAL-CONFIRMATION
SI-20210701-009674-S	SKIP	C	primary: S8 60s n=0 vol=0 — no transacting counterparty in the last minute (P004 DEAD_BOOK_VETO)	against: T1; T3; T4; T6; T7; T8; S8 through_book_600s thru_ask=1 vs thru_bid=0 (recent aggression is on the other side)						TRIAGE-INDEX-ONLY	TRIAGE	CLEAN	2	25	SI	TOKYO	02:41:14	REVERSAL-CONFIRMATION
NKD-20210701-009732-L	SKIP	C	primary: S8 60s n=1 vol=1 — no transacting counterparty in the last minute (P004 DEAD_BOOK_VETO)	against: T1; T5; T6; T7; S3 binding unspent=$330.5 < $1000 bar (q50 median, not a cap — reported, not weighted)						TRIAGE-INDEX-ONLY	TRIAGE	WINDOW	4	2348	NKD	TOKYO	02:42:12	REVERSAL-CONFIRMATION
NKD-20210701-009828-S	SKIP	C	primary: S8 60s n=2 vol=2 — no transacting counterparty in the last minute (P004 DEAD_BOOK_VETO)	against: T1; T3; T7; S3 binding unspent=$330.5 < $1000 bar (q50 median, not a cap — reported, not weighted)						TRIAGE-INDEX-ONLY	TRIAGE	WINDOW	5	24568	NKD	TOKYO	02:43:48	REVERSAL-CONFIRMATION
NKD-20210701-009880-L	SKIP	C	primary: S8 60s n=0 vol=0 — no transacting counterparty in the last minute (P004 DEAD_BOOK_VETO)	against: T1; T3; T5; T7; S3 binding unspent=$330.5 < $1000 bar (q50 median, not a cap — reported, not weighted)						TRIAGE-INDEX-ONLY	TRIAGE	WINDOW	4	2468	NKD	TOKYO	02:44:40	REVERSAL-CONFIRMATION
NKD-20210701-009883-L	SKIP	C	primary: S8 60s n=0 vol=0 — no transacting counterparty in the last minute (P004 DEAD_BOOK_VETO)	against: T1; T3; T5; T7; S3 binding unspent=$330.5 < $1000 bar (q50 median, not a cap — reported, not weighted)						TRIAGE-INDEX-ONLY	TRIAGE	WINDOW	4	2468	NKD	TOKYO	02:44:43	REVERSAL-CONFIRMATION
NKD-20210701-009917-S	SKIP	C	primary: S8 60s n=0 vol=0 — no transacting counterparty in the last minute (P004 DEAD_BOOK_VETO)	against: T1; T3; T6; T7; S3 binding unspent=$330.5 < $1000 bar (q50 median, not a cap — reported, not weighted)						TRIAGE-INDEX-ONLY	TRIAGE	WINDOW	4	2458	NKD	TOKYO	02:45:17	REVERSAL-CONFIRMATION
NKD-20210701-009924-S	SKIP	C	primary: S8 60s n=0 vol=0 — no transacting counterparty in the last minute (P004 DEAD_BOOK_VETO)	against: T1; T3; T6; T7; S3 binding unspent=$330.5 < $1000 bar (q50 median, not a cap — reported, not weighted)						TRIAGE-INDEX-ONLY	TRIAGE	WINDOW	4	2458	NKD	TOKYO	02:45:24	REVERSAL-CONFIRMATION
NKD-20210701-009995-L	SKIP	C	primary: S8 60s n=0 vol=0 — no transacting counterparty in the last minute (P004 DEAD_BOOK_VETO)	against: T1; T3; T5; T6; T7; S3 binding unspent=$330.5 < $1000 bar (q50 median, not a cap — reported, not weighted)						TRIAGE-INDEX-ONLY	TRIAGE	WINDOW	3	248	NKD	TOKYO	02:46:35	REVERSAL-CONFIRMATION
NKD-20210701-010031-L	SKIP	C	primary: S8 60s n=1 vol=1 — no transacting counterparty in the last minute (P004 DEAD_BOOK_VETO)	against: T1; T3; T5; T6; T7; T8; S9 rv1800/rv60=9.12; S3 binding unspent=$330.5 < $1000 bar (q50 median, not a cap — reported, not weighted)						TRIAGE-INDEX-ONLY	TRIAGE	WINDOW	2	24	NKD	TOKYO	02:47:11	REVERSAL-CONFIRMATION
NKD-20210701-010034-L	SKIP	C	primary: S8 60s n=1 vol=1 — no transacting counterparty in the last minute (P004 DEAD_BOOK_VETO)	against: T1; T3; T5; T6; T7; T8; S9 rv1800/rv60=9.1; S3 binding unspent=$330.5 < $1000 bar (q50 median, not a cap — reported, not weighted)						TRIAGE-INDEX-ONLY	TRIAGE	WINDOW	2	24	NKD	TOKYO	02:47:14	REVERSAL-CONFIRMATION
SI-20210701-010069-L	SKIP	C	primary: S8 60s n=3 vol=6 — no transacting counterparty in the last minute (P004 DEAD_BOOK_VETO)	against: T1; T3; T4; T5; T6; T7						TRIAGE-INDEX-ONLY	TRIAGE	CLEAN	2	28	SI	TOKYO	02:47:49	REVERSAL-CONFIRMATION
SI-20210701-010272-S	SKIP	C	primary: S8 60s n=1 vol=1 — no transacting counterparty in the last minute (P004 DEAD_BOOK_VETO)	against: T1; T3; T4; T6; T7; T8						TRIAGE-INDEX-ONLY	TRIAGE	CLEAN	2	25	SI	TOKYO	02:51:12	REVERSAL-CONFIRMATION
HG-20210701-010342-S	SKIP	C	primary: S8 60s n=7 vol=9 — no transacting counterparty in the last minute (P004 DEAD_BOOK_VETO)	against: T1; T3; T4; T6; T7; S3 binding unspent=$792.1 < $1000 bar (q50 median, not a cap — reported, not weighted)						TRIAGE-INDEX-ONLY	TRIAGE	CLEAN	3	258	HG	TOKYO	02:52:22	REVERSAL-CONFIRMATION
NKD-20210701-010553-S	SKIP	C	primary: S8 60s n=6 vol=6 — no transacting counterparty in the last minute (P004 DEAD_BOOK_VETO)	against: T1; T3; T6; T7; S3 binding unspent=$330.5 < $1000 bar (q50 median, not a cap — reported, not weighted)						TRIAGE-INDEX-ONLY	TRIAGE	WINDOW	4	2458	NKD	TOKYO	02:55:53	REVERSAL-CONFIRMATION
NKD-20210701-010583-S	SKIP	C	primary: S8 60s n=1 vol=1 — no transacting counterparty in the last minute (P004 DEAD_BOOK_VETO)	against: T1; T3; T6; T7; T8; S9 rv1800/rv60=11.66; S3 binding unspent=$330.5 < $1000 bar (q50 median, not a cap — reported, not weighted)						TRIAGE-INDEX-ONLY	TRIAGE	WINDOW	3	245	NKD	TOKYO	02:56:23	REVERSAL-CONFIRMATION
NKD-20210701-010605-S	SKIP	C	primary: S8 60s n=0 vol=0 — no transacting counterparty in the last minute (P004 DEAD_BOOK_VETO)	against: T1; T3; T4; T7; S3 binding unspent=$330.5 < $1000 bar (q50 median, not a cap — reported, not weighted)						TRIAGE-INDEX-ONLY	TRIAGE	WINDOW	4	2568	NKD	TOKYO	02:56:45	REVERSAL-CONFIRMATION
NKD-20210701-010625-S	SKIP	C	primary: S8 60s n=1 vol=1 — no transacting counterparty in the last minute (P004 DEAD_BOOK_VETO)	against: T1; T3; T4; T7; S3 binding unspent=$330.5 < $1000 bar (q50 median, not a cap — reported, not weighted)						TRIAGE-INDEX-ONLY	TRIAGE	WINDOW	4	2568	NKD	TOKYO	02:57:05	REVERSAL-CONFIRMATION
HG-20210701-010965-L	SKIP	C	primary: S3 phase TOKYO H=4.296 L=4.28 vs S13 entry mid=4.281 — the $1,000 bar needs $625 of NEW range beyond the phase extreme (A1 strict, warmup #21)	against: T3; T4; T5; T6; S3 binding unspent=$729.6 < $1000 bar (q50 median, not a cap — reported, not weighted)						TRIAGE-INDEX-ONLY	TRIAGE	CLEAN	4	1278	HG	TOKYO	03:02:45	REVERSAL-CONFIRMATION
HG-20210701-011029-S	SKIP	C	primary: S3 phase TOKYO H=4.296 L=4.279 vs S13 entry mid=4.282 — the $1,000 bar needs $912.5 of NEW range beyond the phase extreme (A1 strict, warmup #21)	against: T3; T4; T6; T7; S3 binding unspent=$692.1 < $1000 bar (q50 median, not a cap — reported, not weighted); S8 through_book_600s thru_ask=5 vs thru_bid=2 (recent aggression is on the other side)						TRIAGE-INDEX-ONLY	TRIAGE	CLEAN	4	1258	HG	TOKYO	03:03:49	REVERSAL-CONFIRMATION
SI-20210701-011035-S	SKIP	C	primary: S3 phase TOKYO H=26.26 L=26.17 vs S13 entry mid=26.2 — the $1,000 bar needs $825 of NEW range beyond the phase extreme (A1 strict, warmup #21)	against: T3; T4; T6; T7						TRIAGE-INDEX-ONLY	TRIAGE	CLEAN	4	1258	SI	TOKYO	03:03:55	REVERSAL-CONFIRMATION
SI-20210701-011056-L	SKIP	C	primary: S13 spread_at_decision=$50 vs SI era spread_med $25 — the entrant pays a liquidity fact, not a transient quote (P005 ENTRY_SPREAD_TAX)	against: T2; T3; T4; T5; T6; S8 through_book_600s thru_bid=9 vs thru_ask=2 (recent aggression is on the other side)						TRIAGE-INDEX-ONLY	TRIAGE	CLEAN	3	178	SI	TOKYO	03:04:16	REVERSAL-CONFIRMATION
SI-20210701-011067-L	SKIP	C	primary: S3 phase TOKYO H=26.26 L=26.17 vs S13 entry mid=26.22 — the $1,000 bar needs $812.5 of NEW range beyond the phase extreme (A1 strict, warmup #21)	against: T3; T4; T5; S8 through_book_600s thru_bid=9 vs thru_ask=3 (recent aggression is on the other side)						TRIAGE-INDEX-ONLY	TRIAGE	CLEAN	5	12678	SI	TOKYO	03:04:27	REVERSAL-CONFIRMATION
SI-20210701-011096-L	SKIP	C	primary: S3 phase TOKYO H=26.26 L=26.17 vs S13 entry mid=26.24 — the $1,000 bar needs $887.5 of NEW range beyond the phase extreme (A1 strict, warmup #21)	against: T3; T4; T5; S8 through_book_600s thru_bid=9 vs thru_ask=3 (recent aggression is on the other side)						S3,S4,S5	DEEP	CLEAN	5	12678	SI	TOKYO	03:04:56	REVERSAL-CONFIRMATION
NKD-20210701-011107-L	SKIP	C	primary: S8 60s n=1 vol=1 — no transacting counterparty in the last minute (P004 DEAD_BOOK_VETO)	against: T1; T4; T5; T6; T7; S3 binding unspent=$330.5 < $1000 bar (q50 median, not a cap — reported, not weighted)						TRIAGE-INDEX-ONLY	TRIAGE	WINDOW	3	238	NKD	TOKYO	03:05:07	REVERSAL-CONFIRMATION
NKD-20210701-011123-L	SKIP	C	primary: S8 60s n=0 vol=0 — no transacting counterparty in the last minute (P004 DEAD_BOOK_VETO)	against: T1; T4; T5; T6; T7; S3 binding unspent=$330.5 < $1000 bar (q50 median, not a cap — reported, not weighted)						TRIAGE-INDEX-ONLY	TRIAGE	WINDOW	3	238	NKD	TOKYO	03:05:23	REVERSAL-CONFIRMATION
HG-20210701-011157-L	SKIP	C	primary: S3 phase TOKYO H=4.296 L=4.279 vs S13 entry mid=4.288 — the $1,000 bar needs $800 of NEW range beyond the phase extreme (A1 strict, warmup #21)	against: T3; T4; T5; S3 binding unspent=$692.1 < $1000 bar (q50 median, not a cap — reported, not weighted)						S3,S4,S5,S7,S8,S9,S13	DEEP	CLEAN	5	12678	HG	TOKYO	03:05:57	REVERSAL-CONFIRMATION
SI-20210701-011182-L	SKIP	C	primary: S3 phase TOKYO H=26.26 L=26.17 vs S13 entry mid=26.23 — the $1,000 bar needs $862.5 of NEW range beyond the phase extreme (A1 strict, warmup #21)	against: T3; T4; T5; T6; S8 through_book_600s thru_bid=9 vs thru_ask=3 (recent aggression is on the other side)						TRIAGE-INDEX-ONLY	TRIAGE	CLEAN	4	1278	SI	TOKYO	03:06:22	REVERSAL-CONFIRMATION
HG-20210701-011220-L	SKIP	C	primary: S3 phase TOKYO H=4.296 L=4.279 vs S13 entry mid=4.29 — the $1,000 bar needs $837.5 of NEW range beyond the phase extreme (A1 strict, warmup #21)	against: T3; T4; T5; S3 binding unspent=$692.1 < $1000 bar (q50 median, not a cap — reported, not weighted)						TRIAGE-INDEX-ONLY	TRIAGE	CLEAN	5	12678	HG	TOKYO	03:07:00	REVERSAL-CONFIRMATION
SI-20210701-011226-L	SKIP	C	primary: S3 phase TOKYO H=26.26 L=26.17 vs S13 entry mid=26.24 — the $1,000 bar needs $912.5 of NEW range beyond the phase extreme (A1 strict, warmup #21)	against: T3; T4; T5; T6; S8 through_book_600s thru_bid=9 vs thru_ask=3 (recent aggression is on the other side)						TRIAGE-INDEX-ONLY	TRIAGE	CLEAN	4	1278	SI	TOKYO	03:07:06	REVERSAL-CONFIRMATION
NKD-20210701-011273-S	SKIP	C	primary: S8 60s n=1 vol=1 — no transacting counterparty in the last minute (P004 DEAD_BOOK_VETO)	against: T1; T3; T4; T6; T7; S3 binding unspent=$330.5 < $1000 bar (q50 median, not a cap — reported, not weighted)						TRIAGE-INDEX-ONLY	TRIAGE	WINDOW	3	258	NKD	TOKYO	03:07:53	REVERSAL-CONFIRMATION
HG-20210701-011277-L	SKIP	C	primary: S3 phase TOKYO H=4.296 L=4.279 vs S13 entry mid=4.291 — the $1,000 bar needs $875 of NEW range beyond the phase extreme (A1 strict, warmup #21)	against: T3; T4; T5; S3 binding unspent=$692.1 < $1000 bar (q50 median, not a cap — reported, not weighted)						TRIAGE-INDEX-ONLY	TRIAGE	CLEAN	5	12678	HG	TOKYO	03:07:57	REVERSAL-CONFIRMATION
NKD-20210701-011310-S	SKIP	C	primary: S8 60s n=0 vol=0 — no transacting counterparty in the last minute (P004 DEAD_BOOK_VETO)	against: T1; T3; T4; T6; T7; S3 binding unspent=$330.5 < $1000 bar (q50 median, not a cap — reported, not weighted)						TRIAGE-INDEX-ONLY	TRIAGE	WINDOW	3	258	NKD	TOKYO	03:08:30	REVERSAL-CONFIRMATION
HG-20210701-011352-L	SKIP	C	primary: S3 phase TOKYO H=4.296 L=4.279 vs S13 entry mid=4.29 — the $1,000 bar needs $837.5 of NEW range beyond the phase extreme (A1 strict, warmup #21)	against: T3; T4; T5; T6; S3 binding unspent=$692.1 < $1000 bar (q50 median, not a cap — reported, not weighted)						TRIAGE-INDEX-ONLY	TRIAGE	CLEAN	4	1278	HG	TOKYO	03:09:12	REVERSAL-CONFIRMATION
HG-20210701-011446-S	SKIP	C	primary: S3 phase TOKYO H=4.296 L=4.279 vs S13 entry mid=4.289 — the $1,000 bar needs $750 of NEW range beyond the phase extreme (A1 strict, warmup #21)	against: T3; T4; T5; T7; S3 binding unspent=$692.1 < $1000 bar (q50 median, not a cap — reported, not weighted)						TRIAGE-INDEX-ONLY	TRIAGE	CLEAN	4	1268	HG	TOKYO	03:10:46	REVERSAL-CONFIRMATION
HG-20210701-011492-L	SKIP	C	primary: S3 phase TOKYO H=4.296 L=4.279 vs S13 entry mid=4.29 — the $1,000 bar needs $837.5 of NEW range beyond the phase extreme (A1 strict, warmup #21)	against: T3; T4; T5; T6; S3 binding unspent=$692.1 < $1000 bar (q50 median, not a cap — reported, not weighted)						TRIAGE-INDEX-ONLY	TRIAGE	CLEAN	4	1278	HG	TOKYO	03:11:32	REVERSAL-CONFIRMATION
HG-20210701-011559-S	SKIP	C	primary: S3 phase TOKYO H=4.296 L=4.279 vs S13 entry mid=4.289 — the $1,000 bar needs $750 of NEW range beyond the phase extreme (A1 strict, warmup #21)	against: T3; T4; T5; T7; S3 binding unspent=$692.1 < $1000 bar (q50 median, not a cap — reported, not weighted)						TRIAGE-INDEX-ONLY	TRIAGE	CLEAN	4	1268	HG	TOKYO	03:12:39	REVERSAL-CONFIRMATION
NKD-20210701-011630-L	SKIP	C	primary: S8 60s n=0 vol=0 — no transacting counterparty in the last minute (P004 DEAD_BOOK_VETO)	against: T1; T4; T5; T6; T7; S3 binding unspent=$330.5 < $1000 bar (q50 median, not a cap — reported, not weighted)						TRIAGE-INDEX-ONLY	TRIAGE	WINDOW	3	238	NKD	TOKYO	03:13:50	REVERSAL-CONFIRMATION
HG-20210701-011637-L	SKIP	C	primary: S3 phase TOKYO H=4.296 L=4.279 vs S13 entry mid=4.293 — the $1,000 bar needs $912.5 of NEW range beyond the phase extreme (A1 strict, warmup #21)	against: T3; T4; T5; S3 binding unspent=$692.1 < $1000 bar (q50 median, not a cap — reported, not weighted)						TRIAGE-INDEX-ONLY	TRIAGE	CLEAN	5	12678	HG	TOKYO	03:13:57	REVERSAL-CONFIRMATION
NKD-20210701-011698-L	SKIP	C	primary: S8 60s n=1 vol=1 — no transacting counterparty in the last minute (P004 DEAD_BOOK_VETO)	against: T1; T4; T5; T6; T7; S3 binding unspent=$330.5 < $1000 bar (q50 median, not a cap — reported, not weighted)						TRIAGE-INDEX-ONLY	TRIAGE	WINDOW	3	238	NKD	TOKYO	03:14:58	REVERSAL-CONFIRMATION
NKD-20210701-011853-S	SKIP	C	primary: S8 60s n=0 vol=0 — no transacting counterparty in the last minute (P004 DEAD_BOOK_VETO)	against: T1; T3; T4; T6; T7; S3 binding unspent=$330.5 < $1000 bar (q50 median, not a cap — reported, not weighted)						TRIAGE-INDEX-ONLY	TRIAGE	WINDOW	3	258	NKD	TOKYO	03:17:33	REVERSAL-CONFIRMATION
NKD-20210701-011860-S	SKIP	C	primary: S8 60s n=0 vol=0 — no transacting counterparty in the last minute (P004 DEAD_BOOK_VETO)	against: T1; T3; T4; T6; T7; S3 binding unspent=$330.5 < $1000 bar (q50 median, not a cap — reported, not weighted)						TRIAGE-INDEX-ONLY	TRIAGE	WINDOW	3	258	NKD	TOKYO	03:17:40	REVERSAL-CONFIRMATION
HG-20210701-011903-S	SKIP	C	primary: S3 phase TOKYO H=4.296 L=4.279 vs S13 entry mid=4.29 — the $1,000 bar needs $737.5 of NEW range beyond the phase extreme (A1 strict, warmup #21)	against: T3; T4; T5; T6; T7; S3 binding unspent=$692.1 < $1000 bar (q50 median, not a cap — reported, not weighted); S8 through_book_600s thru_ask=5 vs thru_bid=1 (recent aggression is on the other side)						TRIAGE-INDEX-ONLY	TRIAGE	CLEAN	3	128	HG	TOKYO	03:18:23	REVERSAL-CONFIRMATION
SI-20210701-011917-S	SKIP	B	primary: S3 runway to_phase_close=13283s with S13 exit_default phase_close — too little time to the binding exit second (P002 A1_EXIT_SECOND_VETO)	against: T4; T6; S8 through_book_600s thru_ask=23 vs thru_bid=2 (recent aggression is on the other side)						TRIAGE-INDEX-ONLY	TRIAGE	CLEAN	6	123578	SI	TOKYO	03:18:37	REVERSAL-CONFIRMATION
HG-20210701-011967-S	SKIP	C	primary: S3 phase TOKYO H=4.296 L=4.279 vs S13 entry mid=4.288 — the $1,000 bar needs $767.5 of NEW range beyond the phase extreme (A1 strict, warmup #21)	against: T3; T4; T5; T7; T8; S9 rv1800/rv60=10.46; S3 binding unspent=$692.1 < $1000 bar (q50 median, not a cap — reported, not weighted); S8 through_book_600s thru_ask=4 vs thru_bid=1 (recent aggression is on the other side)						TRIAGE-INDEX-ONLY	TRIAGE	CLEAN	3	126	HG	TOKYO	03:19:27	REVERSAL-CONFIRMATION
NKD-20210701-012004-L	SKIP	C	primary: S8 60s n=0 vol=0 — no transacting counterparty in the last minute (P004 DEAD_BOOK_VETO)	against: T1; T4; T5; T6; T7; S3 binding unspent=$330.5 < $1000 bar (q50 median, not a cap — reported, not weighted)						TRIAGE-INDEX-ONLY	TRIAGE	WINDOW	3	238	NKD	TOKYO	03:20:04	REVERSAL-CONFIRMATION
SI-20210701-012010-L	SKIP	C	primary: S3 phase TOKYO H=26.32 L=26.17 vs S13 entry mid=26.32 — the $1,000 bar needs $975 of NEW range beyond the phase extreme (A1 strict, warmup #21)	against: T3; T4; T5; T6; T7						TRIAGE-INDEX-ONLY	TRIAGE	CLEAN	3	128	SI	TOKYO	03:20:10	REVERSAL-CONFIRMATION
NKD-20210701-012045-L	SKIP	C	primary: S8 60s n=0 vol=0 — no transacting counterparty in the last minute (P004 DEAD_BOOK_VETO)	against: T1; T4; T5; T6; T7; S3 binding unspent=$330.5 < $1000 bar (q50 median, not a cap — reported, not weighted)						TRIAGE-INDEX-ONLY	TRIAGE	WINDOW	3	238	NKD	TOKYO	03:20:45	REVERSAL-CONFIRMATION
SI-20210701-012201-S	SKIP	C	primary: S13 spread_at_decision=$50 vs SI era spread_med $25 — the entrant pays a liquidity fact, not a transient quote (P005 ENTRY_SPREAD_TAX)	against: T2; T3; T4						TRIAGE-INDEX-ONLY	TRIAGE	CLEAN	5	15678	SI	TOKYO	03:23:21	REVERSAL-CONFIRMATION
SI-20210701-012208-S	SKIP	C	primary: S13 spread_at_decision=$50 vs SI era spread_med $25 — the entrant pays a liquidity fact, not a transient quote (P005 ENTRY_SPREAD_TAX)	against: T2; T3; T4						TRIAGE-INDEX-ONLY	TRIAGE	CLEAN	5	15678	SI	TOKYO	03:23:28	REVERSAL-CONFIRMATION
SI-20210701-012245-S	SKIP	C	primary: S13 spread_at_decision=$50 vs SI era spread_med $25 — the entrant pays a liquidity fact, not a transient quote (P005 ENTRY_SPREAD_TAX)	against: T2; T3; T4; T6						TRIAGE-INDEX-ONLY	TRIAGE	CLEAN	4	1578	SI	TOKYO	03:24:05	REVERSAL-CONFIRMATION
SI-20210701-012255-S	SKIP	C	primary: S13 spread_at_decision=$50 vs SI era spread_med $25 — the entrant pays a liquidity fact, not a transient quote (P005 ENTRY_SPREAD_TAX)	against: T2; T3; T4; T6						TRIAGE-INDEX-ONLY	TRIAGE	CLEAN	4	1578	SI	TOKYO	03:24:15	REVERSAL-CONFIRMATION
SI-20210701-012277-S	SKIP	B	primary: S3 runway to_phase_close=12923s with S13 exit_default phase_close — too little time to the binding exit second (P002 A1_EXIT_SECOND_VETO)	against: T4; T6						TRIAGE-INDEX-ONLY	TRIAGE	CLEAN	6	123578	SI	TOKYO	03:24:37	REVERSAL-CONFIRMATION
SI-20210701-012284-S	SKIP	C	primary: S13 spread_at_decision=$50 vs SI era spread_med $25 — the entrant pays a liquidity fact, not a transient quote (P005 ENTRY_SPREAD_TAX)	against: T2; T4; T6						TRIAGE-INDEX-ONLY	TRIAGE	CLEAN	5	13578	SI	TOKYO	03:24:44	REVERSAL-CONFIRMATION
SI-20210701-012291-S	SKIP	B	primary: S3 runway to_phase_close=12909s with S13 exit_default phase_close — too little time to the binding exit second (P002 A1_EXIT_SECOND_VETO)	against: T4; T6						TRIAGE-INDEX-ONLY	TRIAGE	CLEAN	6	123578	SI	TOKYO	03:24:51	REVERSAL-CONFIRMATION
SI-20210701-012312-S	SKIP	B	primary: S3 runway to_phase_close=12888s with S13 exit_default phase_close — too little time to the binding exit second (P002 A1_EXIT_SECOND_VETO)	against: T4; T6						TRIAGE-INDEX-ONLY	TRIAGE	DIRECT	6	123578	SI	TOKYO	03:25:12	RECLAIM
SI-20210701-012383-L	SKIP	C	primary: S13 spread_at_decision=$50 vs SI era spread_med $25 — the entrant pays a liquidity fact, not a transient quote (P005 ENTRY_SPREAD_TAX)	against: T2; T3; T4; T5; T7						TRIAGE-INDEX-ONLY	TRIAGE	WINDOW	3	168	SI	TOKYO	03:26:23	REVERSAL-CONFIRMATION
HG-20210701-012388-L	SKIP	C	primary: S3 phase TOKYO H=4.296 L=4.279 vs S13 entry mid=4.289 — the $1,000 bar needs $825 of NEW range beyond the phase extreme (A1 strict, warmup #21)	against: T3; T4; T5; T6; T7; S3 binding unspent=$692.1 < $1000 bar (q50 median, not a cap — reported, not weighted); S8 through_book_600s thru_bid=2 vs thru_ask=0 (recent aggression is on the other side)						TRIAGE-INDEX-ONLY	TRIAGE	CLEAN	3	128	HG	TOKYO	03:26:28	REVERSAL-CONFIRMATION
NKD-20210701-012439-S	SKIP	C	primary: S3 phase TOKYO H=2.888e+04 L=2.868e+04 vs S13 entry mid=2.87e+04 — the $1,000 bar needs $925 of NEW range beyond the phase extreme (A1 strict, warmup #21)	against: T3; T4; T6; T7; S3 binding unspent=$305.5 < $1000 bar (q50 median, not a cap — reported, not weighted)						TRIAGE-INDEX-ONLY	TRIAGE	WINDOW	4	1258	NKD	TOKYO	03:27:19	REVERSAL-CONFIRMATION
NKD-20210701-012447-S	SKIP	C	primary: S3 phase TOKYO H=2.888e+04 L=2.868e+04 vs S13 entry mid=2.87e+04 — the $1,000 bar needs $937.5 of NEW range beyond the phase extreme (A1 strict, warmup #21)	against: T3; T4; T6; T7; S3 binding unspent=$305.5 < $1000 bar (q50 median, not a cap — reported, not weighted)						TRIAGE-INDEX-ONLY	TRIAGE	WINDOW	4	1258	NKD	TOKYO	03:27:27	REVERSAL-CONFIRMATION
SI-20210701-012483-L	SKIP	C	primary: S3 phase TOKYO H=26.32 L=26.17 vs S13 entry mid=26.27 — the $1,000 bar needs $750 of NEW range beyond the phase extreme (A1 strict, warmup #21)	against: T3; T4; T5; T6; T7						TRIAGE-INDEX-ONLY	TRIAGE	WINDOW	3	128	SI	TOKYO	03:28:03	REVERSAL-CONFIRMATION
SI-20210701-012493-L	SKIP	C	primary: S13 spread_at_decision=$50 vs SI era spread_med $25 — the entrant pays a liquidity fact, not a transient quote (P005 ENTRY_SPREAD_TAX)	against: T2; T3; T4; T5; T6; T7						TRIAGE-INDEX-ONLY	TRIAGE	WINDOW	2	18	SI	TOKYO	03:28:13	REVERSAL-CONFIRMATION
SI-20210701-012600-S	SKIP	C	primary: S8 60s n=5 vol=5 — no transacting counterparty in the last minute (P004 DEAD_BOOK_VETO)	against: T1; T2; T4; T6; T8; S9 rv1800/rv60=8.8; S8 through_book_600s thru_ask=6 vs thru_bid=2 (recent aggression is on the other side)						TRIAGE-INDEX-ONLY	TRIAGE	WINDOW	3	357	SI	TOKYO	03:30:00	REVERSAL-CONFIRMATION
SI-20210701-012723-L	SKIP	C	primary: S3 phase TOKYO H=26.32 L=26.17 vs S13 entry mid=26.31 — the $1,000 bar needs $925 of NEW range beyond the phase extreme (A1 strict, warmup #21)	against: T3; T4; T5; T6; T7						TRIAGE-INDEX-ONLY	TRIAGE	WINDOW	3	128	SI	TOKYO	03:32:03	REVERSAL-CONFIRMATION
HG-20210701-012732-L	SKIP	C	primary: S8 60s n=6 vol=7 — no transacting counterparty in the last minute (P004 DEAD_BOOK_VETO)	against: T1; T3; T4; T5; T6; T7; T8; S9 rv1800/rv60=10.06; S3 binding unspent=$692.1 < $1000 bar (q50 median, not a cap — reported, not weighted); S8 through_book_600s thru_bid=1 vs thru_ask=0 (recent aggression is on the other side)						TRIAGE-INDEX-ONLY	TRIAGE	CLEAN	1	2	HG	TOKYO	03:32:12	REVERSAL-CONFIRMATION
SI-20210701-012783-L	SKIP	C	primary: S13 spread_at_decision=$50 vs SI era spread_med $25 — the entrant pays a liquidity fact, not a transient quote (P005 ENTRY_SPREAD_TAX)	against: T2; T3; T4; T5; T6; T7; T8; S9 rv1800/rv60=8.27						TRIAGE-INDEX-ONLY	TRIAGE	WINDOW	1	1	SI	TOKYO	03:33:03	REVERSAL-CONFIRMATION
SI-20210701-013134-S	SKIP	B	primary: S3 runway to_phase_close=12066s with S13 exit_default phase_close — too little time to the binding exit second (P002 A1_EXIT_SECOND_VETO)	against: T4; T7						TRIAGE-INDEX-ONLY	TRIAGE	WINDOW	6	123568	SI	TOKYO	03:38:54	REVERSAL-CONFIRMATION
HG-20210701-013282-S	SKIP	C	primary: S3 phase TOKYO H=4.296 L=4.279 vs S13 entry mid=4.294 — the $1,000 bar needs $630 of NEW range beyond the phase extreme (A1 strict, warmup #21)	against: T3; T4; T5; T6; S3 binding unspent=$679.6 < $1000 bar (q50 median, not a cap — reported, not weighted)						TRIAGE-INDEX-ONLY	TRIAGE	CLEAN	4	1278	HG	TOKYO	03:41:22	REVERSAL-CONFIRMATION
NKD-20210701-013299-L	SKIP	C	primary: S8 60s n=2 vol=3 — no transacting counterparty in the last minute (P004 DEAD_BOOK_VETO)	against: T1; T4; T5; S3 binding unspent=$105.5 < $1000 bar (q50 median, not a cap — reported, not weighted)						TRIAGE-INDEX-ONLY	TRIAGE	WINDOW	5	23678	NKD	TOKYO	03:41:39	REVERSAL-CONFIRMATION
NKD-20210701-013313-L	SKIP	C	primary: S8 60s n=1 vol=2 — no transacting counterparty in the last minute (P004 DEAD_BOOK_VETO)	against: T1; T4; T5; T6; S3 binding unspent=$105.5 < $1000 bar (q50 median, not a cap — reported, not weighted)						TRIAGE-INDEX-ONLY	TRIAGE	WINDOW	4	2378	NKD	TOKYO	03:41:53	LEVEL-FIRST-TEST
NKD-20210701-013340-L	SKIP	C	primary: S8 60s n=1 vol=2 — no transacting counterparty in the last minute (P004 DEAD_BOOK_VETO)	against: T1; T4; T5; T6; S3 binding unspent=$105.5 < $1000 bar (q50 median, not a cap — reported, not weighted)						TRIAGE-INDEX-ONLY	TRIAGE	WINDOW	4	2378	NKD	TOKYO	03:42:20	REVERSAL-CONFIRMATION
NKD-20210701-013359-L	SKIP	C	primary: S8 60s n=2 vol=3 — no transacting counterparty in the last minute (P004 DEAD_BOOK_VETO)	against: T1; T4; T5; T6; S3 binding unspent=$105.5 < $1000 bar (q50 median, not a cap — reported, not weighted)						TRIAGE-INDEX-ONLY	TRIAGE	WINDOW	4	2378	NKD	TOKYO	03:42:39	REVERSAL-CONFIRMATION
SI-20210701-013361-L	SKIP	C	primary: S3 phase TOKYO H=26.34 L=26.17 vs S13 entry mid=26.31 — the $1,000 bar needs $875 of NEW range beyond the phase extreme (A1 strict, warmup #21)	against: T3; T4; T5; T6; T7						TRIAGE-INDEX-ONLY	TRIAGE	WINDOW	3	128	SI	TOKYO	03:42:41	REVERSAL-CONFIRMATION
NKD-20210701-013377-L	SKIP	C	primary: S8 60s n=1 vol=1 — no transacting counterparty in the last minute (P004 DEAD_BOOK_VETO)	against: T1; T4; T5; T6; S3 binding unspent=$105.5 < $1000 bar (q50 median, not a cap — reported, not weighted)						TRIAGE-INDEX-ONLY	TRIAGE	WINDOW	4	2378	NKD	TOKYO	03:42:57	REVERSAL-CONFIRMATION
NKD-20210701-013383-L	SKIP	C	primary: S8 60s n=1 vol=1 — no transacting counterparty in the last minute (P004 DEAD_BOOK_VETO)	against: T1; T4; T5; T6; S3 binding unspent=$105.5 < $1000 bar (q50 median, not a cap — reported, not weighted)						TRIAGE-INDEX-ONLY	TRIAGE	WINDOW	4	2378	NKD	TOKYO	03:43:03	LEVEL-FIRST-TEST
SI-20210701-013480-S	SKIP	B	primary: S13 spread_at_decision=$50 vs SI era spread_med $25 — the entrant pays a liquidity fact, not a transient quote (P005 ENTRY_SPREAD_TAX)	against: T2; T4; S8 through_book_600s thru_ask=16 vs thru_bid=1 (recent aggression is on the other side)						TRIAGE-INDEX-ONLY	TRIAGE	WINDOW	6	135678	SI	TOKYO	03:44:40	REVERSAL-CONFIRMATION
SI-20210701-013594-S	SKIP	B	primary: S3 runway to_phase_close=11606s with S13 exit_default phase_close — too little time to the binding exit second (P002 A1_EXIT_SECOND_VETO)	against: T4; T6; S8 through_book_600s thru_ask=16 vs thru_bid=3 (recent aggression is on the other side)						TRIAGE-INDEX-ONLY	TRIAGE	WINDOW	6	123578	SI	TOKYO	03:46:34	REVERSAL-CONFIRMATION
HG-20210701-013595-S	SKIP	C	primary: S3 phase TOKYO H=4.296 L=4.279 vs S13 entry mid=4.291 — the $1,000 bar needs $700 of NEW range beyond the phase extreme (A1 strict, warmup #21)	against: T3; T4; T5; T6; S3 binding unspent=$679.6 < $1000 bar (q50 median, not a cap — reported, not weighted)						TRIAGE-INDEX-ONLY	TRIAGE	CLEAN	4	1278	HG	TOKYO	03:46:35	REVERSAL-CONFIRMATION
NKD-20210701-013728-S	SKIP	C	primary: S8 60s n=6 vol=9 — no transacting counterparty in the last minute (P004 DEAD_BOOK_VETO)	against: T1; T3; T4; T6; T7; S3 binding unspent=$93 < $1000 bar (q50 median, not a cap — reported, not weighted)						TRIAGE-INDEX-ONLY	TRIAGE	WINDOW	3	258	NKD	TOKYO	03:48:48	REVERSAL-CONFIRMATION
NKD-20210701-013747-S	SKIP	C	primary: S8 60s n=6 vol=9 — no transacting counterparty in the last minute (P004 DEAD_BOOK_VETO)	against: T1; T3; T4; T6; T7; S3 binding unspent=$93 < $1000 bar (q50 median, not a cap — reported, not weighted)						TRIAGE-INDEX-ONLY	TRIAGE	WINDOW	3	258	NKD	TOKYO	03:49:07	REVERSAL-CONFIRMATION
SI-20210701-013772-S	SKIP	B	primary: S3 runway to_phase_close=11428s with S13 exit_default phase_close — too little time to the binding exit second (P002 A1_EXIT_SECOND_VETO)	against: T4; T6; S8 through_book_600s thru_ask=16 vs thru_bid=4 (recent aggression is on the other side)						TRIAGE-INDEX-ONLY	TRIAGE	WINDOW	6	123578	SI	TOKYO	03:49:32	REVERSAL-CONFIRMATION
NKD-20210701-013773-S	SKIP	C	primary: S8 60s n=3 vol=3 — no transacting counterparty in the last minute (P004 DEAD_BOOK_VETO)	against: T1; T3; T4; T6; T7; S3 binding unspent=$93 < $1000 bar (q50 median, not a cap — reported, not weighted)						TRIAGE-INDEX-ONLY	TRIAGE	WINDOW	3	258	NKD	TOKYO	03:49:33	REVERSAL-CONFIRMATION
HG-20210701-013838-S	SKIP	C	primary: S3 phase TOKYO H=4.296 L=4.279 vs S13 entry mid=4.289 — the $1,000 bar needs $755 of NEW range beyond the phase extreme (A1 strict, warmup #21)	against: T3; T4; T5; T8; S9 rv1800/rv60=8.12; S3 binding unspent=$679.6 < $1000 bar (q50 median, not a cap — reported, not weighted); S8 through_book_600s thru_ask=1 vs thru_bid=0 (recent aggression is on the other side)						TRIAGE-INDEX-ONLY	TRIAGE	CLEAN	4	1267	HG	TOKYO	03:50:38	REVERSAL-CONFIRMATION
NKD-20210701-013931-L	SKIP	C	primary: S8 60s n=3 vol=3 — no transacting counterparty in the last minute (P004 DEAD_BOOK_VETO)	against: T1; T4; T5; S3 binding unspent=$93 < $1000 bar (q50 median, not a cap — reported, not weighted)						TRIAGE-INDEX-ONLY	TRIAGE	WINDOW	5	23678	NKD	TOKYO	03:52:11	REVERSAL-CONFIRMATION
NKD-20210701-013965-L	SKIP	C	primary: S8 60s n=3 vol=3 — no transacting counterparty in the last minute (P004 DEAD_BOOK_VETO)	against: T1; T4; T5; S3 binding unspent=$93 < $1000 bar (q50 median, not a cap — reported, not weighted)						TRIAGE-INDEX-ONLY	TRIAGE	WINDOW	5	23678	NKD	TOKYO	03:52:45	REVERSAL-CONFIRMATION
NKD-20210701-014045-L	SKIP	C	primary: S8 60s n=1 vol=1 — no transacting counterparty in the last minute (P004 DEAD_BOOK_VETO)	against: T1; T4; T5; S3 binding unspent=$93 < $1000 bar (q50 median, not a cap — reported, not weighted)						TRIAGE-INDEX-ONLY	TRIAGE	WINDOW	5	23678	NKD	TOKYO	03:54:05	REVERSAL-CONFIRMATION
NKD-20210701-014061-L	SKIP	C	primary: S8 60s n=1 vol=1 — no transacting counterparty in the last minute (P004 DEAD_BOOK_VETO)	against: T1; T4; T5; T6; S3 binding unspent=$93 < $1000 bar (q50 median, not a cap — reported, not weighted)						TRIAGE-INDEX-ONLY	TRIAGE	WINDOW	4	2378	NKD	TOKYO	03:54:21	REVERSAL-CONFIRMATION
HG-20210701-014074-L	SKIP	C	primary: S3 phase TOKYO H=4.296 L=4.279 vs S13 entry mid=4.287 — the $1,000 bar needs $762.5 of NEW range beyond the phase extreme (A1 strict, warmup #21)	against: T3; T4; T5; T7; S3 binding unspent=$679.6 < $1000 bar (q50 median, not a cap — reported, not weighted)						TRIAGE-INDEX-ONLY	TRIAGE	CLEAN	4	1268	HG	TOKYO	03:54:34	REVERSAL-CONFIRMATION
HG-20210701-014103-S	SKIP	C	primary: S3 phase TOKYO H=4.296 L=4.279 vs S13 entry mid=4.288 — the $1,000 bar needs $767.5 of NEW range beyond the phase extreme (A1 strict, warmup #21)	against: T3; T4; T5; T6; T7; S3 binding unspent=$679.6 < $1000 bar (q50 median, not a cap — reported, not weighted)						TRIAGE-INDEX-ONLY	TRIAGE	CLEAN	3	128	HG	TOKYO	03:55:03	REVERSAL-CONFIRMATION
HG-20210701-014104-S	SKIP	C	primary: S3 phase TOKYO H=4.296 L=4.279 vs S13 entry mid=4.288 — the $1,000 bar needs $767.5 of NEW range beyond the phase extreme (A1 strict, warmup #21)	against: T3; T4; T5; T6; T7; S3 binding unspent=$679.6 < $1000 bar (q50 median, not a cap — reported, not weighted)						TRIAGE-INDEX-ONLY	TRIAGE	CLEAN	3	128	HG	TOKYO	03:55:04	REVERSAL-CONFIRMATION
SI-20210701-014374-L	SKIP	C	primary: S3 phase TOKYO H=26.34 L=26.17 vs S13 entry mid=26.32 — the $1,000 bar needs $925 of NEW range beyond the phase extreme (A1 strict, warmup #21)	against: T3; T4; T5; T7; S8 through_book_600s thru_bid=1 vs thru_ask=0 (recent aggression is on the other side)						TRIAGE-INDEX-ONLY	TRIAGE	WINDOW	4	1268	SI	TOKYO	03:59:34	REVERSAL-CONFIRMATION
SI-20210701-014427-L	SKIP	C	primary: S13 spread_at_decision=$50 vs SI era spread_med $25 — the entrant pays a liquidity fact, not a transient quote (P005 ENTRY_SPREAD_TAX)	against: T2; T3; T4; T5; T7; S8 through_book_600s thru_bid=1 vs thru_ask=0 (recent aggression is on the other side)						TRIAGE-INDEX-ONLY	TRIAGE	WINDOW	3	168	SI	TOKYO	04:00:27	REVERSAL-CONFIRMATION
NKD-20210701-014455-S	SKIP	C	primary: S8 60s n=0 vol=0 — no transacting counterparty in the last minute (P004 DEAD_BOOK_VETO)	against: T1; T3; T4; T7; S3 binding unspent=$93 < $1000 bar (q50 median, not a cap — reported, not weighted)						TRIAGE-INDEX-ONLY	TRIAGE	WINDOW	4	2568	NKD	TOKYO	04:00:55	REVERSAL-CONFIRMATION
HG-20210701-014473-L	SKIP	C	primary: S3 phase TOKYO H=4.296 L=4.279 vs S13 entry mid=4.293 — the $1,000 bar needs $912.5 of NEW range beyond the phase extreme (A1 strict, warmup #21)	against: T3; T4; T5; T6; T7; S3 binding unspent=$679.6 < $1000 bar (q50 median, not a cap — reported, not weighted)						TRIAGE-INDEX-ONLY	TRIAGE	CLEAN	3	128	HG	TOKYO	04:01:13	REVERSAL-CONFIRMATION
SI-20210701-014521-L	SKIP	C	primary: S13 spread_at_decision=$50 vs SI era spread_med $25 — the entrant pays a liquidity fact, not a transient quote (P005 ENTRY_SPREAD_TAX)	against: T2; T3; T4; T5; T6; T7; T8; S9 rv1800/rv60=9.51; S8 through_book_600s thru_bid=1 vs thru_ask=0 (recent aggression is on the other side)						TRIAGE-INDEX-ONLY	TRIAGE	WINDOW	1	1	SI	TOKYO	04:02:01	REVERSAL-CONFIRMATION
HG-20210701-014522-L	SKIP	C	primary: S3 phase TOKYO H=4.296 L=4.279 vs S13 entry mid=4.29 — the $1,000 bar needs $850 of NEW range beyond the phase extreme (A1 strict, warmup #21)	against: T3; T4; T5; T6; T7; S3 binding unspent=$679.6 < $1000 bar (q50 median, not a cap — reported, not weighted)						TRIAGE-INDEX-ONLY	TRIAGE	CLEAN	3	128	HG	TOKYO	04:02:02	REVERSAL-CONFIRMATION
SI-20210701-014659-S	SKIP	B	primary: S3 runway to_phase_close=10541s with S13 exit_default phase_close — too little time to the binding exit second (P002 A1_EXIT_SECOND_VETO)	against: T4; T7						TRIAGE-INDEX-ONLY	TRIAGE	WINDOW	6	123568	SI	TOKYO	04:04:19	REVERSAL-CONFIRMATION
HG-20210701-014684-S	SKIP	C	primary: S3 phase TOKYO H=4.296 L=4.279 vs S13 entry mid=4.288 — the $1,000 bar needs $762.5 of NEW range beyond the phase extreme (A1 strict, warmup #21)	against: T3; T4; T5; T6; T7; S3 binding unspent=$679.6 < $1000 bar (q50 median, not a cap — reported, not weighted)						TRIAGE-INDEX-ONLY	TRIAGE	CLEAN	3	128	HG	TOKYO	04:04:44	REVERSAL-CONFIRMATION
NKD-20210701-014723-S	SKIP	C	primary: S8 60s n=0 vol=0 — no transacting counterparty in the last minute (P004 DEAD_BOOK_VETO)	against: T1; T3; T4; T6; T7; S3 binding unspent=$93 < $1000 bar (q50 median, not a cap — reported, not weighted)						TRIAGE-INDEX-ONLY	TRIAGE	WINDOW	3	258	NKD	TOKYO	04:05:23	REVERSAL-CONFIRMATION
HG-20210701-014729-S	SKIP	C	primary: S3 phase TOKYO H=4.296 L=4.279 vs S13 entry mid=4.289 — the $1,000 bar needs $755 of NEW range beyond the phase extreme (A1 strict, warmup #21)	against: T3; T4; T5; T6; T7; S3 binding unspent=$679.6 < $1000 bar (q50 median, not a cap — reported, not weighted)						TRIAGE-INDEX-ONLY	TRIAGE	CLEAN	3	128	HG	TOKYO	04:05:29	REVERSAL-CONFIRMATION
SI-20210701-014776-S	SKIP	C	primary: S13 spread_at_decision=$50 vs SI era spread_med $25 — the entrant pays a liquidity fact, not a transient quote (P005 ENTRY_SPREAD_TAX)	against: T2; T4; T6; T7						TRIAGE-INDEX-ONLY	TRIAGE	WINDOW	4	1358	SI	TOKYO	04:06:16	REVERSAL-CONFIRMATION
SI-20210701-014882-L	SKIP	C	primary: S13 spread_at_decision=$50 vs SI era spread_med $25 — the entrant pays a liquidity fact, not a transient quote (P005 ENTRY_SPREAD_TAX)	against: T2; T3; T4; T5; T7; S8 through_book_600s thru_bid=1 vs thru_ask=0 (recent aggression is on the other side)						TRIAGE-INDEX-ONLY	TRIAGE	WINDOW	3	168	SI	TOKYO	04:08:02	REVERSAL-CONFIRMATION
HG-20210701-014883-L	SKIP	C	primary: S3 phase TOKYO H=4.296 L=4.279 vs S13 entry mid=4.291 — the $1,000 bar needs $862.5 of NEW range beyond the phase extreme (A1 strict, warmup #21)	against: T3; T4; T5; T7; S3 binding unspent=$679.6 < $1000 bar (q50 median, not a cap — reported, not weighted)						TRIAGE-INDEX-ONLY	TRIAGE	CLEAN	4	1268	HG	TOKYO	04:08:03	REVERSAL-CONFIRMATION
NKD-20210701-015051-S	SKIP	C	primary: S8 60s n=3 vol=3 — no transacting counterparty in the last minute (P004 DEAD_BOOK_VETO)	against: T1; T3; T4; T6; T7; T8; S9 rv1800/rv60=8.61; S3 binding unspent=$93 < $1000 bar (q50 median, not a cap — reported, not weighted)						TRIAGE-INDEX-ONLY	TRIAGE	WINDOW	2	25	NKD	TOKYO	04:10:51	REVERSAL-CONFIRMATION
HG-20210701-015138-L	SKIP	C	primary: S3 phase TOKYO H=4.296 L=4.279 vs S13 entry mid=4.292 — the $1,000 bar needs $882.5 of NEW range beyond the phase extreme (A1 strict, warmup #21)	against: T3; T4; T5; T6; T7; S3 binding unspent=$679.6 < $1000 bar (q50 median, not a cap — reported, not weighted)						TRIAGE-INDEX-ONLY	TRIAGE	CLEAN	3	128	HG	TOKYO	04:12:18	REVERSAL-CONFIRMATION
NKD-20210701-015394-L	SKIP	C	primary: S8 60s n=0 vol=0 — no transacting counterparty in the last minute (P004 DEAD_BOOK_VETO)	against: T1; T4; T5; T6; T7; S3 binding unspent=$93 < $1000 bar (q50 median, not a cap — reported, not weighted)						TRIAGE-INDEX-ONLY	TRIAGE	WINDOW	3	238	NKD	TOKYO	04:16:34	REVERSAL-CONFIRMATION
NKD-20210701-015414-L	SKIP	C	primary: S8 60s n=1 vol=1 — no transacting counterparty in the last minute (P004 DEAD_BOOK_VETO)	against: T1; T4; T5; T7; S3 binding unspent=$93 < $1000 bar (q50 median, not a cap — reported, not weighted)						TRIAGE-INDEX-ONLY	TRIAGE	WINDOW	4	2368	NKD	TOKYO	04:16:54	REVERSAL-CONFIRMATION
NKD-20210701-015429-L	SKIP	C	primary: S8 60s n=1 vol=1 — no transacting counterparty in the last minute (P004 DEAD_BOOK_VETO)	against: T1; T4; T5; T6; T7; S3 binding unspent=$93 < $1000 bar (q50 median, not a cap — reported, not weighted)						TRIAGE-INDEX-ONLY	TRIAGE	WINDOW	3	238	NKD	TOKYO	04:17:09	REVERSAL-CONFIRMATION
NKD-20210701-015973-S	SKIP	C	primary: S8 60s n=3 vol=4 — no transacting counterparty in the last minute (P004 DEAD_BOOK_VETO)	against: T1; T3; T4; T6; T7; S3 binding unspent=$55.5 < $1000 bar (q50 median, not a cap — reported, not weighted)						TRIAGE-INDEX-ONLY	TRIAGE	WINDOW	3	258	NKD	TOKYO	04:26:13	REVERSAL-CONFIRMATION
NKD-20210701-015990-S	SKIP	C	primary: S8 60s n=1 vol=1 — no transacting counterparty in the last minute (P004 DEAD_BOOK_VETO)	against: T1; T3; T4; T6; T7; S3 binding unspent=$55.5 < $1000 bar (q50 median, not a cap — reported, not weighted)						TRIAGE-INDEX-ONLY	TRIAGE	WINDOW	3	258	NKD	TOKYO	04:26:30	REVERSAL-CONFIRMATION
SI-20210701-016190-S	SKIP	C	primary: S3 runway to_phase_close=9010s with S13 exit_default phase_close — too little time to the binding exit second (P002 A1_EXIT_SECOND_VETO)	against: T4; T7; T8; S9 rv1800/rv60=8.25						TRIAGE-INDEX-ONLY	TRIAGE	WINDOW	5	12356	SI	TOKYO	04:29:50	REVERSAL-CONFIRMATION
HG-20210701-016327-L	SKIP	C	primary: S3 phase TOKYO H=4.296 L=4.279 vs S13 entry mid=4.293 — the $1,000 bar needs $912.5 of NEW range beyond the phase extreme (A1 strict, warmup #21)	against: T3; T4; T5; T7; S3 binding unspent=$679.6 < $1000 bar (q50 median, not a cap — reported, not weighted)						TRIAGE-INDEX-ONLY	TRIAGE	CLEAN	4	1268	HG	TOKYO	04:32:07	REVERSAL-CONFIRMATION
HG-20210701-016394-S	SKIP	C	primary: S3 phase TOKYO H=4.296 L=4.279 vs S13 entry mid=4.293 — the $1,000 bar needs $637.5 of NEW range beyond the phase extreme (A1 strict, warmup #21)	against: T3; T4; T5; T6; T7; T8; S9 rv1800/rv60=8.22; S3 binding unspent=$679.6 < $1000 bar (q50 median, not a cap — reported, not weighted)						TRIAGE-INDEX-ONLY	TRIAGE	CLEAN	2	12	HG	TOKYO	04:33:14	REVERSAL-CONFIRMATION
SI-20210701-016396-L	SKIP	C	primary: S3 phase TOKYO H=26.34 L=26.17 vs S13 entry mid=26.33 — the $1,000 bar needs $975 of NEW range beyond the phase extreme (A1 strict, warmup #21)	against: T3; T4; T5; T7; S8 through_book_600s thru_bid=1 vs thru_ask=0 (recent aggression is on the other side)						TRIAGE-INDEX-ONLY	TRIAGE	WINDOW	4	1268	SI	TOKYO	04:33:16	REVERSAL-CONFIRMATION
SI-20210701-016506-L	SKIP	C	primary: S13 spread_at_decision=$50 vs SI era spread_med $25 — the entrant pays a liquidity fact, not a transient quote (P005 ENTRY_SPREAD_TAX)	against: T2; T3; T4; T5; T6; T7						TRIAGE-INDEX-ONLY	TRIAGE	WINDOW	2	18	SI	TOKYO	04:35:06	REVERSAL-CONFIRMATION
HG-20210701-016563-L	SKIP	C	primary: S3 phase TOKYO H=4.296 L=4.279 vs S13 entry mid=4.294 — the $1,000 bar needs $945 of NEW range beyond the phase extreme (A1 strict, warmup #21)	against: T3; T4; T5; T6; T7; S3 binding unspent=$679.6 < $1000 bar (q50 median, not a cap — reported, not weighted)						TRIAGE-INDEX-ONLY	TRIAGE	CLEAN	3	128	HG	TOKYO	04:36:03	REVERSAL-CONFIRMATION
NKD-20210701-016614-L	SKIP	C	primary: S8 60s n=0 vol=0 — no transacting counterparty in the last minute (P004 DEAD_BOOK_VETO)	against: T1; T4; T5; S3 binding unspent=$-144.5 < $1000 bar (q50 median, not a cap — reported, not weighted)						TRIAGE-INDEX-ONLY	TRIAGE	WINDOW	5	23678	NKD	TOKYO	04:36:54	REVERSAL-CONFIRMATION
SI-20210701-016681-S	SKIP	C	primary: S8 60s n=8 vol=9 — no transacting counterparty in the last minute (P004 DEAD_BOOK_VETO)	against: T1; T4; T6; S8 through_book_600s thru_ask=8 vs thru_bid=1 (recent aggression is on the other side)						TRIAGE-INDEX-ONLY	TRIAGE	WINDOW	5	23578	SI	TOKYO	04:38:01	REVERSAL-CONFIRMATION
NKD-20210701-016706-L	SKIP	C	primary: S8 60s n=0 vol=0 — no transacting counterparty in the last minute (P004 DEAD_BOOK_VETO)	against: T1; T4; T5; T6; T8; S9 rv1800/rv60=14.12; S3 binding unspent=$-144.5 < $1000 bar (q50 median, not a cap — reported, not weighted)						TRIAGE-INDEX-ONLY	TRIAGE	WINDOW	3	237	NKD	TOKYO	04:38:26	REVERSAL-CONFIRMATION
NKD-20210701-016723-L	SKIP	C	primary: S8 60s n=0 vol=0 — no transacting counterparty in the last minute (P004 DEAD_BOOK_VETO)	against: T1; T4; T5; T6; T8; S9 rv1800/rv60=14.12; S3 binding unspent=$-144.5 < $1000 bar (q50 median, not a cap — reported, not weighted)						TRIAGE-INDEX-ONLY	TRIAGE	WINDOW	3	237	NKD	TOKYO	04:38:43	REVERSAL-CONFIRMATION
NKD-20210701-016733-L	SKIP	C	primary: S8 60s n=0 vol=0 — no transacting counterparty in the last minute (P004 DEAD_BOOK_VETO)	against: T1; T4; T5; T6; T8; S9 rv1800/rv60=14.03; S3 binding unspent=$-144.5 < $1000 bar (q50 median, not a cap — reported, not weighted)						TRIAGE-INDEX-ONLY	TRIAGE	WINDOW	3	237	NKD	TOKYO	04:38:53	RECLAIM
HG-20210701-016736-S	SKIP	C	primary: S3 phase TOKYO H=4.296 L=4.279 vs S13 entry mid=4.295 — the $1,000 bar needs $592.5 of NEW range beyond the phase extreme (A1 strict, warmup #21)	against: T3; T4; T5; T6; T7; S3 binding unspent=$679.6 < $1000 bar (q50 median, not a cap — reported, not weighted)						TRIAGE-INDEX-ONLY	TRIAGE	CLEAN	3	128	HG	TOKYO	04:38:56	REVERSAL-CONFIRMATION
HG-20210701-016828-L	SKIP	C	primary: S3 phase TOKYO H=4.297 L=4.279 vs S13 entry mid=4.296 — the $1,000 bar needs $987.5 of NEW range beyond the phase extreme (A1 strict, warmup #21)	against: T3; T4; T5; T6; T7; S3 binding unspent=$667.1 < $1000 bar (q50 median, not a cap — reported, not weighted)						TRIAGE-INDEX-ONLY	TRIAGE	CLEAN	3	128	HG	TOKYO	04:40:28	REVERSAL-CONFIRMATION
NKD-20210701-016884-L	SKIP	C	primary: S8 60s n=0 vol=0 — no transacting counterparty in the last minute (P004 DEAD_BOOK_VETO)	against: T1; T4; T5; T6; T8; S3 binding unspent=$-144.5 < $1000 bar (q50 median, not a cap — reported, not weighted)						TRIAGE-INDEX-ONLY	TRIAGE	WINDOW	3	237	NKD	TOKYO	04:41:24	REVERSAL-CONFIRMATION
SI-20210701-016908-L	SKIP	C	primary: S3 phase TOKYO H=26.37 L=26.17 vs S13 entry mid=26.35 — the $1,000 bar needs $875 of NEW range beyond the phase extreme (A1 strict, warmup #21)	against: T3; T4; T5; T6; T7						TRIAGE-INDEX-ONLY	TRIAGE	WINDOW	3	128	SI	TOKYO	04:41:48	REVERSAL-CONFIRMATION
HG-20210701-017048-S	SKIP	C	primary: S3 phase TOKYO H=4.297 L=4.279 vs S13 entry mid=4.295 — the $1,000 bar needs $605 of NEW range beyond the phase extreme (A1 strict, warmup #21)	against: T3; T4; T5; T6; T8; S9 rv1800/rv60=8.14; S3 binding unspent=$667.1 < $1000 bar (q50 median, not a cap — reported, not weighted); S8 through_book_600s thru_ask=2 vs thru_bid=0 (recent aggression is on the other side)						TRIAGE-INDEX-ONLY	TRIAGE	CLEAN	3	127	HG	TOKYO	04:44:08	REVERSAL-CONFIRMATION
HG-20210701-017213-L	SKIP	C	primary: S3 phase TOKYO H=4.297 L=4.279 vs S13 entry mid=4.294 — the $1,000 bar needs $925 of NEW range beyond the phase extreme (A1 strict, warmup #21)	against: T3; T4; T5; T7; S3 binding unspent=$667.1 < $1000 bar (q50 median, not a cap — reported, not weighted)						TRIAGE-INDEX-ONLY	TRIAGE	CLEAN	4	1268	HG	TOKYO	04:46:53	REVERSAL-CONFIRMATION
HG-20210701-017374-S	SKIP	C	primary: S3 phase TOKYO H=4.297 L=4.279 vs S13 entry mid=4.292 — the $1,000 bar needs $687.5 of NEW range beyond the phase extreme (A1 strict, warmup #21)	against: T3; T4; T5; T6; T8; S9 rv1800/rv60=8.39; S3 binding unspent=$667.1 < $1000 bar (q50 median, not a cap — reported, not weighted)						TRIAGE-INDEX-ONLY	TRIAGE	CLEAN	3	127	HG	TOKYO	04:49:34	REVERSAL-CONFIRMATION
HG-20210701-017441-S	SKIP	C	primary: S3 phase TOKYO H=4.297 L=4.279 vs S13 entry mid=4.29 — the $1,000 bar needs $712.5 of NEW range beyond the phase extreme (A1 strict, warmup #21)	against: T3; T4; T5; T6; S3 binding unspent=$667.1 < $1000 bar (q50 median, not a cap — reported, not weighted)						TRIAGE-INDEX-ONLY	TRIAGE	CLEAN	4	1278	HG	TOKYO	04:50:41	REVERSAL-CONFIRMATION
SI-20210701-017796-S	SKIP	C	primary: S13 spread_at_decision=$50 vs SI era spread_med $25 — the entrant pays a liquidity fact, not a transient quote (P005 ENTRY_SPREAD_TAX)	against: T2; T4; T6; T7; T8; S9 rv1800/rv60=9.15						TRIAGE-INDEX-ONLY	TRIAGE	WINDOW	3	135	SI	TOKYO	04:56:36	REVERSAL-CONFIRMATION
SI-20210701-018161-L	SKIP	C	primary: S8 60s n=4 vol=4 — no transacting counterparty in the last minute (P004 DEAD_BOOK_VETO)	against: T1; T3; T4; T5; T7						TRIAGE-INDEX-ONLY	TRIAGE	WINDOW	3	268	SI	TOKYO	05:02:41	REVERSAL-CONFIRMATION
HG-20210701-018303-S	SKIP	C	primary: S3 phase TOKYO H=4.297 L=4.279 vs S13 entry mid=4.287 — the $1,000 bar needs $792.5 of NEW range beyond the phase extreme (A1 strict, warmup #21)	against: T3; T4; T5; T6; T7; S3 binding unspent=$667.1 < $1000 bar (q50 median, not a cap — reported, not weighted)						TRIAGE-INDEX-ONLY	TRIAGE	CLEAN	3	128	HG	TOKYO	05:05:03	REVERSAL-CONFIRMATION
NKD-20210701-018306-S	SKIP	C	primary: S8 60s n=0 vol=0 — no transacting counterparty in the last minute (P004 DEAD_BOOK_VETO)	against: T1; T3; T4; T7; S3 binding unspent=$-144.5 < $1000 bar (q50 median, not a cap — reported, not weighted)						TRIAGE-INDEX-ONLY	TRIAGE	WINDOW	4	2568	NKD	TOKYO	05:05:06	REVERSAL-CONFIRMATION
NKD-20210701-018420-S	SKIP	C	primary: S8 60s n=0 vol=0 — no transacting counterparty in the last minute (P004 DEAD_BOOK_VETO)	against: T1; T3; T4; T6; T7; S3 binding unspent=$-144.5 < $1000 bar (q50 median, not a cap — reported, not weighted)						TRIAGE-INDEX-ONLY	TRIAGE	WINDOW	3	258	NKD	TOKYO	05:07:00	REVERSAL-CONFIRMATION
HG-20210701-018484-S	SKIP	C	primary: S3 phase TOKYO H=4.297 L=4.279 vs S13 entry mid=4.285 — the $1,000 bar needs $862.5 of NEW range beyond the phase extreme (A1 strict, warmup #21)	against: T3; T4; T5; T6; T7; S3 binding unspent=$667.1 < $1000 bar (q50 median, not a cap — reported, not weighted); S8 through_book_600s thru_ask=1 vs thru_bid=0 (recent aggression is on the other side)						TRIAGE-INDEX-ONLY	TRIAGE	CLEAN	3	128	HG	TOKYO	05:08:04	REVERSAL-CONFIRMATION
HG-20210701-018923-L	SKIP	C	primary: S3 phase TOKYO H=4.297 L=4.275 vs S13 entry mid=4.276 — the $1,000 bar needs $482.5 of NEW range beyond the phase extreme (A1 strict, warmup #21)	against: T3; T4; T5; T6; S3 binding unspent=$567.1 < $1000 bar (q50 median, not a cap — reported, not weighted)						TRIAGE-INDEX-ONLY	TRIAGE	CLEAN	4	1278	HG	TOKYO	05:15:23	REVERSAL-CONFIRMATION
SI-20210701-019001-S	SKIP	C	primary: S8 60s n=6 vol=7 — no transacting counterparty in the last minute (P004 DEAD_BOOK_VETO)	against: T1; T2; T4; T6; T7						TRIAGE-INDEX-ONLY	TRIAGE	WINDOW	3	358	SI	TOKYO	05:16:41	REVERSAL-CONFIRMATION
HG-20210701-019002-S	SKIP	C	primary: S3 phase TOKYO H=4.297 L=4.274 vs S13 entry mid=4.274 — the $1,000 bar needs $995 of NEW range beyond the phase extreme (A1 strict, warmup #21)	against: T3; T4; T5; T7; S3 binding unspent=$548.4 < $1000 bar (q50 median, not a cap — reported, not weighted)						TRIAGE-INDEX-ONLY	TRIAGE	CLEAN	4	1268	HG	TOKYO	05:16:42	REVERSAL-CONFIRMATION
SI-20210701-019038-S	SKIP	C	primary: S8 60s n=2 vol=3 — no transacting counterparty in the last minute (P004 DEAD_BOOK_VETO)	against: T1; T2; T4; T6; T7						TRIAGE-INDEX-ONLY	TRIAGE	WINDOW	3	358	SI	TOKYO	05:17:18	REVERSAL-CONFIRMATION
SI-20210701-019196-S	SKIP	C	primary: S3 runway to_phase_close=6004s with S13 exit_default phase_close — too little time to the binding exit second (P002 A1_EXIT_SECOND_VETO)	against: T4; T6; T7						TRIAGE-INDEX-ONLY	TRIAGE	WINDOW	5	12358	SI	TOKYO	05:19:56	REVERSAL-CONFIRMATION
HG-20210701-019319-L	SKIP	B	primary: S3 runway to_phase_close=5881s with S13 exit_default phase_close — too little time to the binding exit second (P002 A1_EXIT_SECOND_VETO)	against: T4; T5; S3 binding unspent=$229.6 < $1000 bar (q50 median, not a cap — reported, not weighted); S8 through_book_600s thru_bid=11 vs thru_ask=0 (recent aggression is on the other side)						TRIAGE-INDEX-ONLY	TRIAGE	CLEAN	6	123678	HG	TOKYO	05:21:59	REVERSAL-CONFIRMATION
HG-20210701-019358-S	SKIP	C	primary: S3 phase TOKYO H=4.297 L=4.261 vs S13 entry mid=4.268 — the $1,000 bar needs $842.5 of NEW range beyond the phase extreme (A1 strict, warmup #21)	against: T3; T4; T5; T6; T7; S3 binding unspent=$229.6 < $1000 bar (q50 median, not a cap — reported, not weighted)						TRIAGE-INDEX-ONLY	TRIAGE	CLEAN	3	128	HG	TOKYO	05:22:38	REVERSAL-CONFIRMATION
HG-20210701-019402-L	SKIP	C	primary: S3 runway to_phase_close=5798s with S13 exit_default phase_close — too little time to the binding exit second (P002 A1_EXIT_SECOND_VETO)	against: T4; T5; T6; S3 binding unspent=$229.6 < $1000 bar (q50 median, not a cap — reported, not weighted); S8 through_book_600s thru_bid=13 vs thru_ask=3 (recent aggression is on the other side)						TRIAGE-INDEX-ONLY	TRIAGE	CLEAN	5	12378	HG	TOKYO	05:23:22	REVERSAL-CONFIRMATION
HG-20210701-019440-L	SKIP	C	primary: S3 runway to_phase_close=5760s with S13 exit_default phase_close — too little time to the binding exit second (P002 A1_EXIT_SECOND_VETO)	against: T4; T5; T6; S3 binding unspent=$229.6 < $1000 bar (q50 median, not a cap — reported, not weighted); S8 through_book_600s thru_bid=13 vs thru_ask=3 (recent aggression is on the other side)						TRIAGE-INDEX-ONLY	TRIAGE	CLEAN	5	12378	HG	TOKYO	05:24:00	REVERSAL-CONFIRMATION
HG-20210701-019514-L	SKIP	C	primary: S3 runway to_phase_close=5686s with S13 exit_default phase_close — too little time to the binding exit second (P002 A1_EXIT_SECOND_VETO)	against: T4; T5; T6; S3 binding unspent=$229.6 < $1000 bar (q50 median, not a cap — reported, not weighted); S8 through_book_600s thru_bid=13 vs thru_ask=3 (recent aggression is on the other side)						TRIAGE-INDEX-ONLY	TRIAGE	DIRECT	5	12378	HG	TOKYO	05:25:14	RECLAIM
HG-20210701-019564-S	SKIP	C	primary: S3 phase TOKYO H=4.297 L=4.261 vs S13 entry mid=4.266 — the $1,000 bar needs $875 of NEW range beyond the phase extreme (A1 strict, warmup #21)	against: T3; T4; T5; T6; T7; S3 binding unspent=$229.6 < $1000 bar (q50 median, not a cap — reported, not weighted)						TRIAGE-INDEX-ONLY	TRIAGE	WINDOW	3	128	HG	TOKYO	05:26:04	REVERSAL-CONFIRMATION
SI-20210701-019657-L	SKIP	C	primary: S8 60s n=4 vol=6 — no transacting counterparty in the last minute (P004 DEAD_BOOK_VETO)	against: T1; T3; T4; T5; T6; T7; T8; S9 rv1800/rv60=8.53						TRIAGE-INDEX-ONLY	TRIAGE	WINDOW	1	2	SI	TOKYO	05:27:37	REVERSAL-CONFIRMATION
HG-20210701-019711-L	SKIP	C	primary: S3 runway to_phase_close=5489s with S13 exit_default phase_close — too little time to the binding exit second (P002 A1_EXIT_SECOND_VETO)	against: T4; T5; T6; S3 binding unspent=$229.6 < $1000 bar (q50 median, not a cap — reported, not weighted); S8 through_book_600s thru_bid=11 vs thru_ask=3 (recent aggression is on the other side)						TRIAGE-INDEX-ONLY	TRIAGE	WINDOW	5	12378	HG	TOKYO	05:28:31	REVERSAL-CONFIRMATION
SI-20210701-019766-L	SKIP	C	primary: S8 60s n=5 vol=6 — no transacting counterparty in the last minute (P004 DEAD_BOOK_VETO)	against: T1; T3; T4; T5; T7						TRIAGE-INDEX-ONLY	TRIAGE	WINDOW	3	268	SI	TOKYO	05:29:26	REVERSAL-CONFIRMATION
NKD-20210701-019846-L	SKIP	C	primary: S8 60s n=3 vol=4 — no transacting counterparty in the last minute (P004 DEAD_BOOK_VETO)	against: T1; T4; T5; T7; S3 binding unspent=$-144.5 < $1000 bar (q50 median, not a cap — reported, not weighted)						TRIAGE-INDEX-ONLY	TRIAGE	WINDOW	4	2368	NKD	TOKYO	05:30:46	OPEN-DYNAMICS
NKD-20210701-019849-L	SKIP	C	primary: S8 60s n=3 vol=4 — no transacting counterparty in the last minute (P004 DEAD_BOOK_VETO)	against: T1; T4; T5; T7; S3 binding unspent=$-144.5 < $1000 bar (q50 median, not a cap — reported, not weighted)						TRIAGE-INDEX-ONLY	TRIAGE	WINDOW	4	2368	NKD	TOKYO	05:30:49	OPEN-DYNAMICS
NKD-20210701-019951-L	SKIP	C	primary: S3 runway to_phase_close=10649s with S13 exit_default phase_close — too little time to the binding exit second (P002 A1_EXIT_SECOND_VETO)	against: T4; T5; T7; S3 binding unspent=$-144.5 < $1000 bar (q50 median, not a cap — reported, not weighted)						TRIAGE-INDEX-ONLY	TRIAGE	WINDOW	5	12368	NKD	TOKYO	05:32:31	REVERSAL-CONFIRMATION
NKD-20210701-019954-L	SKIP	C	primary: S3 runway to_phase_close=10646s with S13 exit_default phase_close — too little time to the binding exit second (P002 A1_EXIT_SECOND_VETO)	against: T4; T5; T7; S3 binding unspent=$-144.5 < $1000 bar (q50 median, not a cap — reported, not weighted)						TRIAGE-INDEX-ONLY	TRIAGE	WINDOW	5	12368	NKD	TOKYO	05:32:34	REVERSAL-CONFIRMATION
NKD-20210701-020113-S	SKIP	C	primary: S8 60s n=0 vol=0 — no transacting counterparty in the last minute (P004 DEAD_BOOK_VETO)	against: T1; T3; T4; T7; S3 binding unspent=$-144.5 < $1000 bar (q50 median, not a cap — reported, not weighted)						TRIAGE-INDEX-ONLY	TRIAGE	WINDOW	4	2568	NKD	TOKYO	05:35:13	OPEN-DYNAMICS
NKD-20210701-020218-S	SKIP	C	primary: S8 60s n=0 vol=0 — no transacting counterparty in the last minute (P004 DEAD_BOOK_VETO)	against: T1; T3; T4; T6; T7; S3 binding unspent=$-144.5 < $1000 bar (q50 median, not a cap — reported, not weighted)						TRIAGE-INDEX-ONLY	TRIAGE	WINDOW	3	258	NKD	TOKYO	05:36:58	REVERSAL-CONFIRMATION
NKD-20210701-020220-S	SKIP	C	primary: S8 60s n=0 vol=0 — no transacting counterparty in the last minute (P004 DEAD_BOOK_VETO)	against: T1; T3; T4; T6; T7; S3 binding unspent=$-144.5 < $1000 bar (q50 median, not a cap — reported, not weighted)						TRIAGE-INDEX-ONLY	TRIAGE	WINDOW	3	258	NKD	TOKYO	05:37:00	REVERSAL-CONFIRMATION
HG-20210701-020284-L	SKIP	C	primary: S3 runway to_phase_close=4916s with S13 exit_default phase_close — too little time to the binding exit second (P002 A1_EXIT_SECOND_VETO)	against: T4; T5; T6; T7; T8; S9 rv1800/rv60=11.52; S3 binding unspent=$229.6 < $1000 bar (q50 median, not a cap — reported, not weighted); S8 through_book_600s thru_bid=1 vs thru_ask=0 (recent aggression is on the other side)						TRIAGE-INDEX-ONLY	TRIAGE	WINDOW	3	123	HG	TOKYO	05:38:04	REVERSAL-CONFIRMATION
HG-20210701-020332-L	SKIP	C	primary: S3 runway to_phase_close=4868s with S13 exit_default phase_close — too little time to the binding exit second (P002 A1_EXIT_SECOND_VETO)	against: T4; T5; T6; T7; T8; S9 rv1800/rv60=10.54; S3 binding unspent=$229.6 < $1000 bar (q50 median, not a cap — reported, not weighted); S8 through_book_600s thru_bid=1 vs thru_ask=0 (recent aggression is on the other side)						TRIAGE-INDEX-ONLY	TRIAGE	WINDOW	3	123	HG	TOKYO	05:38:52	RECLAIM
SI-20210701-020628-S	SKIP	C	primary: S8 60s n=5 vol=6 — no transacting counterparty in the last minute (P004 DEAD_BOOK_VETO)	against: T1; T4; T7; T8; S9 rv1800/rv60=8.03						TRIAGE-INDEX-ONLY	TRIAGE	WINDOW	4	2356	SI	TOKYO	05:43:48	REVERSAL-CONFIRMATION
NKD-20210701-020694-L	SKIP	C	primary: S8 60s n=1 vol=1 — no transacting counterparty in the last minute (P004 DEAD_BOOK_VETO)	against: T1; T4; T5; T6; T7; S3 binding unspent=$-144.5 < $1000 bar (q50 median, not a cap — reported, not weighted)						TRIAGE-INDEX-ONLY	TRIAGE	WINDOW	3	238	NKD	TOKYO	05:44:54	REVERSAL-CONFIRMATION
NKD-20210701-020931-S	SKIP	C	primary: S8 60s n=0 vol=0 — no transacting counterparty in the last minute (P004 DEAD_BOOK_VETO)	against: T1; T3; T4; T6; T7; S3 binding unspent=$-144.5 < $1000 bar (q50 median, not a cap — reported, not weighted)						TRIAGE-INDEX-ONLY	TRIAGE	WINDOW	3	258	NKD	TOKYO	05:48:51	REVERSAL-CONFIRMATION
NKD-20210701-021610-L	SKIP	C	primary: S8 60s n=1 vol=1 — no transacting counterparty in the last minute (P004 DEAD_BOOK_VETO)	against: T1; T4; T5; T6; T7; T8; S9 rv1800/rv60=13.88; S3 binding unspent=$-144.5 < $1000 bar (q50 median, not a cap — reported, not weighted)						TRIAGE-INDEX-ONLY	TRIAGE	WINDOW	2	23	NKD	TOKYO	06:00:10	REVERSAL-CONFIRMATION
SI-20210701-022264-L	SKIP	C	primary: S8 60s n=2 vol=6 — no transacting counterparty in the last minute (P004 DEAD_BOOK_VETO)	against: T1; T3; T4; T5; T6; T7						TRIAGE-INDEX-ONLY	TRIAGE	WINDOW	2	28	SI	TOKYO	06:11:04	REVERSAL-CONFIRMATION
HG-20210701-022552-S	SKIP	C	primary: S8 60s n=3 vol=3 — no transacting counterparty in the last minute (P004 DEAD_BOOK_VETO)	against: T1; T3; T4; T5; T6; T7; T8; S3 binding unspent=$229.6 < $1000 bar (q50 median, not a cap — reported, not weighted)						TRIAGE-INDEX-ONLY	TRIAGE	WINDOW	1	2	HG	TOKYO	06:15:52	REVERSAL-CONFIRMATION
NKD-20210701-022702-S	SKIP	C	primary: S8 60s n=0 vol=0 — no transacting counterparty in the last minute (P004 DEAD_BOOK_VETO)	against: T1; T3; T4; T6; T7; S3 binding unspent=$-144.5 < $1000 bar (q50 median, not a cap — reported, not weighted)						TRIAGE-INDEX-ONLY	TRIAGE	WINDOW	3	258	NKD	TOKYO	06:18:22	REVERSAL-CONFIRMATION
NKD-20210701-022926-S	SKIP	C	primary: S8 60s n=0 vol=0 — no transacting counterparty in the last minute (P004 DEAD_BOOK_VETO)	against: T1; T3; T4; T6; T7; T8; S3 binding unspent=$-144.5 < $1000 bar (q50 median, not a cap — reported, not weighted)						TRIAGE-INDEX-ONLY	TRIAGE	WINDOW	2	25	NKD	TOKYO	06:22:06	REVERSAL-CONFIRMATION
NKD-20210701-023104-S	SKIP	C	primary: S8 60s n=0 vol=0 — no transacting counterparty in the last minute (P004 DEAD_BOOK_VETO)	against: T1; T3; T4; T6; T7; T8; S3 binding unspent=$-144.5 < $1000 bar (q50 median, not a cap — reported, not weighted)						TRIAGE-INDEX-ONLY	TRIAGE	WINDOW	2	25	NKD	TOKYO	06:25:04	REVERSAL-CONFIRMATION
NKD-20210701-023334-L	SKIP	C	primary: S8 60s n=0 vol=0 — no transacting counterparty in the last minute (P004 DEAD_BOOK_VETO)	against: T1; T4; T5; T6; T7; T8; S9 rv1800/rv60=8.9; S3 binding unspent=$-144.5 < $1000 bar (q50 median, not a cap — reported, not weighted)						TRIAGE-INDEX-ONLY	TRIAGE	WINDOW	2	23	NKD	TOKYO	06:28:54	REVERSAL-CONFIRMATION
NKD-20210701-023449-L	SKIP	C	primary: S8 60s n=1 vol=1 — no transacting counterparty in the last minute (P004 DEAD_BOOK_VETO)	against: T1; T4; T5; T6; T7; S3 binding unspent=$-144.5 < $1000 bar (q50 median, not a cap — reported, not weighted)						TRIAGE-INDEX-ONLY	TRIAGE	WINDOW	3	238	NKD	TOKYO	06:30:49	REVERSAL-CONFIRMATION
SI-20210701-023557-S	SKIP	C	primary: S3 runway to_phase_close=1643s with S13 exit_default phase_close — too little time to the binding exit second (P002 A1_EXIT_SECOND_VETO)	against: T4; T5; T6; T7						TRIAGE-INDEX-ONLY	TRIAGE	WINDOW	4	1238	SI	TOKYO	06:32:37	REVERSAL-CONFIRMATION
HG-20210701-023736-S	SKIP	C	primary: S8 60s n=5 vol=5 — no transacting counterparty in the last minute (P004 DEAD_BOOK_VETO)	against: T1; T3; T4; T5; T6; T7; S3 binding unspent=$229.6 < $1000 bar (q50 median, not a cap — reported, not weighted)						TRIAGE-INDEX-ONLY	TRIAGE	WINDOW	2	28	HG	TOKYO	06:35:36	REVERSAL-CONFIRMATION
SI-20210701-023740-S	SKIP	C	primary: S8 60s n=0 vol=0 — no transacting counterparty in the last minute (P004 DEAD_BOOK_VETO)	against: T1; T4; T6; T7; T8						TRIAGE-INDEX-ONLY	TRIAGE	WINDOW	3	235	SI	TOKYO	06:35:40	REVERSAL-CONFIRMATION
NKD-20210701-023765-S	SKIP	C	primary: S8 60s n=0 vol=0 — no transacting counterparty in the last minute (P004 DEAD_BOOK_VETO)	against: T1; T3; T4; T6; T7; S3 binding unspent=$-144.5 < $1000 bar (q50 median, not a cap — reported, not weighted)						TRIAGE-INDEX-ONLY	TRIAGE	WINDOW	3	258	NKD	TOKYO	06:36:05	REVERSAL-CONFIRMATION
NKD-20210701-024616-S	SKIP	C	primary: S8 60s n=0 vol=0 — no transacting counterparty in the last minute (P004 DEAD_BOOK_VETO)	against: T1; T3; T4; T6; T7; T8; S9 rv1800/rv60=9.37; S3 binding unspent=$-144.5 < $1000 bar (q50 median, not a cap — reported, not weighted)						TRIAGE-INDEX-ONLY	TRIAGE	WINDOW	2	25	NKD	TOKYO	06:50:16	REVERSAL-CONFIRMATION
SI-20210701-024885-S	SKIP	C	primary: S8 60s n=2 vol=2 — no transacting counterparty in the last minute (P004 DEAD_BOOK_VETO)	against: T1; T4; T5; T6; T7						TRIAGE-INDEX-ONLY	TRIAGE	WINDOW	3	238	SI	TOKYO	06:54:45	REVERSAL-CONFIRMATION
NKD-20210701-025142-S	SKIP	C	primary: S8 60s n=0 vol=0 — no transacting counterparty in the last minute (P004 DEAD_BOOK_VETO)	against: T1; T3; T4; T6; T7; S3 binding unspent=$-144.5 < $1000 bar (q50 median, not a cap — reported, not weighted)						TRIAGE-INDEX-ONLY	TRIAGE	WINDOW	3	258	NKD	TOKYO	06:59:02	REVERSAL-CONFIRMATION
SI-20210701-025274-L	SKIP	B	primary: S3 phase LONDON H=26.32 L=26.31 vs S13 entry mid=26.32 — the $1,000 bar needs $1000 of NEW range beyond the phase extreme (A1 strict, warmup #21)	against: T3; T5						TRIAGE-INDEX-ONLY	TRIAGE	DIRECT	6	124678	SI	LONDON	07:01:14	OPEN-DYNAMICS
SI-20210701-025379-L	SKIP	C	primary: S13 spread_at_decision=$50 vs SI era spread_med $25 — the entrant pays a liquidity fact, not a transient quote (P005 ENTRY_SPREAD_TAX)	against: T2; T3; T5						TRIAGE-INDEX-ONLY	TRIAGE	WINDOW	5	14678	SI	LONDON	07:02:59	REVERSAL-CONFIRMATION
NKD-20210701-025380-L	SKIP	C	primary: S8 60s n=0 vol=0 — no transacting counterparty in the last minute (P004 DEAD_BOOK_VETO)	against: T1; T4; T5; T6; T7; S3 binding unspent=$-144.5 < $1000 bar (q50 median, not a cap — reported, not weighted)						TRIAGE-INDEX-ONLY	TRIAGE	WINDOW	3	238	NKD	TOKYO	07:03:00	REVERSAL-CONFIRMATION
NKD-20210701-025395-L	SKIP	C	primary: S8 60s n=0 vol=0 — no transacting counterparty in the last minute (P004 DEAD_BOOK_VETO)	against: T1; T4; T5; T6; T7; S3 binding unspent=$-144.5 < $1000 bar (q50 median, not a cap — reported, not weighted)						TRIAGE-INDEX-ONLY	TRIAGE	WINDOW	3	238	NKD	TOKYO	07:03:15	REVERSAL-CONFIRMATION
NKD-20210701-025431-L	SKIP	C	primary: S8 60s n=0 vol=0 — no transacting counterparty in the last minute (P004 DEAD_BOOK_VETO)	against: T1; T4; T5; T6; T7; S3 binding unspent=$-144.5 < $1000 bar (q50 median, not a cap — reported, not weighted)						TRIAGE-INDEX-ONLY	TRIAGE	WINDOW	3	238	NKD	TOKYO	07:03:51	REVERSAL-CONFIRMATION
NKD-20210701-025432-L	SKIP	C	primary: S8 60s n=0 vol=0 — no transacting counterparty in the last minute (P004 DEAD_BOOK_VETO)	against: T1; T4; T5; T6; T7; S3 binding unspent=$-144.5 < $1000 bar (q50 median, not a cap — reported, not weighted)						TRIAGE-INDEX-ONLY	TRIAGE	WINDOW	3	238	NKD	TOKYO	07:03:52	REVERSAL-CONFIRMATION
NKD-20210701-025775-S	SKIP	C	primary: S8 60s n=0 vol=0 — no transacting counterparty in the last minute (P004 DEAD_BOOK_VETO)	against: T1; T3; T4; T6; T7; T8; S3 binding unspent=$-144.5 < $1000 bar (q50 median, not a cap — reported, not weighted)						TRIAGE-INDEX-ONLY	TRIAGE	WINDOW	2	25	NKD	TOKYO	07:09:35	REVERSAL-CONFIRMATION
NKD-20210701-025910-S	SKIP	C	primary: S8 60s n=0 vol=0 — no transacting counterparty in the last minute (P004 DEAD_BOOK_VETO)	against: T1; T3; T4; T6; T7; T8; S3 binding unspent=$-144.5 < $1000 bar (q50 median, not a cap — reported, not weighted)						TRIAGE-INDEX-ONLY	TRIAGE	WINDOW	2	25	NKD	TOKYO	07:11:50	REVERSAL-CONFIRMATION
HG-20210701-026383-S	SKIP	C	primary: S8 60s n=3 vol=6 — no transacting counterparty in the last minute (P004 DEAD_BOOK_VETO)	against: T1; T3; T6; T7						TRIAGE-INDEX-ONLY	TRIAGE	WINDOW	4	2458	HG	LONDON	07:19:43	REVERSAL-CONFIRMATION
SI-20210701-026383-S	SKIP	C	primary: S8 60s n=6 vol=9 — no transacting counterparty in the last minute (P004 DEAD_BOOK_VETO)	against: T1; T2; T3; T5; T6; T7						TRIAGE-INDEX-ONLY	TRIAGE	WINDOW	2	48	SI	LONDON	07:19:43	REVERSAL-CONFIRMATION
NKD-20210701-026581-S	SKIP	C	primary: S8 60s n=0 vol=0 — no transacting counterparty in the last minute (P004 DEAD_BOOK_VETO)	against: T1; T3; T4; T6; T7; S3 binding unspent=$-144.5 < $1000 bar (q50 median, not a cap — reported, not weighted)						TRIAGE-INDEX-ONLY	TRIAGE	WINDOW	3	258	NKD	TOKYO	07:23:01	REVERSAL-CONFIRMATION
NKD-20210701-026829-L	SKIP	C	primary: S8 60s n=0 vol=0 — no transacting counterparty in the last minute (P004 DEAD_BOOK_VETO)	against: T1; T4; T5; T6; T7; T8; S3 binding unspent=$-144.5 < $1000 bar (q50 median, not a cap — reported, not weighted)						TRIAGE-INDEX-ONLY	TRIAGE	WINDOW	2	23	NKD	TOKYO	07:27:09	REVERSAL-CONFIRMATION
NKD-20210701-027002-L	SKIP	C	primary: S8 60s n=0 vol=0 — no transacting counterparty in the last minute (P004 DEAD_BOOK_VETO)	against: T1; T2; T4; T5; T6; T7; S3 binding unspent=$-144.5 < $1000 bar (q50 median, not a cap — reported, not weighted)						TRIAGE-INDEX-ONLY	TRIAGE	WINDOW	2	38	NKD	TOKYO	07:30:02	REVERSAL-CONFIRMATION
NKD-20210701-027005-L	SKIP	C	primary: S8 60s n=0 vol=0 — no transacting counterparty in the last minute (P004 DEAD_BOOK_VETO)	against: T1; T4; T5; T6; T7; S3 binding unspent=$-144.5 < $1000 bar (q50 median, not a cap — reported, not weighted)						TRIAGE-INDEX-ONLY	TRIAGE	WINDOW	3	238	NKD	TOKYO	07:30:05	REVERSAL-CONFIRMATION
HG-20210701-027157-L	SKIP	C	primary: S3 phase LONDON H=4.268 L=4.26 vs S13 entry mid=4.265 — the $1,000 bar needs $945 of NEW range beyond the phase extreme (A1 strict, warmup #21)	against: T3; T4; T5						TRIAGE-INDEX-ONLY	TRIAGE	WINDOW	5	12678	HG	LONDON	07:32:37	REVERSAL-CONFIRMATION
HG-20210701-027166-L	SKIP	C	primary: S3 phase LONDON H=4.268 L=4.26 vs S13 entry mid=4.267 — the $1,000 bar needs $987.5 of NEW range beyond the phase extreme (A1 strict, warmup #21)	against: T3; T4; T5						TRIAGE-INDEX-ONLY	TRIAGE	WINDOW	5	12678	HG	LONDON	07:32:46	REVERSAL-CONFIRMATION
HG-20210701-027167-L	SKIP	C	primary: S3 phase LONDON H=4.268 L=4.26 vs S13 entry mid=4.267 — the $1,000 bar needs $987.5 of NEW range beyond the phase extreme (A1 strict, warmup #21)	against: T3; T4; T5						TRIAGE-INDEX-ONLY	TRIAGE	WINDOW	5	12678	HG	LONDON	07:32:47	REVERSAL-CONFIRMATION
NKD-20210701-027188-L	SKIP	C	primary: S8 60s n=0 vol=0 — no transacting counterparty in the last minute (P004 DEAD_BOOK_VETO)	against: T1; T4; T5; T6; T7; S3 binding unspent=$-144.5 < $1000 bar (q50 median, not a cap — reported, not weighted)						TRIAGE-INDEX-ONLY	TRIAGE	WINDOW	3	238	NKD	TOKYO	07:33:08	REVERSAL-CONFIRMATION
SI-20210701-027233-L	SKIP	B	primary: S3 phase LONDON H=26.33 L=26.28 vs S13 entry mid=26.33 — the $1,000 bar needs $1000 of NEW range beyond the phase extreme (A1 strict, warmup #21)	against: T3; T4						TRIAGE-INDEX-ONLY	TRIAGE	WINDOW	6	125678	SI	LONDON	07:33:53	REVERSAL-CONFIRMATION
SI-20210701-027237-L	SKIP	B	primary: S3 phase LONDON H=26.33 L=26.28 vs S13 entry mid=26.33 — the $1,000 bar needs $1000 of NEW range beyond the phase extreme (A1 strict, warmup #21)	against: T3; T4						TRIAGE-INDEX-ONLY	TRIAGE	WINDOW	6	125678	SI	LONDON	07:33:57	REVERSAL-CONFIRMATION
SI-20210701-027333-L	SKIP	C	primary: S3 phase LONDON H=26.36 L=26.28 vs S13 entry mid=26.35 — the $1,000 bar needs $962.5 of NEW range beyond the phase extreme (A1 strict, warmup #21)	against: T3; T4; T6						TRIAGE-INDEX-ONLY	TRIAGE	WINDOW	5	12578	SI	LONDON	07:35:33	REVERSAL-CONFIRMATION
HG-20210701-027338-L	SKIP	C	primary: S3 phase LONDON H=4.274 L=4.26 vs S13 entry mid=4.272 — the $1,000 bar needs $957.5 of NEW range beyond the phase extreme (A1 strict, warmup #21)	against: T3; T4; T5; T6; S3 binding unspent=$872.5 < $1000 bar (q50 median, not a cap — reported, not weighted)						TRIAGE-INDEX-ONLY	TRIAGE	WINDOW	4	1278	HG	LONDON	07:35:38	REVERSAL-CONFIRMATION
SI-20210701-027359-L	SKIP	C	primary: S3 phase LONDON H=26.36 L=26.28 vs S13 entry mid=26.34 — the $1,000 bar needs $912.5 of NEW range beyond the phase extreme (A1 strict, warmup #21)	against: T3; T4; T6						TRIAGE-INDEX-ONLY	TRIAGE	WINDOW	5	12578	SI	LONDON	07:35:59	REVERSAL-CONFIRMATION
HG-20210701-027410-L	SKIP	C	primary: S3 phase LONDON H=4.274 L=4.26 vs S13 entry mid=4.272 — the $1,000 bar needs $962.5 of NEW range beyond the phase extreme (A1 strict, warmup #21)	against: T3; T4; T5; T6; S3 binding unspent=$872.5 < $1000 bar (q50 median, not a cap — reported, not weighted)						TRIAGE-INDEX-ONLY	TRIAGE	WINDOW	4	1278	HG	LONDON	07:36:50	REVERSAL-CONFIRMATION
SI-20210701-027423-L	SKIP	B	primary: S3 phase LONDON H=26.36 L=26.28 vs S13 entry mid=26.35 — the $1,000 bar needs $987.5 of NEW range beyond the phase extreme (A1 strict, warmup #21)	against: T3; T4						TRIAGE-INDEX-ONLY	TRIAGE	WINDOW	6	125678	SI	LONDON	07:37:03	REVERSAL-CONFIRMATION
HG-20210701-027857-S	SKIP	B	primary: S3 phase LONDON H=4.274 L=4.26 vs S13 entry mid=4.268 — the $1,000 bar needs $805 of NEW range beyond the phase extreme (A1 strict, warmup #21)	against: T3; T4; S3 binding unspent=$872.5 < $1000 bar (q50 median, not a cap — reported, not weighted)						TRIAGE-INDEX-ONLY	TRIAGE	WINDOW	6	125678	HG	LONDON	07:44:17	REVERSAL-CONFIRMATION
HG-20210701-027966-S	SKIP	C	primary: S3 phase LONDON H=4.274 L=4.26 vs S13 entry mid=4.268 — the $1,000 bar needs $792.5 of NEW range beyond the phase extreme (A1 strict, warmup #21)	against: T3; T4; T6; S3 binding unspent=$872.5 < $1000 bar (q50 median, not a cap — reported, not weighted)						TRIAGE-INDEX-ONLY	TRIAGE	WINDOW	5	12578	HG	LONDON	07:46:06	REVERSAL-CONFIRMATION
HG-20210701-028513-L	SKIP	C	primary: S3 phase LONDON H=4.274 L=4.26 vs S13 entry mid=4.27 — the $1,000 bar needs $920 of NEW range beyond the phase extreme (A1 strict, warmup #21)	against: T3; T4; T5; T6; T7; S3 binding unspent=$872.5 < $1000 bar (q50 median, not a cap — reported, not weighted); S8 through_book_600s thru_bid=1 vs thru_ask=0 (recent aggression is on the other side)						TRIAGE-INDEX-ONLY	TRIAGE	WINDOW	3	128	HG	LONDON	07:55:13	REVERSAL-CONFIRMATION
HG-20210701-028691-S	SKIP	C	primary: S8 60s n=4 vol=5 — no transacting counterparty in the last minute (P004 DEAD_BOOK_VETO)	against: T1; T3; T4; T6; T7; T8; S9 rv1800/rv60=11.11; S3 binding unspent=$872.5 < $1000 bar (q50 median, not a cap — reported, not weighted)						TRIAGE-INDEX-ONLY	TRIAGE	WINDOW	2	25	HG	LONDON	07:58:11	REVERSAL-CONFIRMATION
NKD-20210701-028919-L	SKIP	C	primary: S8 60s n=1 vol=1 — no transacting counterparty in the last minute (P004 DEAD_BOOK_VETO)	against: T1; T4; T5; T6; T7; S3 binding unspent=$-144.5 < $1000 bar (q50 median, not a cap — reported, not weighted)						TRIAGE-INDEX-ONLY	TRIAGE	WINDOW	3	238	NKD	TOKYO	08:01:59	REVERSAL-CONFIRMATION
NKD-20210701-028960-S	SKIP	C	primary: S8 60s n=1 vol=2 — no transacting counterparty in the last minute (P004 DEAD_BOOK_VETO)	against: T1; T3; T4; T7; S3 binding unspent=$-144.5 < $1000 bar (q50 median, not a cap — reported, not weighted)						TRIAGE-INDEX-ONLY	TRIAGE	WINDOW	4	2568	NKD	TOKYO	08:02:40	REVERSAL-CONFIRMATION
NKD-20210701-028976-S	SKIP	C	primary: S8 60s n=1 vol=2 — no transacting counterparty in the last minute (P004 DEAD_BOOK_VETO)	against: T1; T3; T4; T6; T7; S3 binding unspent=$-144.5 < $1000 bar (q50 median, not a cap — reported, not weighted)						TRIAGE-INDEX-ONLY	TRIAGE	WINDOW	3	258	NKD	TOKYO	08:02:56	REVERSAL-CONFIRMATION
NKD-20210701-028990-S	SKIP	C	primary: S8 60s n=0 vol=0 — no transacting counterparty in the last minute (P004 DEAD_BOOK_VETO)	against: T1; T3; T4; T6; T7; S3 binding unspent=$-144.5 < $1000 bar (q50 median, not a cap — reported, not weighted)						TRIAGE-INDEX-ONLY	TRIAGE	WINDOW	3	258	NKD	TOKYO	08:03:10	REVERSAL-CONFIRMATION
SI-20210701-029005-S	SKIP	C	primary: S3 phase LONDON H=26.39 L=26.28 vs S13 entry mid=26.35 — the $1,000 bar needs $625 of NEW range beyond the phase extreme (A1 strict, warmup #21)	against: T3; T4; T5						TRIAGE-INDEX-ONLY	TRIAGE	WINDOW	5	12678	SI	LONDON	08:03:25	REVERSAL-CONFIRMATION
NKD-20210701-029049-S	SKIP	C	primary: S8 60s n=1 vol=1 — no transacting counterparty in the last minute (P004 DEAD_BOOK_VETO)	against: T1; T3; T4; T6; T7; T8; S9 rv1800/rv60=8.16; S3 binding unspent=$-144.5 < $1000 bar (q50 median, not a cap — reported, not weighted)						TRIAGE-INDEX-ONLY	TRIAGE	WINDOW	2	25	NKD	TOKYO	08:04:09	REVERSAL-CONFIRMATION
HG-20210701-029115-S	SKIP	C	primary: S3 phase LONDON H=4.274 L=4.26 vs S13 entry mid=4.267 — the $1,000 bar needs $817.5 of NEW range beyond the phase extreme (A1 strict, warmup #21)	against: T3; T4; T6; T7; S3 binding unspent=$872.5 < $1000 bar (q50 median, not a cap — reported, not weighted)						TRIAGE-INDEX-ONLY	TRIAGE	WINDOW	4	1258	HG	LONDON	08:05:15	REVERSAL-CONFIRMATION
SI-20210701-029184-S	SKIP	C	primary: S8 60s n=7 vol=9 — no transacting counterparty in the last minute (P004 DEAD_BOOK_VETO)	against: T1; T2; T3; T4; T5; T6						TRIAGE-INDEX-ONLY	TRIAGE	WINDOW	2	78	SI	LONDON	08:06:24	REVERSAL-CONFIRMATION
NKD-20210701-029308-S	SKIP	C	primary: S8 60s n=1 vol=2 — no transacting counterparty in the last minute (P004 DEAD_BOOK_VETO)	against: T1; T3; T4; T6; T7; S3 binding unspent=$-144.5 < $1000 bar (q50 median, not a cap — reported, not weighted)						TRIAGE-INDEX-ONLY	TRIAGE	WINDOW	3	258	NKD	TOKYO	08:08:28	REVERSAL-CONFIRMATION
SI-20210701-029398-L	SKIP	C	primary: S3 phase LONDON H=26.39 L=26.28 vs S13 entry mid=26.36 — the $1,000 bar needs $887.5 of NEW range beyond the phase extreme (A1 strict, warmup #21)	against: T3; T4; T6; T7; S8 through_book_600s thru_bid=1 vs thru_ask=0 (recent aggression is on the other side)						TRIAGE-INDEX-ONLY	TRIAGE	WINDOW	4	1258	SI	LONDON	08:09:58	REVERSAL-CONFIRMATION
NKD-20210701-029527-L	SKIP	C	primary: S8 60s n=2 vol=5 — no transacting counterparty in the last minute (P004 DEAD_BOOK_VETO)	against: T1; T4; T5; T6; T7; S3 binding unspent=$-144.5 < $1000 bar (q50 median, not a cap — reported, not weighted)						TRIAGE-INDEX-ONLY	TRIAGE	WINDOW	3	238	NKD	TOKYO	08:12:07	REVERSAL-CONFIRMATION
SI-20210701-029641-L	SKIP	C	primary: S3 phase LONDON H=26.43 L=26.28 vs S13 entry mid=26.4 — the $1,000 bar needs $850 of NEW range beyond the phase extreme (A1 strict, warmup #21)	against: T3; T4; T6; T7						TRIAGE-INDEX-ONLY	TRIAGE	WINDOW	4	1258	SI	LONDON	08:14:01	REVERSAL-CONFIRMATION
HG-20210701-029675-L	SKIP	C	primary: S3 phase LONDON H=4.274 L=4.26 vs S13 entry mid=4.268 — the $1,000 bar needs $862.5 of NEW range beyond the phase extreme (A1 strict, warmup #21)	against: T3; T4; T5; T7; S3 binding unspent=$872.5 < $1000 bar (q50 median, not a cap — reported, not weighted)						TRIAGE-INDEX-ONLY	TRIAGE	WINDOW	4	1268	HG	LONDON	08:14:35	REVERSAL-CONFIRMATION
SI-20210701-029709-S	SKIP	B	primary: S3 runway to_phase_close=17091s with S13 exit_default phase_close — too little time to the binding exit second (P002 A1_EXIT_SECOND_VETO)	against: T4; T5; S8 through_book_600s thru_ask=28 vs thru_bid=0 (recent aggression is on the other side)						TRIAGE-INDEX-ONLY	TRIAGE	WINDOW	6	123678	SI	LONDON	08:15:09	REVERSAL-CONFIRMATION
NKD-20210701-029710-S	SKIP	C	primary: S8 60s n=0 vol=0 — no transacting counterparty in the last minute (P004 DEAD_BOOK_VETO)	against: T1; T3; T4; T6; T7; S3 binding unspent=$-144.5 < $1000 bar (q50 median, not a cap — reported, not weighted)						TRIAGE-INDEX-ONLY	TRIAGE	WINDOW	3	258	NKD	TOKYO	08:15:10	REVERSAL-CONFIRMATION
SI-20210701-029842-S	SKIP	C	primary: S3 phase LONDON H=26.43 L=26.28 vs S13 entry mid=26.36 — the $1,000 bar needs $575 of NEW range beyond the phase extreme (A1 strict, warmup #21)	against: T3; T4; T5; S8 through_book_600s thru_ask=28 vs thru_bid=2 (recent aggression is on the other side)						TRIAGE-INDEX-ONLY	TRIAGE	WINDOW	5	12678	SI	LONDON	08:17:22	REVERSAL-CONFIRMATION
HG-20210701-029845-S	SKIP	C	primary: S3 phase LONDON H=4.274 L=4.26 vs S13 entry mid=4.266 — the $1,000 bar needs $855 of NEW range beyond the phase extreme (A1 strict, warmup #21)	against: T3; T4; T7; S3 binding unspent=$872.5 < $1000 bar (q50 median, not a cap — reported, not weighted)						TRIAGE-INDEX-ONLY	TRIAGE	WINDOW	5	12568	HG	LONDON	08:17:25	REVERSAL-CONFIRMATION
SI-20210701-029867-S	SKIP	C	primary: S3 phase LONDON H=26.43 L=26.28 vs S13 entry mid=26.36 — the $1,000 bar needs $575 of NEW range beyond the phase extreme (A1 strict, warmup #21)	against: T3; T4; T5; T6; S8 through_book_600s thru_ask=28 vs thru_bid=2 (recent aggression is on the other side)						TRIAGE-INDEX-ONLY	TRIAGE	WINDOW	4	1278	SI	LONDON	08:17:47	REVERSAL-CONFIRMATION
SI-20210701-029907-S	SKIP	C	primary: S3 phase LONDON H=26.43 L=26.28 vs S13 entry mid=26.36 — the $1,000 bar needs $575 of NEW range beyond the phase extreme (A1 strict, warmup #21)	against: T3; T4; T5; T6; T8; S9 rv1800/rv60=9.82; S8 through_book_600s thru_ask=28 vs thru_bid=2 (recent aggression is on the other side)						TRIAGE-INDEX-ONLY	TRIAGE	WINDOW	3	127	SI	LONDON	08:18:27	REVERSAL-CONFIRMATION
SI-20210701-029919-S	SKIP	C	primary: S3 phase LONDON H=26.43 L=26.28 vs S13 entry mid=26.36 — the $1,000 bar needs $575 of NEW range beyond the phase extreme (A1 strict, warmup #21)	against: T3; T4; T5; T6; T8; S9 rv1800/rv60=8.82; S8 through_book_600s thru_ask=28 vs thru_bid=2 (recent aggression is on the other side)						TRIAGE-INDEX-ONLY	TRIAGE	WINDOW	3	127	SI	LONDON	08:18:39	REVERSAL-CONFIRMATION
SI-20210701-030136-L	SKIP	C	primary: S13 spread_at_decision=$50 vs SI era spread_med $25 — the entrant pays a liquidity fact, not a transient quote (P005 ENTRY_SPREAD_TAX)	against: T2; T3; T4; T6; T7						TRIAGE-INDEX-ONLY	TRIAGE	WINDOW	3	158	SI	LONDON	08:22:16	REVERSAL-CONFIRMATION
SI-20210701-030192-L	SKIP	C	primary: S8 60s n=2 vol=2 — no transacting counterparty in the last minute (P004 DEAD_BOOK_VETO)	against: T1; T3; T4; T6; T7; T8; S9 rv1800/rv60=8.58; S8 through_book_600s thru_bid=2 vs thru_ask=0 (recent aggression is on the other side)						TRIAGE-INDEX-ONLY	TRIAGE	WINDOW	2	25	SI	LONDON	08:23:12	REVERSAL-CONFIRMATION
SI-20210701-030432-S	SKIP	C	primary: S13 spread_at_decision=$50 vs SI era spread_med $25 — the entrant pays a liquidity fact, not a transient quote (P005 ENTRY_SPREAD_TAX)	against: T2; T3; T4; T5						TRIAGE-INDEX-ONLY	TRIAGE	WINDOW	4	1678	SI	LONDON	08:27:12	REVERSAL-CONFIRMATION
HG-20210701-030453-S	SKIP	C	primary: S3 phase LONDON H=4.274 L=4.259 vs S13 entry mid=4.263 — the $1,000 bar needs $912.5 of NEW range beyond the phase extreme (A1 strict, warmup #21)	against: T3; T4; T6; T7; S3 binding unspent=$847.5 < $1000 bar (q50 median, not a cap — reported, not weighted)						TRIAGE-INDEX-ONLY	TRIAGE	WINDOW	4	1258	HG	LONDON	08:27:33	REVERSAL-CONFIRMATION
HG-20210701-030536-L	SKIP	C	primary: S3 phase LONDON H=4.274 L=4.259 vs S13 entry mid=4.263 — the $1,000 bar needs $737.5 of NEW range beyond the phase extreme (A1 strict, warmup #21)	against: T3; T4; T5; S3 binding unspent=$847.5 < $1000 bar (q50 median, not a cap — reported, not weighted); S8 through_book_600s thru_bid=13 vs thru_ask=0 (recent aggression is on the other side)						TRIAGE-INDEX-ONLY	TRIAGE	WINDOW	5	12678	HG	LONDON	08:28:56	REVERSAL-CONFIRMATION
SI-20210701-030639-S	SKIP	C	primary: S13 spread_at_decision=$50 vs SI era spread_med $25 — the entrant pays a liquidity fact, not a transient quote (P005 ENTRY_SPREAD_TAX)	against: T2; T4; T5; T6; T7						TRIAGE-INDEX-ONLY	TRIAGE	WINDOW	3	138	SI	LONDON	08:30:39	REVERSAL-CONFIRMATION
NKD-20210701-030654-L	SKIP	C	primary: S8 60s n=1 vol=3 — no transacting counterparty in the last minute (P004 DEAD_BOOK_VETO)	against: T1; T3; T4; T5; T6; S3 binding unspent=$452.5 < $1000 bar (q50 median, not a cap — reported, not weighted)						TRIAGE-INDEX-ONLY	TRIAGE	WINDOW	3	278	NKD	LONDON	08:30:54	OPEN-DYNAMICS
HG-20210701-030685-S	SKIP	C	primary: S3 phase LONDON H=4.274 L=4.255 vs S13 entry mid=4.261 — the $1,000 bar needs $850 of NEW range beyond the phase extreme (A1 strict, warmup #21)	against: T3; T4; T6; T7; S3 binding unspent=$760 < $1000 bar (q50 median, not a cap — reported, not weighted)						TRIAGE-INDEX-ONLY	TRIAGE	WINDOW	4	1258	HG	LONDON	08:31:25	REVERSAL-CONFIRMATION
NKD-20210701-030692-L	SKIP	C	primary: S3 phase LONDON H=2.868e+04 L=2.867e+04 vs S13 entry mid=2.868e+04 — the $1,000 bar needs $1000 of NEW range beyond the phase extreme (A1 strict, warmup #21)	against: T3; T4; T5; S3 binding unspent=$415 < $1000 bar (q50 median, not a cap — reported, not weighted)						TRIAGE-INDEX-ONLY	TRIAGE	WINDOW	5	12678	NKD	LONDON	08:31:32	REVERSAL-CONFIRMATION
SI-20210701-030755-L	SKIP	C	primary: S3 phase LONDON H=26.43 L=26.28 vs S13 entry mid=26.39 — the $1,000 bar needs $800 of NEW range beyond the phase extreme (A1 strict, warmup #21)	against: T3; T4; T6; T7						TRIAGE-INDEX-ONLY	TRIAGE	WINDOW	4	1258	SI	LONDON	08:32:35	REVERSAL-CONFIRMATION
HG-20210701-030759-L	SKIP	C	primary: S3 phase LONDON H=4.274 L=4.255 vs S13 entry mid=4.258 — the $1,000 bar needs $620 of NEW range beyond the phase extreme (A1 strict, warmup #21)	against: T3; T4; T5; T6; S3 binding unspent=$760 < $1000 bar (q50 median, not a cap — reported, not weighted); S8 through_book_600s thru_bid=36 vs thru_ask=0 (recent aggression is on the other side)						TRIAGE-INDEX-ONLY	TRIAGE	WINDOW	4	1278	HG	LONDON	08:32:39	REVERSAL-CONFIRMATION
NKD-20210701-030759-L	SKIP	C	primary: S8 60s n=0 vol=0 — no transacting counterparty in the last minute (P004 DEAD_BOOK_VETO)	against: T1; T3; T4; T5; T6; T8; S3 binding unspent=$415 < $1000 bar (q50 median, not a cap — reported, not weighted)						TRIAGE-INDEX-ONLY	TRIAGE	WINDOW	2	27	NKD	LONDON	08:32:39	REVERSAL-CONFIRMATION
SI-20210701-030792-L	SKIP	C	primary: S13 spread_at_decision=$50 vs SI era spread_med $25 — the entrant pays a liquidity fact, not a transient quote (P005 ENTRY_SPREAD_TAX)	against: T2; T3; T4; T6; T7						TRIAGE-INDEX-ONLY	TRIAGE	WINDOW	3	158	SI	LONDON	08:33:12	REVERSAL-CONFIRMATION
HG-20210701-030802-L	SKIP	C	primary: S3 phase LONDON H=4.274 L=4.255 vs S13 entry mid=4.257 — the $1,000 bar needs $587.5 of NEW range beyond the phase extreme (A1 strict, warmup #21)	against: T3; T4; T5; T6; S3 binding unspent=$760 < $1000 bar (q50 median, not a cap — reported, not weighted); S8 through_book_600s thru_bid=36 vs thru_ask=0 (recent aggression is on the other side)						TRIAGE-INDEX-ONLY	TRIAGE	WINDOW	4	1278	HG	LONDON	08:33:22	REVERSAL-CONFIRMATION
NKD-20210701-030810-L	SKIP	C	primary: S8 60s n=2 vol=12 — no transacting counterparty in the last minute (P004 DEAD_BOOK_VETO)	against: T1; T3; T4; T5; T8; S9 rv1800/rv60=9.2; S3 binding unspent=$377.5 < $1000 bar (q50 median, not a cap — reported, not weighted)						TRIAGE-INDEX-ONLY	TRIAGE	WINDOW	3	267	NKD	LONDON	08:33:30	OPEN-DYNAMICS
HG-20210701-030813-L	SKIP	C	primary: S3 phase LONDON H=4.274 L=4.255 vs S13 entry mid=4.258 — the $1,000 bar needs $620 of NEW range beyond the phase extreme (A1 strict, warmup #21)	against: T3; T4; T5; T6; S3 binding unspent=$760 < $1000 bar (q50 median, not a cap — reported, not weighted); S8 through_book_600s thru_bid=36 vs thru_ask=0 (recent aggression is on the other side)						TRIAGE-INDEX-ONLY	TRIAGE	WINDOW	4	1278	HG	LONDON	08:33:33	REVERSAL-CONFIRMATION
HG-20210701-030846-S	SKIP	C	primary: S3 phase LONDON H=4.274 L=4.255 vs S13 entry mid=4.259 — the $1,000 bar needs $912.5 of NEW range beyond the phase extreme (A1 strict, warmup #21)	against: T3; T4; T6; T7; S3 binding unspent=$760 < $1000 bar (q50 median, not a cap — reported, not weighted)						TRIAGE-INDEX-ONLY	TRIAGE	WINDOW	4	1258	HG	LONDON	08:34:06	REVERSAL-CONFIRMATION
SI-20210701-030888-S	SKIP	C	primary: S13 spread_at_decision=$50 vs SI era spread_med $25 — the entrant pays a liquidity fact, not a transient quote (P005 ENTRY_SPREAD_TAX)	against: T2; T3; T4; T5; T7; S8 through_book_600s thru_ask=1 vs thru_bid=0 (recent aggression is on the other side)						TRIAGE-INDEX-ONLY	TRIAGE	WINDOW	3	168	SI	LONDON	08:34:48	REVERSAL-CONFIRMATION
HG-20210701-030902-S	SKIP	C	primary: S3 phase LONDON H=4.274 L=4.255 vs S13 entry mid=4.258 — the $1,000 bar needs $950 of NEW range beyond the phase extreme (A1 strict, warmup #21)	against: T3; T4; T7; S3 binding unspent=$760 < $1000 bar (q50 median, not a cap — reported, not weighted)						TRIAGE-INDEX-ONLY	TRIAGE	WINDOW	5	12568	HG	LONDON	08:35:02	REVERSAL-CONFIRMATION
NKD-20210701-030915-L	SKIP	C	primary: S8 60s n=1 vol=1 — no transacting counterparty in the last minute (P004 DEAD_BOOK_VETO)	against: T1; T3; T4; T5; T6; S3 binding unspent=$365 < $1000 bar (q50 median, not a cap — reported, not weighted)						TRIAGE-INDEX-ONLY	TRIAGE	WINDOW	3	278	NKD	LONDON	08:35:15	REVERSAL-CONFIRMATION
SI-20210701-030937-L	SKIP	C	primary: S3 phase LONDON H=26.43 L=26.28 vs S13 entry mid=26.38 — the $1,000 bar needs $775 of NEW range beyond the phase extreme (A1 strict, warmup #21)	against: T3; T4; T6; T7						TRIAGE-INDEX-ONLY	TRIAGE	WINDOW	4	1258	SI	LONDON	08:35:37	REVERSAL-CONFIRMATION
HG-20210701-031366-L	SKIP	C	primary: S3 phase LONDON H=4.274 L=4.255 vs S13 entry mid=4.257 — the $1,000 bar needs $587.5 of NEW range beyond the phase extreme (A1 strict, warmup #21)	against: T3; T4; T5; T6; S3 binding unspent=$760 < $1000 bar (q50 median, not a cap — reported, not weighted); S8 through_book_600s thru_bid=1 vs thru_ask=0 (recent aggression is on the other side)						TRIAGE-INDEX-ONLY	TRIAGE	WINDOW	4	1278	HG	LONDON	08:42:46	REVERSAL-CONFIRMATION
SI-20210701-031391-S	SKIP	C	primary: S8 60s n=8 vol=8 — no transacting counterparty in the last minute (P004 DEAD_BOOK_VETO)	against: T1; T3; T4; T5; T6; T7						TRIAGE-INDEX-ONLY	TRIAGE	WINDOW	2	28	SI	LONDON	08:43:11	REVERSAL-CONFIRMATION
NKD-20210701-031459-S	SKIP	C	primary: S8 60s n=1 vol=1 — no transacting counterparty in the last minute (P004 DEAD_BOOK_VETO)	against: T1; T3; T4; T5; T6; T8; S9 rv1800/rv60=12.61; S3 binding unspent=$365 < $1000 bar (q50 median, not a cap — reported, not weighted)						TRIAGE-INDEX-ONLY	TRIAGE	WINDOW	2	27	NKD	LONDON	08:44:19	REVERSAL-CONFIRMATION
SI-20210701-031631-L	SKIP	C	primary: S3 phase LONDON H=26.43 L=26.28 vs S13 entry mid=26.39 — the $1,000 bar needs $825 of NEW range beyond the phase extreme (A1 strict, warmup #21)	against: T3; T4; T7						TRIAGE-INDEX-ONLY	TRIAGE	WINDOW	5	12568	SI	LONDON	08:47:11	REVERSAL-CONFIRMATION
HG-20210701-031705-L	SKIP	C	primary: S3 phase LONDON H=4.274 L=4.255 vs S13 entry mid=4.263 — the $1,000 bar needs $750 of NEW range beyond the phase extreme (A1 strict, warmup #21)	against: T3; T4; T5; T7; S3 binding unspent=$760 < $1000 bar (q50 median, not a cap — reported, not weighted)						TRIAGE-INDEX-ONLY	TRIAGE	WINDOW	4	1268	HG	LONDON	08:48:25	REVERSAL-CONFIRMATION
SI-20210701-031895-S	SKIP	C	primary: S3 phase LONDON H=26.43 L=26.28 vs S13 entry mid=26.37 — the $1,000 bar needs $550 of NEW range beyond the phase extreme (A1 strict, warmup #21)	against: T3; T4; T5; T7						TRIAGE-INDEX-ONLY	TRIAGE	WINDOW	4	1268	SI	LONDON	08:51:35	REVERSAL-CONFIRMATION
SI-20210701-031987-S	SKIP	C	primary: S3 phase LONDON H=26.43 L=26.28 vs S13 entry mid=26.37 — the $1,000 bar needs $550 of NEW range beyond the phase extreme (A1 strict, warmup #21)	against: T3; T4; T5; T6; T7						TRIAGE-INDEX-ONLY	TRIAGE	WINDOW	3	128	SI	LONDON	08:53:07	REVERSAL-CONFIRMATION
HG-20210701-032029-S	SKIP	C	primary: S3 phase LONDON H=4.274 L=4.255 vs S13 entry mid=4.261 — the $1,000 bar needs $850 of NEW range beyond the phase extreme (A1 strict, warmup #21)	against: T3; T4; T6; T7; S3 binding unspent=$760 < $1000 bar (q50 median, not a cap — reported, not weighted)						TRIAGE-INDEX-ONLY	TRIAGE	WINDOW	4	1258	HG	LONDON	08:53:49	REVERSAL-CONFIRMATION
SI-20210701-032233-L	SKIP	C	primary: S3 phase LONDON H=26.43 L=26.28 vs S13 entry mid=26.37 — the $1,000 bar needs $725 of NEW range beyond the phase extreme (A1 strict, warmup #21)	against: T3; T4; T7						TRIAGE-INDEX-ONLY	TRIAGE	WINDOW	5	12568	SI	LONDON	08:57:13	REVERSAL-CONFIRMATION
NKD-20210701-032236-L	SKIP	C	primary: S8 60s n=0 vol=0 — no transacting counterparty in the last minute (P004 DEAD_BOOK_VETO)	against: T1; T3; T4; T5; T6; T7; T8; S3 binding unspent=$290 < $1000 bar (q50 median, not a cap — reported, not weighted)						TRIAGE-INDEX-ONLY	TRIAGE	WINDOW	1	2	NKD	LONDON	08:57:16	REVERSAL-CONFIRMATION
SI-20210701-032258-L	SKIP	C	primary: S3 phase LONDON H=26.43 L=26.28 vs S13 entry mid=26.37 — the $1,000 bar needs $725 of NEW range beyond the phase extreme (A1 strict, warmup #21)	against: T3; T4; T6; T7						TRIAGE-INDEX-ONLY	TRIAGE	WINDOW	4	1258	SI	LONDON	08:57:38	REVERSAL-CONFIRMATION
NKD-20210701-032266-L	SKIP	C	primary: S8 60s n=0 vol=0 — no transacting counterparty in the last minute (P004 DEAD_BOOK_VETO)	against: T1; T3; T4; T5; T6; T7; T8; S3 binding unspent=$290 < $1000 bar (q50 median, not a cap — reported, not weighted)						TRIAGE-INDEX-ONLY	TRIAGE	WINDOW	1	2	NKD	LONDON	08:57:46	REVERSAL-CONFIRMATION
SI-20210701-032286-S	SKIP	C	primary: S3 runway to_phase_close=14514s with S13 exit_default phase_close — too little time to the binding exit second (P002 A1_EXIT_SECOND_VETO)	against: T4; T5; T6; T7; S8 through_book_600s thru_ask=9 vs thru_bid=2 (recent aggression is on the other side)						TRIAGE-INDEX-ONLY	TRIAGE	WINDOW	4	1238	SI	LONDON	08:58:06	REVERSAL-CONFIRMATION
HG-20210701-032366-L	SKIP	C	primary: S3 phase LONDON H=4.274 L=4.255 vs S13 entry mid=4.264 — the $1,000 bar needs $775 of NEW range beyond the phase extreme (A1 strict, warmup #21)	against: T3; T4; T5; T7; S3 binding unspent=$760 < $1000 bar (q50 median, not a cap — reported, not weighted)						TRIAGE-INDEX-ONLY	TRIAGE	WINDOW	4	1268	HG	LONDON	08:59:26	REVERSAL-CONFIRMATION
HG-20210701-032461-L	SKIP	C	primary: S3 phase LONDON H=4.274 L=4.255 vs S13 entry mid=4.272 — the $1,000 bar needs $975 of NEW range beyond the phase extreme (A1 strict, warmup #21)	against: T3; T4; T5; T7; S3 binding unspent=$760 < $1000 bar (q50 median, not a cap — reported, not weighted)						TRIAGE-INDEX-ONLY	TRIAGE	WINDOW	4	1268	HG	LONDON	09:01:01	REVERSAL-CONFIRMATION
HG-20210701-032534-L	SKIP	C	primary: S3 phase LONDON H=4.274 L=4.255 vs S13 entry mid=4.271 — the $1,000 bar needs $937.5 of NEW range beyond the phase extreme (A1 strict, warmup #21)	against: T3; T4; T5; T6; T7; S3 binding unspent=$760 < $1000 bar (q50 median, not a cap — reported, not weighted)						TRIAGE-INDEX-ONLY	TRIAGE	WINDOW	3	128	HG	LONDON	09:02:14	REVERSAL-CONFIRMATION
HG-20210701-032604-S	SKIP	C	primary: S3 phase LONDON H=4.274 L=4.255 vs S13 entry mid=4.269 — the $1,000 bar needs $662.5 of NEW range beyond the phase extreme (A1 strict, warmup #21)	against: T3; T4; T7; S3 binding unspent=$760 < $1000 bar (q50 median, not a cap — reported, not weighted)						TRIAGE-INDEX-ONLY	TRIAGE	WINDOW	5	12568	HG	LONDON	09:03:24	REVERSAL-CONFIRMATION
HG-20210701-032606-S	SKIP	C	primary: S3 phase LONDON H=4.274 L=4.255 vs S13 entry mid=4.269 — the $1,000 bar needs $662.5 of NEW range beyond the phase extreme (A1 strict, warmup #21)	against: T3; T4; T7; S3 binding unspent=$760 < $1000 bar (q50 median, not a cap — reported, not weighted)						TRIAGE-INDEX-ONLY	TRIAGE	WINDOW	5	12568	HG	LONDON	09:03:26	REVERSAL-CONFIRMATION
HG-20210701-032611-S	SKIP	C	primary: S3 phase LONDON H=4.274 L=4.255 vs S13 entry mid=4.269 — the $1,000 bar needs $662.5 of NEW range beyond the phase extreme (A1 strict, warmup #21)	against: T3; T4; T7; S3 binding unspent=$760 < $1000 bar (q50 median, not a cap — reported, not weighted)						TRIAGE-INDEX-ONLY	TRIAGE	WINDOW	5	12568	HG	LONDON	09:03:31	REVERSAL-CONFIRMATION
HG-20210701-032612-S	SKIP	C	primary: S3 phase LONDON H=4.274 L=4.255 vs S13 entry mid=4.269 — the $1,000 bar needs $662.5 of NEW range beyond the phase extreme (A1 strict, warmup #21)	against: T3; T4; T7; S3 binding unspent=$760 < $1000 bar (q50 median, not a cap — reported, not weighted)						TRIAGE-INDEX-ONLY	TRIAGE	WINDOW	5	12568	HG	LONDON	09:03:32	REVERSAL-CONFIRMATION
HG-20210701-032640-L	SKIP	C	primary: S3 phase LONDON H=4.274 L=4.255 vs S13 entry mid=4.269 — the $1,000 bar needs $900 of NEW range beyond the phase extreme (A1 strict, warmup #21)	against: T3; T4; T5; T6; T7; S3 binding unspent=$760 < $1000 bar (q50 median, not a cap — reported, not weighted)						TRIAGE-INDEX-ONLY	TRIAGE	WINDOW	3	128	HG	LONDON	09:04:00	REVERSAL-CONFIRMATION
HG-20210701-032672-L	SKIP	C	primary: S3 phase LONDON H=4.274 L=4.255 vs S13 entry mid=4.271 — the $1,000 bar needs $950 of NEW range beyond the phase extreme (A1 strict, warmup #21)	against: T3; T4; T5; T7; S3 binding unspent=$760 < $1000 bar (q50 median, not a cap — reported, not weighted)						TRIAGE-INDEX-ONLY	TRIAGE	WINDOW	4	1268	HG	LONDON	09:04:32	REVERSAL-CONFIRMATION
SI-20210701-032683-S	SKIP	C	primary: S3 phase LONDON H=26.43 L=26.28 vs S13 entry mid=26.36 — the $1,000 bar needs $575 of NEW range beyond the phase extreme (A1 strict, warmup #21)	against: T3; T4; T5; T6; T7; S8 through_book_600s thru_ask=5 vs thru_bid=2 (recent aggression is on the other side)						TRIAGE-INDEX-ONLY	TRIAGE	WINDOW	3	128	SI	LONDON	09:04:43	REVERSAL-CONFIRMATION
SI-20210701-032687-S	SKIP	C	primary: S3 phase LONDON H=26.43 L=26.28 vs S13 entry mid=26.37 — the $1,000 bar needs $550 of NEW range beyond the phase extreme (A1 strict, warmup #21)	against: T3; T4; T5; T6; T7; S8 through_book_600s thru_ask=5 vs thru_bid=2 (recent aggression is on the other side)						TRIAGE-INDEX-ONLY	TRIAGE	WINDOW	3	128	SI	LONDON	09:04:47	REVERSAL-CONFIRMATION
HG-20210701-032710-S	SKIP	C	primary: S3 phase LONDON H=4.276 L=4.255 vs S13 entry mid=4.276 — the $1,000 bar needs $500 of NEW range beyond the phase extreme (A1 strict, warmup #21)	against: T3; T4; T6; S3 binding unspent=$710 < $1000 bar (q50 median, not a cap — reported, not weighted)						TRIAGE-INDEX-ONLY	TRIAGE	WINDOW	5	12578	HG	LONDON	09:05:10	REVERSAL-CONFIRMATION
SI-20210701-032775-L	SKIP	C	primary: S13 spread_at_decision=$50 vs SI era spread_med $25 — the entrant pays a liquidity fact, not a transient quote (P005 ENTRY_SPREAD_TAX)	against: T2; T3; T4; T6; T7						TRIAGE-INDEX-ONLY	TRIAGE	WINDOW	3	158	SI	LONDON	09:06:15	REVERSAL-CONFIRMATION
HG-20210701-032778-L	SKIP	C	primary: S3 phase LONDON H=4.276 L=4.255 vs S13 entry mid=4.275 — the $1,000 bar needs $975 of NEW range beyond the phase extreme (A1 strict, warmup #21)	against: T3; T4; T5; T6; T7; S3 binding unspent=$691.3 < $1000 bar (q50 median, not a cap — reported, not weighted)						TRIAGE-INDEX-ONLY	TRIAGE	WINDOW	3	128	HG	LONDON	09:06:18	REVERSAL-CONFIRMATION
SI-20210701-032817-L	SKIP	C	primary: S3 phase LONDON H=26.43 L=26.28 vs S13 entry mid=26.36 — the $1,000 bar needs $675 of NEW range beyond the phase extreme (A1 strict, warmup #21)	against: T3; T4; T7						TRIAGE-INDEX-ONLY	TRIAGE	WINDOW	5	12568	SI	LONDON	09:06:57	REVERSAL-CONFIRMATION
SI-20210701-032880-S	SKIP	C	primary: S3 phase LONDON H=26.43 L=26.28 vs S13 entry mid=26.37 — the $1,000 bar needs $525 of NEW range beyond the phase extreme (A1 strict, warmup #21)	against: T3; T4; T5; T6; T7						TRIAGE-INDEX-ONLY	TRIAGE	WINDOW	3	128	SI	LONDON	09:08:00	REVERSAL-CONFIRMATION
SI-20210701-033054-L	SKIP	C	primary: S13 spread_at_decision=$50 vs SI era spread_med $25 — the entrant pays a liquidity fact, not a transient quote (P005 ENTRY_SPREAD_TAX)	against: T2; T3; T4; T6; T7; S8 through_book_600s thru_bid=2 vs thru_ask=0 (recent aggression is on the other side)						TRIAGE-INDEX-ONLY	TRIAGE	WINDOW	3	158	SI	LONDON	09:10:54	REVERSAL-CONFIRMATION
HG-20210701-033162-S	SKIP	B	primary: S3 runway to_phase_close=13638s with S13 exit_default phase_close — too little time to the binding exit second (P002 A1_EXIT_SECOND_VETO)	against: T4; T6; S3 binding unspent=$641.3 < $1000 bar (q50 median, not a cap — reported, not weighted); S8 through_book_600s thru_ask=5 vs thru_bid=0 (recent aggression is on the other side)						TRIAGE-INDEX-ONLY	TRIAGE	WINDOW	6	123578	HG	LONDON	09:12:42	REVERSAL-CONFIRMATION
HG-20210701-033298-L	SKIP	C	primary: S3 phase LONDON H=4.283 L=4.255 vs S13 entry mid=4.282 — the $1,000 bar needs $987.5 of NEW range beyond the phase extreme (A1 strict, warmup #21)	against: T3; T4; T5; T7; S3 binding unspent=$522.5 < $1000 bar (q50 median, not a cap — reported, not weighted)						TRIAGE-INDEX-ONLY	TRIAGE	WINDOW	4	1268	HG	LONDON	09:14:58	REVERSAL-CONFIRMATION
SI-20210701-033299-L	SKIP	C	primary: S3 phase LONDON H=26.43 L=26.28 vs S13 entry mid=26.4 — the $1,000 bar needs $850 of NEW range beyond the phase extreme (A1 strict, warmup #21)	against: T3; T4; T6; T7						TRIAGE-INDEX-ONLY	TRIAGE	WINDOW	4	1258	SI	LONDON	09:14:59	REVERSAL-CONFIRMATION
NKD-20210701-033605-S	SKIP	C	primary: S8 60s n=0 vol=0 — no transacting counterparty in the last minute (P004 DEAD_BOOK_VETO)	against: T1; T3; T4; T5; S3 binding unspent=$-35 < $1000 bar (q50 median, not a cap — reported, not weighted)						TRIAGE-INDEX-ONLY	TRIAGE	WINDOW	4	2678	NKD	LONDON	09:20:05	REVERSAL-CONFIRMATION
NKD-20210701-033642-S	SKIP	C	primary: S8 60s n=1 vol=1 — no transacting counterparty in the last minute (P004 DEAD_BOOK_VETO)	against: T1; T3; T4; T5; T6; S3 binding unspent=$-35 < $1000 bar (q50 median, not a cap — reported, not weighted)						TRIAGE-INDEX-ONLY	TRIAGE	WINDOW	3	278	NKD	LONDON	09:20:42	RECLAIM
SI-20210701-033774-S	SKIP	C	primary: S13 spread_at_decision=$50 vs SI era spread_med $25 — the entrant pays a liquidity fact, not a transient quote (P005 ENTRY_SPREAD_TAX)	against: T2; T4; T5; T6; T7						TRIAGE-INDEX-ONLY	TRIAGE	WINDOW	3	138	SI	LONDON	09:22:54	REVERSAL-CONFIRMATION
HG-20210701-033778-S	SKIP	B	primary: S3 runway to_phase_close=13022s with S13 exit_default phase_close — too little time to the binding exit second (P002 A1_EXIT_SECOND_VETO)	against: T4; T6; S3 binding unspent=$328.8 < $1000 bar (q50 median, not a cap — reported, not weighted)						TRIAGE-INDEX-ONLY	TRIAGE	WINDOW	6	123578	HG	LONDON	09:22:58	REVERSAL-CONFIRMATION
HG-20210701-033845-L	SKIP	C	primary: S3 phase LONDON H=4.292 L=4.255 vs S13 entry mid=4.292 — the $1,000 bar needs $1000 of NEW range beyond the phase extreme (A1 strict, warmup #21)	against: T3; T4; T5; T7; S3 binding unspent=$297.5 < $1000 bar (q50 median, not a cap — reported, not weighted)						TRIAGE-INDEX-ONLY	TRIAGE	WINDOW	4	1268	HG	LONDON	09:24:05	REVERSAL-CONFIRMATION
NKD-20210701-033845-L	SKIP	C	primary: S8 60s n=0 vol=0 — no transacting counterparty in the last minute (P004 DEAD_BOOK_VETO)	against: T1; T3; T4; T5; T6; T7; S3 binding unspent=$-72.5 < $1000 bar (q50 median, not a cap — reported, not weighted)						TRIAGE-INDEX-ONLY	TRIAGE	WINDOW	2	28	NKD	LONDON	09:24:05	REVERSAL-CONFIRMATION
SI-20210701-033867-L	SKIP	C	primary: S3 phase LONDON H=26.43 L=26.28 vs S13 entry mid=26.41 — the $1,000 bar needs $925 of NEW range beyond the phase extreme (A1 strict, warmup #21)	against: T3; T4; T7; S8 through_book_600s thru_bid=1 vs thru_ask=0 (recent aggression is on the other side)						TRIAGE-INDEX-ONLY	TRIAGE	WINDOW	5	12568	SI	LONDON	09:24:27	REVERSAL-CONFIRMATION
HG-20210701-034019-S	SKIP	C	primary: S3 runway to_phase_close=12781s with S13 exit_default phase_close — too little time to the binding exit second (P002 A1_EXIT_SECOND_VETO)	against: T4; T6; T8; S9 rv1800/rv60=9.27; S3 binding unspent=$247.5 < $1000 bar (q50 median, not a cap — reported, not weighted)						TRIAGE-INDEX-ONLY	TRIAGE	WINDOW	5	12357	HG	LONDON	09:26:59	REVERSAL-CONFIRMATION
NKD-20210701-034065-S	SKIP	C	primary: S8 60s n=4 vol=17 — no transacting counterparty in the last minute (P004 DEAD_BOOK_VETO)	against: T1; T3; T4; T5; T6; S3 binding unspent=$-135 < $1000 bar (q50 median, not a cap — reported, not weighted)						TRIAGE-INDEX-ONLY	TRIAGE	WINDOW	3	278	NKD	LONDON	09:27:45	REVERSAL-CONFIRMATION
NKD-20210701-034070-S	SKIP	C	primary: S3 phase LONDON H=2.88e+04 L=2.867e+04 vs S13 entry mid=2.877e+04 — the $1,000 bar needs $500 of NEW range beyond the phase extreme (A1 strict, warmup #21)	against: T3; T4; T5; S3 binding unspent=$-135 < $1000 bar (q50 median, not a cap — reported, not weighted)						TRIAGE-INDEX-ONLY	TRIAGE	WINDOW	5	12678	NKD	LONDON	09:27:50	REVERSAL-CONFIRMATION
NKD-20210701-034077-S	SKIP	C	primary: S8 60s n=4 vol=18 — no transacting counterparty in the last minute (P004 DEAD_BOOK_VETO)	against: T1; T3; T4; T5; T6; S3 binding unspent=$-135 < $1000 bar (q50 median, not a cap — reported, not weighted)						TRIAGE-INDEX-ONLY	TRIAGE	WINDOW	3	278	NKD	LONDON	09:27:57	REVERSAL-CONFIRMATION
HG-20210701-034119-S	SKIP	C	primary: S3 runway to_phase_close=12681s with S13 exit_default phase_close — too little time to the binding exit second (P002 A1_EXIT_SECOND_VETO)	against: T4; T6; T8; S9 rv1800/rv60=8.19; S3 binding unspent=$247.5 < $1000 bar (q50 median, not a cap — reported, not weighted)						TRIAGE-INDEX-ONLY	TRIAGE	WINDOW	5	12357	HG	LONDON	09:28:39	REVERSAL-CONFIRMATION
NKD-20210701-034260-S	SKIP	C	primary: S3 phase LONDON H=2.88e+04 L=2.867e+04 vs S13 entry mid=2.878e+04 — the $1,000 bar needs $462.5 of NEW range beyond the phase extreme (A1 strict, warmup #21)	against: T3; T4; T5; T6; S3 binding unspent=$-135 < $1000 bar (q50 median, not a cap — reported, not weighted)						TRIAGE-INDEX-ONLY	TRIAGE	WINDOW	4	1278	NKD	LONDON	09:31:00	LEVEL-FIRST-TEST
SI-20210701-034325-L	SKIP	C	primary: S13 spread_at_decision=$50 vs SI era spread_med $25 — the entrant pays a liquidity fact, not a transient quote (P005 ENTRY_SPREAD_TAX)	against: T2; T3; T4; T6; T7						TRIAGE-INDEX-ONLY	TRIAGE	WINDOW	3	158	SI	LONDON	09:32:05	REVERSAL-CONFIRMATION
HG-20210701-034361-L	SKIP	C	primary: S3 phase LONDON H=4.294 L=4.255 vs S13 entry mid=4.287 — the $1,000 bar needs $825 of NEW range beyond the phase extreme (A1 strict, warmup #21)	against: T3; T4; T5; T6; T7; S3 binding unspent=$247.5 < $1000 bar (q50 median, not a cap — reported, not weighted)						TRIAGE-INDEX-ONLY	TRIAGE	WINDOW	3	128	HG	LONDON	09:32:41	REVERSAL-CONFIRMATION
SI-20210701-034380-S	SKIP	C	primary: S13 spread_at_decision=$50 vs SI era spread_med $25 — the entrant pays a liquidity fact, not a transient quote (P005 ENTRY_SPREAD_TAX)	against: T2; T4; T5; T6; S8 through_book_600s thru_ask=20 vs thru_bid=5 (recent aggression is on the other side)						TRIAGE-INDEX-ONLY	TRIAGE	WINDOW	4	1378	SI	LONDON	09:33:00	REVERSAL-CONFIRMATION
SI-20210701-034387-S	SKIP	C	primary: S3 runway to_phase_close=12413s with S13 exit_default phase_close — too little time to the binding exit second (P002 A1_EXIT_SECOND_VETO)	against: T4; T5; T6; S8 through_book_600s thru_ask=20 vs thru_bid=5 (recent aggression is on the other side)						TRIAGE-INDEX-ONLY	TRIAGE	WINDOW	5	12378	SI	LONDON	09:33:07	REVERSAL-CONFIRMATION
NKD-20210701-034391-L	SKIP	C	primary: S8 60s n=4 vol=5 — no transacting counterparty in the last minute (P004 DEAD_BOOK_VETO)	against: T1; T3; T4; T6; T7; S3 binding unspent=$-135 < $1000 bar (q50 median, not a cap — reported, not weighted)						TRIAGE-INDEX-ONLY	TRIAGE	WINDOW	3	258	NKD	LONDON	09:33:11	REVERSAL-CONFIRMATION
HG-20210701-034435-S	SKIP	B	primary: S3 runway to_phase_close=12365s with S13 exit_default phase_close — too little time to the binding exit second (P002 A1_EXIT_SECOND_VETO)	against: T4; S3 binding unspent=$247.5 < $1000 bar (q50 median, not a cap — reported, not weighted)						TRIAGE-INDEX-ONLY	TRIAGE	WINDOW	7	1235678	HG	LONDON	09:33:55	REVERSAL-CONFIRMATION
HG-20210701-034497-S	SKIP	B	primary: S3 runway to_phase_close=12303s with S13 exit_default phase_close — too little time to the binding exit second (P002 A1_EXIT_SECOND_VETO)	against: T4; S3 binding unspent=$247.5 < $1000 bar (q50 median, not a cap — reported, not weighted)						TRIAGE-INDEX-ONLY	TRIAGE	WINDOW	7	1235678	HG	LONDON	09:34:57	REVERSAL-CONFIRMATION
HG-20210701-034531-S	SKIP	B	primary: S3 runway to_phase_close=12269s with S13 exit_default phase_close — too little time to the binding exit second (P002 A1_EXIT_SECOND_VETO)	against: T4; T6; S3 binding unspent=$247.5 < $1000 bar (q50 median, not a cap — reported, not weighted)						TRIAGE-INDEX-ONLY	TRIAGE	WINDOW	6	123578	HG	LONDON	09:35:31	REVERSAL-CONFIRMATION
SI-20210701-034537-S	SKIP	C	primary: S13 spread_at_decision=$50 vs SI era spread_med $25 — the entrant pays a liquidity fact, not a transient quote (P005 ENTRY_SPREAD_TAX)	against: T2; T4; T5; T6; S8 through_book_600s thru_ask=20 vs thru_bid=5 (recent aggression is on the other side)						TRIAGE-INDEX-ONLY	TRIAGE	WINDOW	4	1378	SI	LONDON	09:35:37	REVERSAL-CONFIRMATION
SI-20210701-034541-S	SKIP	C	primary: S13 spread_at_decision=$50 vs SI era spread_med $25 — the entrant pays a liquidity fact, not a transient quote (P005 ENTRY_SPREAD_TAX)	against: T2; T4; T5; T6; S8 through_book_600s thru_ask=20 vs thru_bid=5 (recent aggression is on the other side)						TRIAGE-INDEX-ONLY	TRIAGE	WINDOW	4	1378	SI	LONDON	09:35:41	REVERSAL-CONFIRMATION
NKD-20210701-034625-S	SKIP	C	primary: S8 60s n=1 vol=2 — no transacting counterparty in the last minute (P004 DEAD_BOOK_VETO)	against: T1; T3; T4; T5; T6; S3 binding unspent=$-135 < $1000 bar (q50 median, not a cap — reported, not weighted)						TRIAGE-INDEX-ONLY	TRIAGE	WINDOW	3	278	NKD	LONDON	09:37:05	REVERSAL-CONFIRMATION
NKD-20210701-034626-S	SKIP	C	primary: S8 60s n=1 vol=2 — no transacting counterparty in the last minute (P004 DEAD_BOOK_VETO)	against: T1; T3; T4; T5; S3 binding unspent=$-135 < $1000 bar (q50 median, not a cap — reported, not weighted)						TRIAGE-INDEX-ONLY	TRIAGE	WINDOW	4	2678	NKD	LONDON	09:37:06	REVERSAL-CONFIRMATION
HG-20210701-034642-S	SKIP	C	primary: S3 runway to_phase_close=12158s with S13 exit_default phase_close — too little time to the binding exit second (P002 A1_EXIT_SECOND_VETO)	against: T4; T5; T6; S3 binding unspent=$247.5 < $1000 bar (q50 median, not a cap — reported, not weighted)						TRIAGE-INDEX-ONLY	TRIAGE	WINDOW	5	12378	HG	LONDON	09:37:22	RECLAIM
SI-20210701-034711-L	SKIP	C	primary: S3 phase LONDON H=26.44 L=26.28 vs S13 entry mid=26.42 — the $1,000 bar needs $887.5 of NEW range beyond the phase extreme (A1 strict, warmup #21)	against: T3; T4; T6; T7						TRIAGE-INDEX-ONLY	TRIAGE	WINDOW	4	1258	SI	LONDON	09:38:31	REVERSAL-CONFIRMATION
SI-20210701-034803-L	SKIP	C	primary: S8 60s n=7 vol=9 — no transacting counterparty in the last minute (P004 DEAD_BOOK_VETO)	against: T1; T3; T4; T6; T7						TRIAGE-INDEX-ONLY	TRIAGE	WINDOW	3	258	SI	LONDON	09:40:03	REVERSAL-CONFIRMATION
HG-20210701-034898-S	SKIP	C	primary: S3 runway to_phase_close=11902s with S13 exit_default phase_close — too little time to the binding exit second (P002 A1_EXIT_SECOND_VETO)	against: T4; T5; T7; T8; S9 rv1800/rv60=10.36; S3 binding unspent=$247.5 < $1000 bar (q50 median, not a cap — reported, not weighted)						TRIAGE-INDEX-ONLY	TRIAGE	WINDOW	4	1236	HG	LONDON	09:41:38	REVERSAL-CONFIRMATION
SI-20210701-035278-S	SKIP	C	primary: S3 runway to_phase_close=11522s with S13 exit_default phase_close — too little time to the binding exit second (P002 A1_EXIT_SECOND_VETO)	against: T4; T5; T6; T7						TRIAGE-INDEX-ONLY	TRIAGE	WINDOW	4	1238	SI	LONDON	09:47:58	REVERSAL-CONFIRMATION
SI-20210701-035460-S	SKIP	C	primary: S3 runway to_phase_close=11340s with S13 exit_default phase_close — too little time to the binding exit second (P002 A1_EXIT_SECOND_VETO)	against: T4; T5; T6; T7						TRIAGE-INDEX-ONLY	TRIAGE	WINDOW	4	1238	SI	LONDON	09:51:00	REVERSAL-CONFIRMATION
SI-20210701-035462-S	SKIP	C	primary: S3 runway to_phase_close=11338s with S13 exit_default phase_close — too little time to the binding exit second (P002 A1_EXIT_SECOND_VETO)	against: T4; T5; T6; T7						TRIAGE-INDEX-ONLY	TRIAGE	WINDOW	4	1238	SI	LONDON	09:51:02	REVERSAL-CONFIRMATION
SI-20210701-035572-L	SKIP	C	primary: S13 spread_at_decision=$50 vs SI era spread_med $25 — the entrant pays a liquidity fact, not a transient quote (P005 ENTRY_SPREAD_TAX)	against: T2; T3; T4; T6; T7; S8 through_book_600s thru_bid=1 vs thru_ask=0 (recent aggression is on the other side)						TRIAGE-INDEX-ONLY	TRIAGE	WINDOW	3	158	SI	LONDON	09:52:52	REVERSAL-CONFIRMATION
SI-20210701-035780-L	SKIP	C	primary: S8 60s n=5 vol=6 — no transacting counterparty in the last minute (P004 DEAD_BOOK_VETO)	against: T1; T2; T3; T4; T6; T7						TRIAGE-INDEX-ONLY	TRIAGE	WINDOW	2	58	SI	LONDON	09:56:20	REVERSAL-CONFIRMATION
HG-20210701-035962-L	SKIP	C	primary: S3 phase LONDON H=4.294 L=4.255 vs S13 entry mid=4.285 — the $1,000 bar needs $775 of NEW range beyond the phase extreme (A1 strict, warmup #21)	against: T3; T4; T5; T6; T7; S3 binding unspent=$247.5 < $1000 bar (q50 median, not a cap — reported, not weighted)						TRIAGE-INDEX-ONLY	TRIAGE	WINDOW	3	128	HG	LONDON	09:59:22	REVERSAL-CONFIRMATION
SI-20210701-035971-L	SKIP	C	primary: S8 60s n=4 vol=4 — no transacting counterparty in the last minute (P004 DEAD_BOOK_VETO)	against: T1; T3; T4; T6; T7						TRIAGE-INDEX-ONLY	TRIAGE	WINDOW	3	258	SI	LONDON	09:59:31	REVERSAL-CONFIRMATION
HG-20210701-035986-L	SKIP	C	primary: S3 phase LONDON H=4.294 L=4.255 vs S13 entry mid=4.285 — the $1,000 bar needs $782.5 of NEW range beyond the phase extreme (A1 strict, warmup #21)	against: T3; T4; T5; T6; T7; S3 binding unspent=$247.5 < $1000 bar (q50 median, not a cap — reported, not weighted)						TRIAGE-INDEX-ONLY	TRIAGE	WINDOW	3	128	HG	LONDON	09:59:46	REVERSAL-CONFIRMATION
HG-20210701-035998-L	SKIP	C	primary: S3 phase LONDON H=4.294 L=4.255 vs S13 entry mid=4.285 — the $1,000 bar needs $762.5 of NEW range beyond the phase extreme (A1 strict, warmup #21)	against: T3; T4; T5; T6; T7; T8; S9 rv1800/rv60=8.42; S3 binding unspent=$247.5 < $1000 bar (q50 median, not a cap — reported, not weighted)						TRIAGE-INDEX-ONLY	TRIAGE	WINDOW	2	12	HG	LONDON	09:59:58	REVERSAL-CONFIRMATION
NKD-20210701-036023-L	SKIP	C	primary: S8 60s n=1 vol=1 — no transacting counterparty in the last minute (P004 DEAD_BOOK_VETO)	against: T1; T3; T4; T7; S3 binding unspent=$-135 < $1000 bar (q50 median, not a cap — reported, not weighted)						TRIAGE-INDEX-ONLY	TRIAGE	WINDOW	4	2568	NKD	LONDON	10:00:23	REVERSAL-CONFIRMATION
HG-20210701-036140-L	SKIP	C	primary: S3 phase LONDON H=4.294 L=4.255 vs S13 entry mid=4.29 — the $1,000 bar needs $887.5 of NEW range beyond the phase extreme (A1 strict, warmup #21)	against: T3; T4; T5; T6; T7; S3 binding unspent=$247.5 < $1000 bar (q50 median, not a cap — reported, not weighted)						TRIAGE-INDEX-ONLY	TRIAGE	WINDOW	3	128	HG	LONDON	10:02:20	REVERSAL-CONFIRMATION
NKD-20210701-036240-L	SKIP	C	primary: S8 60s n=1 vol=1 — no transacting counterparty in the last minute (P004 DEAD_BOOK_VETO)	against: T1; T3; T4; T7; S3 binding unspent=$-135 < $1000 bar (q50 median, not a cap — reported, not weighted)						TRIAGE-INDEX-ONLY	TRIAGE	WINDOW	4	2568	NKD	LONDON	10:04:00	REVERSAL-CONFIRMATION
HG-20210701-036298-L	SKIP	C	primary: S3 phase LONDON H=4.298 L=4.255 vs S13 entry mid=4.294 — the $1,000 bar needs $905 of NEW range beyond the phase extreme (A1 strict, warmup #21)	against: T3; T4; T5; T6; T7; S3 binding unspent=$153.8 < $1000 bar (q50 median, not a cap — reported, not weighted)						TRIAGE-INDEX-ONLY	TRIAGE	WINDOW	3	128	HG	LONDON	10:04:58	REVERSAL-CONFIRMATION
SI-20210701-036458-S	SKIP	C	primary: S3 runway to_phase_close=10342s with S13 exit_default phase_close — too little time to the binding exit second (P002 A1_EXIT_SECOND_VETO)	against: T4; T5; T6						TRIAGE-INDEX-ONLY	TRIAGE	WINDOW	5	12378	SI	LONDON	10:07:38	REVERSAL-CONFIRMATION
SI-20210701-036524-S	SKIP	C	primary: S3 runway to_phase_close=10276s with S13 exit_default phase_close — too little time to the binding exit second (P002 A1_EXIT_SECOND_VETO)	against: T4; T5; T6						TRIAGE-INDEX-ONLY	TRIAGE	WINDOW	5	12378	SI	LONDON	10:08:44	REVERSAL-CONFIRMATION
NKD-20210701-036526-L	SKIP	C	primary: S8 60s n=4 vol=7 — no transacting counterparty in the last minute (P004 DEAD_BOOK_VETO)	against: T1; T3; T4; T7; S3 binding unspent=$-147.5 < $1000 bar (q50 median, not a cap — reported, not weighted)						TRIAGE-INDEX-ONLY	TRIAGE	WINDOW	4	2568	NKD	LONDON	10:08:46	REVERSAL-CONFIRMATION
SI-20210701-036593-S	SKIP	C	primary: S3 runway to_phase_close=10207s with S13 exit_default phase_close — too little time to the binding exit second (P002 A1_EXIT_SECOND_VETO)	against: T4; T5; T6						TRIAGE-INDEX-ONLY	TRIAGE	WINDOW	5	12378	SI	LONDON	10:09:53	REVERSAL-CONFIRMATION
HG-20210701-036769-S	SKIP	C	primary: S3 runway to_phase_close=10031s with S13 exit_default phase_close — too little time to the binding exit second (P002 A1_EXIT_SECOND_VETO)	against: T4; T5; T6; S3 binding unspent=$141.3 < $1000 bar (q50 median, not a cap — reported, not weighted); S8 through_book_600s thru_ask=3 vs thru_bid=1 (recent aggression is on the other side)						TRIAGE-INDEX-ONLY	TRIAGE	WINDOW	5	12378	HG	LONDON	10:12:49	REVERSAL-CONFIRMATION
HG-20210701-036830-S	SKIP	C	primary: S3 runway to_phase_close=9970s with S13 exit_default phase_close — too little time to the binding exit second (P002 A1_EXIT_SECOND_VETO)	against: T4; T5; T6; T8; S9 rv1800/rv60=10.99; S3 binding unspent=$141.3 < $1000 bar (q50 median, not a cap — reported, not weighted)						TRIAGE-INDEX-ONLY	TRIAGE	WINDOW	4	1237	HG	LONDON	10:13:50	REVERSAL-CONFIRMATION
HG-20210701-036840-L	SKIP	C	primary: S8 60s n=5 vol=9 — no transacting counterparty in the last minute (P004 DEAD_BOOK_VETO)	against: T1; T3; T4; T5; T7; T8; S9 rv1800/rv60=11.6; S3 binding unspent=$141.3 < $1000 bar (q50 median, not a cap — reported, not weighted)						TRIAGE-INDEX-ONLY	TRIAGE	WINDOW	2	26	HG	LONDON	10:14:00	REVERSAL-CONFIRMATION
NKD-20210701-036853-S	SKIP	C	primary: S8 60s n=0 vol=0 — no transacting counterparty in the last minute (P004 DEAD_BOOK_VETO)	against: T1; T3; T4; T5; S3 binding unspent=$-147.5 < $1000 bar (q50 median, not a cap — reported, not weighted)						TRIAGE-INDEX-ONLY	TRIAGE	WINDOW	4	2678	NKD	LONDON	10:14:13	REVERSAL-CONFIRMATION
NKD-20210701-036886-S	SKIP	C	primary: S8 60s n=0 vol=0 — no transacting counterparty in the last minute (P004 DEAD_BOOK_VETO)	against: T1; T3; T4; T5; T6; S3 binding unspent=$-147.5 < $1000 bar (q50 median, not a cap — reported, not weighted)						TRIAGE-INDEX-ONLY	TRIAGE	WINDOW	3	278	NKD	LONDON	10:14:46	REVERSAL-CONFIRMATION
NKD-20210701-036940-S	SKIP	C	primary: S8 60s n=0 vol=0 — no transacting counterparty in the last minute (P004 DEAD_BOOK_VETO)	against: T1; T3; T4; T5; T6; S3 binding unspent=$-147.5 < $1000 bar (q50 median, not a cap — reported, not weighted)						TRIAGE-INDEX-ONLY	TRIAGE	WINDOW	3	278	NKD	LONDON	10:15:40	REVERSAL-CONFIRMATION
NKD-20210701-036947-S	SKIP	C	primary: S8 60s n=0 vol=0 — no transacting counterparty in the last minute (P004 DEAD_BOOK_VETO)	against: T1; T3; T4; T5; T6; S3 binding unspent=$-147.5 < $1000 bar (q50 median, not a cap — reported, not weighted)						TRIAGE-INDEX-ONLY	TRIAGE	WINDOW	3	278	NKD	LONDON	10:15:47	REVERSAL-CONFIRMATION
HG-20210701-036973-S	SKIP	C	primary: S3 runway to_phase_close=9827s with S13 exit_default phase_close — too little time to the binding exit second (P002 A1_EXIT_SECOND_VETO)	against: T4; T5; T6; S3 binding unspent=$141.3 < $1000 bar (q50 median, not a cap — reported, not weighted)						TRIAGE-INDEX-ONLY	TRIAGE	WINDOW	5	12378	HG	LONDON	10:16:13	REVERSAL-CONFIRMATION
HG-20210701-036988-S	SKIP	C	primary: S3 runway to_phase_close=9812s with S13 exit_default phase_close — too little time to the binding exit second (P002 A1_EXIT_SECOND_VETO)	against: T4; T5; T6; S3 binding unspent=$141.3 < $1000 bar (q50 median, not a cap — reported, not weighted)						TRIAGE-INDEX-ONLY	TRIAGE	WINDOW	5	12378	HG	LONDON	10:16:28	RECLAIM
SI-20210701-036990-S	SKIP	C	primary: S13 spread_at_decision=$50 vs SI era spread_med $25 — the entrant pays a liquidity fact, not a transient quote (P005 ENTRY_SPREAD_TAX)	against: T2; T3; T4; T5; T6; T7						TRIAGE-INDEX-ONLY	TRIAGE	WINDOW	2	18	SI	LONDON	10:16:30	REVERSAL-CONFIRMATION
NKD-20210701-037017-S	SKIP	C	primary: S8 60s n=0 vol=0 — no transacting counterparty in the last minute (P004 DEAD_BOOK_VETO)	against: T1; T3; T4; T5; T6; S3 binding unspent=$-147.5 < $1000 bar (q50 median, not a cap — reported, not weighted)						TRIAGE-INDEX-ONLY	TRIAGE	WINDOW	3	278	NKD	LONDON	10:16:57	REVERSAL-CONFIRMATION
SI-20210701-037201-S	SKIP	C	primary: S13 spread_at_decision=$50 vs SI era spread_med $25 — the entrant pays a liquidity fact, not a transient quote (P005 ENTRY_SPREAD_TAX)	against: T2; T3; T4; T5; T6; T7						TRIAGE-INDEX-ONLY	TRIAGE	WINDOW	2	18	SI	LONDON	10:20:01	REVERSAL-CONFIRMATION
HG-20210701-037262-L	SKIP	C	primary: S3 phase LONDON H=4.3 L=4.255 vs S13 entry mid=4.3 — the $1,000 bar needs $1000 of NEW range beyond the phase extreme (A1 strict, warmup #21)	against: T3; T4; T5; T7; S3 binding unspent=$110 < $1000 bar (q50 median, not a cap — reported, not weighted)						TRIAGE-INDEX-ONLY	TRIAGE	WINDOW	4	1268	HG	LONDON	10:21:02	REVERSAL-CONFIRMATION
SI-20210701-037361-L	SKIP	C	primary: S3 phase LONDON H=26.45 L=26.28 vs S13 entry mid=26.38 — the $1,000 bar needs $675 of NEW range beyond the phase extreme (A1 strict, warmup #21)	against: T3; T4; T6; T7						TRIAGE-INDEX-ONLY	TRIAGE	WINDOW	4	1258	SI	LONDON	10:22:41	REVERSAL-CONFIRMATION
HG-20210701-037362-L	SKIP	C	primary: S3 phase LONDON H=4.301 L=4.255 vs S13 entry mid=4.299 — the $1,000 bar needs $962.5 of NEW range beyond the phase extreme (A1 strict, warmup #21)	against: T3; T4; T5; T6; T7; T8; S9 rv1800/rv60=9.36; S3 binding unspent=$85 < $1000 bar (q50 median, not a cap — reported, not weighted)						TRIAGE-INDEX-ONLY	TRIAGE	WINDOW	2	12	HG	LONDON	10:22:42	REVERSAL-CONFIRMATION
SI-20210701-037373-S	SKIP	C	primary: S13 spread_at_decision=$50 vs SI era spread_med $25 — the entrant pays a liquidity fact, not a transient quote (P005 ENTRY_SPREAD_TAX)	against: T2; T3; T4; T5; T7						TRIAGE-INDEX-ONLY	TRIAGE	WINDOW	3	168	SI	LONDON	10:22:53	REVERSAL-CONFIRMATION
SI-20210701-037392-L	SKIP	C	primary: S13 spread_at_decision=$50 vs SI era spread_med $25 — the entrant pays a liquidity fact, not a transient quote (P005 ENTRY_SPREAD_TAX)	against: T2; T3; T4; T6; T7						TRIAGE-INDEX-ONLY	TRIAGE	WINDOW	3	158	SI	LONDON	10:23:12	REVERSAL-CONFIRMATION
SI-20210701-037451-L	SKIP	C	primary: S8 60s n=1 vol=2 — no transacting counterparty in the last minute (P004 DEAD_BOOK_VETO)	against: T1; T2; T3; T4; T6; T7						TRIAGE-INDEX-ONLY	TRIAGE	WINDOW	2	58	SI	LONDON	10:24:11	REVERSAL-CONFIRMATION
NKD-20210701-037500-S	SKIP	C	primary: S8 60s n=0 vol=0 — no transacting counterparty in the last minute (P004 DEAD_BOOK_VETO)	against: T1; T3; T4; T5; T6; T7; S3 binding unspent=$-147.5 < $1000 bar (q50 median, not a cap — reported, not weighted)						TRIAGE-INDEX-ONLY	TRIAGE	WINDOW	2	28	NKD	LONDON	10:25:00	REVERSAL-CONFIRMATION
SI-20210701-037504-S	SKIP	C	primary: S3 phase LONDON H=26.45 L=26.28 vs S13 entry mid=26.36 — the $1,000 bar needs $575 of NEW range beyond the phase extreme (A1 strict, warmup #21)	against: T3; T4; T5; T6; T7						TRIAGE-INDEX-ONLY	TRIAGE	WINDOW	3	128	SI	LONDON	10:25:04	REVERSAL-CONFIRMATION
HG-20210701-037541-S	SKIP	C	primary: S3 runway to_phase_close=9259s with S13 exit_default phase_close — too little time to the binding exit second (P002 A1_EXIT_SECOND_VETO)	against: T4; T5; T8; S9 rv1800/rv60=10.6; S3 binding unspent=$85 < $1000 bar (q50 median, not a cap — reported, not weighted)						TRIAGE-INDEX-ONLY	TRIAGE	WINDOW	5	12367	HG	LONDON	10:25:41	REVERSAL-CONFIRMATION
HG-20210701-037563-S	SKIP	C	primary: S3 runway to_phase_close=9237s with S13 exit_default phase_close — too little time to the binding exit second (P002 A1_EXIT_SECOND_VETO)	against: T4; T5; T6; T8; S9 rv1800/rv60=11.84; S3 binding unspent=$85 < $1000 bar (q50 median, not a cap — reported, not weighted)						TRIAGE-INDEX-ONLY	TRIAGE	WINDOW	4	1237	HG	LONDON	10:26:03	REVERSAL-CONFIRMATION
SI-20210701-037650-S	SKIP	C	primary: S8 60s n=3 vol=7 — no transacting counterparty in the last minute (P004 DEAD_BOOK_VETO)	against: T1; T3; T4; T5; T7						TRIAGE-INDEX-ONLY	TRIAGE	WINDOW	3	268	SI	LONDON	10:27:30	REVERSAL-CONFIRMATION
NKD-20210701-037870-L	SKIP	C	primary: S8 60s n=0 vol=0 — no transacting counterparty in the last minute (P004 DEAD_BOOK_VETO)	against: T1; T3; T4; T6; T7; S3 binding unspent=$-147.5 < $1000 bar (q50 median, not a cap — reported, not weighted)						TRIAGE-INDEX-ONLY	TRIAGE	WINDOW	3	258	NKD	LONDON	10:31:10	REVERSAL-CONFIRMATION
HG-20210701-038021-L	SKIP	C	primary: S3 phase LONDON H=4.301 L=4.255 vs S13 entry mid=4.296 — the $1,000 bar needs $875 of NEW range beyond the phase extreme (A1 strict, warmup #21)	against: T3; T4; T5; T6; T7; T8; S9 rv1800/rv60=9.43; S3 binding unspent=$72.5 < $1000 bar (q50 median, not a cap — reported, not weighted)						TRIAGE-INDEX-ONLY	TRIAGE	WINDOW	2	12	HG	LONDON	10:33:41	REVERSAL-CONFIRMATION
HG-20210701-038047-L	SKIP	C	primary: S3 phase LONDON H=4.301 L=4.255 vs S13 entry mid=4.295 — the $1,000 bar needs $837.5 of NEW range beyond the phase extreme (A1 strict, warmup #21)	against: T3; T4; T5; T6; T7; S3 binding unspent=$72.5 < $1000 bar (q50 median, not a cap — reported, not weighted)						TRIAGE-INDEX-ONLY	TRIAGE	WINDOW	3	128	HG	LONDON	10:34:07	REVERSAL-CONFIRMATION
HG-20210701-038103-S	SKIP	C	primary: S3 runway to_phase_close=8697s with S13 exit_default phase_close — too little time to the binding exit second (P002 A1_EXIT_SECOND_VETO)	against: T4; T5; T6; T8; S9 rv1800/rv60=8.58; S3 binding unspent=$72.5 < $1000 bar (q50 median, not a cap — reported, not weighted); S8 through_book_600s thru_ask=6 vs thru_bid=2 (recent aggression is on the other side)						TRIAGE-INDEX-ONLY	TRIAGE	WINDOW	4	1237	HG	LONDON	10:35:03	REVERSAL-CONFIRMATION
HG-20210701-038151-S	SKIP	C	primary: S3 runway to_phase_close=8649s with S13 exit_default phase_close — too little time to the binding exit second (P002 A1_EXIT_SECOND_VETO)	against: T4; T5; T6; S3 binding unspent=$72.5 < $1000 bar (q50 median, not a cap — reported, not weighted); S8 through_book_600s thru_ask=6 vs thru_bid=2 (recent aggression is on the other side)						TRIAGE-INDEX-ONLY	TRIAGE	WINDOW	5	12378	HG	LONDON	10:35:51	REVERSAL-CONFIRMATION
SI-20210701-038224-L	SKIP	C	primary: S3 runway to_phase_close=8576s with S13 exit_default phase_close — too little time to the binding exit second (P002 A1_EXIT_SECOND_VETO)	against: T4; T6; T7; S8 through_book_600s thru_bid=1 vs thru_ask=0 (recent aggression is on the other side)						TRIAGE-INDEX-ONLY	TRIAGE	WINDOW	5	12358	SI	LONDON	10:37:04	REVERSAL-CONFIRMATION
NKD-20210701-038325-S	SKIP	C	primary: S8 60s n=0 vol=0 — no transacting counterparty in the last minute (P004 DEAD_BOOK_VETO)	against: T1; T3; T4; T5; T6; T7; S3 binding unspent=$-147.5 < $1000 bar (q50 median, not a cap — reported, not weighted)						TRIAGE-INDEX-ONLY	TRIAGE	WINDOW	2	28	NKD	LONDON	10:38:45	REVERSAL-CONFIRMATION
SI-20210701-038369-S	SKIP	C	primary: S3 phase LONDON H=26.45 L=26.28 vs S13 entry mid=26.35 — the $1,000 bar needs $650 of NEW range beyond the phase extreme (A1 strict, warmup #21)	against: T3; T4; T5; T6; T7						TRIAGE-INDEX-ONLY	TRIAGE	WINDOW	3	128	SI	LONDON	10:39:29	REVERSAL-CONFIRMATION
HG-20210701-038486-L	SKIP	C	primary: S3 phase LONDON H=4.301 L=4.255 vs S13 entry mid=4.293 — the $1,000 bar needs $812.5 of NEW range beyond the phase extreme (A1 strict, warmup #21)	against: T3; T4; T5; T6; T7; S3 binding unspent=$72.5 < $1000 bar (q50 median, not a cap — reported, not weighted)						TRIAGE-INDEX-ONLY	TRIAGE	WINDOW	3	128	HG	LONDON	10:41:26	REVERSAL-CONFIRMATION
HG-20210701-038571-S	SKIP	B	primary: S3 runway to_phase_close=8229s with S13 exit_default phase_close — too little time to the binding exit second (P002 A1_EXIT_SECOND_VETO)	against: T4; T5; S3 binding unspent=$72.5 < $1000 bar (q50 median, not a cap — reported, not weighted)						TRIAGE-INDEX-ONLY	TRIAGE	WINDOW	6	123678	HG	LONDON	10:42:51	REVERSAL-CONFIRMATION
NKD-20210701-038604-L	SKIP	C	primary: S8 60s n=0 vol=0 — no transacting counterparty in the last minute (P004 DEAD_BOOK_VETO)	against: T1; T3; T4; T6; T7; T8; S9 rv1800/rv60=8.08; S3 binding unspent=$-147.5 < $1000 bar (q50 median, not a cap — reported, not weighted)						TRIAGE-INDEX-ONLY	TRIAGE	WINDOW	2	25	NKD	LONDON	10:43:24	REVERSAL-CONFIRMATION
HG-20210701-038762-S	SKIP	B	primary: S3 runway to_phase_close=8038s with S13 exit_default phase_close — too little time to the binding exit second (P002 A1_EXIT_SECOND_VETO)	against: T4; T5; S3 binding unspent=$72.5 < $1000 bar (q50 median, not a cap — reported, not weighted); S8 through_book_600s thru_ask=4 vs thru_bid=1 (recent aggression is on the other side)						TRIAGE-INDEX-ONLY	TRIAGE	WINDOW	6	123678	HG	LONDON	10:46:02	REVERSAL-CONFIRMATION
NKD-20210701-038878-S	SKIP	C	primary: S8 60s n=0 vol=0 — no transacting counterparty in the last minute (P004 DEAD_BOOK_VETO)	against: T1; T3; T4; T5; T6; T7; S3 binding unspent=$-147.5 < $1000 bar (q50 median, not a cap — reported, not weighted)						TRIAGE-INDEX-ONLY	TRIAGE	WINDOW	2	28	NKD	LONDON	10:47:58	REVERSAL-CONFIRMATION
HG-20210701-039004-S	SKIP	C	primary: S3 runway to_phase_close=7796s with S13 exit_default phase_close — too little time to the binding exit second (P002 A1_EXIT_SECOND_VETO)	against: T4; T5; T6; T7; T8; S9 rv1800/rv60=11.14; S3 binding unspent=$72.5 < $1000 bar (q50 median, not a cap — reported, not weighted)						TRIAGE-INDEX-ONLY	TRIAGE	WINDOW	3	123	HG	LONDON	10:50:04	REVERSAL-CONFIRMATION
SI-20210701-039451-L	SKIP	C	primary: S8 60s n=5 vol=6 — no transacting counterparty in the last minute (P004 DEAD_BOOK_VETO)	against: T1; T2; T3; T4; T6; T7						TRIAGE-INDEX-ONLY	TRIAGE	WINDOW	2	58	SI	LONDON	10:57:31	REVERSAL-CONFIRMATION
SI-20210701-040141-S	SKIP	C	primary: S13 spread_at_decision=$50 vs SI era spread_med $25 — the entrant pays a liquidity fact, not a transient quote (P005 ENTRY_SPREAD_TAX)	against: T2; T3; T4; T5; T6; T7						TRIAGE-INDEX-ONLY	TRIAGE	WINDOW	2	18	SI	LONDON	11:09:01	REVERSAL-CONFIRMATION
SI-20210701-040473-L	SKIP	C	primary: S8 60s n=6 vol=8 — no transacting counterparty in the last minute (P004 DEAD_BOOK_VETO)	against: T1; T2; T4; T6; T7; S8 through_book_600s thru_bid=4 vs thru_ask=0 (recent aggression is on the other side)						TRIAGE-INDEX-ONLY	TRIAGE	WINDOW	3	358	SI	LONDON	11:14:33	REVERSAL-CONFIRMATION
SI-20210701-040539-L	SKIP	C	primary: S13 spread_at_decision=$50 vs SI era spread_med $25 — the entrant pays a liquidity fact, not a transient quote (P005 ENTRY_SPREAD_TAX)	against: T2; T4; T6; T7; S8 through_book_600s thru_bid=4 vs thru_ask=1 (recent aggression is on the other side)						TRIAGE-INDEX-ONLY	TRIAGE	WINDOW	4	1358	SI	LONDON	11:15:39	REVERSAL-CONFIRMATION
SI-20210701-040635-S	SKIP	C	primary: S3 phase LONDON H=26.45 L=26.28 vs S13 entry mid=26.31 — the $1,000 bar needs $850 of NEW range beyond the phase extreme (A1 strict, warmup #21)	against: T3; T4; T5; T7						TRIAGE-INDEX-ONLY	TRIAGE	WINDOW	4	1268	SI	LONDON	11:17:15	REVERSAL-CONFIRMATION
SI-20210701-040920-L	SKIP	C	primary: S3 runway to_phase_close=5880s with S13 exit_default phase_close — too little time to the binding exit second (P002 A1_EXIT_SECOND_VETO)	against: T4; T6; T7						TRIAGE-INDEX-ONLY	TRIAGE	WINDOW	5	12358	SI	LONDON	11:22:00	REVERSAL-CONFIRMATION
HG-20210701-040931-L	SKIP	C	primary: S3 phase LONDON H=4.301 L=4.255 vs S13 entry mid=4.282 — the $1,000 bar needs $532.5 of NEW range beyond the phase extreme (A1 strict, warmup #21)	against: T3; T4; T5; T6; T7; T8; S9 rv1800/rv60=8.35; S3 binding unspent=$72.5 < $1000 bar (q50 median, not a cap — reported, not weighted); S8 through_book_600s thru_bid=10 vs thru_ask=1 (recent aggression is on the other side)						TRIAGE-INDEX-ONLY	TRIAGE	WINDOW	2	12	HG	LONDON	11:22:11	REVERSAL-CONFIRMATION
HG-20210701-041019-L	SKIP	C	primary: S3 phase LONDON H=4.301 L=4.255 vs S13 entry mid=4.28 — the $1,000 bar needs $487.5 of NEW range beyond the phase extreme (A1 strict, warmup #21)	against: T3; T4; T5; T6; T7; S3 binding unspent=$72.5 < $1000 bar (q50 median, not a cap — reported, not weighted); S8 through_book_600s thru_bid=10 vs thru_ask=4 (recent aggression is on the other side)						TRIAGE-INDEX-ONLY	TRIAGE	WINDOW	3	128	HG	LONDON	11:23:39	REVERSAL-CONFIRMATION
SI-20210701-041105-S	SKIP	C	primary: S3 phase LONDON H=26.45 L=26.28 vs S13 entry mid=26.32 — the $1,000 bar needs $800 of NEW range beyond the phase extreme (A1 strict, warmup #21)	against: T3; T4; T5; T6; T7; S8 through_book_600s thru_ask=1 vs thru_bid=0 (recent aggression is on the other side)						TRIAGE-INDEX-ONLY	TRIAGE	WINDOW	3	128	SI	LONDON	11:25:05	REVERSAL-CONFIRMATION
HG-20210701-041205-L	SKIP	C	primary: S3 phase LONDON H=4.301 L=4.255 vs S13 entry mid=4.285 — the $1,000 bar needs $612.5 of NEW range beyond the phase extreme (A1 strict, warmup #21)	against: T3; T4; T5; T6; T7; S3 binding unspent=$72.5 < $1000 bar (q50 median, not a cap — reported, not weighted); S8 through_book_600s thru_bid=10 vs thru_ask=4 (recent aggression is on the other side)						TRIAGE-INDEX-ONLY	TRIAGE	WINDOW	3	128	HG	LONDON	11:26:45	REVERSAL-CONFIRMATION
HG-20210701-041222-L	SKIP	C	primary: S3 phase LONDON H=4.301 L=4.255 vs S13 entry mid=4.285 — the $1,000 bar needs $607.5 of NEW range beyond the phase extreme (A1 strict, warmup #21)	against: T3; T4; T5; T6; T7; S3 binding unspent=$72.5 < $1000 bar (q50 median, not a cap — reported, not weighted); S8 through_book_600s thru_bid=10 vs thru_ask=4 (recent aggression is on the other side)						TRIAGE-INDEX-ONLY	TRIAGE	WINDOW	3	128	HG	LONDON	11:27:02	REVERSAL-CONFIRMATION
NKD-20210701-041327-L	SKIP	C	primary: S8 60s n=0 vol=0 — no transacting counterparty in the last minute (P004 DEAD_BOOK_VETO)	against: T1; T3; T4; T7; S3 binding unspent=$-147.5 < $1000 bar (q50 median, not a cap — reported, not weighted)						TRIAGE-INDEX-ONLY	TRIAGE	WINDOW	4	2568	NKD	LONDON	11:28:47	REVERSAL-CONFIRMATION
NKD-20210701-041389-L	SKIP	C	primary: S8 60s n=1 vol=2 — no transacting counterparty in the last minute (P004 DEAD_BOOK_VETO)	against: T1; T3; T4; T6; T7; S3 binding unspent=$-147.5 < $1000 bar (q50 median, not a cap — reported, not weighted)						TRIAGE-INDEX-ONLY	TRIAGE	WINDOW	3	258	NKD	LONDON	11:29:49	REVERSAL-CONFIRMATION
SI-20210701-041391-L	SKIP	C	primary: S8 60s n=1 vol=1 — no transacting counterparty in the last minute (P004 DEAD_BOOK_VETO)	against: T1; T4; T6; T7						TRIAGE-INDEX-ONLY	TRIAGE	WINDOW	4	2358	SI	LONDON	11:29:51	REVERSAL-CONFIRMATION
NKD-20210701-041416-L	SKIP	C	primary: S8 60s n=1 vol=2 — no transacting counterparty in the last minute (P004 DEAD_BOOK_VETO)	against: T1; T3; T4; T6; T7; T8; S9 rv1800/rv60=9.07; S3 binding unspent=$-147.5 < $1000 bar (q50 median, not a cap — reported, not weighted)						TRIAGE-INDEX-ONLY	TRIAGE	WINDOW	2	25	NKD	LONDON	11:30:16	REVERSAL-CONFIRMATION
SI-20210701-041574-L	SKIP	C	primary: S8 60s n=2 vol=3 — no transacting counterparty in the last minute (P004 DEAD_BOOK_VETO)	against: T1; T4; T6; T7						TRIAGE-INDEX-ONLY	TRIAGE	WINDOW	4	2358	SI	LONDON	11:32:54	REVERSAL-CONFIRMATION
HG-20210701-041583-L	SKIP	C	primary: S3 phase LONDON H=4.301 L=4.255 vs S13 entry mid=4.29 — the $1,000 bar needs $712.5 of NEW range beyond the phase extreme (A1 strict, warmup #21)	against: T3; T4; T5; T6; T7; S3 binding unspent=$72.5 < $1000 bar (q50 median, not a cap — reported, not weighted)						TRIAGE-INDEX-ONLY	TRIAGE	WINDOW	3	128	HG	LONDON	11:33:03	REVERSAL-CONFIRMATION
SI-20210701-041825-L	SKIP	C	primary: S13 spread_at_decision=$50 vs SI era spread_med $25 — the entrant pays a liquidity fact, not a transient quote (P005 ENTRY_SPREAD_TAX)	against: T2; T3; T4; T7						TRIAGE-INDEX-ONLY	TRIAGE	WINDOW	4	1568	SI	LONDON	11:37:05	REVERSAL-CONFIRMATION
SI-20210701-041891-L	SKIP	C	primary: S13 spread_at_decision=$50 vs SI era spread_med $25 — the entrant pays a liquidity fact, not a transient quote (P005 ENTRY_SPREAD_TAX)	against: T2; T3; T4; T6; T7						TRIAGE-INDEX-ONLY	TRIAGE	WINDOW	3	158	SI	LONDON	11:38:11	REVERSAL-CONFIRMATION
NKD-20210701-041945-S	SKIP	C	primary: S8 60s n=0 vol=0 — no transacting counterparty in the last minute (P004 DEAD_BOOK_VETO)	against: T1; T3; T4; T5; T6; T7; S3 binding unspent=$-147.5 < $1000 bar (q50 median, not a cap — reported, not weighted)						TRIAGE-INDEX-ONLY	TRIAGE	WINDOW	2	28	NKD	LONDON	11:39:05	REVERSAL-CONFIRMATION
SI-20210701-041971-L	SKIP	C	primary: S13 spread_at_decision=$50 vs SI era spread_med $25 — the entrant pays a liquidity fact, not a transient quote (P005 ENTRY_SPREAD_TAX)	against: T2; T4; T6; T7						TRIAGE-INDEX-ONLY	TRIAGE	WINDOW	4	1358	SI	LONDON	11:39:31	REVERSAL-CONFIRMATION
SI-20210701-042090-S	SKIP	C	primary: S3 phase LONDON H=26.45 L=26.28 vs S13 entry mid=26.33 — the $1,000 bar needs $750 of NEW range beyond the phase extreme (A1 strict, warmup #21)	against: T3; T4; T5; T7; S8 through_book_600s thru_ask=1 vs thru_bid=0 (recent aggression is on the other side)						TRIAGE-INDEX-ONLY	TRIAGE	WINDOW	4	1268	SI	LONDON	11:41:30	REVERSAL-CONFIRMATION
SI-20210701-042288-L	SKIP	C	primary: S3 phase LONDON H=26.45 L=26.28 vs S13 entry mid=26.34 — the $1,000 bar needs $475 of NEW range beyond the phase extreme (A1 strict, warmup #21)	against: T3; T4; T6; T7						TRIAGE-INDEX-ONLY	TRIAGE	WINDOW	4	1258	SI	LONDON	11:44:48	REVERSAL-CONFIRMATION
NKD-20210701-042289-S	SKIP	C	primary: S3 phase LONDON H=2.88e+04 L=2.867e+04 vs S13 entry mid=2.868e+04 — the $1,000 bar needs $937.5 of NEW range beyond the phase extreme (A1 strict, warmup #21)	against: T3; T4; T5; T7; S3 binding unspent=$-147.5 < $1000 bar (q50 median, not a cap — reported, not weighted)						TRIAGE-INDEX-ONLY	TRIAGE	WINDOW	4	1268	NKD	LONDON	11:44:49	REVERSAL-CONFIRMATION
HG-20210701-042374-S	SKIP	C	primary: S3 runway to_phase_close=4426s with S13 exit_default phase_close — too little time to the binding exit second (P002 A1_EXIT_SECOND_VETO)	against: T4; T5; T6; T7; S3 binding unspent=$72.5 < $1000 bar (q50 median, not a cap — reported, not weighted)						TRIAGE-INDEX-ONLY	TRIAGE	WINDOW	4	1238	HG	LONDON	11:46:14	REVERSAL-CONFIRMATION
NKD-20210701-042521-L	SKIP	C	primary: S8 60s n=2 vol=2 — no transacting counterparty in the last minute (P004 DEAD_BOOK_VETO)	against: T1; T4; T6; T7; S3 binding unspent=$-147.5 < $1000 bar (q50 median, not a cap — reported, not weighted)						TRIAGE-INDEX-ONLY	TRIAGE	WINDOW	4	2358	NKD	LONDON	11:48:41	REVERSAL-CONFIRMATION
NKD-20210701-042720-S	SKIP	C	primary: S8 60s n=1 vol=1 — no transacting counterparty in the last minute (P004 DEAD_BOOK_VETO)	against: T1; T3; T4; T5; T6; T7; S3 binding unspent=$-147.5 < $1000 bar (q50 median, not a cap — reported, not weighted)						TRIAGE-INDEX-ONLY	TRIAGE	WINDOW	2	28	NKD	LONDON	11:52:00	REVERSAL-CONFIRMATION
NKD-20210701-043049-L	SKIP	C	primary: S8 60s n=0 vol=0 — no transacting counterparty in the last minute (P004 DEAD_BOOK_VETO)	against: T1; T3; T4; T6; T7; S3 binding unspent=$-147.5 < $1000 bar (q50 median, not a cap — reported, not weighted)						TRIAGE-INDEX-ONLY	TRIAGE	WINDOW	3	258	NKD	LONDON	11:57:29	REVERSAL-CONFIRMATION
NKD-20210701-043061-L	SKIP	C	primary: S8 60s n=0 vol=0 — no transacting counterparty in the last minute (P004 DEAD_BOOK_VETO)	against: T1; T3; T4; T7; S3 binding unspent=$-147.5 < $1000 bar (q50 median, not a cap — reported, not weighted)						TRIAGE-INDEX-ONLY	TRIAGE	WINDOW	4	2568	NKD	LONDON	11:57:41	REVERSAL-CONFIRMATION
NKD-20210701-043081-L	SKIP	C	primary: S8 60s n=0 vol=0 — no transacting counterparty in the last minute (P004 DEAD_BOOK_VETO)	against: T1; T3; T4; T6; T7; S3 binding unspent=$-147.5 < $1000 bar (q50 median, not a cap — reported, not weighted)						TRIAGE-INDEX-ONLY	TRIAGE	WINDOW	3	258	NKD	LONDON	11:58:01	REVERSAL-CONFIRMATION
HG-20210701-043231-L	SKIP	C	primary: S3 phase LONDON H=4.301 L=4.255 vs S13 entry mid=4.293 — the $1,000 bar needs $812.5 of NEW range beyond the phase extreme (A1 strict, warmup #21)	against: T3; T4; T5; T7; S3 binding unspent=$72.5 < $1000 bar (q50 median, not a cap — reported, not weighted)						TRIAGE-INDEX-ONLY	TRIAGE	WINDOW	4	1268	HG	LONDON	12:00:31	REVERSAL-CONFIRMATION
NKD-20210701-043442-S	SKIP	C	primary: S8 60s n=0 vol=0 — no transacting counterparty in the last minute (P004 DEAD_BOOK_VETO)	against: T1; T3; T4; T5; T6; T7; S3 binding unspent=$-147.5 < $1000 bar (q50 median, not a cap — reported, not weighted)						TRIAGE-INDEX-ONLY	TRIAGE	WINDOW	2	28	NKD	LONDON	12:04:02	REVERSAL-CONFIRMATION
NKD-20210701-043757-L	SKIP	C	primary: S3 runway to_phase_close=3043s with S13 exit_default phase_close — too little time to the binding exit second (P002 A1_EXIT_SECOND_VETO)	against: T4; T6; T7; S3 binding unspent=$-147.5 < $1000 bar (q50 median, not a cap — reported, not weighted)						TRIAGE-INDEX-ONLY	TRIAGE	WINDOW	5	12358	NKD	LONDON	12:09:17	REVERSAL-CONFIRMATION
HG-20210701-043766-S	SKIP	C	primary: S3 runway to_phase_close=3034s with S13 exit_default phase_close — too little time to the binding exit second (P002 A1_EXIT_SECOND_VETO)	against: T4; T5; T6; T8; S9 rv1800/rv60=12.28; S3 binding unspent=$41.3 < $1000 bar (q50 median, not a cap — reported, not weighted); S8 through_book_600s thru_ask=3 vs thru_bid=0 (recent aggression is on the other side)						TRIAGE-INDEX-ONLY	TRIAGE	WINDOW	4	1237	HG	LONDON	12:09:26	REVERSAL-CONFIRMATION
HG-20210701-043871-S	SKIP	C	primary: S3 runway to_phase_close=2929s with S13 exit_default phase_close — too little time to the binding exit second (P002 A1_EXIT_SECOND_VETO)	against: T4; T5; T6; T8; S9 rv1800/rv60=8.61; S3 binding unspent=$41.3 < $1000 bar (q50 median, not a cap — reported, not weighted); S8 through_book_600s thru_ask=1 vs thru_bid=0 (recent aggression is on the other side)						TRIAGE-INDEX-ONLY	TRIAGE	WINDOW	4	1237	HG	LONDON	12:11:11	REVERSAL-CONFIRMATION
HG-20210701-043980-L	SKIP	C	primary: S3 phase LONDON H=4.302 L=4.255 vs S13 entry mid=4.299 — the $1,000 bar needs $917.5 of NEW range beyond the phase extreme (A1 strict, warmup #21)	against: T3; T4; T5; T7; S3 binding unspent=$41.3 < $1000 bar (q50 median, not a cap — reported, not weighted)						TRIAGE-INDEX-ONLY	TRIAGE	WINDOW	4	1268	HG	LONDON	12:13:00	REVERSAL-CONFIRMATION
SI-20210701-044040-S	SKIP	C	primary: S8 60s n=7 vol=8 — no transacting counterparty in the last minute (P004 DEAD_BOOK_VETO)	against: T1; T3; T4; T5; T6; T7; S8 through_book_600s thru_ask=2 vs thru_bid=0 (recent aggression is on the other side)						TRIAGE-INDEX-ONLY	TRIAGE	WINDOW	2	28	SI	LONDON	12:14:00	REVERSAL-CONFIRMATION
HG-20210701-044071-S	SKIP	C	primary: S3 runway to_phase_close=2729s with S13 exit_default phase_close — too little time to the binding exit second (P002 A1_EXIT_SECOND_VETO)	against: T4; T5; T6; S3 binding unspent=$41.3 < $1000 bar (q50 median, not a cap — reported, not weighted)						TRIAGE-INDEX-ONLY	TRIAGE	WINDOW	5	12378	HG	LONDON	12:14:31	REVERSAL-CONFIRMATION
NKD-20210701-044086-L	SKIP	C	primary: S8 60s n=1 vol=1 — no transacting counterparty in the last minute (P004 DEAD_BOOK_VETO)	against: T1; T3; T4; T6; T7; S3 binding unspent=$-147.5 < $1000 bar (q50 median, not a cap — reported, not weighted)						TRIAGE-INDEX-ONLY	TRIAGE	WINDOW	3	258	NKD	LONDON	12:14:46	REVERSAL-CONFIRMATION
NKD-20210701-044520-S	SKIP	C	primary: S8 60s n=0 vol=0 — no transacting counterparty in the last minute (P004 DEAD_BOOK_VETO)	against: T1; T3; T4; T5; T7; S3 binding unspent=$-147.5 < $1000 bar (q50 median, not a cap — reported, not weighted)						TRIAGE-INDEX-ONLY	TRIAGE	WINDOW	3	268	NKD	LONDON	12:22:00	REVERSAL-CONFIRMATION
HG-20210701-044545-S	SKIP	C	primary: S3 runway to_phase_close=2255s with S13 exit_default phase_close — too little time to the binding exit second (P002 A1_EXIT_SECOND_VETO)	against: T4; T5; T6; T7; S3 binding unspent=$41.3 < $1000 bar (q50 median, not a cap — reported, not weighted)						TRIAGE-INDEX-ONLY	TRIAGE	WINDOW	4	1238	HG	LONDON	12:22:25	REVERSAL-CONFIRMATION
NKD-20210701-044581-S	SKIP	C	primary: S8 60s n=1 vol=1 — no transacting counterparty in the last minute (P004 DEAD_BOOK_VETO)	against: T1; T3; T4; T5; T6; T7; S3 binding unspent=$-160 < $1000 bar (q50 median, not a cap — reported, not weighted)						TRIAGE-INDEX-ONLY	TRIAGE	WINDOW	2	28	NKD	LONDON	12:23:01	REVERSAL-CONFIRMATION
NKD-20210701-044631-S	SKIP	C	primary: S8 60s n=0 vol=0 — no transacting counterparty in the last minute (P004 DEAD_BOOK_VETO)	against: T1; T3; T4; T5; T6; T7; S3 binding unspent=$-172.5 < $1000 bar (q50 median, not a cap — reported, not weighted)						TRIAGE-INDEX-ONLY	TRIAGE	WINDOW	2	28	NKD	LONDON	12:23:51	REVERSAL-CONFIRMATION
SI-20210701-044699-L	SKIP	C	primary: S8 60s n=5 vol=6 — no transacting counterparty in the last minute (P004 DEAD_BOOK_VETO)	against: T1; T2; T3; T4; T6; T7						TRIAGE-INDEX-ONLY	TRIAGE	WINDOW	2	58	SI	LONDON	12:24:59	REVERSAL-CONFIRMATION
HG-20210701-044735-L	SKIP	C	primary: S3 phase LONDON H=4.302 L=4.255 vs S13 entry mid=4.3 — the $1,000 bar needs $930 of NEW range beyond the phase extreme (A1 strict, warmup #21)	against: T3; T4; T5; T7; S3 binding unspent=$41.3 < $1000 bar (q50 median, not a cap — reported, not weighted); S8 through_book_600s thru_bid=3 vs thru_ask=0 (recent aggression is on the other side)						TRIAGE-INDEX-ONLY	TRIAGE	WINDOW	4	1268	HG	LONDON	12:25:35	REVERSAL-CONFIRMATION
HG-20210701-044852-L	SKIP	C	primary: S3 phase LONDON H=4.302 L=4.255 vs S13 entry mid=4.298 — the $1,000 bar needs $880 of NEW range beyond the phase extreme (A1 strict, warmup #21)	against: T3; T4; T5; T6; T7; S3 binding unspent=$41.3 < $1000 bar (q50 median, not a cap — reported, not weighted); S8 through_book_600s thru_bid=2 vs thru_ask=0 (recent aggression is on the other side)						TRIAGE-INDEX-ONLY	TRIAGE	WINDOW	3	128	HG	LONDON	12:27:32	REVERSAL-CONFIRMATION
SI-20210701-044907-L	SKIP	C	primary: S3 phase LONDON H=26.45 L=26.28 vs S13 entry mid=26.36 — the $1,000 bar needs $575 of NEW range beyond the phase extreme (A1 strict, warmup #21)	against: T3; T4; T6; T7						TRIAGE-INDEX-ONLY	TRIAGE	WINDOW	4	1258	SI	LONDON	12:28:27	REVERSAL-CONFIRMATION
SI-20210701-045084-S	SKIP	C	primary: S3 phase LONDON H=26.45 L=26.28 vs S13 entry mid=26.35 — the $1,000 bar needs $650 of NEW range beyond the phase extreme (A1 strict, warmup #21)	against: T3; T4; T5; T6; T7						TRIAGE-INDEX-ONLY	TRIAGE	WINDOW	3	128	SI	LONDON	12:31:24	REVERSAL-CONFIRMATION
SI-20210701-045272-L	SKIP	C	primary: S3 phase LONDON H=26.45 L=26.28 vs S13 entry mid=26.36 — the $1,000 bar needs $575 of NEW range beyond the phase extreme (A1 strict, warmup #21)	against: T3; T4; T6; T7; T8; S9 rv1800/rv60=10.39						TRIAGE-INDEX-ONLY	TRIAGE	WINDOW	3	125	SI	LONDON	12:34:32	REVERSAL-CONFIRMATION
NKD-20210701-045358-L	SKIP	C	primary: S8 60s n=0 vol=0 — no transacting counterparty in the last minute (P004 DEAD_BOOK_VETO)	against: T1; T4; T6; S3 binding unspent=$-285 < $1000 bar (q50 median, not a cap — reported, not weighted)						TRIAGE-INDEX-ONLY	TRIAGE	WINDOW	5	23578	NKD	LONDON	12:35:58	REVERSAL-CONFIRMATION
HG-20210701-045445-S	SKIP	C	primary: S3 runway to_phase_close=1355s with S13 exit_default phase_close — too little time to the binding exit second (P002 A1_EXIT_SECOND_VETO)	against: T4; T5; T7; S3 binding unspent=$41.3 < $1000 bar (q50 median, not a cap — reported, not weighted)						TRIAGE-INDEX-ONLY	TRIAGE	WINDOW	5	12368	HG	LONDON	12:37:25	REVERSAL-CONFIRMATION
SI-20210701-045540-S	SKIP	C	primary: S3 phase LONDON H=26.45 L=26.28 vs S13 entry mid=26.35 — the $1,000 bar needs $650 of NEW range beyond the phase extreme (A1 strict, warmup #21)	against: T3; T4; T5; T6; T7						TRIAGE-INDEX-ONLY	TRIAGE	WINDOW	3	128	SI	LONDON	12:39:00	REVERSAL-CONFIRMATION
HG-20210701-045561-S	SKIP	C	primary: S3 runway to_phase_close=1239s with S13 exit_default phase_close — too little time to the binding exit second (P002 A1_EXIT_SECOND_VETO)	against: T4; T5; T6; T7; S3 binding unspent=$41.3 < $1000 bar (q50 median, not a cap — reported, not weighted)						TRIAGE-INDEX-ONLY	TRIAGE	WINDOW	4	1238	HG	LONDON	12:39:21	REVERSAL-CONFIRMATION
SI-20210701-045582-S	SKIP	C	primary: S8 60s n=3 vol=7 — no transacting counterparty in the last minute (P004 DEAD_BOOK_VETO)	against: T1; T3; T4; T5; T7; T8; S9 rv1800/rv60=11.88						TRIAGE-INDEX-ONLY	TRIAGE	WINDOW	2	26	SI	LONDON	12:39:42	REVERSAL-CONFIRMATION
HG-20210701-045600-S	SKIP	C	primary: S8 60s n=7 vol=9 — no transacting counterparty in the last minute (P004 DEAD_BOOK_VETO)	against: T1; T4; T5; T6; T7; S3 binding unspent=$41.3 < $1000 bar (q50 median, not a cap — reported, not weighted)						TRIAGE-INDEX-ONLY	TRIAGE	WINDOW	3	238	HG	LONDON	12:40:00	REVERSAL-CONFIRMATION
NKD-20210701-045728-S	SKIP	C	primary: S8 60s n=1 vol=1 — no transacting counterparty in the last minute (P004 DEAD_BOOK_VETO)	against: T1; T3; T4; T5; T6; T7; S3 binding unspent=$-397.5 < $1000 bar (q50 median, not a cap — reported, not weighted)						TRIAGE-INDEX-ONLY	TRIAGE	WINDOW	2	28	NKD	LONDON	12:42:08	REVERSAL-CONFIRMATION
HG-20210701-045953-S	SKIP	C	primary: S3 runway to_phase_close=847s with S13 exit_default phase_close — too little time to the binding exit second (P002 A1_EXIT_SECOND_VETO)	against: T4; T6; T7; S3 binding unspent=$41.3 < $1000 bar (q50 median, not a cap — reported, not weighted)						TRIAGE-INDEX-ONLY	TRIAGE	WINDOW	5	12358	HG	LONDON	12:45:53	REVERSAL-CONFIRMATION
NKD-20210701-046106-L	SKIP	B	primary: S8 60s n=0 vol=0 — no transacting counterparty in the last minute (P004 DEAD_BOOK_VETO)	against: T1; T4; S3 binding unspent=$-535 < $1000 bar (q50 median, not a cap — reported, not weighted)						TRIAGE-INDEX-ONLY	TRIAGE	WINDOW	6	235678	NKD	LONDON	12:48:26	REVERSAL-CONFIRMATION
NKD-20210701-046145-L	SKIP	B	primary: S8 60s n=0 vol=0 — no transacting counterparty in the last minute (P004 DEAD_BOOK_VETO)	against: T1; T4; S3 binding unspent=$-535 < $1000 bar (q50 median, not a cap — reported, not weighted)						TRIAGE-INDEX-ONLY	TRIAGE	WINDOW	6	235678	NKD	LONDON	12:49:05	REVERSAL-CONFIRMATION
NKD-20210701-046202-L	SKIP	C	primary: S8 60s n=0 vol=0 — no transacting counterparty in the last minute (P004 DEAD_BOOK_VETO)	against: T1; T4; T6; S3 binding unspent=$-535 < $1000 bar (q50 median, not a cap — reported, not weighted)						TRIAGE-INDEX-ONLY	TRIAGE	WINDOW	5	23578	NKD	LONDON	12:50:02	REVERSAL-CONFIRMATION
HG-20210701-046231-L	SKIP	C	primary: S3 phase LONDON H=4.302 L=4.255 vs S13 entry mid=4.29 — the $1,000 bar needs $687.5 of NEW range beyond the phase extreme (A1 strict, warmup #21)	against: T3; T4; T5; T6; T7; S3 binding unspent=$41.3 < $1000 bar (q50 median, not a cap — reported, not weighted); S8 through_book_600s thru_bid=8 vs thru_ask=0 (recent aggression is on the other side)						TRIAGE-INDEX-ONLY	TRIAGE	WINDOW	3	128	HG	LONDON	12:50:31	REVERSAL-CONFIRMATION
NKD-20210701-046244-L	SKIP	C	primary: S8 60s n=0 vol=0 — no transacting counterparty in the last minute (P004 DEAD_BOOK_VETO)	against: T1; T4; T6; S3 binding unspent=$-535 < $1000 bar (q50 median, not a cap — reported, not weighted)						TRIAGE-INDEX-ONLY	TRIAGE	WINDOW	5	23578	NKD	LONDON	12:50:44	RECLAIM
NKD-20210701-046264-L	SKIP	C	primary: S8 60s n=0 vol=0 — no transacting counterparty in the last minute (P004 DEAD_BOOK_VETO)	against: T1; T4; T6; S3 binding unspent=$-535 < $1000 bar (q50 median, not a cap — reported, not weighted)						TRIAGE-INDEX-ONLY	TRIAGE	WINDOW	5	23578	NKD	LONDON	12:51:04	REVERSAL-CONFIRMATION
NKD-20210701-046337-S	SKIP	C	primary: S8 60s n=2 vol=2 — no transacting counterparty in the last minute (P004 DEAD_BOOK_VETO)	against: T1; T3; T4; T5; T6; T7; S3 binding unspent=$-535 < $1000 bar (q50 median, not a cap — reported, not weighted)						TRIAGE-INDEX-ONLY	TRIAGE	WINDOW	2	28	NKD	LONDON	12:52:17	REVERSAL-CONFIRMATION
NKD-20210701-046390-S	SKIP	C	primary: S8 60s n=0 vol=0 — no transacting counterparty in the last minute (P004 DEAD_BOOK_VETO)	against: T1; T3; T4; T5; T7; S3 binding unspent=$-535 < $1000 bar (q50 median, not a cap — reported, not weighted)						TRIAGE-INDEX-ONLY	TRIAGE	WINDOW	3	268	NKD	LONDON	12:53:10	REVERSAL-CONFIRMATION
NKD-20210701-046559-S	SKIP	C	primary: S8 60s n=0 vol=0 — no transacting counterparty in the last minute (P004 DEAD_BOOK_VETO)	against: T1; T3; T4; T5; T7; S3 binding unspent=$-547.5 < $1000 bar (q50 median, not a cap — reported, not weighted)						TRIAGE-INDEX-ONLY	TRIAGE	WINDOW	3	268	NKD	LONDON	12:55:59	REVERSAL-CONFIRMATION
SI-20210701-046660-L	SKIP	C	primary: S3 phase LONDON H=26.45 L=26.28 vs S13 entry mid=26.36 — the $1,000 bar needs $550 of NEW range beyond the phase extreme (A1 strict, warmup #21)	against: T3; T4; T7						TRIAGE-INDEX-ONLY	TRIAGE	WINDOW	5	12568	SI	LONDON	12:57:40	REVERSAL-CONFIRMATION
HG-20210701-046751-L	SKIP	C	primary: S3 phase LONDON H=4.302 L=4.255 vs S13 entry mid=4.293 — the $1,000 bar needs $755 of NEW range beyond the phase extreme (A1 strict, warmup #21)	against: T3; T4; T5; T6; T7; S3 binding unspent=$41.3 < $1000 bar (q50 median, not a cap — reported, not weighted); S8 through_book_600s thru_bid=1 vs thru_ask=0 (recent aggression is on the other side)						TRIAGE-INDEX-ONLY	TRIAGE	WINDOW	3	128	HG	LONDON	12:59:11	REVERSAL-CONFIRMATION
SI-20210701-046790-L	SKIP	C	primary: S3 phase LONDON H=26.45 L=26.28 vs S13 entry mid=26.39 — the $1,000 bar needs $700 of NEW range beyond the phase extreme (A1 strict, warmup #21)	against: T3; T4; T5; T7; S8 through_book_600s thru_bid=1 vs thru_ask=0 (recent aggression is on the other side)						TRIAGE-INDEX-ONLY	TRIAGE	WINDOW	4	1268	SI	LONDON	12:59:50	REVERSAL-CONFIRMATION
SI-20210701-046816-L	SKIP	C	primary: S3 phase NY H=26.39 L=26.39 vs S13 entry mid=26.39 — the $1,000 bar needs $987.5 of NEW range beyond the phase extreme (A1 strict, warmup #21)	against: T3; T5; T6; S8 through_book_600s thru_bid=1 vs thru_ask=0 (recent aggression is on the other side)						S3,S4,S5	DEEP	WINDOW	5	12478	SI	NY	13:00:16	REVERSAL-CONFIRMATION
NKD-20210701-047023-L	SKIP	C	primary: S8 60s n=0 vol=0 — no transacting counterparty in the last minute (P004 DEAD_BOOK_VETO)	against: T1; T3; T5; S3 binding unspent=$158.1 < $1000 bar (q50 median, not a cap — reported, not weighted)						S3,S4,S5,S7,S8,S9	DEEP	WINDOW	5	24678	NKD	NY	13:03:43	OPEN-DYNAMICS
NKD-20210701-047025-L	SKIP	C	primary: S8 60s n=0 vol=0 — no transacting counterparty in the last minute (P004 DEAD_BOOK_VETO)	against: T1; T3; T5; S3 binding unspent=$158.1 < $1000 bar (q50 median, not a cap — reported, not weighted)						TRIAGE-INDEX-ONLY	TRIAGE	WINDOW	5	24678	NKD	NY	13:03:45	OPEN-DYNAMICS
NKD-20210701-047048-L	SKIP	C	primary: S8 60s n=0 vol=0 — no transacting counterparty in the last minute (P004 DEAD_BOOK_VETO)	against: T1; T3; T5; S3 binding unspent=$158.1 < $1000 bar (q50 median, not a cap — reported, not weighted)						TRIAGE-INDEX-ONLY	TRIAGE	WINDOW	5	24678	NKD	NY	13:04:08	OPEN-DYNAMICS
NKD-20210701-047128-L	SKIP	C	primary: S8 60s n=2 vol=2 — no transacting counterparty in the last minute (P004 DEAD_BOOK_VETO)	against: T1; T3; T5; T6; S3 binding unspent=$158.1 < $1000 bar (q50 median, not a cap — reported, not weighted)						TRIAGE-INDEX-ONLY	TRIAGE	WINDOW	4	2478	NKD	NY	13:05:28	REVERSAL-CONFIRMATION
NKD-20210701-047130-L	SKIP	C	primary: S8 60s n=2 vol=2 — no transacting counterparty in the last minute (P004 DEAD_BOOK_VETO)	against: T1; T3; T5; T6; S3 binding unspent=$158.1 < $1000 bar (q50 median, not a cap — reported, not weighted)						TRIAGE-INDEX-ONLY	TRIAGE	WINDOW	4	2478	NKD	NY	13:05:30	REVERSAL-CONFIRMATION
NKD-20210701-047143-L	SKIP	C	primary: S8 60s n=2 vol=2 — no transacting counterparty in the last minute (P004 DEAD_BOOK_VETO)	against: T1; T3; T5; S3 binding unspent=$158.1 < $1000 bar (q50 median, not a cap — reported, not weighted)						TRIAGE-INDEX-ONLY	TRIAGE	WINDOW	5	24678	NKD	NY	13:05:43	REVERSAL-CONFIRMATION
NKD-20210701-047153-L	SKIP	C	primary: S8 60s n=0 vol=0 — no transacting counterparty in the last minute (P004 DEAD_BOOK_VETO)	against: T1; T3; T5; T6; S3 binding unspent=$158.1 < $1000 bar (q50 median, not a cap — reported, not weighted)						TRIAGE-INDEX-ONLY	TRIAGE	WINDOW	4	2478	NKD	NY	13:05:53	REVERSAL-CONFIRMATION
SI-20210701-047267-S	SKIP	C	primary: S13 spread_at_decision=$50 vs SI era spread_med $25 — the entrant pays a liquidity fact, not a transient quote (P005 ENTRY_SPREAD_TAX)	against: T2; T3; T6						TRIAGE-INDEX-ONLY	TRIAGE	WINDOW	5	14578	SI	NY	13:07:47	REVERSAL-CONFIRMATION
HG-20210701-047346-S	SKIP	B	primary: S3 phase NY H=4.295 L=4.29 vs S13 entry mid=4.293 — the $1,000 bar needs $912.5 of NEW range beyond the phase extreme (A1 strict, warmup #21)	against: T3; T6						TRIAGE-INDEX-ONLY	TRIAGE	WINDOW	6	124578	HG	NY	13:09:06	REVERSAL-CONFIRMATION
SI-20210701-047346-S	SKIP	C	primary: S3 phase NY H=26.41 L=26.37 vs S13 entry mid=26.39 — the $1,000 bar needs $925 of NEW range beyond the phase extreme (A1 strict, warmup #21)	against: T3; T5; T6						TRIAGE-INDEX-ONLY	TRIAGE	WINDOW	5	12478	SI	NY	13:09:06	RECLAIM
HG-20210701-047477-L	SKIP	C	primary: S3 phase NY H=4.295 L=4.29 vs S13 entry mid=4.293 — the $1,000 bar needs $962.5 of NEW range beyond the phase extreme (A1 strict, warmup #21)	against: T3; T5; T6; S8 through_book_600s thru_bid=3 vs thru_ask=1 (recent aggression is on the other side)						TRIAGE-INDEX-ONLY	TRIAGE	WINDOW	5	12478	HG	NY	13:11:17	REVERSAL-CONFIRMATION
NKD-20210701-047603-L	SKIP	C	primary: S8 60s n=3 vol=4 — no transacting counterparty in the last minute (P004 DEAD_BOOK_VETO)	against: T1; T3; T5; T6; S3 binding unspent=$158.1 < $1000 bar (q50 median, not a cap — reported, not weighted)						TRIAGE-INDEX-ONLY	TRIAGE	WINDOW	4	2478	NKD	NY	13:13:23	REVERSAL-CONFIRMATION
NKD-20210701-047653-S	SKIP	C	primary: S8 60s n=0 vol=0 — no transacting counterparty in the last minute (P004 DEAD_BOOK_VETO)	against: T1; T3; T5; T6; S3 binding unspent=$158.1 < $1000 bar (q50 median, not a cap — reported, not weighted)						TRIAGE-INDEX-ONLY	TRIAGE	WINDOW	4	2478	NKD	NY	13:14:13	REVERSAL-CONFIRMATION
NKD-20210701-047657-S	SKIP	C	primary: S8 60s n=0 vol=0 — no transacting counterparty in the last minute (P004 DEAD_BOOK_VETO)	against: T1; T3; T5; T6; S3 binding unspent=$158.1 < $1000 bar (q50 median, not a cap — reported, not weighted)						TRIAGE-INDEX-ONLY	TRIAGE	WINDOW	4	2478	NKD	NY	13:14:17	REVERSAL-CONFIRMATION
HG-20210701-047696-S	SKIP	B	primary: S3 phase NY H=4.295 L=4.286 vs S13 entry mid=4.288 — the $1,000 bar needs $945 of NEW range beyond the phase extreme (A1 strict, warmup #21)	against: T3; T6						TRIAGE-INDEX-ONLY	TRIAGE	WINDOW	6	124578	HG	NY	13:14:56	REVERSAL-CONFIRMATION
HG-20210701-047700-S	SKIP	B	primary: S3 phase NY H=4.295 L=4.286 vs S13 entry mid=4.288 — the $1,000 bar needs $945 of NEW range beyond the phase extreme (A1 strict, warmup #21)	against: T3; T6						TRIAGE-INDEX-ONLY	TRIAGE	WINDOW	6	124578	HG	NY	13:15:00	REVERSAL-CONFIRMATION
SI-20210701-047712-L	SKIP	C	primary: S8 60s n=4 vol=5 — no transacting counterparty in the last minute (P004 DEAD_BOOK_VETO)	against: T1; T3; T5; S8 through_book_600s thru_bid=2 vs thru_ask=0 (recent aggression is on the other side)						TRIAGE-INDEX-ONLY	TRIAGE	WINDOW	5	24678	SI	NY	13:15:12	REVERSAL-CONFIRMATION
NKD-20210701-047780-S	SKIP	C	primary: S8 60s n=2 vol=4 — no transacting counterparty in the last minute (P004 DEAD_BOOK_VETO)	against: T1; T3; T5; T6; S3 binding unspent=$158.1 < $1000 bar (q50 median, not a cap — reported, not weighted)						TRIAGE-INDEX-ONLY	TRIAGE	WINDOW	4	2478	NKD	NY	13:16:20	REVERSAL-CONFIRMATION
NKD-20210701-047783-S	SKIP	C	primary: S8 60s n=2 vol=4 — no transacting counterparty in the last minute (P004 DEAD_BOOK_VETO)	against: T1; T3; T5; T6; S3 binding unspent=$158.1 < $1000 bar (q50 median, not a cap — reported, not weighted)						TRIAGE-INDEX-ONLY	TRIAGE	WINDOW	4	2478	NKD	NY	13:16:23	REVERSAL-CONFIRMATION
NKD-20210701-047964-L	SKIP	C	primary: S8 60s n=0 vol=0 — no transacting counterparty in the last minute (P004 DEAD_BOOK_VETO)	against: T1; T3; T5; T6; T7; S3 binding unspent=$158.1 < $1000 bar (q50 median, not a cap — reported, not weighted)						TRIAGE-INDEX-ONLY	TRIAGE	WINDOW	3	248	NKD	NY	13:19:24	REVERSAL-CONFIRMATION
NKD-20210701-047994-L	SKIP	C	primary: S8 60s n=0 vol=0 — no transacting counterparty in the last minute (P004 DEAD_BOOK_VETO)	against: T1; T3; T5; T6; T7; S3 binding unspent=$158.1 < $1000 bar (q50 median, not a cap — reported, not weighted)						TRIAGE-INDEX-ONLY	TRIAGE	WINDOW	3	248	NKD	NY	13:19:54	REVERSAL-CONFIRMATION
SI-20210701-048215-S	SKIP	C	primary: S13 spread_at_decision=$50 vs SI era spread_med $25 — the entrant pays a liquidity fact, not a transient quote (P005 ENTRY_SPREAD_TAX)	against: T2; T3; T5						TRIAGE-INDEX-ONLY	TRIAGE	WINDOW	5	14678	SI	NY	13:23:35	REVERSAL-CONFIRMATION
SI-20210701-048311-S	SKIP	C	primary: S3 phase NY H=26.44 L=26.37 vs S13 entry mid=26.39 — the $1,000 bar needs $925 of NEW range beyond the phase extreme (A1 strict, warmup #21)	against: T3; T5; T6						TRIAGE-INDEX-ONLY	TRIAGE	WINDOW	5	12478	SI	NY	13:25:11	REVERSAL-CONFIRMATION
SI-20210701-048343-S	SKIP	B	primary: S3 phase NY H=26.44 L=26.37 vs S13 entry mid=26.38 — the $1,000 bar needs $950 of NEW range beyond the phase extreme (A1 strict, warmup #21)	against: T3; T5						TRIAGE-INDEX-ONLY	TRIAGE	WINDOW	6	124678	SI	NY	13:25:43	REVERSAL-CONFIRMATION
NKD-20210701-048351-S	SKIP	C	primary: S8 60s n=1 vol=1 — no transacting counterparty in the last minute (P004 DEAD_BOOK_VETO)	against: T1; T3; T5; T6; S3 binding unspent=$158.1 < $1000 bar (q50 median, not a cap — reported, not weighted)						TRIAGE-INDEX-ONLY	TRIAGE	WINDOW	4	2478	NKD	NY	13:25:51	REVERSAL-CONFIRMATION
SI-20210701-048367-S	SKIP	B	primary: S3 phase NY H=26.44 L=26.37 vs S13 entry mid=26.37 — the $1,000 bar needs $1012 of NEW range beyond the phase extreme (A1 strict, warmup #21)	against: T3; T5						TRIAGE-INDEX-ONLY	TRIAGE	WINDOW	6	124678	SI	NY	13:26:07	REVERSAL-CONFIRMATION
SI-20210701-048411-S	SKIP	B	primary: S3 phase NY H=26.44 L=26.36 vs S13 entry mid=26.37 — the $1,000 bar needs $987.5 of NEW range beyond the phase extreme (A1 strict, warmup #21)	against: T3; T5						TRIAGE-INDEX-ONLY	TRIAGE	WINDOW	6	124678	SI	NY	13:26:51	REVERSAL-CONFIRMATION
SI-20210701-048446-S	SKIP	C	primary: S8 60s n=6 vol=9 — no transacting counterparty in the last minute (P004 DEAD_BOOK_VETO)	against: T1; T3; T5; T6; T8; S9 rv1800/rv60=10.53						TRIAGE-INDEX-ONLY	TRIAGE	WINDOW	3	247	SI	NY	13:27:26	REVERSAL-CONFIRMATION
NKD-20210701-048472-L	SKIP	C	primary: S8 60s n=1 vol=1 — no transacting counterparty in the last minute (P004 DEAD_BOOK_VETO)	against: T1; T3; T5; T7; S3 binding unspent=$158.1 < $1000 bar (q50 median, not a cap — reported, not weighted)						TRIAGE-INDEX-ONLY	TRIAGE	WINDOW	4	2468	NKD	NY	13:27:52	REVERSAL-CONFIRMATION
SI-20210701-048500-S	SKIP	C	primary: S8 60s n=5 vol=9 — no transacting counterparty in the last minute (P004 DEAD_BOOK_VETO)	against: T1; T3; T5; T6; T8; S9 rv1800/rv60=9.12						TRIAGE-INDEX-ONLY	TRIAGE	WINDOW	3	247	SI	NY	13:28:20	REVERSAL-CONFIRMATION
HG-20210701-048547-L	SKIP	C	primary: S3 phase NY H=4.295 L=4.28 vs S13 entry mid=4.285 — the $1,000 bar needs $762.5 of NEW range beyond the phase extreme (A1 strict, warmup #21)	against: T3; T5; T6; S8 through_book_600s thru_bid=4 vs thru_ask=1 (recent aggression is on the other side)						TRIAGE-INDEX-ONLY	TRIAGE	WINDOW	5	12478	HG	NY	13:29:07	REVERSAL-CONFIRMATION
NKD-20210701-048588-L	SKIP	C	primary: S3 phase NY H=2.863e+04 L=2.858e+04 vs S13 entry mid=2.862e+04 — the $1,000 bar needs $987.5 of NEW range beyond the phase extreme (A1 strict, warmup #21)	against: T3; T5; T7; S3 binding unspent=$158.1 < $1000 bar (q50 median, not a cap — reported, not weighted)						TRIAGE-INDEX-ONLY	TRIAGE	WINDOW	5	12468	NKD	NY	13:29:48	REVERSAL-CONFIRMATION
HG-20210701-048622-L	SKIP	C	primary: S3 phase NY H=4.295 L=4.28 vs S13 entry mid=4.281 — the $1,000 bar needs $650 of NEW range beyond the phase extreme (A1 strict, warmup #21)	against: T3; T5; T6; S8 through_book_600s thru_bid=5 vs thru_ask=0 (recent aggression is on the other side)						TRIAGE-INDEX-ONLY	TRIAGE	WINDOW	5	12478	HG	NY	13:30:22	REVERSAL-CONFIRMATION
NKD-20210701-048688-L	SKIP	C	primary: S8 60s n=5 vol=5 — no transacting counterparty in the last minute (P004 DEAD_BOOK_VETO)	against: T1; T3; T5; T7; S3 binding unspent=$158.1 < $1000 bar (q50 median, not a cap — reported, not weighted)						TRIAGE-INDEX-ONLY	TRIAGE	WINDOW	4	2468	NKD	NY	13:31:28	REVERSAL-CONFIRMATION
HG-20210701-048703-S	SKIP	C	primary: S13 spread_at_decision=$37.5 vs HG era spread_med $25 — the entrant pays a liquidity fact, not a transient quote (P005 ENTRY_SPREAD_TAX)	against: T2; T3; T7						TRIAGE-INDEX-ONLY	TRIAGE	WINDOW	5	14568	HG	NY	13:31:43	REVERSAL-CONFIRMATION
HG-20210701-048745-S	SKIP	C	primary: S3 phase NY H=4.295 L=4.274 vs S13 entry mid=4.28 — the $1,000 bar needs $850 of NEW range beyond the phase extreme (A1 strict, warmup #21)	against: T3; T6; T7						TRIAGE-INDEX-ONLY	TRIAGE	WINDOW	5	12458	HG	NY	13:32:25	REVERSAL-CONFIRMATION
HG-20210701-048853-L	SKIP	C	primary: S3 phase NY H=4.295 L=4.274 vs S13 entry mid=4.277 — the $1,000 bar needs $537.5 of NEW range beyond the phase extreme (A1 strict, warmup #21)	against: T3; T5; T6; S8 through_book_600s thru_bid=7 vs thru_ask=0 (recent aggression is on the other side)						TRIAGE-INDEX-ONLY	TRIAGE	WINDOW	5	12478	HG	NY	13:34:13	REVERSAL-CONFIRMATION
HG-20210701-048897-S	SKIP	B	primary: S3 phase NY H=4.295 L=4.274 vs S13 entry mid=4.274 — the $1,000 bar needs $995 of NEW range beyond the phase extreme (A1 strict, warmup #21)	against: T3; T7						S7,S8	DEEP	WINDOW	6	124568	HG	NY	13:34:57	REVERSAL-CONFIRMATION
SI-20210701-049040-L	SKIP	B	primary: S3 phase NY H=26.44 L=26.35 vs S13 entry mid=26.38 — the $1,000 bar needs $700 of NEW range beyond the phase extreme (A1 strict, warmup #21)	against: T3; T5						TRIAGE-INDEX-ONLY	TRIAGE	WINDOW	6	124678	SI	NY	13:37:20	REVERSAL-CONFIRMATION
HG-20210701-049049-L	SKIP	B	primary: S3 phase NY H=4.295 L=4.272 vs S13 entry mid=4.279 — the $1,000 bar needs $595 of NEW range beyond the phase extreme (A1 strict, warmup #21)	against: T3; T5; S3 binding unspent=$975.7 < $1000 bar (q50 median, not a cap — reported, not weighted); S8 through_book_600s thru_bid=13 vs thru_ask=0 (recent aggression is on the other side)						S3,S4,S5,S7,S8,S9	DEEP	WINDOW	6	124678	HG	NY	13:37:29	REVERSAL-CONFIRMATION
HG-20210701-049133-L	SKIP	C	primary: S3 phase NY H=4.295 L=4.272 vs S13 entry mid=4.28 — the $1,000 bar needs $637.5 of NEW range beyond the phase extreme (A1 strict, warmup #21)	against: T3; T5; T8; S9 rv1800/rv60=10.46; S3 binding unspent=$975.7 < $1000 bar (q50 median, not a cap — reported, not weighted); S8 through_book_600s thru_bid=13 vs thru_ask=0 (recent aggression is on the other side)						TRIAGE-INDEX-ONLY	TRIAGE	WINDOW	5	12467	HG	NY	13:38:53	REVERSAL-CONFIRMATION
SI-20210701-049152-L	SKIP	C	primary: S8 60s n=7 vol=8 — no transacting counterparty in the last minute (P004 DEAD_BOOK_VETO)	against: T1; T3; T5						TRIAGE-INDEX-ONLY	TRIAGE	WINDOW	5	24678	SI	NY	13:39:12	REVERSAL-CONFIRMATION
SI-20210701-049212-L	SKIP	C	primary: S3 phase NY H=26.44 L=26.35 vs S13 entry mid=26.39 — the $1,000 bar needs $750 of NEW range beyond the phase extreme (A1 strict, warmup #21)	against: T3; T5; T6						TRIAGE-INDEX-ONLY	TRIAGE	WINDOW	5	12478	SI	NY	13:40:12	REVERSAL-CONFIRMATION
HG-20210701-049227-L	SKIP	B	primary: S3 phase NY H=4.295 L=4.272 vs S13 entry mid=4.282 — the $1,000 bar needs $670 of NEW range beyond the phase extreme (A1 strict, warmup #21)	against: T3; T5; S3 binding unspent=$975.7 < $1000 bar (q50 median, not a cap — reported, not weighted); S8 through_book_600s thru_bid=13 vs thru_ask=0 (recent aggression is on the other side)						TRIAGE-INDEX-ONLY	TRIAGE	WINDOW	6	124678	HG	NY	13:40:27	RECLAIM
HG-20210701-049259-L	SKIP	B	primary: S3 phase NY H=4.295 L=4.272 vs S13 entry mid=4.282 — the $1,000 bar needs $675 of NEW range beyond the phase extreme (A1 strict, warmup #21)	against: T3; T5; S3 binding unspent=$975.7 < $1000 bar (q50 median, not a cap — reported, not weighted); S8 through_book_600s thru_bid=12 vs thru_ask=0 (recent aggression is on the other side)						TRIAGE-INDEX-ONLY	TRIAGE	WINDOW	6	124678	HG	NY	13:40:59	REVERSAL-CONFIRMATION
SI-20210701-049267-L	SKIP	C	primary: S3 phase NY H=26.44 L=26.35 vs S13 entry mid=26.4 — the $1,000 bar needs $775 of NEW range beyond the phase extreme (A1 strict, warmup #21)	against: T3; T5; T6						TRIAGE-INDEX-ONLY	TRIAGE	WINDOW	5	12478	SI	NY	13:41:07	REVERSAL-CONFIRMATION
SI-20210701-049293-S	SKIP	C	primary: S8 60s n=4 vol=5 — no transacting counterparty in the last minute (P004 DEAD_BOOK_VETO)	against: T1; T3; T5; T6; T7; T8; S9 rv1800/rv60=8.6; S8 through_book_600s thru_ask=2 vs thru_bid=0 (recent aggression is on the other side)						TRIAGE-INDEX-ONLY	TRIAGE	WINDOW	2	24	SI	NY	13:41:33	REVERSAL-CONFIRMATION
HG-20210701-049363-L	SKIP	B	primary: S3 phase NY H=4.295 L=4.272 vs S13 entry mid=4.284 — the $1,000 bar needs $725 of NEW range beyond the phase extreme (A1 strict, warmup #21)	against: T3; T5; S3 binding unspent=$975.7 < $1000 bar (q50 median, not a cap — reported, not weighted); S8 through_book_600s thru_bid=19 vs thru_ask=1 (recent aggression is on the other side)						TRIAGE-INDEX-ONLY	TRIAGE	WINDOW	6	124678	HG	NY	13:42:43	REVERSAL-CONFIRMATION
SI-20210701-049414-L	SKIP	B	primary: S3 phase NY H=26.44 L=26.35 vs S13 entry mid=26.4 — the $1,000 bar needs $800 of NEW range beyond the phase extreme (A1 strict, warmup #21)	against: T3; T6						TRIAGE-INDEX-ONLY	TRIAGE	WINDOW	6	124578	SI	NY	13:43:34	REVERSAL-CONFIRMATION
SI-20210701-049548-S	SKIP	C	primary: S3 phase NY H=26.44 L=26.35 vs S13 entry mid=26.37 — the $1,000 bar needs $875 of NEW range beyond the phase extreme (A1 strict, warmup #21)	against: T3; T5; T6; T7; S8 through_book_600s thru_ask=1 vs thru_bid=0 (recent aggression is on the other side)						TRIAGE-INDEX-ONLY	TRIAGE	WINDOW	4	1248	SI	NY	13:45:48	REVERSAL-CONFIRMATION
SI-20210701-049643-S	SKIP	C	primary: S13 spread_at_decision=$50 vs SI era spread_med $25 — the entrant pays a liquidity fact, not a transient quote (P005 ENTRY_SPREAD_TAX)	against: T2; T3; T5; T6; T7; S8 through_book_600s thru_ask=1 vs thru_bid=0 (recent aggression is on the other side)						TRIAGE-INDEX-ONLY	TRIAGE	WINDOW	3	148	SI	NY	13:47:23	REVERSAL-CONFIRMATION
SI-20210701-049850-S	SKIP	C	primary: S8 60s n=7 vol=9 — no transacting counterparty in the last minute (P004 DEAD_BOOK_VETO)	against: T1; T3; T5; T7						TRIAGE-INDEX-ONLY	TRIAGE	WINDOW	4	2468	SI	NY	13:50:50	REVERSAL-CONFIRMATION
HG-20210701-050068-S	SKIP	C	primary: S3 phase NY H=4.295 L=4.272 vs S13 entry mid=4.283 — the $1,000 bar needs $725 of NEW range beyond the phase extreme (A1 strict, warmup #21)	against: T3; T6; T7; T8; S9 rv1800/rv60=8.33; S3 binding unspent=$975.7 < $1000 bar (q50 median, not a cap — reported, not weighted)						TRIAGE-INDEX-ONLY	TRIAGE	WINDOW	4	1245	HG	NY	13:54:28	REVERSAL-CONFIRMATION
HG-20210701-050223-L	SKIP	C	primary: S3 phase NY H=4.295 L=4.272 vs S13 entry mid=4.283 — the $1,000 bar needs $707.5 of NEW range beyond the phase extreme (A1 strict, warmup #21)	against: T3; T5; T6; T7; T8; S9 rv1800/rv60=11.92; S3 binding unspent=$975.7 < $1000 bar (q50 median, not a cap — reported, not weighted)						TRIAGE-INDEX-ONLY	TRIAGE	WINDOW	3	124	HG	NY	13:57:03	REVERSAL-CONFIRMATION
HG-20210701-050225-L	SKIP	C	primary: S3 phase NY H=4.295 L=4.272 vs S13 entry mid=4.284 — the $1,000 bar needs $712.5 of NEW range beyond the phase extreme (A1 strict, warmup #21)	against: T3; T5; T6; T7; S3 binding unspent=$975.7 < $1000 bar (q50 median, not a cap — reported, not weighted)						TRIAGE-INDEX-ONLY	TRIAGE	WINDOW	4	1248	HG	NY	13:57:05	REVERSAL-CONFIRMATION
SI-20210701-050394-L	SKIP	C	primary: S3 phase NY H=26.44 L=26.35 vs S13 entry mid=26.38 — the $1,000 bar needs $675 of NEW range beyond the phase extreme (A1 strict, warmup #21)	against: T3; T5; T6; T7; S8 through_book_600s thru_bid=4 vs thru_ask=0 (recent aggression is on the other side)						TRIAGE-INDEX-ONLY	TRIAGE	WINDOW	4	1248	SI	NY	13:59:54	REVERSAL-CONFIRMATION
SI-20210701-050410-L	SKIP	C	primary: S3 phase NY H=26.44 L=26.35 vs S13 entry mid=26.38 — the $1,000 bar needs $675 of NEW range beyond the phase extreme (A1 strict, warmup #21)	against: T3; T5; T7; S8 through_book_600s thru_bid=5 vs thru_ask=0 (recent aggression is on the other side)						TRIAGE-INDEX-ONLY	TRIAGE	WINDOW	5	12468	SI	NY	14:00:10	REVERSAL-CONFIRMATION
SI-20210701-050570-L	SKIP	C	primary: S3 phase NY H=26.44 L=26.35 vs S13 entry mid=26.39 — the $1,000 bar needs $750 of NEW range beyond the phase extreme (A1 strict, warmup #21)	against: T3; T5; T6; T7; S8 through_book_600s thru_bid=5 vs thru_ask=0 (recent aggression is on the other side)						TRIAGE-INDEX-ONLY	TRIAGE	WINDOW	4	1248	SI	NY	14:02:50	REVERSAL-CONFIRMATION
SI-20210701-050662-L	SKIP	C	primary: S3 phase NY H=26.44 L=26.35 vs S13 entry mid=26.4 — the $1,000 bar needs $800 of NEW range beyond the phase extreme (A1 strict, warmup #21)	against: T3; T5; T6; T7; T8; S9 rv1800/rv60=8.6; S8 through_book_600s thru_bid=5 vs thru_ask=0 (recent aggression is on the other side)						TRIAGE-INDEX-ONLY	TRIAGE	WINDOW	3	124	SI	NY	14:04:22	REVERSAL-CONFIRMATION
NKD-20210701-050919-S	SKIP	C	primary: S8 60s n=2 vol=3 — no transacting counterparty in the last minute (P004 DEAD_BOOK_VETO)	against: T1; T5; T6; S3 binding unspent=$158.1 < $1000 bar (q50 median, not a cap — reported, not weighted)						TRIAGE-INDEX-ONLY	TRIAGE	WINDOW	5	23478	NKD	NY	14:08:39	REVERSAL-CONFIRMATION
SI-20210701-051031-L	SKIP	C	primary: S3 phase NY H=26.44 L=26.35 vs S13 entry mid=26.42 — the $1,000 bar needs $900 of NEW range beyond the phase extreme (A1 strict, warmup #21)	against: T3; T5; T6; T7						TRIAGE-INDEX-ONLY	TRIAGE	WINDOW	4	1248	SI	NY	14:10:31	REVERSAL-CONFIRMATION
SI-20210701-051318-S	SKIP	B	primary: S8 phase sflow=103 vs side=SHORT — the phase's cumulative order flow is not on this trade's side at magnitude (imbalance 103/2350 of phase volume) (P015 PHASE_FLOW_CONCORDANCE fails)	against: T5; T6; S8 through_book_600s thru_ask=4 vs thru_bid=0 (recent aggression is on the other side)						TRIAGE-INDEX-ONLY	TRIAGE	WINDOW	6	123478	SI	NY	14:15:18	REVERSAL-CONFIRMATION
SI-20210701-051407-L	SKIP	B	primary: S3 phase NY H=26.49 L=26.35 vs S13 entry mid=26.49 — the $1,000 bar needs $987.5 of NEW range beyond the phase extreme (A1 strict, warmup #21)	against: T3; T7						TRIAGE-INDEX-ONLY	TRIAGE	WINDOW	6	124568	SI	NY	14:16:47	REVERSAL-CONFIRMATION
SI-20210701-051562-S	SKIP	B	primary: S3 phase NY H=26.49 L=26.35 vs S13 entry mid=26.44 — the $1,000 bar needs $550 of NEW range beyond the phase extreme (A1 strict, warmup #21)	against: T3; T5; S8 through_book_600s thru_ask=20 vs thru_bid=4 (recent aggression is on the other side)						TRIAGE-INDEX-ONLY	TRIAGE	WINDOW	6	124678	SI	NY	14:19:22	REVERSAL-CONFIRMATION
HG-20210701-051602-S	SKIP	B	primary: S3 phase NY H=4.297 L=4.272 vs S13 entry mid=4.293 — the $1,000 bar needs $462.5 of NEW range beyond the phase extreme (A1 strict, warmup #21)	against: T3; T8; S9 rv1800/rv60=9.09; S3 binding unspent=$925.7 < $1000 bar (q50 median, not a cap — reported, not weighted)						TRIAGE-INDEX-ONLY	TRIAGE	WINDOW	6	124567	HG	NY	14:20:02	REVERSAL-CONFIRMATION
SI-20210701-051604-S	SKIP	B	primary: S3 phase NY H=26.49 L=26.35 vs S13 entry mid=26.43 — the $1,000 bar needs $575 of NEW range beyond the phase extreme (A1 strict, warmup #21)	against: T3; T5; S8 through_book_600s thru_ask=20 vs thru_bid=4 (recent aggression is on the other side)						TRIAGE-INDEX-ONLY	TRIAGE	WINDOW	6	124678	SI	NY	14:20:04	REVERSAL-CONFIRMATION
SI-20210701-051611-S	SKIP	B	primary: S3 phase NY H=26.49 L=26.35 vs S13 entry mid=26.41 — the $1,000 bar needs $675 of NEW range beyond the phase extreme (A1 strict, warmup #21)	against: T3; T5; S8 through_book_600s thru_ask=20 vs thru_bid=5 (recent aggression is on the other side)						TRIAGE-INDEX-ONLY	TRIAGE	WINDOW	6	124678	SI	NY	14:20:11	REVERSAL-CONFIRMATION
SI-20210701-051623-S	SKIP	C	primary: S13 spread_at_decision=$50 vs SI era spread_med $25 — the entrant pays a liquidity fact, not a transient quote (P005 ENTRY_SPREAD_TAX)	against: T2; T3; T5; S8 through_book_600s thru_ask=20 vs thru_bid=5 (recent aggression is on the other side)						TRIAGE-INDEX-ONLY	TRIAGE	WINDOW	5	14678	SI	NY	14:20:23	REVERSAL-CONFIRMATION
HG-20210701-051668-S	SKIP	B	primary: S5 mid_slope_$/min(T-5m)=56.3 accel(1m-5m)=55 vs side=SHORT — the trajectory is not signed with the trade	against: T6; S3 binding unspent=$925.7 < $1000 bar (q50 median, not a cap — reported, not weighted)						TRIAGE-INDEX-ONLY	TRIAGE	WINDOW	7	1234578	HG	NY	14:21:08	RECLAIM
HG-20210701-051709-S	SKIP	B	primary: S5 mid_slope_$/min(T-5m)=87.5 accel(1m-5m)=71.2 vs side=SHORT — the trajectory is not signed with the trade	against: T6; S3 binding unspent=$894.5 < $1000 bar (q50 median, not a cap — reported, not weighted)						TRIAGE-INDEX-ONLY	TRIAGE	WINDOW	7	1234578	HG	NY	14:21:49	RECLAIM
NKD-20210701-051713-S	SKIP	C	primary: S8 60s n=2 vol=2 — no transacting counterparty in the last minute (P004 DEAD_BOOK_VETO)	against: T1; T3; T5; T6; T7; S3 binding unspent=$158.1 < $1000 bar (q50 median, not a cap — reported, not weighted)						TRIAGE-INDEX-ONLY	TRIAGE	WINDOW	3	248	NKD	NY	14:21:53	REVERSAL-CONFIRMATION
SI-20210701-051725-S	SKIP	C	primary: S3 phase NY H=26.49 L=26.35 vs S13 entry mid=26.44 — the $1,000 bar needs $525 of NEW range beyond the phase extreme (A1 strict, warmup #21)	against: T3; T5; T6; S8 through_book_600s thru_ask=19 vs thru_bid=9 (recent aggression is on the other side)						TRIAGE-INDEX-ONLY	TRIAGE	WINDOW	5	12478	SI	NY	14:22:05	REVERSAL-CONFIRMATION
SI-20210701-051754-S	SKIP	C	primary: S3 phase NY H=26.49 L=26.35 vs S13 entry mid=26.45 — the $1,000 bar needs $475 of NEW range beyond the phase extreme (A1 strict, warmup #21)	against: T3; T5; T6; S8 through_book_600s thru_ask=19 vs thru_bid=9 (recent aggression is on the other side)						TRIAGE-INDEX-ONLY	TRIAGE	WINDOW	5	12478	SI	NY	14:22:34	REVERSAL-CONFIRMATION
SI-20210701-051759-S	SKIP	C	primary: S3 phase NY H=26.49 L=26.35 vs S13 entry mid=26.45 — the $1,000 bar needs $475 of NEW range beyond the phase extreme (A1 strict, warmup #21)	against: T3; T5; T6; S8 through_book_600s thru_ask=19 vs thru_bid=9 (recent aggression is on the other side)						TRIAGE-INDEX-ONLY	TRIAGE	WINDOW	5	12478	SI	NY	14:22:39	REVERSAL-CONFIRMATION
SI-20210701-051783-L	SKIP	C	primary: S3 phase NY H=26.49 L=26.35 vs S13 entry mid=26.43 — the $1,000 bar needs $700 of NEW range beyond the phase extreme (A1 strict, warmup #21)	against: T3; T5; T6; T7						TRIAGE-INDEX-ONLY	TRIAGE	WINDOW	4	1248	SI	NY	14:23:03	REVERSAL-CONFIRMATION
HG-20210701-051788-L	SKIP	C	primary: S3 phase NY H=4.299 L=4.272 vs S13 entry mid=4.298 — the $1,000 bar needs $967.5 of NEW range beyond the phase extreme (A1 strict, warmup #21)	against: T3; T5; T6; T7; S3 binding unspent=$869.5 < $1000 bar (q50 median, not a cap — reported, not weighted)						TRIAGE-INDEX-ONLY	TRIAGE	WINDOW	4	1248	HG	NY	14:23:08	REVERSAL-CONFIRMATION
SI-20210701-051795-L	SKIP	C	primary: S3 phase NY H=26.49 L=26.35 vs S13 entry mid=26.43 — the $1,000 bar needs $700 of NEW range beyond the phase extreme (A1 strict, warmup #21)	against: T3; T5; T6; T7						TRIAGE-INDEX-ONLY	TRIAGE	WINDOW	4	1248	SI	NY	14:23:15	REVERSAL-CONFIRMATION
SI-20210701-051798-L	SKIP	C	primary: S3 phase NY H=26.49 L=26.35 vs S13 entry mid=26.43 — the $1,000 bar needs $700 of NEW range beyond the phase extreme (A1 strict, warmup #21)	against: T3; T5; T6; T7						TRIAGE-INDEX-ONLY	TRIAGE	WINDOW	4	1248	SI	NY	14:23:18	REVERSAL-CONFIRMATION
SI-20210701-051799-L	SKIP	C	primary: S3 phase NY H=26.49 L=26.35 vs S13 entry mid=26.43 — the $1,000 bar needs $700 of NEW range beyond the phase extreme (A1 strict, warmup #21)	against: T3; T5; T6; T7						TRIAGE-INDEX-ONLY	TRIAGE	WINDOW	4	1248	SI	NY	14:23:19	REVERSAL-CONFIRMATION
SI-20210701-051827-L	SKIP	C	primary: S3 phase NY H=26.49 L=26.35 vs S13 entry mid=26.44 — the $1,000 bar needs $750 of NEW range beyond the phase extreme (A1 strict, warmup #21)	against: T3; T5; T6; T7						TRIAGE-INDEX-ONLY	TRIAGE	WINDOW	4	1248	SI	NY	14:23:47	REVERSAL-CONFIRMATION
SI-20210701-051903-S	SKIP	B	primary: S3 phase NY H=26.49 L=26.35 vs S13 entry mid=26.43 — the $1,000 bar needs $575 of NEW range beyond the phase extreme (A1 strict, warmup #21)	against: T3; T5; S8 through_book_600s thru_ask=21 vs thru_bid=10 (recent aggression is on the other side)						TRIAGE-INDEX-ONLY	TRIAGE	WINDOW	6	124678	SI	NY	14:25:03	REVERSAL-CONFIRMATION
SI-20210701-052046-S	SKIP	C	primary: S3 phase NY H=26.49 L=26.35 vs S13 entry mid=26.42 — the $1,000 bar needs $625 of NEW range beyond the phase extreme (A1 strict, warmup #21)	against: T3; T5; T6						TRIAGE-INDEX-ONLY	TRIAGE	WINDOW	5	12478	SI	NY	14:27:26	REVERSAL-CONFIRMATION
SI-20210701-052071-S	SKIP	C	primary: S3 phase NY H=26.49 L=26.35 vs S13 entry mid=26.42 — the $1,000 bar needs $625 of NEW range beyond the phase extreme (A1 strict, warmup #21)	against: T3; T5; T6						TRIAGE-INDEX-ONLY	TRIAGE	WINDOW	5	12478	SI	NY	14:27:51	REVERSAL-CONFIRMATION
SI-20210701-052166-L	SKIP	C	primary: S3 phase NY H=26.49 L=26.35 vs S13 entry mid=26.39 — the $1,000 bar needs $475 of NEW range beyond the phase extreme (A1 strict, warmup #21)	against: T3; T5; T6; T7						TRIAGE-INDEX-ONLY	TRIAGE	WINDOW	4	1248	SI	NY	14:29:26	REVERSAL-CONFIRMATION
HG-20210701-052246-S	TAKE	A	primary: S3 COVERAGE NY=45.9% unspent=$838.2 + S9 ladder_position=below_q10 + S3 runway=30553s + S8 phase sflow=-878 (concordant) + S5 mid_slope=-62.5 accel=-47.5 + S3 phase extreme 200s old; S3 room inside the phase range=$587.5 so the bar needs only $412.5 of extension	against: S3 binding unspent=$838.2 < $1000 bar (q50 median, not a cap — reported, not weighted)			PRE-MORTEM: this loses if the 14:27 NY high was a pause in an UP leg — the phase sflow of -878 is only 12.3% of phase volume and S8 fuel has 5738 of 7143 contracts BELOW the mid, so a squeeze of that inventory takes the $900 wall out before the session close 8.5h away.	MINIMAL PAIR: HG-20210701-049049-L (13:37:29, same asset/phase, 53 minutes earlier, LONG) — SKIP. THE DIFFERENCE: identical P001 geometry (cov below_q10, runway >30,000s, extreme <200s old, slope+accel signed) but S8 phase sflow=-638 points AGAINST the long and WITH this short. Direction, not geometry.	FLIP THRESHOLD: S8 phase sflow. The call flips to SKIP at sflow >= 0 (concordance lost) or at |sflow|/phase_vol < 0.05 (5% of 7,143 = 357 contracts); it also flips at S3 COVERAGE NY >= 75% with S3 unspent <= $450 (P002's exit-second veto).	S7,S8	DEEP	DIRECT	8	12345678	HG	NY	14:30:46	NEWS-WINDOW
SI-20210701-052261-S	SKIP	B	primary: S3 phase NY H=26.49 L=26.34 vs S13 entry mid=26.34 — the $1,000 bar needs $987.5 of NEW range beyond the phase extreme (A1 strict, warmup #21)	against: T3; T5						TRIAGE-INDEX-ONLY	TRIAGE	WINDOW	6	124678	SI	NY	14:31:01	REVERSAL-CONFIRMATION
HG-20210701-052284-S	SKIP	B	primary: S3 phase NY H=4.301 L=4.272 vs S13 entry mid=4.293 — the $1,000 bar needs $480 of NEW range beyond the phase extreme (A1 strict, warmup #21)	against: T3; S3 binding unspent=$838.2 < $1000 bar (q50 median, not a cap — reported, not weighted)						TRIAGE-INDEX-ONLY	TRIAGE	WINDOW	7	1245678	HG	NY	14:31:24	NEWS-WINDOW
NKD-20210701-052317-S	SKIP	C	primary: S8 60s n=5 vol=9 — no transacting counterparty in the last minute (P004 DEAD_BOOK_VETO)	against: T1; T3; T5; T6; T7; S3 binding unspent=$158.1 < $1000 bar (q50 median, not a cap — reported, not weighted)						TRIAGE-INDEX-ONLY	TRIAGE	WINDOW	3	248	NKD	NY	14:31:57	REVERSAL-CONFIRMATION
SI-20210701-052332-L	SKIP	B	primary: S13 spread_at_decision=$50 vs SI era spread_med $25 — the entrant pays a liquidity fact, not a transient quote (P005 ENTRY_SPREAD_TAX)	against: T2; T5						TRIAGE-INDEX-ONLY	TRIAGE	DIRECT	6	134678	SI	NY	14:32:12	NEWS-WINDOW
HG-20210701-052349-S	SKIP	B	primary: S3 phase NY H=4.301 L=4.272 vs S13 entry mid=4.29 — the $1,000 bar needs $542.5 of NEW range beyond the phase extreme (A1 strict, warmup #21)	against: T3; S3 binding unspent=$838.2 < $1000 bar (q50 median, not a cap — reported, not weighted)						TRIAGE-INDEX-ONLY	TRIAGE	WINDOW	7	1245678	HG	NY	14:32:29	NEWS-WINDOW
HG-20210701-052351-S	SKIP	B	primary: S3 phase NY H=4.301 L=4.272 vs S13 entry mid=4.29 — the $1,000 bar needs $542.5 of NEW range beyond the phase extreme (A1 strict, warmup #21)	against: T3; S3 binding unspent=$838.2 < $1000 bar (q50 median, not a cap — reported, not weighted)						TRIAGE-INDEX-ONLY	TRIAGE	WINDOW	7	1245678	HG	NY	14:32:31	REVERSAL-CONFIRMATION
SI-20210701-052376-S	SKIP	C	primary: S13 spread_at_decision=$50 vs SI era spread_med $25 — the entrant pays a liquidity fact, not a transient quote (P005 ENTRY_SPREAD_TAX)	against: T2; T3; T5; T6; T7						TRIAGE-INDEX-ONLY	TRIAGE	WINDOW	3	148	SI	NY	14:32:56	NEWS-WINDOW
HG-20210701-052389-S	SKIP	B	primary: S3 phase NY H=4.301 L=4.272 vs S13 entry mid=4.29 — the $1,000 bar needs $537.5 of NEW range beyond the phase extreme (A1 strict, warmup #21)	against: T3; S3 binding unspent=$838.2 < $1000 bar (q50 median, not a cap — reported, not weighted)						TRIAGE-INDEX-ONLY	TRIAGE	WINDOW	7	1245678	HG	NY	14:33:09	REVERSAL-CONFIRMATION
NKD-20210701-052433-L	SKIP	C	primary: S8 60s n=0 vol=0 — no transacting counterparty in the last minute (P004 DEAD_BOOK_VETO)	against: T1; T3; T7; S3 binding unspent=$158.1 < $1000 bar (q50 median, not a cap — reported, not weighted)						TRIAGE-INDEX-ONLY	TRIAGE	DIRECT	5	24568	NKD	NY	14:33:53	NEWS-WINDOW
NKD-20210701-052436-L	SKIP	C	primary: S8 60s n=0 vol=0 — no transacting counterparty in the last minute (P004 DEAD_BOOK_VETO)	against: T1; T3; T7; S3 binding unspent=$158.1 < $1000 bar (q50 median, not a cap — reported, not weighted)						TRIAGE-INDEX-ONLY	TRIAGE	WINDOW	5	24568	NKD	NY	14:33:56	NEWS-WINDOW
SI-20210701-052437-L	SKIP	C	primary: S13 spread_at_decision=$50 vs SI era spread_med $25 — the entrant pays a liquidity fact, not a transient quote (P005 ENTRY_SPREAD_TAX)	against: T2; T5; T6						TRIAGE-INDEX-ONLY	TRIAGE	WINDOW	5	13478	SI	NY	14:33:57	REVERSAL-CONFIRMATION
SI-20210701-052445-L	SKIP	B	primary: S8 phase sflow=-116 vs side=LONG — the phase's cumulative order flow is not on this trade's side at magnitude (imbalance -116/4582 of phase volume) (P015 PHASE_FLOW_CONCORDANCE fails)	against: T5; T6						TRIAGE-INDEX-ONLY	TRIAGE	WINDOW	6	123478	SI	NY	14:34:05	REVERSAL-CONFIRMATION
HG-20210701-052454-S	SKIP	B	primary: S3 phase NY H=4.301 L=4.272 vs S13 entry mid=4.294 — the $1,000 bar needs $455 of NEW range beyond the phase extreme (A1 strict, warmup #21)	against: T3; T6; S3 binding unspent=$838.2 < $1000 bar (q50 median, not a cap — reported, not weighted)						TRIAGE-INDEX-ONLY	TRIAGE	WINDOW	6	124578	HG	NY	14:34:14	REVERSAL-CONFIRMATION
HG-20210701-052456-L	SKIP	C	primary: S3 phase NY H=4.301 L=4.272 vs S13 entry mid=4.293 — the $1,000 bar needs $825 of NEW range beyond the phase extreme (A1 strict, warmup #21)	against: T3; T5; T7; S3 binding unspent=$838.2 < $1000 bar (q50 median, not a cap — reported, not weighted); S8 through_book_600s thru_bid=10 vs thru_ask=2 (recent aggression is on the other side)						TRIAGE-INDEX-ONLY	TRIAGE	WINDOW	5	12468	HG	NY	14:34:16	NEWS-WINDOW
SI-20210701-052465-L	SKIP	B	primary: S8 phase sflow=-106 vs side=LONG — the phase's cumulative order flow is not on this trade's side at magnitude (imbalance -106/4604 of phase volume) (P015 PHASE_FLOW_CONCORDANCE fails)	against: T5						TRIAGE-INDEX-ONLY	TRIAGE	WINDOW	7	1234678	SI	NY	14:34:25	NEWS-WINDOW
HG-20210701-052479-L	SKIP	C	primary: S3 phase NY H=4.301 L=4.272 vs S13 entry mid=4.295 — the $1,000 bar needs $857.5 of NEW range beyond the phase extreme (A1 strict, warmup #21)	against: T3; T5; T7; S3 binding unspent=$838.2 < $1000 bar (q50 median, not a cap — reported, not weighted); S8 through_book_600s thru_bid=9 vs thru_ask=2 (recent aggression is on the other side)						TRIAGE-INDEX-ONLY	TRIAGE	WINDOW	5	12468	HG	NY	14:34:39	NEWS-WINDOW
SI-20210701-052481-S	SKIP	C	primary: S3 phase NY H=26.49 L=26.3 vs S13 entry mid=26.32 — the $1,000 bar needs $862.5 of NEW range beyond the phase extreme (A1 strict, warmup #21)	against: T3; T5; T6; T7						TRIAGE-INDEX-ONLY	TRIAGE	WINDOW	4	1248	SI	NY	14:34:41	REVERSAL-CONFIRMATION
SI-20210701-052523-S	SKIP	C	primary: S13 spread_at_decision=$50 vs SI era spread_med $25 — the entrant pays a liquidity fact, not a transient quote (P005 ENTRY_SPREAD_TAX)	against: T2; T3; T5; T7						TRIAGE-INDEX-ONLY	TRIAGE	WINDOW	4	1468	SI	NY	14:35:23	NEWS-WINDOW
NKD-20210701-052538-L	SKIP	C	primary: S8 60s n=0 vol=0 — no transacting counterparty in the last minute (P004 DEAD_BOOK_VETO)	against: T1; T3; T6; T7; S3 binding unspent=$158.1 < $1000 bar (q50 median, not a cap — reported, not weighted)						TRIAGE-INDEX-ONLY	TRIAGE	WINDOW	4	2458	NKD	NY	14:35:38	REVERSAL-CONFIRMATION
NKD-20210701-052541-L	SKIP	C	primary: S8 60s n=0 vol=0 — no transacting counterparty in the last minute (P004 DEAD_BOOK_VETO)	against: T1; T3; T6; T7; S3 binding unspent=$158.1 < $1000 bar (q50 median, not a cap — reported, not weighted)						TRIAGE-INDEX-ONLY	TRIAGE	WINDOW	4	2458	NKD	NY	14:35:41	REVERSAL-CONFIRMATION
HG-20210701-052561-L	SKIP	C	primary: S3 phase NY H=4.301 L=4.272 vs S13 entry mid=4.295 — the $1,000 bar needs $857.5 of NEW range beyond the phase extreme (A1 strict, warmup #21)	against: T3; T5; T6; T7; S3 binding unspent=$838.2 < $1000 bar (q50 median, not a cap — reported, not weighted); S8 through_book_600s thru_bid=7 vs thru_ask=1 (recent aggression is on the other side)						TRIAGE-INDEX-ONLY	TRIAGE	WINDOW	4	1248	HG	NY	14:36:01	REVERSAL-CONFIRMATION
SI-20210701-052570-L	SKIP	B	primary: S8 phase sflow=-116 vs side=LONG — the phase's cumulative order flow is not on this trade's side at magnitude (imbalance -116/4783 of phase volume) (P015 PHASE_FLOW_CONCORDANCE fails)	against: T5; S8 through_book_600s thru_bid=15 vs thru_ask=6 (recent aggression is on the other side)						TRIAGE-INDEX-ONLY	TRIAGE	WINDOW	7	1234678	SI	NY	14:36:10	REVERSAL-CONFIRMATION
SI-20210701-052578-L	SKIP	B	primary: S8 phase sflow=-109 vs side=LONG — the phase's cumulative order flow is not on this trade's side at magnitude (imbalance -109/4829 of phase volume) (P015 PHASE_FLOW_CONCORDANCE fails)	against: T5; S8 through_book_600s thru_bid=15 vs thru_ask=7 (recent aggression is on the other side)						TRIAGE-INDEX-ONLY	TRIAGE	WINDOW	7	1234678	SI	NY	14:36:18	REVERSAL-CONFIRMATION
HG-20210701-052584-L	SKIP	C	primary: S3 phase NY H=4.301 L=4.272 vs S13 entry mid=4.296 — the $1,000 bar needs $882.5 of NEW range beyond the phase extreme (A1 strict, warmup #21)	against: T3; T5; T7; S3 binding unspent=$838.2 < $1000 bar (q50 median, not a cap — reported, not weighted); S8 through_book_600s thru_bid=7 vs thru_ask=1 (recent aggression is on the other side)						TRIAGE-INDEX-ONLY	TRIAGE	WINDOW	5	12468	HG	NY	14:36:24	REVERSAL-CONFIRMATION
SI-20210701-052590-L	SKIP	B	primary: S8 phase sflow=-107 vs side=LONG — the phase's cumulative order flow is not on this trade's side at magnitude (imbalance -107/4857 of phase volume) (P015 PHASE_FLOW_CONCORDANCE fails)	against: T5; S8 through_book_600s thru_bid=15 vs thru_ask=7 (recent aggression is on the other side)						TRIAGE-INDEX-ONLY	TRIAGE	WINDOW	7	1234678	SI	NY	14:36:30	NEWS-WINDOW
SI-20210701-052602-L	SKIP	B	primary: S8 phase sflow=-111 vs side=LONG — the phase's cumulative order flow is not on this trade's side at magnitude (imbalance -111/4873 of phase volume) (P015 PHASE_FLOW_CONCORDANCE fails)	against: T5; S8 through_book_600s thru_bid=15 vs thru_ask=7 (recent aggression is on the other side)						TRIAGE-INDEX-ONLY	TRIAGE	WINDOW	7	1234678	SI	NY	14:36:42	NEWS-WINDOW
SI-20210701-052628-S	SKIP	C	primary: S13 spread_at_decision=$50 vs SI era spread_med $25 — the entrant pays a liquidity fact, not a transient quote (P005 ENTRY_SPREAD_TAX)	against: T2; T3; T5; T6; T7						TRIAGE-INDEX-ONLY	TRIAGE	WINDOW	3	148	SI	NY	14:37:08	REVERSAL-CONFIRMATION
HG-20210701-052694-S	SKIP	B	primary: S3 phase NY H=4.301 L=4.272 vs S13 entry mid=4.293 — the $1,000 bar needs $467.5 of NEW range beyond the phase extreme (A1 strict, warmup #21)	against: T3; S3 binding unspent=$838.2 < $1000 bar (q50 median, not a cap — reported, not weighted)						TRIAGE-INDEX-ONLY	TRIAGE	WINDOW	7	1245678	HG	NY	14:38:14	NEWS-WINDOW
SI-20210701-052695-L	SKIP	C	primary: S13 spread_at_decision=$50 vs SI era spread_med $25 — the entrant pays a liquidity fact, not a transient quote (P005 ENTRY_SPREAD_TAX)	against: T2; T5; T6; S8 through_book_600s thru_bid=11 vs thru_ask=3 (recent aggression is on the other side)						TRIAGE-INDEX-ONLY	TRIAGE	WINDOW	5	13478	SI	NY	14:38:15	REVERSAL-CONFIRMATION
SI-20210701-052707-L	SKIP	B	primary: S8 phase sflow=-97 vs side=LONG — the phase's cumulative order flow is not on this trade's side at magnitude (imbalance -97/4957 of phase volume) (P015 PHASE_FLOW_CONCORDANCE fails)	against: T5; T6; S8 through_book_600s thru_bid=11 vs thru_ask=3 (recent aggression is on the other side)						TRIAGE-INDEX-ONLY	TRIAGE	WINDOW	6	123478	SI	NY	14:38:27	REVERSAL-CONFIRMATION
SI-20210701-052708-L	SKIP	B	primary: S8 phase sflow=-97 vs side=LONG — the phase's cumulative order flow is not on this trade's side at magnitude (imbalance -97/4957 of phase volume) (P015 PHASE_FLOW_CONCORDANCE fails)	against: T5; T6; S8 through_book_600s thru_bid=11 vs thru_ask=3 (recent aggression is on the other side)						TRIAGE-INDEX-ONLY	TRIAGE	WINDOW	6	123478	SI	NY	14:38:28	REVERSAL-CONFIRMATION
HG-20210701-052799-S	SKIP	B	primary: S3 phase NY H=4.301 L=4.272 vs S13 entry mid=4.293 — the $1,000 bar needs $467.5 of NEW range beyond the phase extreme (A1 strict, warmup #21)	against: T3; T8; S9 rv1800/rv60=8.5; S3 binding unspent=$838.2 < $1000 bar (q50 median, not a cap — reported, not weighted)						TRIAGE-INDEX-ONLY	TRIAGE	WINDOW	6	124567	HG	NY	14:39:59	REVERSAL-CONFIRMATION
SI-20210701-052915-L	SKIP	B	primary: S8 phase sflow=-41 vs side=LONG — the phase's cumulative order flow is not on this trade's side at magnitude (imbalance -41/5257 of phase volume) (P015 PHASE_FLOW_CONCORDANCE fails)	against: T5						TRIAGE-INDEX-ONLY	TRIAGE	WINDOW	7	1234678	SI	NY	14:41:55	REVERSAL-CONFIRMATION
SI-20210701-052933-S	SKIP	C	primary: S13 spread_at_decision=$50 vs SI era spread_med $25 — the entrant pays a liquidity fact, not a transient quote (P005 ENTRY_SPREAD_TAX)	against: T2; T3; T5; T6; T7						TRIAGE-INDEX-ONLY	TRIAGE	WINDOW	3	148	SI	NY	14:42:13	REVERSAL-CONFIRMATION
HG-20210701-052937-S	SKIP	B	primary: S3 phase NY H=4.301 L=4.272 vs S13 entry mid=4.289 — the $1,000 bar needs $567.5 of NEW range beyond the phase extreme (A1 strict, warmup #21)	against: T3; T6; S3 binding unspent=$838.2 < $1000 bar (q50 median, not a cap — reported, not weighted)						TRIAGE-INDEX-ONLY	TRIAGE	WINDOW	6	124578	HG	NY	14:42:17	REVERSAL-CONFIRMATION
SI-20210701-052946-L	SKIP	B	primary: S13 spread_at_decision=$50 vs SI era spread_med $25 — the entrant pays a liquidity fact, not a transient quote (P005 ENTRY_SPREAD_TAX)	against: T2; T5						TRIAGE-INDEX-ONLY	TRIAGE	WINDOW	6	134678	SI	NY	14:42:26	REVERSAL-CONFIRMATION
NKD-20210701-052985-S	SKIP	C	primary: S8 60s n=1 vol=1 — no transacting counterparty in the last minute (P004 DEAD_BOOK_VETO)	against: T1; T5; T6; T7; S3 binding unspent=$158.1 < $1000 bar (q50 median, not a cap — reported, not weighted)						TRIAGE-INDEX-ONLY	TRIAGE	WINDOW	4	2348	NKD	NY	14:43:05	REVERSAL-CONFIRMATION
SI-20210701-053019-L	SKIP	B	primary: S8 phase sflow=-54 vs side=LONG — the phase's cumulative order flow is not on this trade's side at magnitude (imbalance -54/5334 of phase volume) (P015 PHASE_FLOW_CONCORDANCE fails)	against: T5						TRIAGE-INDEX-ONLY	TRIAGE	WINDOW	7	1234678	SI	NY	14:43:39	REVERSAL-CONFIRMATION
HG-20210701-053098-S	SKIP	C	primary: S3 phase NY H=4.301 L=4.272 vs S13 entry mid=4.289 — the $1,000 bar needs $567.5 of NEW range beyond the phase extreme (A1 strict, warmup #21)	against: T3; T6; T7; S3 binding unspent=$838.2 < $1000 bar (q50 median, not a cap — reported, not weighted)						TRIAGE-INDEX-ONLY	TRIAGE	WINDOW	5	12458	HG	NY	14:44:58	REVERSAL-CONFIRMATION
SI-20210701-053119-L	SKIP	B	primary: S8 phase sflow=-81 vs side=LONG — the phase's cumulative order flow is not on this trade's side at magnitude (imbalance -81/5455 of phase volume) (P015 PHASE_FLOW_CONCORDANCE fails)	against: T5						TRIAGE-INDEX-ONLY	TRIAGE	WINDOW	7	1234678	SI	NY	14:45:19	REVERSAL-CONFIRMATION
SI-20210701-053123-L	SKIP	B	primary: S8 phase sflow=-81 vs side=LONG — the phase's cumulative order flow is not on this trade's side at magnitude (imbalance -81/5455 of phase volume) (P015 PHASE_FLOW_CONCORDANCE fails)	against: T5						TRIAGE-INDEX-ONLY	TRIAGE	WINDOW	7	1234678	SI	NY	14:45:23	REVERSAL-CONFIRMATION
SI-20210701-053193-L	SKIP	B	primary: S8 phase sflow=-69 vs side=LONG — the phase's cumulative order flow is not on this trade's side at magnitude (imbalance -69/5521 of phase volume) (P015 PHASE_FLOW_CONCORDANCE fails)	against: T5						TRIAGE-INDEX-ONLY	TRIAGE	WINDOW	7	1234678	SI	NY	14:46:33	REVERSAL-CONFIRMATION
SI-20210701-053263-L	SKIP	C	primary: S13 spread_at_decision=$50 vs SI era spread_med $25 — the entrant pays a liquidity fact, not a transient quote (P005 ENTRY_SPREAD_TAX)	against: T2; T3; T5						TRIAGE-INDEX-ONLY	TRIAGE	WINDOW	5	14678	SI	NY	14:47:43	REVERSAL-CONFIRMATION
NKD-20210701-053288-S	SKIP	C	primary: S8 60s n=0 vol=0 — no transacting counterparty in the last minute (P004 DEAD_BOOK_VETO)	against: T1; T3; T5; T6; T7; S3 binding unspent=$158.1 < $1000 bar (q50 median, not a cap — reported, not weighted)						TRIAGE-INDEX-ONLY	TRIAGE	WINDOW	3	248	NKD	NY	14:48:08	REVERSAL-CONFIRMATION
SI-20210701-053299-L	SKIP	B	primary: S3 phase NY H=26.49 L=26.3 vs S13 entry mid=26.41 — the $1,000 bar needs $575 of NEW range beyond the phase extreme (A1 strict, warmup #21)	against: T3; T5						TRIAGE-INDEX-ONLY	TRIAGE	WINDOW	6	124678	SI	NY	14:48:19	RECLAIM
SI-20210701-053304-L	SKIP	B	primary: S3 phase NY H=26.49 L=26.3 vs S13 entry mid=26.41 — the $1,000 bar needs $600 of NEW range beyond the phase extreme (A1 strict, warmup #21)	against: T3; T5						TRIAGE-INDEX-ONLY	TRIAGE	WINDOW	6	124678	SI	NY	14:48:24	RECLAIM
HG-20210701-053397-L	SKIP	C	primary: S3 phase NY H=4.301 L=4.272 vs S13 entry mid=4.292 — the $1,000 bar needs $795 of NEW range beyond the phase extreme (A1 strict, warmup #21)	against: T3; T5; T6; T7; S3 binding unspent=$838.2 < $1000 bar (q50 median, not a cap — reported, not weighted); S8 through_book_600s thru_bid=3 vs thru_ask=1 (recent aggression is on the other side)						TRIAGE-INDEX-ONLY	TRIAGE	WINDOW	4	1248	HG	NY	14:49:57	REVERSAL-CONFIRMATION
HG-20210701-053401-L	SKIP	C	primary: S3 phase NY H=4.301 L=4.272 vs S13 entry mid=4.292 — the $1,000 bar needs $787.5 of NEW range beyond the phase extreme (A1 strict, warmup #21)	against: T3; T5; T6; T7; S3 binding unspent=$838.2 < $1000 bar (q50 median, not a cap — reported, not weighted); S8 through_book_600s thru_bid=3 vs thru_ask=1 (recent aggression is on the other side)						TRIAGE-INDEX-ONLY	TRIAGE	WINDOW	4	1248	HG	NY	14:50:01	REVERSAL-CONFIRMATION
SI-20210701-053492-S	SKIP	C	primary: S3 phase NY H=26.49 L=26.3 vs S13 entry mid=26.4 — the $1,000 bar needs $462.5 of NEW range beyond the phase extreme (A1 strict, warmup #21)	against: T3; T5; T6; T7						TRIAGE-INDEX-ONLY	TRIAGE	WINDOW	4	1248	SI	NY	14:51:32	REVERSAL-CONFIRMATION
NKD-20210701-053580-L	SKIP	C	primary: S8 60s n=2 vol=5 — no transacting counterparty in the last minute (P004 DEAD_BOOK_VETO)	against: T1; T3; T6; T7; S3 binding unspent=$158.1 < $1000 bar (q50 median, not a cap — reported, not weighted)						TRIAGE-INDEX-ONLY	TRIAGE	WINDOW	4	2458	NKD	NY	14:53:00	REVERSAL-CONFIRMATION
HG-20210701-053596-L	SKIP	C	primary: S3 phase NY H=4.301 L=4.272 vs S13 entry mid=4.298 — the $1,000 bar needs $937.5 of NEW range beyond the phase extreme (A1 strict, warmup #21)	against: T3; T5; T6; T7; S3 binding unspent=$838.2 < $1000 bar (q50 median, not a cap — reported, not weighted); S8 through_book_600s thru_bid=3 vs thru_ask=1 (recent aggression is on the other side)						TRIAGE-INDEX-ONLY	TRIAGE	WINDOW	4	1248	HG	NY	14:53:16	REVERSAL-CONFIRMATION
SI-20210701-053642-L	SKIP	C	primary: S13 spread_at_decision=$50 vs SI era spread_med $25 — the entrant pays a liquidity fact, not a transient quote (P005 ENTRY_SPREAD_TAX)	against: T2; T5; T6; T7						TRIAGE-INDEX-ONLY	TRIAGE	WINDOW	4	1348	SI	NY	14:54:02	REVERSAL-CONFIRMATION
SI-20210701-053719-S	SKIP	C	primary: S3 phase NY H=26.49 L=26.3 vs S13 entry mid=26.37 — the $1,000 bar needs $612.5 of NEW range beyond the phase extreme (A1 strict, warmup #21)	against: T3; T5; T6; T7						TRIAGE-INDEX-ONLY	TRIAGE	WINDOW	4	1248	SI	NY	14:55:19	REVERSAL-CONFIRMATION
SI-20210701-053734-S	SKIP	C	primary: S3 phase NY H=26.49 L=26.3 vs S13 entry mid=26.37 — the $1,000 bar needs $612.5 of NEW range beyond the phase extreme (A1 strict, warmup #21)	against: T3; T5; T6; T7						TRIAGE-INDEX-ONLY	TRIAGE	WINDOW	4	1248	SI	NY	14:55:34	REVERSAL-CONFIRMATION
HG-20210701-053782-S	SKIP	C	primary: S3 phase NY H=4.301 L=4.272 vs S13 entry mid=4.293 — the $1,000 bar needs $467.5 of NEW range beyond the phase extreme (A1 strict, warmup #21)	against: T3; T6; T7; S3 binding unspent=$838.2 < $1000 bar (q50 median, not a cap — reported, not weighted)						TRIAGE-INDEX-ONLY	TRIAGE	WINDOW	5	12458	HG	NY	14:56:22	REVERSAL-CONFIRMATION
HG-20210701-053788-S	SKIP	C	primary: S3 phase NY H=4.301 L=4.272 vs S13 entry mid=4.293 — the $1,000 bar needs $475 of NEW range beyond the phase extreme (A1 strict, warmup #21)	against: T3; T6; T7; T8; S9 rv1800/rv60=8.1; S3 binding unspent=$838.2 < $1000 bar (q50 median, not a cap — reported, not weighted)						TRIAGE-INDEX-ONLY	TRIAGE	WINDOW	4	1245	HG	NY	14:56:28	REVERSAL-CONFIRMATION
NKD-20210701-053869-L	SKIP	C	primary: S8 60s n=0 vol=0 — no transacting counterparty in the last minute (P004 DEAD_BOOK_VETO)	against: T1; T3; T6; T7; T8; S9 rv1800/rv60=11.94; S3 binding unspent=$158.1 < $1000 bar (q50 median, not a cap — reported, not weighted)						TRIAGE-INDEX-ONLY	TRIAGE	WINDOW	3	245	NKD	NY	14:57:49	REVERSAL-CONFIRMATION
SI-20210701-053872-L	SKIP	C	primary: S13 spread_at_decision=$50 vs SI era spread_med $25 — the entrant pays a liquidity fact, not a transient quote (P005 ENTRY_SPREAD_TAX)	against: T2; T3; T5; T7; S8 through_book_600s thru_bid=3 vs thru_ask=1 (recent aggression is on the other side)						TRIAGE-INDEX-ONLY	TRIAGE	WINDOW	4	1468	SI	NY	14:57:52	REVERSAL-CONFIRMATION
HG-20210701-053921-L	SKIP	C	primary: S3 phase NY H=4.301 L=4.272 vs S13 entry mid=4.291 — the $1,000 bar needs $770 of NEW range beyond the phase extreme (A1 strict, warmup #21)	against: T3; T5; T6; T7; S3 binding unspent=$838.2 < $1000 bar (q50 median, not a cap — reported, not weighted); S8 through_book_600s thru_bid=3 vs thru_ask=1 (recent aggression is on the other side)						TRIAGE-INDEX-ONLY	TRIAGE	WINDOW	4	1248	HG	NY	14:58:41	REVERSAL-CONFIRMATION
SI-20210701-053928-L	SKIP	C	primary: S3 phase NY H=26.49 L=26.3 vs S13 entry mid=26.41 — the $1,000 bar needs $575 of NEW range beyond the phase extreme (A1 strict, warmup #21)	against: T3; T5; T6; T7; S8 through_book_600s thru_bid=2 vs thru_ask=0 (recent aggression is on the other side)						TRIAGE-INDEX-ONLY	TRIAGE	WINDOW	4	1248	SI	NY	14:58:48	REVERSAL-CONFIRMATION
HG-20210701-054010-S	SKIP	B	primary: S5 mid_slope_$/min(T-5m)=106.2 accel(1m-5m)=88.7 vs side=SHORT — the trajectory is not signed with the trade	against: T6; T7; S3 binding unspent=$838.2 < $1000 bar (q50 median, not a cap — reported, not weighted)						TRIAGE-INDEX-ONLY	TRIAGE	WINDOW	6	123458	HG	NY	15:00:10	REVERSAL-CONFIRMATION
HG-20210701-054106-L	SKIP	C	primary: S3 phase NY H=4.303 L=4.272 vs S13 entry mid=4.303 — the $1,000 bar needs $980 of NEW range beyond the phase extreme (A1 strict, warmup #21)	against: T3; T5; T7; S3 binding unspent=$769.5 < $1000 bar (q50 median, not a cap — reported, not weighted)						TRIAGE-INDEX-ONLY	TRIAGE	WINDOW	5	12468	HG	NY	15:01:46	REVERSAL-CONFIRMATION
HG-20210701-054121-L	SKIP	C	primary: S3 phase NY H=4.303 L=4.272 vs S13 entry mid=4.303 — the $1,000 bar needs $992.5 of NEW range beyond the phase extreme (A1 strict, warmup #21)	against: T3; T5; T7; S3 binding unspent=$769.5 < $1000 bar (q50 median, not a cap — reported, not weighted)						TRIAGE-INDEX-ONLY	TRIAGE	WINDOW	5	12468	HG	NY	15:02:01	REVERSAL-CONFIRMATION
HG-20210701-054126-L	SKIP	C	primary: S3 phase NY H=4.303 L=4.272 vs S13 entry mid=4.303 — the $1,000 bar needs $1000 of NEW range beyond the phase extreme (A1 strict, warmup #21)	against: T3; T5; T7; S3 binding unspent=$769.5 < $1000 bar (q50 median, not a cap — reported, not weighted)						TRIAGE-INDEX-ONLY	TRIAGE	WINDOW	5	12468	HG	NY	15:02:06	REVERSAL-CONFIRMATION
HG-20210701-054129-S	SKIP	B	primary: S5 mid_slope_$/min(T-5m)=93.7 accel(1m-5m)=51.2 vs side=SHORT — the trajectory is not signed with the trade	against: T6; S3 binding unspent=$757 < $1000 bar (q50 median, not a cap — reported, not weighted)						TRIAGE-INDEX-ONLY	TRIAGE	WINDOW	7	1234578	HG	NY	15:02:09	REVERSAL-CONFIRMATION
SI-20210701-054129-S	SKIP	B	primary: S8 phase sflow=-110 vs side=SHORT — the phase's cumulative order flow is not on this trade's side at magnitude (imbalance -110/6737 of phase volume) (P015 PHASE_FLOW_CONCORDANCE fails)	against: T5; T7; S8 through_book_600s thru_ask=5 vs thru_bid=0 (recent aggression is on the other side)						TRIAGE-INDEX-ONLY	TRIAGE	WINDOW	6	123468	SI	NY	15:02:09	REVERSAL-CONFIRMATION
SI-20210701-054135-S	SKIP	C	primary: S13 spread_at_decision=$50 vs SI era spread_med $25 — the entrant pays a liquidity fact, not a transient quote (P005 ENTRY_SPREAD_TAX)	against: T2; T5; T7; S8 through_book_600s thru_ask=6 vs thru_bid=0 (recent aggression is on the other side)						TRIAGE-INDEX-ONLY	TRIAGE	WINDOW	5	13468	SI	NY	15:02:15	REVERSAL-CONFIRMATION
SI-20210701-054136-S	SKIP	B	primary: S8 phase sflow=-107 vs side=SHORT — the phase's cumulative order flow is not on this trade's side at magnitude (imbalance -107/6744 of phase volume) (P015 PHASE_FLOW_CONCORDANCE fails)	against: T5; T7; S8 through_book_600s thru_ask=6 vs thru_bid=0 (recent aggression is on the other side)						TRIAGE-INDEX-ONLY	TRIAGE	WINDOW	6	123468	SI	NY	15:02:16	REVERSAL-CONFIRMATION
HG-20210701-054181-L	SKIP	C	primary: S3 phase NY H=4.306 L=4.272 vs S13 entry mid=4.306 — the $1,000 bar needs $987.5 of NEW range beyond the phase extreme (A1 strict, warmup #21)	against: T3; T5; T6; T7; S3 binding unspent=$700.7 < $1000 bar (q50 median, not a cap — reported, not weighted)						TRIAGE-INDEX-ONLY	TRIAGE	WINDOW	4	1248	HG	NY	15:03:01	REVERSAL-CONFIRMATION
SI-20210701-054182-L	SKIP	C	primary: S3 phase NY H=26.51 L=26.3 vs S13 entry mid=26.52 — the $1,000 bar needs $1038 of NEW range beyond the phase extreme (A1 strict, warmup #21)	against: T3; T5; T7						TRIAGE-INDEX-ONLY	TRIAGE	WINDOW	5	12468	SI	NY	15:03:02	REVERSAL-CONFIRMATION
NKD-20210701-054186-L	SKIP	C	primary: S8 60s n=1 vol=1 — no transacting counterparty in the last minute (P004 DEAD_BOOK_VETO)	against: T1; T3; T6; T7; S3 binding unspent=$158.1 < $1000 bar (q50 median, not a cap — reported, not weighted)						TRIAGE-INDEX-ONLY	TRIAGE	WINDOW	4	2458	NKD	NY	15:03:06	REVERSAL-CONFIRMATION
SI-20210701-054273-L	SKIP	C	primary: S3 phase NY H=26.52 L=26.3 vs S13 entry mid=26.49 — the $1,000 bar needs $850 of NEW range beyond the phase extreme (A1 strict, warmup #21)	against: T3; T5; T6; T7						TRIAGE-INDEX-ONLY	TRIAGE	WINDOW	4	1248	SI	NY	15:04:33	REVERSAL-CONFIRMATION
SI-20210701-054339-S	TAKE	B	primary: S4 OR_EXT NY|OR30|k1.0|+1 = 26.5200 tc=1 test_m=2 PENDING — the NY phase high 26.5225@15:03:03 (S3, 156s old) printed on the FIRST test of the NY opening-range k1.0 extension and failed; S3 phase NY L=26.2950 leaves room=$987.50 inside the phase range so the $1,000 bar needs only $12.50 of new range; S3 runway to_phase_close=28460s (session close); S8 60s n=119 vol=248 is a live book. B2 + A5, the warm-up's confirmed winning object (#9).	against: T5 fails — S8 phase sflow=-44 on 7752 contracts (0.6% imbalance) is no parent-order footprint at all, so P015 gives this trade no push; S4 stacked resistance 26.5000/26.5031/26.5106 sits only $37-90 above the entry, i.e. the stop side is dense and close; S9 rv1800/rv60=4.47.		novel: the P015 flow-concordance term is formulated for a P001 rollover and does NOT generalise to a level-first-test entry — the mechanism there is a failed test of a calibrated level, not a continuing parent order. Overriding a term of my own rule on named mechanism grounds, before unblinding.	PRE-MORTEM: this loses if 26.52 was a breakout rather than a failed first test — SI's session is +$1,225 on the day with S3 range_so_far $1,775 of range_hat $2,555.6 and NOTHING in S8 (phase sflow -44/7752) says the buyers are done; a continuation through 26.52 puts the $900 wall in play inside an hour.	MINIMAL PAIR: SI-20210701-054934-S (15:15:34, same asset/side/phase, 10 minutes later) — SKIP. THE DIFFERENCE: S3 room inside the phase range collapses from $987.50 to $287.50 (ext_needed $12.50 -> $712.50) because price has already travelled toward the NY low; every other term is similar or better (slope -137.5 vs -12.5). Capacity-to-bar, not momentum, is what separates them.	FLIP THRESHOLD: S3 phase NY L. At the committed values the bar needs $12.50 of new range; the call flips to SKIP once S3 ext_needed exceeds $450 (i.e. once the entry is within $550 of the NY low, mid <= 26.4050 at this phase low), and flips regardless if S4 shows the 26.5200 OR-extension level with tc>=3 (no longer a first test).	S3,S4,S8	DEEP	WINDOW	7	1234678	SI	NY	15:05:39	REVERSAL-CONFIRMATION
NKD-20210701-054376-S	SKIP	C	primary: S8 60s n=1 vol=1 — no transacting counterparty in the last minute (P004 DEAD_BOOK_VETO)	against: T1; T3; T5; T6; T7; S3 binding unspent=$158.1 < $1000 bar (q50 median, not a cap — reported, not weighted)						TRIAGE-INDEX-ONLY	TRIAGE	WINDOW	3	248	NKD	NY	15:06:16	REVERSAL-CONFIRMATION
SI-20210701-054388-S	SKIP	B	primary: S8 phase sflow=-51 vs side=SHORT — the phase's cumulative order flow is not on this trade's side at magnitude (imbalance -51/7841 of phase volume) (P015 PHASE_FLOW_CONCORDANCE fails)	against: T5						TRIAGE-INDEX-ONLY	TRIAGE	WINDOW	7	1234678	SI	NY	15:06:28	REVERSAL-CONFIRMATION
SI-20210701-054410-L	SKIP	C	primary: S3 phase NY H=26.52 L=26.3 vs S13 entry mid=26.48 — the $1,000 bar needs $800 of NEW range beyond the phase extreme (A1 strict, warmup #21)	against: T3; T5; T6; T7						TRIAGE-INDEX-ONLY	TRIAGE	WINDOW	4	1248	SI	NY	15:06:50	REVERSAL-CONFIRMATION
SI-20210701-054467-S	SKIP	B	primary: S8 phase sflow=-62 vs side=SHORT — the phase's cumulative order flow is not on this trade's side at magnitude (imbalance -62/8026 of phase volume) (P015 PHASE_FLOW_CONCORDANCE fails)	against: T5						TRIAGE-INDEX-ONLY	TRIAGE	WINDOW	7	1234678	SI	NY	15:07:47	REVERSAL-CONFIRMATION
SI-20210701-054512-S	SKIP	B	primary: S8 phase sflow=-114 vs side=SHORT — the phase's cumulative order flow is not on this trade's side at magnitude (imbalance -114/8120 of phase volume) (P015 PHASE_FLOW_CONCORDANCE fails)	against: T5; T6						TRIAGE-INDEX-ONLY	TRIAGE	WINDOW	6	123478	SI	NY	15:08:32	REVERSAL-CONFIRMATION
SI-20210701-054541-L	SKIP	C	primary: S3 phase NY H=26.52 L=26.3 vs S13 entry mid=26.46 — the $1,000 bar needs $675 of NEW range beyond the phase extreme (A1 strict, warmup #21)	against: T3; T5; T6; T7						TRIAGE-INDEX-ONLY	TRIAGE	WINDOW	4	1248	SI	NY	15:09:01	REVERSAL-CONFIRMATION
SI-20210701-054557-S	SKIP	B	primary: S8 phase sflow=-94 vs side=SHORT — the phase's cumulative order flow is not on this trade's side at magnitude (imbalance -94/8206 of phase volume) (P015 PHASE_FLOW_CONCORDANCE fails)	against: T5						TRIAGE-INDEX-ONLY	TRIAGE	WINDOW	7	1234678	SI	NY	15:09:17	REVERSAL-CONFIRMATION
SI-20210701-054628-S	SKIP	C	primary: S13 spread_at_decision=$50 vs SI era spread_med $25 — the entrant pays a liquidity fact, not a transient quote (P005 ENTRY_SPREAD_TAX)	against: T2; T5; T6						TRIAGE-INDEX-ONLY	TRIAGE	WINDOW	5	13478	SI	NY	15:10:28	REVERSAL-CONFIRMATION
HG-20210701-054637-S	SKIP	B	primary: S5 mid_slope_$/min(T-5m)=0 accel(1m-5m)=31.2 vs side=SHORT — the trajectory is not signed with the trade	against: T6; S3 binding unspent=$594.5 < $1000 bar (q50 median, not a cap — reported, not weighted); S8 through_book_600s thru_ask=24 vs thru_bid=8 (recent aggression is on the other side)						TRIAGE-INDEX-ONLY	TRIAGE	WINDOW	7	1234578	HG	NY	15:10:37	REVERSAL-CONFIRMATION
HG-20210701-054648-S	TAKE	A	primary: S3 COVERAGE NY=61.7% unspent=$594.5 + S9 ladder_position=below_q10 + S3 runway=28151s + S8 phase sflow=-1152 (concordant) + S5 mid_slope=-43.8 accel=-21.3 + S3 phase extreme 259s old; S3 room inside the phase range=$757.5 so the bar needs only $242.5 of extension	against: S3 binding unspent=$594.5 < $1000 bar (q50 median, not a cap — reported, not weighted); S8 through_book_600s thru_ask=24 vs thru_bid=9 (recent aggression is on the other side)			PRE-MORTEM: this loses to the give-back mechanism of warm-up #17 — S8 through_book_600s thru_ask=24 vs thru_bid=9 says the last ten minutes were BUY-side aggression; if that is the start of a leg rather than a retracement I am short into it with 7.8h of hold and a $900 wall.	MINIMAL PAIR: HG-20210701-054957-S (15:15:57, 5 minutes later) — SKIP. THE DIFFERENCE: S5 mid_slope flips to +12.5 with accel +43.7 (the retracement is under way) while S3 ext_needed worsens $242.50 -> $400.	FLIP THRESHOLD: S5 mid_slope_$/min(T-5m). At -43.8 the call stands; at slope >= 0 or accel >= 0 it flips to SKIP (T6), which is exactly what happens 5 minutes later at 054957-S.	S7,S8	DEEP	WINDOW	8	12345678	HG	NY	15:10:48	REVERSAL-CONFIRMATION
HG-20210701-054652-S	TAKE	A	primary: S3 COVERAGE NY=61.7% unspent=$594.5 + S9 ladder_position=below_q10 + S3 runway=28147s to a session-close exit + S8 phase sflow=-1148 on 12435 contracts (concordant, 9.2% imbalance) + S5 mid_slope=-31.2 accel=-5 + S3 phase extreme 263s old; S3 room inside the phase range=$762.5 so the bar needs only $237.5 of extension	against: D-046 one position at a time — if HG-20210701-054648-S is filled and held to its exit second this candidate cannot be entered; it is committed as a seat, and the replay forfeits it.			PRE-MORTEM: identical to 054648-S four seconds later with a weaker accel (-5.0 vs -21.3); it loses the same way and, under D-046, it cannot even be filled if 054648-S is held.			TRIAGE-INDEX-ONLY	TRIAGE	WINDOW	8	12345678	HG	NY	15:10:52	REVERSAL-CONFIRMATION
SI-20210701-054656-S	SKIP	C	primary: S13 spread_at_decision=$50 vs SI era spread_med $25 — the entrant pays a liquidity fact, not a transient quote (P005 ENTRY_SPREAD_TAX)	against: T2; T5; T6						TRIAGE-INDEX-ONLY	TRIAGE	WINDOW	5	13478	SI	NY	15:10:56	REVERSAL-CONFIRMATION
SI-20210701-054672-S	SKIP	B	primary: S8 phase sflow=-31 vs side=SHORT — the phase's cumulative order flow is not on this trade's side at magnitude (imbalance -31/8487 of phase volume) (P015 PHASE_FLOW_CONCORDANCE fails)	against: T5; T6						TRIAGE-INDEX-ONLY	TRIAGE	WINDOW	6	123478	SI	NY	15:11:12	RECLAIM
SI-20210701-054700-S	SKIP	B	primary: S8 phase sflow=-44 vs side=SHORT — the phase's cumulative order flow is not on this trade's side at magnitude (imbalance -44/8542 of phase volume) (P015 PHASE_FLOW_CONCORDANCE fails)	against: T5; T6						TRIAGE-INDEX-ONLY	TRIAGE	WINDOW	6	123478	SI	NY	15:11:40	REVERSAL-CONFIRMATION
SI-20210701-054744-S	SKIP	B	primary: S8 phase sflow=-59 vs side=SHORT — the phase's cumulative order flow is not on this trade's side at magnitude (imbalance -59/8581 of phase volume) (P015 PHASE_FLOW_CONCORDANCE fails)	against: T5; T6						TRIAGE-INDEX-ONLY	TRIAGE	WINDOW	6	123478	SI	NY	15:12:24	RECLAIM
HG-20210701-054759-S	SKIP	B	primary: S5 mid_slope_$/min(T-5m)=43.8 accel(1m-5m)=73.8 vs side=SHORT — the trajectory is not signed with the trade	against: T6; S3 binding unspent=$594.5 < $1000 bar (q50 median, not a cap — reported, not weighted)						TRIAGE-INDEX-ONLY	TRIAGE	WINDOW	7	1234578	HG	NY	15:12:39	RECLAIM
HG-20210701-054779-S	SKIP	B	primary: S5 mid_slope_$/min(T-5m)=31.2 accel(1m-5m)=66.2 vs side=SHORT — the trajectory is not signed with the trade	against: T6; S3 binding unspent=$594.5 < $1000 bar (q50 median, not a cap — reported, not weighted)						TRIAGE-INDEX-ONLY	TRIAGE	WINDOW	7	1234578	HG	NY	15:12:59	REVERSAL-CONFIRMATION
SI-20210701-054786-L	SKIP	C	primary: S3 phase NY H=26.52 L=26.3 vs S13 entry mid=26.42 — the $1,000 bar needs $500 of NEW range beyond the phase extreme (A1 strict, warmup #21)	against: T3; T5; T6; T7						TRIAGE-INDEX-ONLY	TRIAGE	WINDOW	4	1248	SI	NY	15:13:06	REVERSAL-CONFIRMATION
HG-20210701-054794-S	SKIP	B	primary: S5 mid_slope_$/min(T-5m)=18.8 accel(1m-5m)=65 vs side=SHORT — the trajectory is not signed with the trade	against: T6; S3 binding unspent=$594.5 < $1000 bar (q50 median, not a cap — reported, not weighted)						TRIAGE-INDEX-ONLY	TRIAGE	WINDOW	7	1234578	HG	NY	15:13:14	RECLAIM
SI-20210701-054796-S	SKIP	B	primary: S8 phase sflow=-55 vs side=SHORT — the phase's cumulative order flow is not on this trade's side at magnitude (imbalance -55/8919 of phase volume) (P015 PHASE_FLOW_CONCORDANCE fails)	against: T5						TRIAGE-INDEX-ONLY	TRIAGE	WINDOW	7	1234678	SI	NY	15:13:16	REVERSAL-CONFIRMATION
HG-20210701-054799-S	SKIP	B	primary: S5 mid_slope_$/min(T-5m)=37.5 accel(1m-5m)=71.2 vs side=SHORT — the trajectory is not signed with the trade	against: T6; S3 binding unspent=$594.5 < $1000 bar (q50 median, not a cap — reported, not weighted)						TRIAGE-INDEX-ONLY	TRIAGE	WINDOW	7	1234578	HG	NY	15:13:19	REVERSAL-CONFIRMATION
HG-20210701-054817-S	SKIP	B	primary: S5 mid_slope_$/min(T-5m)=-12.5 accel(1m-5m)=20 vs side=SHORT — the trajectory is not signed with the trade	against: T6; S3 binding unspent=$594.5 < $1000 bar (q50 median, not a cap — reported, not weighted)						TRIAGE-INDEX-ONLY	TRIAGE	WINDOW	7	1234578	HG	NY	15:13:37	REVERSAL-CONFIRMATION
SI-20210701-054934-S	SKIP	B	primary: S3 phase NY H=26.52 L=26.3 vs S13 entry mid=26.35 — the $1,000 bar needs $712.5 of NEW range beyond the phase extreme (A1 strict, warmup #21)	against: T3; T5						TRIAGE-INDEX-ONLY	TRIAGE	WINDOW	6	124678	SI	NY	15:15:34	REVERSAL-CONFIRMATION
SI-20210701-054949-S	SKIP	B	primary: S3 phase NY H=26.52 L=26.3 vs S13 entry mid=26.35 — the $1,000 bar needs $712.5 of NEW range beyond the phase extreme (A1 strict, warmup #21)	against: T3; T5						TRIAGE-INDEX-ONLY	TRIAGE	WINDOW	6	124678	SI	NY	15:15:49	REVERSAL-CONFIRMATION
HG-20210701-054957-S	SKIP	B	primary: S5 mid_slope_$/min(T-5m)=12.5 accel(1m-5m)=43.7 vs side=SHORT — the trajectory is not signed with the trade	against: T6; S3 binding unspent=$594.5 < $1000 bar (q50 median, not a cap — reported, not weighted)						TRIAGE-INDEX-ONLY	TRIAGE	WINDOW	7	1234578	HG	NY	15:15:57	REVERSAL-CONFIRMATION
NKD-20210701-055059-L	SKIP	C	primary: S8 60s n=4 vol=6 — no transacting counterparty in the last minute (P004 DEAD_BOOK_VETO)	against: T1; T3; T7; S3 binding unspent=$158.1 < $1000 bar (q50 median, not a cap — reported, not weighted)						TRIAGE-INDEX-ONLY	TRIAGE	WINDOW	5	24568	NKD	NY	15:17:39	REVERSAL-CONFIRMATION
SI-20210701-055093-L	SKIP	B	primary: S8 phase sflow=-119 vs side=LONG — the phase's cumulative order flow is not on this trade's side at magnitude (imbalance -119/9589 of phase volume) (P015 PHASE_FLOW_CONCORDANCE fails)	against: T5; T7; S8 through_book_600s thru_bid=13 vs thru_ask=6 (recent aggression is on the other side)						TRIAGE-INDEX-ONLY	TRIAGE	WINDOW	6	123468	SI	NY	15:18:13	REVERSAL-CONFIRMATION
SI-20210701-055101-L	SKIP	C	primary: S8 phase sflow=-123 vs side=LONG — the phase's cumulative order flow is not on this trade's side at magnitude (imbalance -123/9595 of phase volume) (P015 PHASE_FLOW_CONCORDANCE fails)	against: T5; T6; T7; S8 through_book_600s thru_bid=13 vs thru_ask=6 (recent aggression is on the other side)						TRIAGE-INDEX-ONLY	TRIAGE	WINDOW	5	12348	SI	NY	15:18:21	REVERSAL-CONFIRMATION
SI-20210701-055104-L	SKIP	C	primary: S8 phase sflow=-123 vs side=LONG — the phase's cumulative order flow is not on this trade's side at magnitude (imbalance -123/9595 of phase volume) (P015 PHASE_FLOW_CONCORDANCE fails)	against: T5; T6; T7; S8 through_book_600s thru_bid=13 vs thru_ask=6 (recent aggression is on the other side)						TRIAGE-INDEX-ONLY	TRIAGE	WINDOW	5	12348	SI	NY	15:18:24	REVERSAL-CONFIRMATION
HG-20210701-055131-L	SKIP	C	primary: S3 phase NY H=4.31 L=4.272 vs S13 entry mid=4.299 — the $1,000 bar needs $725 of NEW range beyond the phase extreme (A1 strict, warmup #21)	against: T3; T5; T6; T7; S3 binding unspent=$594.5 < $1000 bar (q50 median, not a cap — reported, not weighted); S8 through_book_600s thru_bid=8 vs thru_ask=3 (recent aggression is on the other side)						TRIAGE-INDEX-ONLY	TRIAGE	WINDOW	4	1248	HG	NY	15:18:51	REVERSAL-CONFIRMATION
SI-20210701-055141-L	SKIP	C	primary: S13 spread_at_decision=$50 vs SI era spread_med $25 — the entrant pays a liquidity fact, not a transient quote (P005 ENTRY_SPREAD_TAX)	against: T2; T3; T5; T7; T8; S9 rv1800/rv60=8.09; S8 through_book_600s thru_bid=13 vs thru_ask=6 (recent aggression is on the other side)						TRIAGE-INDEX-ONLY	TRIAGE	WINDOW	3	146	SI	NY	15:19:01	REVERSAL-CONFIRMATION
NKD-20210701-055201-L	SKIP	C	primary: S3 phase NY H=2.871e+04 L=2.858e+04 vs S13 entry mid=2.87e+04 — the $1,000 bar needs $962.5 of NEW range beyond the phase extreme (A1 strict, warmup #21)	against: T3; T6; T7; S3 binding unspent=$158.1 < $1000 bar (q50 median, not a cap — reported, not weighted)						TRIAGE-INDEX-ONLY	TRIAGE	WINDOW	5	12458	NKD	NY	15:20:01	REVERSAL-CONFIRMATION
HG-20210701-055212-L	SKIP	C	primary: S3 phase NY H=4.31 L=4.272 vs S13 entry mid=4.301 — the $1,000 bar needs $775 of NEW range beyond the phase extreme (A1 strict, warmup #21)	against: T3; T5; T7; S3 binding unspent=$594.5 < $1000 bar (q50 median, not a cap — reported, not weighted); S8 through_book_600s thru_bid=7 vs thru_ask=3 (recent aggression is on the other side)						TRIAGE-INDEX-ONLY	TRIAGE	WINDOW	5	12468	HG	NY	15:20:12	REVERSAL-CONFIRMATION
SI-20210701-055257-L	SKIP	C	primary: S13 spread_at_decision=$50 vs SI era spread_med $25 — the entrant pays a liquidity fact, not a transient quote (P005 ENTRY_SPREAD_TAX)	against: T2; T5; T7; S8 through_book_600s thru_bid=15 vs thru_ask=3 (recent aggression is on the other side)						TRIAGE-INDEX-ONLY	TRIAGE	WINDOW	5	13468	SI	NY	15:20:57	RECLAIM
SI-20210701-055258-L	SKIP	C	primary: S13 spread_at_decision=$50 vs SI era spread_med $25 — the entrant pays a liquidity fact, not a transient quote (P005 ENTRY_SPREAD_TAX)	against: T2; T5; T7; S8 through_book_600s thru_bid=15 vs thru_ask=2 (recent aggression is on the other side)						TRIAGE-INDEX-ONLY	TRIAGE	WINDOW	5	13468	SI	NY	15:20:58	REVERSAL-CONFIRMATION
SI-20210701-055261-L	SKIP	C	primary: S8 phase sflow=-92 vs side=LONG — the phase's cumulative order flow is not on this trade's side at magnitude (imbalance -92/9962 of phase volume) (P015 PHASE_FLOW_CONCORDANCE fails)	against: T5; T6; T7; S8 through_book_600s thru_bid=15 vs thru_ask=2 (recent aggression is on the other side)						TRIAGE-INDEX-ONLY	TRIAGE	WINDOW	5	12348	SI	NY	15:21:01	REVERSAL-CONFIRMATION
SI-20210701-055266-S	SKIP	C	primary: S13 spread_at_decision=$50 vs SI era spread_med $25 — the entrant pays a liquidity fact, not a transient quote (P005 ENTRY_SPREAD_TAX)	against: T2; T3; T5; T7						TRIAGE-INDEX-ONLY	TRIAGE	WINDOW	4	1468	SI	NY	15:21:06	REVERSAL-CONFIRMATION
HG-20210701-055281-L	SKIP	C	primary: S3 phase NY H=4.31 L=4.272 vs S13 entry mid=4.303 — the $1,000 bar needs $830 of NEW range beyond the phase extreme (A1 strict, warmup #21)	against: T3; T5; T7; S3 binding unspent=$594.5 < $1000 bar (q50 median, not a cap — reported, not weighted)						TRIAGE-INDEX-ONLY	TRIAGE	WINDOW	5	12468	HG	NY	15:21:21	REVERSAL-CONFIRMATION
HG-20210701-055310-L	SKIP	C	primary: S3 phase NY H=4.31 L=4.272 vs S13 entry mid=4.304 — the $1,000 bar needs $842.5 of NEW range beyond the phase extreme (A1 strict, warmup #21)	against: T3; T5; T7; S3 binding unspent=$594.5 < $1000 bar (q50 median, not a cap — reported, not weighted)						TRIAGE-INDEX-ONLY	TRIAGE	WINDOW	5	12468	HG	NY	15:21:50	REVERSAL-CONFIRMATION
HG-20210701-055400-L	SKIP	C	primary: S3 phase NY H=4.31 L=4.272 vs S13 entry mid=4.304 — the $1,000 bar needs $850 of NEW range beyond the phase extreme (A1 strict, warmup #21)	against: T3; T5; T6; T7; S3 binding unspent=$594.5 < $1000 bar (q50 median, not a cap — reported, not weighted)						TRIAGE-INDEX-ONLY	TRIAGE	WINDOW	4	1248	HG	NY	15:23:20	REVERSAL-CONFIRMATION
SI-20210701-055415-L	SKIP	C	primary: S8 phase sflow=50 vs side=LONG — the phase's cumulative order flow is not on this trade's side at magnitude (imbalance 50/10374 of phase volume) (P015 PHASE_FLOW_CONCORDANCE fails)	against: T5; T6; T7; S8 through_book_600s thru_bid=11 vs thru_ask=2 (recent aggression is on the other side)						TRIAGE-INDEX-ONLY	TRIAGE	WINDOW	5	12348	SI	NY	15:23:35	REVERSAL-CONFIRMATION
SI-20210701-055502-S	SKIP	C	primary: S3 phase NY H=26.52 L=26.3 vs S13 entry mid=26.39 — the $1,000 bar needs $512.5 of NEW range beyond the phase extreme (A1 strict, warmup #21)	against: T3; T5; T6; T7						TRIAGE-INDEX-ONLY	TRIAGE	WINDOW	4	1248	SI	NY	15:25:02	REVERSAL-CONFIRMATION
SI-20210701-055536-S	SKIP	C	primary: S3 phase NY H=26.52 L=26.3 vs S13 entry mid=26.39 — the $1,000 bar needs $537.5 of NEW range beyond the phase extreme (A1 strict, warmup #21)	against: T3; T5; T7						TRIAGE-INDEX-ONLY	TRIAGE	WINDOW	5	12468	SI	NY	15:25:36	REVERSAL-CONFIRMATION
SI-20210701-055567-L	SKIP	C	primary: S8 phase sflow=137 vs side=LONG — the phase's cumulative order flow is not on this trade's side at magnitude (imbalance 137/10771 of phase volume) (P015 PHASE_FLOW_CONCORDANCE fails)	against: T5; T6; T7						TRIAGE-INDEX-ONLY	TRIAGE	WINDOW	5	12348	SI	NY	15:26:07	REVERSAL-CONFIRMATION
HG-20210701-055570-L	SKIP	C	primary: S3 phase NY H=4.31 L=4.272 vs S13 entry mid=4.309 — the $1,000 bar needs $962.5 of NEW range beyond the phase extreme (A1 strict, warmup #21)	against: T3; T5; T6; T7; S3 binding unspent=$594.5 < $1000 bar (q50 median, not a cap — reported, not weighted)						TRIAGE-INDEX-ONLY	TRIAGE	WINDOW	4	1248	HG	NY	15:26:10	REVERSAL-CONFIRMATION
SI-20210701-055644-S	SKIP	C	primary: S3 phase NY H=26.52 L=26.3 vs S13 entry mid=26.36 — the $1,000 bar needs $662.5 of NEW range beyond the phase extreme (A1 strict, warmup #21)	against: T3; T5; T7						TRIAGE-INDEX-ONLY	TRIAGE	WINDOW	5	12468	SI	NY	15:27:24	REVERSAL-CONFIRMATION
HG-20210701-055739-S	SKIP	C	primary: S5 mid_slope_$/min(T-5m)=75 accel(1m-5m)=41.2 vs side=SHORT — the trajectory is not signed with the trade	against: T6; T7; T8; S9 rv1800/rv60=8.33; S3 binding unspent=$594.5 < $1000 bar (q50 median, not a cap — reported, not weighted)						TRIAGE-INDEX-ONLY	TRIAGE	WINDOW	5	12345	HG	NY	15:28:59	REVERSAL-CONFIRMATION
SI-20210701-055759-S	SKIP	C	primary: S13 spread_at_decision=$50 vs SI era spread_med $25 — the entrant pays a liquidity fact, not a transient quote (P005 ENTRY_SPREAD_TAX)	against: T2; T3; T5; T6; T7; T8; S9 rv1800/rv60=9.29						TRIAGE-INDEX-ONLY	TRIAGE	WINDOW	2	14	SI	NY	15:29:19	REVERSAL-CONFIRMATION
HG-20210701-055849-L	SKIP	C	primary: S3 phase NY H=4.314 L=4.272 vs S13 entry mid=4.311 — the $1,000 bar needs $912.5 of NEW range beyond the phase extreme (A1 strict, warmup #21)	against: T3; T5; T6; T7; S3 binding unspent=$488.2 < $1000 bar (q50 median, not a cap — reported, not weighted)						TRIAGE-INDEX-ONLY	TRIAGE	WINDOW	4	1248	HG	NY	15:30:49	REVERSAL-CONFIRMATION
SI-20210701-055849-L	SKIP	C	primary: S8 phase sflow=118 vs side=LONG — the phase's cumulative order flow is not on this trade's side at magnitude (imbalance 118/11110 of phase volume) (P015 PHASE_FLOW_CONCORDANCE fails)	against: T5; T6; T7						TRIAGE-INDEX-ONLY	TRIAGE	WINDOW	5	12348	SI	NY	15:30:49	OPEN-DYNAMICS
HG-20210701-055858-S	TAKE	A	primary: S3 COVERAGE NY=68.5% unspent=$488.2 + S9 ladder_position=at_or_above_q10 + S3 runway=26941s + S8 phase sflow=-1170 (concordant) + S5 mid_slope=-87.5 accel=-92.5 + S3 phase extreme 70s old; S3 room inside the phase range=$950 so the bar needs only $50 of extension	against: S3 binding unspent=$488.2 < $1000 bar (q50 median, not a cap — reported, not weighted)			PRE-MORTEM: this loses if the 15:29:48 high is a breakout retest rather than a rollover — S3 COVERAGE NY is already 68.5% with unspent $488.2, so the phase's median move is nearly spent and a further $1,000 down needs the NY range to run past its own q50 ladder rung.	MINIMAL PAIR: HG-20210701-057765-S (16:02:45, same asset/side/phase) — SKIP. THE DIFFERENCE: S3 phase-extreme age 70s vs 1977s; the flow, coverage, runway and spread terms are all within noise of each other. The freshness of the rejection is the only separating field.	FLIP THRESHOLD: S3 phase-extreme age. At 70s the call stands; past 900s it flips to SKIP (T7). Second flip: S3 ext_needed past $450 — here it is $50, so the bar lives almost entirely inside the NY range already.	TRIAGE-INDEX-ONLY	TRIAGE	DIRECT	8	12345678	HG	NY	15:30:58	OPEN-DYNAMICS
SI-20210701-055874-S	SKIP	C	primary: S13 spread_at_decision=$50 vs SI era spread_med $25 — the entrant pays a liquidity fact, not a transient quote (P005 ENTRY_SPREAD_TAX)	against: T2; T3; T5; T6; T7						TRIAGE-INDEX-ONLY	TRIAGE	WINDOW	3	148	SI	NY	15:31:14	OPEN-DYNAMICS
SI-20210701-055907-L	SKIP	C	primary: S13 spread_at_decision=$50 vs SI era spread_med $25 — the entrant pays a liquidity fact, not a transient quote (P005 ENTRY_SPREAD_TAX)	against: T2; T5; T7						TRIAGE-INDEX-ONLY	TRIAGE	WINDOW	5	13468	SI	NY	15:31:47	OPEN-DYNAMICS
HG-20210701-055938-S	TAKE	A	primary: S3 COVERAGE NY=68.5% unspent=$488.2 + S9 ladder_position=at_or_above_q10 + S3 runway=26861s to a session-close exit + S8 phase sflow=-1195 on 15318 contracts (concordant, 7.8% imbalance) + S5 mid_slope=-62.5 accel=-73.8 + S3 phase extreme 150s old; S3 room inside the phase range=$887.5 so the bar needs only $112.5 of extension	against: D-046 one position at a time — if HG-20210701-055858-S is filled and held to its exit second this candidate cannot be entered; it is committed as a seat, and the replay forfeits it.			PRE-MORTEM: as 055858-S, 80s later and $62.50 worse on entry; it loses identically and forfeits under D-046 if 055858-S fills.			TRIAGE-INDEX-ONLY	TRIAGE	WINDOW	8	12345678	HG	NY	15:32:18	OPEN-DYNAMICS
SI-20210701-055954-L	SKIP	C	primary: S8 phase sflow=143 vs side=LONG — the phase's cumulative order flow is not on this trade's side at magnitude (imbalance 143/11323 of phase volume) (P015 PHASE_FLOW_CONCORDANCE fails)	against: T5; T6; T7						TRIAGE-INDEX-ONLY	TRIAGE	WINDOW	5	12348	SI	NY	15:32:34	REVERSAL-CONFIRMATION
HG-20210701-055955-S	TAKE	A	primary: S3 COVERAGE NY=68.5% unspent=$488.2 + S9 ladder_position=at_or_above_q10 + S3 runway=26844s to a session-close exit + S8 phase sflow=-1203 on 15374 contracts (concordant, 7.8% imbalance) + S5 mid_slope=-112.5 accel=-103.7 + S3 phase extreme 167s old; S3 room inside the phase range=$825 so the bar needs only $175 of extension	against: D-046 one position at a time — if HG-20210701-055858-S is filled and held to its exit second this candidate cannot be entered; it is committed as a seat, and the replay forfeits it.			PRE-MORTEM: as 055858-S; the extra $125 of adverse entry is the whole difference and it is the difference that pays the wall.			TRIAGE-INDEX-ONLY	TRIAGE	WINDOW	8	12345678	HG	NY	15:32:35	OPEN-DYNAMICS
HG-20210701-055963-S	TAKE	A	primary: S3 COVERAGE NY=68.5% unspent=$488.2 + S9 ladder_position=at_or_above_q10 + S3 runway=26836s to a session-close exit + S8 phase sflow=-1213 on 15412 contracts (concordant, 7.9% imbalance) + S5 mid_slope=-175 accel=-165 + S3 phase extreme 175s old; S3 room inside the phase range=$800 so the bar needs only $200 of extension	against: D-046 one position at a time — if HG-20210701-055858-S is filled and held to its exit second this candidate cannot be entered; it is committed as a seat, and the replay forfeits it.			PRE-MORTEM: as 055858-S; slope -175 is the steepest of the cluster, which is exactly when a short is chasing.			TRIAGE-INDEX-ONLY	TRIAGE	WINDOW	8	12345678	HG	NY	15:32:43	REVERSAL-CONFIRMATION
SI-20210701-055963-S	SKIP	C	primary: S13 spread_at_decision=$50 vs SI era spread_med $25 — the entrant pays a liquidity fact, not a transient quote (P005 ENTRY_SPREAD_TAX)	against: T2; T3; T5; T7						TRIAGE-INDEX-ONLY	TRIAGE	WINDOW	4	1468	SI	NY	15:32:43	OPEN-DYNAMICS
HG-20210701-055979-S	TAKE	A	primary: S3 COVERAGE NY=68.5% unspent=$488.2 + S9 ladder_position=at_or_above_q10 + S3 runway=26820s to a session-close exit + S8 phase sflow=-1211 on 15442 contracts (concordant, 7.8% imbalance) + S5 mid_slope=-162.5 accel=-146.2 + S3 phase extreme 191s old; S3 room inside the phase range=$782.5 so the bar needs only $217.5 of extension	against: D-046 one position at a time — if HG-20210701-055858-S is filled and held to its exit second this candidate cannot be entered; it is committed as a seat, and the replay forfeits it.			PRE-MORTEM: as 055858-S; entering 121s later into a move already 4 ticks lower is how a good thesis becomes a bad fill.			TRIAGE-INDEX-ONLY	TRIAGE	WINDOW	8	12345678	HG	NY	15:32:59	REVERSAL-CONFIRMATION
SI-20210701-055979-S	SKIP	C	primary: S3 phase NY H=26.52 L=26.3 vs S13 entry mid=26.36 — the $1,000 bar needs $662.5 of NEW range beyond the phase extreme (A1 strict, warmup #21)	against: T3; T5; T7						TRIAGE-INDEX-ONLY	TRIAGE	WINDOW	5	12468	SI	NY	15:32:59	REVERSAL-CONFIRMATION
HG-20210701-055997-S	TAKE	A	primary: S3 COVERAGE NY=68.5% unspent=$488.2 + S9 ladder_position=at_or_above_q10 + S3 runway=26802s to a session-close exit + S8 phase sflow=-1222 on 15541 contracts (concordant, 7.9% imbalance) + S5 mid_slope=-125 accel=-103.7 + S3 phase extreme 209s old; S3 room inside the phase range=$762.5 so the bar needs only $237.5 of extension	against: D-046 one position at a time — if HG-20210701-055858-S is filled and held to its exit second this candidate cannot be entered; it is committed as a seat, and the replay forfeits it.			PRE-MORTEM: as 055858-S; by now S8 60s n=147 — the crowd is in, which is where warm-up #17's give-back started.			TRIAGE-INDEX-ONLY	TRIAGE	WINDOW	8	12345678	HG	NY	15:33:17	OPEN-DYNAMICS
SI-20210701-056012-L	SKIP	B	primary: S8 phase sflow=153 vs side=LONG — the phase's cumulative order flow is not on this trade's side at magnitude (imbalance 153/11413 of phase volume) (P015 PHASE_FLOW_CONCORDANCE fails)	against: T5; T7						TRIAGE-INDEX-ONLY	TRIAGE	WINDOW	6	123468	SI	NY	15:33:32	REVERSAL-CONFIRMATION
SI-20210701-056024-L	SKIP	B	primary: S8 phase sflow=155 vs side=LONG — the phase's cumulative order flow is not on this trade's side at magnitude (imbalance 155/11421 of phase volume) (P015 PHASE_FLOW_CONCORDANCE fails)	against: T5; T7						TRIAGE-INDEX-ONLY	TRIAGE	WINDOW	6	123468	SI	NY	15:33:44	REVERSAL-CONFIRMATION
HG-20210701-056043-S	SKIP	B	primary: S5 mid_slope_$/min(T-5m)=-31.2 accel(1m-5m)=18.8 vs side=SHORT — the trajectory is not signed with the trade	against: T6; S3 binding unspent=$488.2 < $1000 bar (q50 median, not a cap — reported, not weighted)						TRIAGE-INDEX-ONLY	TRIAGE	WINDOW	7	1234578	HG	NY	15:34:03	REVERSAL-CONFIRMATION
HG-20210701-056046-S	SKIP	B	primary: S5 mid_slope_$/min(T-5m)=-12.5 accel(1m-5m)=38.8 vs side=SHORT — the trajectory is not signed with the trade	against: T6; S3 binding unspent=$488.2 < $1000 bar (q50 median, not a cap — reported, not weighted)						TRIAGE-INDEX-ONLY	TRIAGE	WINDOW	7	1234578	HG	NY	15:34:06	REVERSAL-CONFIRMATION
NKD-20210701-056055-S	SKIP	B	primary: S8 60s n=3 vol=3 — no transacting counterparty in the last minute (P004 DEAD_BOOK_VETO)	against: T1; T5; S3 binding unspent=$158.1 < $1000 bar (q50 median, not a cap — reported, not weighted)						TRIAGE-INDEX-ONLY	TRIAGE	WINDOW	6	234678	NKD	NY	15:34:15	OPEN-DYNAMICS
HG-20210701-056059-S	SKIP	B	primary: S5 mid_slope_$/min(T-5m)=-50 accel(1m-5m)=3.7 vs side=SHORT — the trajectory is not signed with the trade	against: T6; S3 binding unspent=$488.2 < $1000 bar (q50 median, not a cap — reported, not weighted)						TRIAGE-INDEX-ONLY	TRIAGE	WINDOW	7	1234578	HG	NY	15:34:19	REVERSAL-CONFIRMATION
HG-20210701-056060-S	SKIP	B	primary: S5 mid_slope_$/min(T-5m)=-50 accel(1m-5m)=7.5 vs side=SHORT — the trajectory is not signed with the trade	against: T6; S3 binding unspent=$488.2 < $1000 bar (q50 median, not a cap — reported, not weighted)						TRIAGE-INDEX-ONLY	TRIAGE	WINDOW	7	1234578	HG	NY	15:34:20	REVERSAL-CONFIRMATION
SI-20210701-056068-S	SKIP	C	primary: S3 phase NY H=26.52 L=26.3 vs S13 entry mid=26.34 — the $1,000 bar needs $762.5 of NEW range beyond the phase extreme (A1 strict, warmup #21)	against: T3; T5; T7; S8 through_book_600s thru_ask=4 vs thru_bid=1 (recent aggression is on the other side)						TRIAGE-INDEX-ONLY	TRIAGE	WINDOW	5	12468	SI	NY	15:34:28	REVERSAL-CONFIRMATION
NKD-20210701-056070-S	SKIP	B	primary: S8 60s n=2 vol=2 — no transacting counterparty in the last minute (P004 DEAD_BOOK_VETO)	against: T1; T5; S3 binding unspent=$158.1 < $1000 bar (q50 median, not a cap — reported, not weighted)						TRIAGE-INDEX-ONLY	TRIAGE	WINDOW	6	234678	NKD	NY	15:34:30	OPEN-DYNAMICS
HG-20210701-056077-S	SKIP	B	primary: S5 mid_slope_$/min(T-5m)=-50 accel(1m-5m)=6.3 vs side=SHORT — the trajectory is not signed with the trade	against: T6; S3 binding unspent=$488.2 < $1000 bar (q50 median, not a cap — reported, not weighted)						TRIAGE-INDEX-ONLY	TRIAGE	WINDOW	7	1234578	HG	NY	15:34:37	REVERSAL-CONFIRMATION
HG-20210701-056079-S	SKIP	B	primary: S5 mid_slope_$/min(T-5m)=-50 accel(1m-5m)=6.3 vs side=SHORT — the trajectory is not signed with the trade	against: T6; S3 binding unspent=$488.2 < $1000 bar (q50 median, not a cap — reported, not weighted)						TRIAGE-INDEX-ONLY	TRIAGE	WINDOW	7	1234578	HG	NY	15:34:39	REVERSAL-CONFIRMATION
SI-20210701-056083-S	SKIP	C	primary: S13 spread_at_decision=$50 vs SI era spread_med $25 — the entrant pays a liquidity fact, not a transient quote (P005 ENTRY_SPREAD_TAX)	against: T2; T3; T5; T7						TRIAGE-INDEX-ONLY	TRIAGE	WINDOW	4	1468	SI	NY	15:34:43	OPEN-DYNAMICS
HG-20210701-056102-S	SKIP	B	primary: S5 mid_slope_$/min(T-5m)=37.5 accel(1m-5m)=92.5 vs side=SHORT — the trajectory is not signed with the trade	against: T6; S3 binding unspent=$488.2 < $1000 bar (q50 median, not a cap — reported, not weighted)						TRIAGE-INDEX-ONLY	TRIAGE	WINDOW	7	1234578	HG	NY	15:35:02	REVERSAL-CONFIRMATION
NKD-20210701-056160-S	SKIP	C	primary: S8 60s n=4 vol=6 — no transacting counterparty in the last minute (P004 DEAD_BOOK_VETO)	against: T1; T3; T5; S3 binding unspent=$158.1 < $1000 bar (q50 median, not a cap — reported, not weighted)						TRIAGE-INDEX-ONLY	TRIAGE	WINDOW	5	24678	NKD	NY	15:36:00	REVERSAL-CONFIRMATION
NKD-20210701-056175-S	SKIP	C	primary: S8 60s n=2 vol=2 — no transacting counterparty in the last minute (P004 DEAD_BOOK_VETO)	against: T1; T3; T5; S3 binding unspent=$158.1 < $1000 bar (q50 median, not a cap — reported, not weighted)						TRIAGE-INDEX-ONLY	TRIAGE	WINDOW	5	24678	NKD	NY	15:36:15	REVERSAL-CONFIRMATION
SI-20210701-056188-S	SKIP	C	primary: S3 phase NY H=26.52 L=26.3 vs S13 entry mid=26.37 — the $1,000 bar needs $612.5 of NEW range beyond the phase extreme (A1 strict, warmup #21)	against: T3; T5; T6; T7						TRIAGE-INDEX-ONLY	TRIAGE	WINDOW	4	1248	SI	NY	15:36:28	REVERSAL-CONFIRMATION
NKD-20210701-056233-S	SKIP	C	primary: S8 60s n=5 vol=8 — no transacting counterparty in the last minute (P004 DEAD_BOOK_VETO)	against: T1; T3; T5; T6; S3 binding unspent=$158.1 < $1000 bar (q50 median, not a cap — reported, not weighted)						TRIAGE-INDEX-ONLY	TRIAGE	WINDOW	4	2478	NKD	NY	15:37:13	REVERSAL-CONFIRMATION
NKD-20210701-056236-S	SKIP	C	primary: S8 60s n=5 vol=8 — no transacting counterparty in the last minute (P004 DEAD_BOOK_VETO)	against: T1; T3; T5; T6; S3 binding unspent=$158.1 < $1000 bar (q50 median, not a cap — reported, not weighted)						TRIAGE-INDEX-ONLY	TRIAGE	WINDOW	4	2478	NKD	NY	15:37:16	REVERSAL-CONFIRMATION
HG-20210701-056255-L	SKIP	C	primary: S3 phase NY H=4.314 L=4.272 vs S13 entry mid=4.307 — the $1,000 bar needs $812.5 of NEW range beyond the phase extreme (A1 strict, warmup #21)	against: T3; T5; T6; T7; S3 binding unspent=$488.2 < $1000 bar (q50 median, not a cap — reported, not weighted)						TRIAGE-INDEX-ONLY	TRIAGE	WINDOW	4	1248	HG	NY	15:37:35	REVERSAL-CONFIRMATION
NKD-20210701-056256-S	SKIP	B	primary: S8 phase sflow=94 vs side=SHORT — the phase's cumulative order flow is not on this trade's side at magnitude (imbalance 94/566 of phase volume) (P015 PHASE_FLOW_CONCORDANCE fails)	against: T5; T6; S3 binding unspent=$158.1 < $1000 bar (q50 median, not a cap — reported, not weighted)						TRIAGE-INDEX-ONLY	TRIAGE	WINDOW	6	123478	NKD	NY	15:37:36	REVERSAL-CONFIRMATION
SI-20210701-056264-L	SKIP	C	primary: S13 spread_at_decision=$50 vs SI era spread_med $25 — the entrant pays a liquidity fact, not a transient quote (P005 ENTRY_SPREAD_TAX)	against: T2; T5; T6; T7						TRIAGE-INDEX-ONLY	TRIAGE	WINDOW	4	1348	SI	NY	15:37:44	REVERSAL-CONFIRMATION
SI-20210701-056274-L	SKIP	C	primary: S8 phase sflow=138 vs side=LONG — the phase's cumulative order flow is not on this trade's side at magnitude (imbalance 138/11857 of phase volume) (P015 PHASE_FLOW_CONCORDANCE fails)	against: T5; T6; T7						TRIAGE-INDEX-ONLY	TRIAGE	WINDOW	5	12348	SI	NY	15:37:54	REVERSAL-CONFIRMATION
HG-20210701-056275-L	SKIP	C	primary: S3 phase NY H=4.314 L=4.272 vs S13 entry mid=4.308 — the $1,000 bar needs $832.5 of NEW range beyond the phase extreme (A1 strict, warmup #21)	against: T3; T5; T7; S3 binding unspent=$488.2 < $1000 bar (q50 median, not a cap — reported, not weighted)						TRIAGE-INDEX-ONLY	TRIAGE	WINDOW	5	12468	HG	NY	15:37:55	REVERSAL-CONFIRMATION
NKD-20210701-056276-S	SKIP	C	primary: S8 60s n=6 vol=7 — no transacting counterparty in the last minute (P004 DEAD_BOOK_VETO)	against: T1; T5; T6; S3 binding unspent=$158.1 < $1000 bar (q50 median, not a cap — reported, not weighted)						TRIAGE-INDEX-ONLY	TRIAGE	WINDOW	5	23478	NKD	NY	15:37:56	REVERSAL-CONFIRMATION
SI-20210701-056276-L	SKIP	C	primary: S8 phase sflow=138 vs side=LONG — the phase's cumulative order flow is not on this trade's side at magnitude (imbalance 138/11857 of phase volume) (P015 PHASE_FLOW_CONCORDANCE fails)	against: T5; T6; T7						TRIAGE-INDEX-ONLY	TRIAGE	WINDOW	5	12348	SI	NY	15:37:56	REVERSAL-CONFIRMATION
SI-20210701-056277-L	SKIP	C	primary: S8 phase sflow=139 vs side=LONG — the phase's cumulative order flow is not on this trade's side at magnitude (imbalance 139/11858 of phase volume) (P015 PHASE_FLOW_CONCORDANCE fails)	against: T5; T6; T7						TRIAGE-INDEX-ONLY	TRIAGE	WINDOW	5	12348	SI	NY	15:37:57	REVERSAL-CONFIRMATION
HG-20210701-056308-L	SKIP	C	primary: S3 phase NY H=4.314 L=4.272 vs S13 entry mid=4.309 — the $1,000 bar needs $870 of NEW range beyond the phase extreme (A1 strict, warmup #21)	against: T3; T5; T7; S3 binding unspent=$488.2 < $1000 bar (q50 median, not a cap — reported, not weighted)						TRIAGE-INDEX-ONLY	TRIAGE	WINDOW	5	12468	HG	NY	15:38:28	REVERSAL-CONFIRMATION
SI-20210701-056342-S	SKIP	C	primary: S13 spread_at_decision=$50 vs SI era spread_med $25 — the entrant pays a liquidity fact, not a transient quote (P005 ENTRY_SPREAD_TAX)	against: T2; T3; T5; T7						TRIAGE-INDEX-ONLY	TRIAGE	WINDOW	4	1468	SI	NY	15:39:02	REVERSAL-CONFIRMATION
NKD-20210701-056461-L	SKIP	C	primary: S8 60s n=0 vol=0 — no transacting counterparty in the last minute (P004 DEAD_BOOK_VETO)	against: T1; T3; T6; T7; S3 binding unspent=$158.1 < $1000 bar (q50 median, not a cap — reported, not weighted)						TRIAGE-INDEX-ONLY	TRIAGE	WINDOW	4	2458	NKD	NY	15:41:01	REVERSAL-CONFIRMATION
SI-20210701-056462-S	SKIP	C	primary: S3 phase NY H=26.52 L=26.3 vs S13 entry mid=26.32 — the $1,000 bar needs $862.5 of NEW range beyond the phase extreme (A1 strict, warmup #21)	against: T3; T5; T7						TRIAGE-INDEX-ONLY	TRIAGE	WINDOW	5	12468	SI	NY	15:41:02	REVERSAL-CONFIRMATION
HG-20210701-056493-S	TAKE	B	primary: S3 COVERAGE NY=68.5% unspent=$488.2 + S9 ladder_position=at_or_above_q10 + S3 runway=26306s to a session-close exit + S8 phase sflow=-1328 on 16455 contracts (concordant, 8.1% imbalance) + S5 mid_slope=-75 accel=-63.8 + S3 phase extreme 705s old; S3 room inside the phase range=$850 so the bar needs only $150 of extension	against: D-046 one position at a time — if HG-20210701-055858-S is filled and held to its exit second this candidate cannot be entered; it is committed as a seat, and the replay forfeits it.			PRE-MORTEM: the phase extreme is 705s old here, so if the down-move has already found its buyer this is a mid-leg entry with no fresh rejection behind it — warm-up D1 is still an open question and this is the case that answers it against me.			TRIAGE-INDEX-ONLY	TRIAGE	WINDOW	8	12345678	HG	NY	15:41:33	REVERSAL-CONFIRMATION
HG-20210701-056628-S	SKIP	B	primary: S5 mid_slope_$/min(T-5m)=37.5 accel(1m-5m)=70 vs side=SHORT — the trajectory is not signed with the trade	against: T6; T8; S9 rv1800/rv60=8.06; S3 binding unspent=$488.2 < $1000 bar (q50 median, not a cap — reported, not weighted)						TRIAGE-INDEX-ONLY	TRIAGE	WINDOW	6	123457	HG	NY	15:43:48	REVERSAL-CONFIRMATION
SI-20210701-056803-L	SKIP	C	primary: S13 spread_at_decision=$50 vs SI era spread_med $25 — the entrant pays a liquidity fact, not a transient quote (P005 ENTRY_SPREAD_TAX)	against: T2; T5; T6						TRIAGE-INDEX-ONLY	TRIAGE	WINDOW	5	13478	SI	NY	15:46:43	REVERSAL-CONFIRMATION
HG-20210701-056815-L	SKIP	C	primary: S3 phase NY H=4.314 L=4.272 vs S13 entry mid=4.308 — the $1,000 bar needs $845 of NEW range beyond the phase extreme (A1 strict, warmup #21)	against: T3; T5; T7; S3 binding unspent=$488.2 < $1000 bar (q50 median, not a cap — reported, not weighted)						TRIAGE-INDEX-ONLY	TRIAGE	WINDOW	5	12468	HG	NY	15:46:55	REVERSAL-CONFIRMATION
SI-20210701-056835-L	SKIP	C	primary: S13 spread_at_decision=$50 vs SI era spread_med $25 — the entrant pays a liquidity fact, not a transient quote (P005 ENTRY_SPREAD_TAX)	against: T2; T5; T6						TRIAGE-INDEX-ONLY	TRIAGE	WINDOW	5	13478	SI	NY	15:47:15	REVERSAL-CONFIRMATION
HG-20210701-056837-L	SKIP	C	primary: S3 phase NY H=4.314 L=4.272 vs S13 entry mid=4.308 — the $1,000 bar needs $845 of NEW range beyond the phase extreme (A1 strict, warmup #21)	against: T3; T5; T7; S3 binding unspent=$488.2 < $1000 bar (q50 median, not a cap — reported, not weighted)						TRIAGE-INDEX-ONLY	TRIAGE	WINDOW	5	12468	HG	NY	15:47:17	REVERSAL-CONFIRMATION
SI-20210701-056837-L	SKIP	B	primary: S8 phase sflow=175 vs side=LONG — the phase's cumulative order flow is not on this trade's side at magnitude (imbalance 175/13225 of phase volume) (P015 PHASE_FLOW_CONCORDANCE fails)	against: T5; T6						TRIAGE-INDEX-ONLY	TRIAGE	WINDOW	6	123478	SI	NY	15:47:17	REVERSAL-CONFIRMATION
SI-20210701-056838-L	SKIP	B	primary: S8 phase sflow=174 vs side=LONG — the phase's cumulative order flow is not on this trade's side at magnitude (imbalance 174/13226 of phase volume) (P015 PHASE_FLOW_CONCORDANCE fails)	against: T5; T6						TRIAGE-INDEX-ONLY	TRIAGE	WINDOW	6	123478	SI	NY	15:47:18	REVERSAL-CONFIRMATION
NKD-20210701-056839-L	SKIP	C	primary: S8 60s n=0 vol=0 — no transacting counterparty in the last minute (P004 DEAD_BOOK_VETO)	against: T1; T3; T7; S3 binding unspent=$158.1 < $1000 bar (q50 median, not a cap — reported, not weighted)						TRIAGE-INDEX-ONLY	TRIAGE	WINDOW	5	24568	NKD	NY	15:47:19	REVERSAL-CONFIRMATION
SI-20210701-056847-L	SKIP	B	primary: S8 phase sflow=178 vs side=LONG — the phase's cumulative order flow is not on this trade's side at magnitude (imbalance 178/13236 of phase volume) (P015 PHASE_FLOW_CONCORDANCE fails)	against: T5; T6						TRIAGE-INDEX-ONLY	TRIAGE	WINDOW	6	123478	SI	NY	15:47:27	REVERSAL-CONFIRMATION
SI-20210701-056939-L	SKIP	B	primary: S8 phase sflow=185 vs side=LONG — the phase's cumulative order flow is not on this trade's side at magnitude (imbalance 185/13281 of phase volume) (P015 PHASE_FLOW_CONCORDANCE fails)	against: T5; T6						TRIAGE-INDEX-ONLY	TRIAGE	WINDOW	6	123478	SI	NY	15:48:59	RECLAIM
SI-20210701-057079-S	SKIP	C	primary: S13 spread_at_decision=$50 vs SI era spread_med $25 — the entrant pays a liquidity fact, not a transient quote (P005 ENTRY_SPREAD_TAX)	against: T2; T3; T5; T6; T7						TRIAGE-INDEX-ONLY	TRIAGE	WINDOW	3	148	SI	NY	15:51:19	REVERSAL-CONFIRMATION
HG-20210701-057109-S	SKIP	B	primary: S3 phase NY extreme on the trade's side is 1321s old — no fresh extreme to roll over from (A5 early-in-sequence)	against: T7; S3 binding unspent=$488.2 < $1000 bar (q50 median, not a cap — reported, not weighted)						TRIAGE-INDEX-ONLY	TRIAGE	WINDOW	7	1234568	HG	NY	15:51:49	REVERSAL-CONFIRMATION
NKD-20210701-057111-S	SKIP	C	primary: S8 60s n=1 vol=1 — no transacting counterparty in the last minute (P004 DEAD_BOOK_VETO)	against: T1; T3; T5; T6; T7; S3 binding unspent=$158.1 < $1000 bar (q50 median, not a cap — reported, not weighted)						TRIAGE-INDEX-ONLY	TRIAGE	WINDOW	3	248	NKD	NY	15:51:51	REVERSAL-CONFIRMATION
NKD-20210701-057208-S	SKIP	C	primary: S8 60s n=1 vol=1 — no transacting counterparty in the last minute (P004 DEAD_BOOK_VETO)	against: T1; T5; T6; T7; S3 binding unspent=$158.1 < $1000 bar (q50 median, not a cap — reported, not weighted)						TRIAGE-INDEX-ONLY	TRIAGE	WINDOW	4	2348	NKD	NY	15:53:28	REVERSAL-CONFIRMATION
HG-20210701-057280-S	SKIP	B	primary: S5 mid_slope_$/min(T-5m)=-12.5 accel(1m-5m)=15 vs side=SHORT — the trajectory is not signed with the trade	against: T6; T7; S3 binding unspent=$488.2 < $1000 bar (q50 median, not a cap — reported, not weighted)						TRIAGE-INDEX-ONLY	TRIAGE	WINDOW	6	123458	HG	NY	15:54:40	REVERSAL-CONFIRMATION
SI-20210701-057344-S	SKIP	C	primary: S13 spread_at_decision=$50 vs SI era spread_med $25 — the entrant pays a liquidity fact, not a transient quote (P005 ENTRY_SPREAD_TAX)	against: T2; T3; T5; T6; T7; S8 through_book_600s thru_ask=3 vs thru_bid=1 (recent aggression is on the other side)						TRIAGE-INDEX-ONLY	TRIAGE	WINDOW	3	148	SI	NY	15:55:44	REVERSAL-CONFIRMATION
NKD-20210701-057361-L	SKIP	C	primary: S8 60s n=3 vol=8 — no transacting counterparty in the last minute (P004 DEAD_BOOK_VETO)	against: T1; T3; T7; S3 binding unspent=$158.1 < $1000 bar (q50 median, not a cap — reported, not weighted)						TRIAGE-INDEX-ONLY	TRIAGE	WINDOW	5	24568	NKD	NY	15:56:01	REVERSAL-CONFIRMATION
SI-20210701-057388-L	SKIP	B	primary: S8 phase sflow=201 vs side=LONG — the phase's cumulative order flow is not on this trade's side at magnitude (imbalance 201/13757 of phase volume) (P015 PHASE_FLOW_CONCORDANCE fails)	against: T5; T6						TRIAGE-INDEX-ONLY	TRIAGE	WINDOW	6	123478	SI	NY	15:56:28	REVERSAL-CONFIRMATION
SI-20210701-057455-L	SKIP	C	primary: S13 spread_at_decision=$50 vs SI era spread_med $25 — the entrant pays a liquidity fact, not a transient quote (P005 ENTRY_SPREAD_TAX)	against: T2; T5; T6; T7						TRIAGE-INDEX-ONLY	TRIAGE	WINDOW	4	1348	SI	NY	15:57:35	REVERSAL-CONFIRMATION
HG-20210701-057457-L	SKIP	C	primary: S3 phase NY H=4.314 L=4.272 vs S13 entry mid=4.303 — the $1,000 bar needs $712.5 of NEW range beyond the phase extreme (A1 strict, warmup #21)	against: T3; T5; T6; T7; S3 binding unspent=$488.2 < $1000 bar (q50 median, not a cap — reported, not weighted); S8 through_book_600s thru_bid=9 vs thru_ask=0 (recent aggression is on the other side)						TRIAGE-INDEX-ONLY	TRIAGE	WINDOW	4	1248	HG	NY	15:57:37	REVERSAL-CONFIRMATION
SI-20210701-057457-L	SKIP	C	primary: S8 phase sflow=198 vs side=LONG — the phase's cumulative order flow is not on this trade's side at magnitude (imbalance 198/13812 of phase volume) (P015 PHASE_FLOW_CONCORDANCE fails)	against: T5; T6; T7						TRIAGE-INDEX-ONLY	TRIAGE	WINDOW	5	12348	SI	NY	15:57:37	REVERSAL-CONFIRMATION
SI-20210701-057458-L	SKIP	C	primary: S13 spread_at_decision=$50 vs SI era spread_med $25 — the entrant pays a liquidity fact, not a transient quote (P005 ENTRY_SPREAD_TAX)	against: T2; T5; T6; T7						TRIAGE-INDEX-ONLY	TRIAGE	WINDOW	4	1348	SI	NY	15:57:38	REVERSAL-CONFIRMATION
NKD-20210701-057490-L	SKIP	C	primary: S8 60s n=0 vol=0 — no transacting counterparty in the last minute (P004 DEAD_BOOK_VETO)	against: T1; T3; T6; T7; S3 binding unspent=$158.1 < $1000 bar (q50 median, not a cap — reported, not weighted)						TRIAGE-INDEX-ONLY	TRIAGE	WINDOW	4	2458	NKD	NY	15:58:10	REVERSAL-CONFIRMATION
NKD-20210701-057510-L	SKIP	C	primary: S8 60s n=0 vol=0 — no transacting counterparty in the last minute (P004 DEAD_BOOK_VETO)	against: T1; T3; T6; T7; S3 binding unspent=$158.1 < $1000 bar (q50 median, not a cap — reported, not weighted)						TRIAGE-INDEX-ONLY	TRIAGE	WINDOW	4	2458	NKD	NY	15:58:30	REVERSAL-CONFIRMATION
HG-20210701-057581-S	SKIP	C	primary: S5 mid_slope_$/min(T-5m)=0 accel(1m-5m)=11.3 vs side=SHORT — the trajectory is not signed with the trade	against: T6; T7; T8; S9 rv1800/rv60=10.21; S3 binding unspent=$488.2 < $1000 bar (q50 median, not a cap — reported, not weighted)						TRIAGE-INDEX-ONLY	TRIAGE	WINDOW	5	12345	HG	NY	15:59:41	REVERSAL-CONFIRMATION
HG-20210701-057614-S	SKIP	B	primary: S5 mid_slope_$/min(T-5m)=0 accel(1m-5m)=12.5 vs side=SHORT — the trajectory is not signed with the trade	against: T6; T7; S3 binding unspent=$488.2 < $1000 bar (q50 median, not a cap — reported, not weighted)						TRIAGE-INDEX-ONLY	TRIAGE	WINDOW	6	123458	HG	NY	16:00:14	REVERSAL-CONFIRMATION
SI-20210701-057615-L	SKIP	C	primary: S13 spread_at_decision=$50 vs SI era spread_med $25 — the entrant pays a liquidity fact, not a transient quote (P005 ENTRY_SPREAD_TAX)	against: T2; T5; T6; T7						TRIAGE-INDEX-ONLY	TRIAGE	WINDOW	4	1348	SI	NY	16:00:15	NEWS-WINDOW
SI-20210701-057619-S	SKIP	C	primary: S13 spread_at_decision=$50 vs SI era spread_med $25 — the entrant pays a liquidity fact, not a transient quote (P005 ENTRY_SPREAD_TAX)	against: T2; T3; T5; T6; T7						TRIAGE-INDEX-ONLY	TRIAGE	WINDOW	3	148	SI	NY	16:00:19	NEWS-WINDOW
SI-20210701-057624-L	SKIP	C	primary: S8 phase sflow=155 vs side=LONG — the phase's cumulative order flow is not on this trade's side at magnitude (imbalance 155/14015 of phase volume) (P015 PHASE_FLOW_CONCORDANCE fails)	against: T5; T6; T7						TRIAGE-INDEX-ONLY	TRIAGE	WINDOW	5	12348	SI	NY	16:00:24	NEWS-WINDOW
SI-20210701-057662-S	SKIP	C	primary: S13 spread_at_decision=$50 vs SI era spread_med $25 — the entrant pays a liquidity fact, not a transient quote (P005 ENTRY_SPREAD_TAX)	against: T2; T3; T5; T6; T7						TRIAGE-INDEX-ONLY	TRIAGE	WINDOW	3	148	SI	NY	16:01:02	REVERSAL-CONFIRMATION
HG-20210701-057685-L	SKIP	C	primary: S3 phase NY H=4.314 L=4.272 vs S13 entry mid=4.303 — the $1,000 bar needs $700 of NEW range beyond the phase extreme (A1 strict, warmup #21)	against: T3; T5; T7; S3 binding unspent=$488.2 < $1000 bar (q50 median, not a cap — reported, not weighted); S8 through_book_600s thru_bid=10 vs thru_ask=0 (recent aggression is on the other side)						TRIAGE-INDEX-ONLY	TRIAGE	WINDOW	5	12468	HG	NY	16:01:25	NEWS-WINDOW
SI-20210701-057695-L	SKIP	B	primary: S8 phase sflow=174 vs side=LONG — the phase's cumulative order flow is not on this trade's side at magnitude (imbalance 174/14142 of phase volume) (P015 PHASE_FLOW_CONCORDANCE fails)	against: T5; T7						TRIAGE-INDEX-ONLY	TRIAGE	WINDOW	6	123468	SI	NY	16:01:35	NEWS-WINDOW
SI-20210701-057720-L	SKIP	B	primary: S8 phase sflow=186 vs side=LONG — the phase's cumulative order flow is not on this trade's side at magnitude (imbalance 186/14178 of phase volume) (P015 PHASE_FLOW_CONCORDANCE fails)	against: T5; T7						TRIAGE-INDEX-ONLY	TRIAGE	WINDOW	6	123468	SI	NY	16:02:00	REVERSAL-CONFIRMATION
SI-20210701-057724-S	SKIP	C	primary: S3 phase NY H=26.52 L=26.27 vs S13 entry mid=26.35 — the $1,000 bar needs $600 of NEW range beyond the phase extreme (A1 strict, warmup #21)	against: T3; T5; T6; T7						TRIAGE-INDEX-ONLY	TRIAGE	WINDOW	4	1248	SI	NY	16:02:04	REVERSAL-CONFIRMATION
SI-20210701-057729-L	SKIP	B	primary: S8 phase sflow=196 vs side=LONG — the phase's cumulative order flow is not on this trade's side at magnitude (imbalance 196/14216 of phase volume) (P015 PHASE_FLOW_CONCORDANCE fails)	against: T5; T7						TRIAGE-INDEX-ONLY	TRIAGE	WINDOW	6	123468	SI	NY	16:02:09	REVERSAL-CONFIRMATION
SI-20210701-057738-L	SKIP	B	primary: S8 phase sflow=192 vs side=LONG — the phase's cumulative order flow is not on this trade's side at magnitude (imbalance 192/14286 of phase volume) (P015 PHASE_FLOW_CONCORDANCE fails)	against: T5; T7						TRIAGE-INDEX-ONLY	TRIAGE	WINDOW	6	123468	SI	NY	16:02:18	NEWS-WINDOW
HG-20210701-057765-S	SKIP	B	primary: S3 phase NY extreme on the trade's side is 1977s old — no fresh extreme to roll over from (A5 early-in-sequence)	against: T7; S3 binding unspent=$488.2 < $1000 bar (q50 median, not a cap — reported, not weighted)						S3,S4,S8	DEEP	WINDOW	7	1234568	HG	NY	16:02:45	NEWS-WINDOW
SI-20210701-057766-S	SKIP	C	primary: S3 phase NY H=26.52 L=26.27 vs S13 entry mid=26.32 — the $1,000 bar needs $725 of NEW range beyond the phase extreme (A1 strict, warmup #21)	against: T3; T5; T7						TRIAGE-INDEX-ONLY	TRIAGE	WINDOW	5	12468	SI	NY	16:02:46	NEWS-WINDOW
SI-20210701-057771-S	SKIP	C	primary: S3 phase NY H=26.52 L=26.27 vs S13 entry mid=26.32 — the $1,000 bar needs $725 of NEW range beyond the phase extreme (A1 strict, warmup #21)	against: T3; T5; T7						TRIAGE-INDEX-ONLY	TRIAGE	WINDOW	5	12468	SI	NY	16:02:51	NEWS-WINDOW
HG-20210701-057790-L	SKIP	C	primary: S3 phase NY H=4.314 L=4.272 vs S13 entry mid=4.296 — the $1,000 bar needs $550 of NEW range beyond the phase extreme (A1 strict, warmup #21)	against: T3; T5; T6; T7; S3 binding unspent=$488.2 < $1000 bar (q50 median, not a cap — reported, not weighted); S8 through_book_600s thru_bid=6 vs thru_ask=2 (recent aggression is on the other side)						TRIAGE-INDEX-ONLY	TRIAGE	WINDOW	4	1248	HG	NY	16:03:10	REVERSAL-CONFIRMATION
SI-20210701-057800-L	SKIP	C	primary: S8 phase sflow=155 vs side=LONG — the phase's cumulative order flow is not on this trade's side at magnitude (imbalance 155/14471 of phase volume) (P015 PHASE_FLOW_CONCORDANCE fails)	against: T5; T6; T7						TRIAGE-INDEX-ONLY	TRIAGE	WINDOW	5	12348	SI	NY	16:03:20	REVERSAL-CONFIRMATION
SI-20210701-057804-S	SKIP	C	primary: S3 phase NY H=26.52 L=26.27 vs S13 entry mid=26.31 — the $1,000 bar needs $800 of NEW range beyond the phase extreme (A1 strict, warmup #21)	against: T3; T5; T7						TRIAGE-INDEX-ONLY	TRIAGE	WINDOW	5	12468	SI	NY	16:03:24	NEWS-WINDOW
SI-20210701-057843-L	SKIP	C	primary: S8 phase sflow=176 vs side=LONG — the phase's cumulative order flow is not on this trade's side at magnitude (imbalance 176/14566 of phase volume) (P015 PHASE_FLOW_CONCORDANCE fails)	against: T5; T6; T7						TRIAGE-INDEX-ONLY	TRIAGE	WINDOW	5	12348	SI	NY	16:04:03	REVERSAL-CONFIRMATION
HG-20210701-057870-S	SKIP	B	primary: S3 phase NY extreme on the trade's side is 2082s old — no fresh extreme to roll over from (A5 early-in-sequence)	against: T7; S3 binding unspent=$488.2 < $1000 bar (q50 median, not a cap — reported, not weighted)						TRIAGE-INDEX-ONLY	TRIAGE	WINDOW	7	1234568	HG	NY	16:04:30	REVERSAL-CONFIRMATION
SI-20210701-057871-S	SKIP	C	primary: S13 spread_at_decision=$50 vs SI era spread_med $25 — the entrant pays a liquidity fact, not a transient quote (P005 ENTRY_SPREAD_TAX)	against: T2; T3; T5; T7						TRIAGE-INDEX-ONLY	TRIAGE	WINDOW	4	1468	SI	NY	16:04:31	REVERSAL-CONFIRMATION
SI-20210701-057873-S	SKIP	C	primary: S3 phase NY H=26.52 L=26.27 vs S13 entry mid=26.3 — the $1,000 bar needs $825 of NEW range beyond the phase extreme (A1 strict, warmup #21)	against: T3; T5; T7						TRIAGE-INDEX-ONLY	TRIAGE	WINDOW	5	12468	SI	NY	16:04:33	REVERSAL-CONFIRMATION
SI-20210701-057875-S	SKIP	C	primary: S3 phase NY H=26.52 L=26.27 vs S13 entry mid=26.3 — the $1,000 bar needs $825 of NEW range beyond the phase extreme (A1 strict, warmup #21)	against: T3; T5; T6; T7						TRIAGE-INDEX-ONLY	TRIAGE	WINDOW	4	1248	SI	NY	16:04:35	REVERSAL-CONFIRMATION
SI-20210701-057876-S	SKIP	C	primary: S13 spread_at_decision=$50 vs SI era spread_med $25 — the entrant pays a liquidity fact, not a transient quote (P005 ENTRY_SPREAD_TAX)	against: T2; T3; T5; T6; T7						TRIAGE-INDEX-ONLY	TRIAGE	WINDOW	3	148	SI	NY	16:04:36	REVERSAL-CONFIRMATION
SI-20210701-057909-S	SKIP	C	primary: S3 phase NY H=26.52 L=26.27 vs S13 entry mid=26.31 — the $1,000 bar needs $775 of NEW range beyond the phase extreme (A1 strict, warmup #21)	against: T3; T5; T6; T7						TRIAGE-INDEX-ONLY	TRIAGE	WINDOW	4	1248	SI	NY	16:05:09	REVERSAL-CONFIRMATION
SI-20210701-057910-L	SKIP	B	primary: S8 phase sflow=175 vs side=LONG — the phase's cumulative order flow is not on this trade's side at magnitude (imbalance 175/14646 of phase volume) (P015 PHASE_FLOW_CONCORDANCE fails)	against: T5; T7						TRIAGE-INDEX-ONLY	TRIAGE	WINDOW	6	123468	SI	NY	16:05:10	NEWS-WINDOW
SI-20210701-058015-L	SKIP	C	primary: S8 phase sflow=173 vs side=LONG — the phase's cumulative order flow is not on this trade's side at magnitude (imbalance 173/14761 of phase volume) (P015 PHASE_FLOW_CONCORDANCE fails)	against: T5; T6; T7						TRIAGE-INDEX-ONLY	TRIAGE	WINDOW	5	12348	SI	NY	16:06:55	REVERSAL-CONFIRMATION
SI-20210701-058039-S	SKIP	C	primary: S13 spread_at_decision=$50 vs SI era spread_med $25 — the entrant pays a liquidity fact, not a transient quote (P005 ENTRY_SPREAD_TAX)	against: T2; T3; T5; T7						TRIAGE-INDEX-ONLY	TRIAGE	WINDOW	4	1468	SI	NY	16:07:19	NEWS-WINDOW
SI-20210701-058133-L	SKIP	C	primary: S13 spread_at_decision=$50 vs SI era spread_med $25 — the entrant pays a liquidity fact, not a transient quote (P005 ENTRY_SPREAD_TAX)	against: T2; T5; T6; T7						TRIAGE-INDEX-ONLY	TRIAGE	WINDOW	4	1348	SI	NY	16:08:53	NEWS-WINDOW
SI-20210701-058144-S	SKIP	C	primary: S3 phase NY H=26.52 L=26.27 vs S13 entry mid=26.3 — the $1,000 bar needs $825 of NEW range beyond the phase extreme (A1 strict, warmup #21)	against: T3; T5; T6; T7						TRIAGE-INDEX-ONLY	TRIAGE	WINDOW	4	1248	SI	NY	16:09:04	REVERSAL-CONFIRMATION
SI-20210701-058182-S	SKIP	C	primary: S3 phase NY H=26.52 L=26.27 vs S13 entry mid=26.29 — the $1,000 bar needs $900 of NEW range beyond the phase extreme (A1 strict, warmup #21)	against: T3; T5; T7						TRIAGE-INDEX-ONLY	TRIAGE	WINDOW	5	12468	SI	NY	16:09:42	NEWS-WINDOW
SI-20210701-058194-S	SKIP	C	primary: S3 phase NY H=26.52 L=26.27 vs S13 entry mid=26.29 — the $1,000 bar needs $875 of NEW range beyond the phase extreme (A1 strict, warmup #21)	against: T3; T5; T7						TRIAGE-INDEX-ONLY	TRIAGE	WINDOW	5	12468	SI	NY	16:09:54	NEWS-WINDOW
SI-20210701-058238-L	SKIP	C	primary: S13 spread_at_decision=$50 vs SI era spread_med $25 — the entrant pays a liquidity fact, not a transient quote (P005 ENTRY_SPREAD_TAX)	against: T2; T5; T7						TRIAGE-INDEX-ONLY	TRIAGE	WINDOW	5	13468	SI	NY	16:10:38	REVERSAL-CONFIRMATION
SI-20210701-058287-S	SKIP	C	primary: S3 phase NY H=26.52 L=26.27 vs S13 entry mid=26.28 — the $1,000 bar needs $950 of NEW range beyond the phase extreme (A1 strict, warmup #21)	against: T3; T5; T7; S8 through_book_600s thru_ask=6 vs thru_bid=1 (recent aggression is on the other side)						TRIAGE-INDEX-ONLY	TRIAGE	WINDOW	5	12468	SI	NY	16:11:27	REVERSAL-CONFIRMATION
SI-20210701-058299-S	SKIP	C	primary: S3 phase NY H=26.52 L=26.27 vs S13 entry mid=26.27 — the $1,000 bar needs $975 of NEW range beyond the phase extreme (A1 strict, warmup #21)	against: T3; T5; T7; S8 through_book_600s thru_ask=6 vs thru_bid=1 (recent aggression is on the other side)						TRIAGE-INDEX-ONLY	TRIAGE	WINDOW	5	12468	SI	NY	16:11:39	REVERSAL-CONFIRMATION
SI-20210701-058624-L	SKIP	B	primary: S8 phase sflow=199 vs side=LONG — the phase's cumulative order flow is not on this trade's side at magnitude (imbalance 199/17268 of phase volume) (P015 PHASE_FLOW_CONCORDANCE fails)	against: T5						TRIAGE-INDEX-ONLY	TRIAGE	WINDOW	7	1234678	SI	NY	16:17:04	REVERSAL-CONFIRMATION
SI-20210701-058635-L	SKIP	B	primary: S8 phase sflow=202 vs side=LONG — the phase's cumulative order flow is not on this trade's side at magnitude (imbalance 202/17286 of phase volume) (P015 PHASE_FLOW_CONCORDANCE fails)	against: T5						TRIAGE-INDEX-ONLY	TRIAGE	WINDOW	7	1234678	SI	NY	16:17:15	REVERSAL-CONFIRMATION
HG-20210701-058636-L	SKIP	B	primary: S8 phase sflow=-1404 vs side=LONG — the phase's cumulative order flow is not on this trade's side at magnitude (imbalance -1404/21456 of phase volume) (P015 PHASE_FLOW_CONCORDANCE fails)	against: T5; T7; S3 binding unspent=$488.2 < $1000 bar (q50 median, not a cap — reported, not weighted); S8 through_book_600s thru_bid=41 vs thru_ask=8 (recent aggression is on the other side)						TRIAGE-INDEX-ONLY	TRIAGE	WINDOW	6	123468	HG	NY	16:17:16	REVERSAL-CONFIRMATION
SI-20210701-058639-L	SKIP	B	primary: S8 phase sflow=202 vs side=LONG — the phase's cumulative order flow is not on this trade's side at magnitude (imbalance 202/17290 of phase volume) (P015 PHASE_FLOW_CONCORDANCE fails)	against: T5						TRIAGE-INDEX-ONLY	TRIAGE	WINDOW	7	1234678	SI	NY	16:17:19	REVERSAL-CONFIRMATION
SI-20210701-058648-S	SKIP	C	primary: S3 phase NY H=26.52 L=26.13 vs S13 entry mid=26.19 — the $1,000 bar needs $675 of NEW range beyond the phase extreme (A1 strict, warmup #21)	against: T3; T5; T6; T7						TRIAGE-INDEX-ONLY	TRIAGE	WINDOW	4	1248	SI	NY	16:17:28	REVERSAL-CONFIRMATION
SI-20210701-058669-L	SKIP	B	primary: S8 phase sflow=215 vs side=LONG — the phase's cumulative order flow is not on this trade's side at magnitude (imbalance 215/17341 of phase volume) (P015 PHASE_FLOW_CONCORDANCE fails)	against: T5; T6						TRIAGE-INDEX-ONLY	TRIAGE	WINDOW	6	123478	SI	NY	16:17:49	REVERSAL-CONFIRMATION
SI-20210701-058695-S	SKIP	C	primary: S3 phase NY H=26.52 L=26.13 vs S13 entry mid=26.22 — the $1,000 bar needs $525 of NEW range beyond the phase extreme (A1 strict, warmup #21)	against: T3; T5; T6; T7						TRIAGE-INDEX-ONLY	TRIAGE	WINDOW	4	1248	SI	NY	16:18:15	REVERSAL-CONFIRMATION
HG-20210701-058711-S	SKIP	C	primary: S3 phase NY H=4.314 L=4.272 vs S13 entry mid=4.285 — the $1,000 bar needs $675 of NEW range beyond the phase extreme (A1 strict, warmup #21)	against: T3; T6; T7; S3 binding unspent=$488.2 < $1000 bar (q50 median, not a cap — reported, not weighted)						TRIAGE-INDEX-ONLY	TRIAGE	WINDOW	5	12458	HG	NY	16:18:31	REVERSAL-CONFIRMATION
NKD-20210701-058718-S	SKIP	C	primary: S8 60s n=0 vol=0 — no transacting counterparty in the last minute (P004 DEAD_BOOK_VETO)	against: T1; T5; T6; S3 binding unspent=$-64.3 < $1000 bar (q50 median, not a cap — reported, not weighted); S8 through_book_600s thru_ask=1 vs thru_bid=0 (recent aggression is on the other side)						TRIAGE-INDEX-ONLY	TRIAGE	WINDOW	5	23478	NKD	NY	16:18:38	REVERSAL-CONFIRMATION
SI-20210701-058719-L	SKIP	B	primary: S8 phase sflow=224 vs side=LONG — the phase's cumulative order flow is not on this trade's side at magnitude (imbalance 224/17486 of phase volume) (P015 PHASE_FLOW_CONCORDANCE fails)	against: T5						TRIAGE-INDEX-ONLY	TRIAGE	WINDOW	7	1234678	SI	NY	16:18:39	REVERSAL-CONFIRMATION
SI-20210701-058723-L	SKIP	B	primary: S8 phase sflow=227 vs side=LONG — the phase's cumulative order flow is not on this trade's side at magnitude (imbalance 227/17493 of phase volume) (P015 PHASE_FLOW_CONCORDANCE fails)	against: T5						TRIAGE-INDEX-ONLY	TRIAGE	WINDOW	7	1234678	SI	NY	16:18:43	REVERSAL-CONFIRMATION
SI-20210701-058726-L	SKIP	B	primary: S8 phase sflow=227 vs side=LONG — the phase's cumulative order flow is not on this trade's side at magnitude (imbalance 227/17493 of phase volume) (P015 PHASE_FLOW_CONCORDANCE fails)	against: T5						TRIAGE-INDEX-ONLY	TRIAGE	WINDOW	7	1234678	SI	NY	16:18:46	REVERSAL-CONFIRMATION
SI-20210701-058729-L	SKIP	B	primary: S8 phase sflow=227 vs side=LONG — the phase's cumulative order flow is not on this trade's side at magnitude (imbalance 227/17493 of phase volume) (P015 PHASE_FLOW_CONCORDANCE fails)	against: T5						TRIAGE-INDEX-ONLY	TRIAGE	WINDOW	7	1234678	SI	NY	16:18:49	REVERSAL-CONFIRMATION
HG-20210701-058734-L	SKIP	B	primary: S8 phase sflow=-1347 vs side=LONG — the phase's cumulative order flow is not on this trade's side at magnitude (imbalance -1347/21702 of phase volume) (P015 PHASE_FLOW_CONCORDANCE fails)	against: T5; T7; S3 binding unspent=$488.2 < $1000 bar (q50 median, not a cap — reported, not weighted); S8 through_book_600s thru_bid=41 vs thru_ask=10 (recent aggression is on the other side)						TRIAGE-INDEX-ONLY	TRIAGE	WINDOW	6	123468	HG	NY	16:18:54	REVERSAL-CONFIRMATION
HG-20210701-058749-L	SKIP	C	primary: S8 phase sflow=-1357 vs side=LONG — the phase's cumulative order flow is not on this trade's side at magnitude (imbalance -1357/21760 of phase volume) (P015 PHASE_FLOW_CONCORDANCE fails)	against: T5; T6; T7; S3 binding unspent=$488.2 < $1000 bar (q50 median, not a cap — reported, not weighted); S8 through_book_600s thru_bid=42 vs thru_ask=10 (recent aggression is on the other side)						TRIAGE-INDEX-ONLY	TRIAGE	WINDOW	5	12348	HG	NY	16:19:09	REVERSAL-CONFIRMATION
NKD-20210701-058755-S	SKIP	C	primary: S8 60s n=2 vol=2 — no transacting counterparty in the last minute (P004 DEAD_BOOK_VETO)	against: T1; T5; T6; T8; S9 rv1800/rv60=8.22; S3 binding unspent=$-64.3 < $1000 bar (q50 median, not a cap — reported, not weighted)						TRIAGE-INDEX-ONLY	TRIAGE	WINDOW	4	2347	NKD	NY	16:19:15	REVERSAL-CONFIRMATION
HG-20210701-058757-L	SKIP	C	primary: S8 phase sflow=-1343 vs side=LONG — the phase's cumulative order flow is not on this trade's side at magnitude (imbalance -1343/21803 of phase volume) (P015 PHASE_FLOW_CONCORDANCE fails)	against: T5; T6; T7; S3 binding unspent=$488.2 < $1000 bar (q50 median, not a cap — reported, not weighted); S8 through_book_600s thru_bid=39 vs thru_ask=10 (recent aggression is on the other side)						TRIAGE-INDEX-ONLY	TRIAGE	WINDOW	5	12348	HG	NY	16:19:17	REVERSAL-CONFIRMATION
NKD-20210701-058763-S	SKIP	B	primary: S8 60s n=5 vol=8 — no transacting counterparty in the last minute (P004 DEAD_BOOK_VETO)	against: T1; T5; S3 binding unspent=$-64.3 < $1000 bar (q50 median, not a cap — reported, not weighted)						TRIAGE-INDEX-ONLY	TRIAGE	WINDOW	6	234678	NKD	NY	16:19:23	REVERSAL-CONFIRMATION
HG-20210701-058796-L	SKIP	C	primary: S8 phase sflow=-1340 vs side=LONG — the phase's cumulative order flow is not on this trade's side at magnitude (imbalance -1340/21870 of phase volume) (P015 PHASE_FLOW_CONCORDANCE fails)	against: T5; T6; T7; S3 binding unspent=$488.2 < $1000 bar (q50 median, not a cap — reported, not weighted); S8 through_book_600s thru_bid=30 vs thru_ask=9 (recent aggression is on the other side)						TRIAGE-INDEX-ONLY	TRIAGE	WINDOW	5	12348	HG	NY	16:19:56	REVERSAL-CONFIRMATION
HG-20210701-058797-L	SKIP	C	primary: S8 phase sflow=-1340 vs side=LONG — the phase's cumulative order flow is not on this trade's side at magnitude (imbalance -1340/21870 of phase volume) (P015 PHASE_FLOW_CONCORDANCE fails)	against: T5; T6; T7; S3 binding unspent=$488.2 < $1000 bar (q50 median, not a cap — reported, not weighted); S8 through_book_600s thru_bid=30 vs thru_ask=9 (recent aggression is on the other side)						TRIAGE-INDEX-ONLY	TRIAGE	WINDOW	5	12348	HG	NY	16:19:57	REVERSAL-CONFIRMATION
SI-20210701-058801-L	SKIP	B	primary: S8 phase sflow=212 vs side=LONG — the phase's cumulative order flow is not on this trade's side at magnitude (imbalance 212/17622 of phase volume) (P015 PHASE_FLOW_CONCORDANCE fails)	against: T5; T6						TRIAGE-INDEX-ONLY	TRIAGE	WINDOW	6	123478	SI	NY	16:20:01	REVERSAL-CONFIRMATION
SI-20210701-058805-L	SKIP	B	primary: S8 phase sflow=225 vs side=LONG — the phase's cumulative order flow is not on this trade's side at magnitude (imbalance 225/17651 of phase volume) (P015 PHASE_FLOW_CONCORDANCE fails)	against: T5; T6						TRIAGE-INDEX-ONLY	TRIAGE	WINDOW	6	123478	SI	NY	16:20:05	REVERSAL-CONFIRMATION
HG-20210701-058807-L	SKIP	C	primary: S8 phase sflow=-1337 vs side=LONG — the phase's cumulative order flow is not on this trade's side at magnitude (imbalance -1337/21931 of phase volume) (P015 PHASE_FLOW_CONCORDANCE fails)	against: T5; T6; T7; S3 binding unspent=$488.2 < $1000 bar (q50 median, not a cap — reported, not weighted); S8 through_book_600s thru_bid=30 vs thru_ask=9 (recent aggression is on the other side)						TRIAGE-INDEX-ONLY	TRIAGE	WINDOW	5	12348	HG	NY	16:20:07	REVERSAL-CONFIRMATION
HG-20210701-058832-L	SKIP	B	primary: S8 phase sflow=-1352 vs side=LONG — the phase's cumulative order flow is not on this trade's side at magnitude (imbalance -1352/21964 of phase volume) (P015 PHASE_FLOW_CONCORDANCE fails)	against: T5; T7; S3 binding unspent=$488.2 < $1000 bar (q50 median, not a cap — reported, not weighted); S8 through_book_600s thru_bid=31 vs thru_ask=9 (recent aggression is on the other side)						TRIAGE-INDEX-ONLY	TRIAGE	WINDOW	6	123468	HG	NY	16:20:32	REVERSAL-CONFIRMATION
HG-20210701-058865-S	SKIP	C	primary: S3 phase NY H=4.314 L=4.272 vs S13 entry mid=4.284 — the $1,000 bar needs $705 of NEW range beyond the phase extreme (A1 strict, warmup #21)	against: T3; T6; T7; S3 binding unspent=$488.2 < $1000 bar (q50 median, not a cap — reported, not weighted)						TRIAGE-INDEX-ONLY	TRIAGE	WINDOW	5	12458	HG	NY	16:21:05	REVERSAL-CONFIRMATION
SI-20210701-058866-S	SKIP	C	primary: S3 phase NY H=26.52 L=26.13 vs S13 entry mid=26.19 — the $1,000 bar needs $700 of NEW range beyond the phase extreme (A1 strict, warmup #21)	against: T3; T5; T6; T7						TRIAGE-INDEX-ONLY	TRIAGE	WINDOW	4	1248	SI	NY	16:21:06	REVERSAL-CONFIRMATION
HG-20210701-058889-S	SKIP	C	primary: S3 phase NY H=4.314 L=4.272 vs S13 entry mid=4.284 — the $1,000 bar needs $712.5 of NEW range beyond the phase extreme (A1 strict, warmup #21)	against: T3; T6; T7; S3 binding unspent=$488.2 < $1000 bar (q50 median, not a cap — reported, not weighted)						TRIAGE-INDEX-ONLY	TRIAGE	WINDOW	5	12458	HG	NY	16:21:29	REVERSAL-CONFIRMATION
SI-20210701-058892-S	SKIP	C	primary: S13 spread_at_decision=$50 vs SI era spread_med $25 — the entrant pays a liquidity fact, not a transient quote (P005 ENTRY_SPREAD_TAX)	against: T2; T3; T5; T6; T7						TRIAGE-INDEX-ONLY	TRIAGE	WINDOW	3	148	SI	NY	16:21:32	REVERSAL-CONFIRMATION
HG-20210701-058922-L	SKIP	C	primary: S8 phase sflow=-1343 vs side=LONG — the phase's cumulative order flow is not on this trade's side at magnitude (imbalance -1343/22129 of phase volume) (P015 PHASE_FLOW_CONCORDANCE fails)	against: T5; T6; T7; S3 binding unspent=$488.2 < $1000 bar (q50 median, not a cap — reported, not weighted); S8 through_book_600s thru_bid=32 vs thru_ask=9 (recent aggression is on the other side)						TRIAGE-INDEX-ONLY	TRIAGE	WINDOW	5	12348	HG	NY	16:22:02	REVERSAL-CONFIRMATION
SI-20210701-059046-L	SKIP	C	primary: S8 phase sflow=293 vs side=LONG — the phase's cumulative order flow is not on this trade's side at magnitude (imbalance 293/18037 of phase volume) (P015 PHASE_FLOW_CONCORDANCE fails)	against: T5; T6; T8; S9 rv1800/rv60=9.69						TRIAGE-INDEX-ONLY	TRIAGE	WINDOW	5	12347	SI	NY	16:24:06	REVERSAL-CONFIRMATION
HG-20210701-059069-L	SKIP	C	primary: S8 phase sflow=-1366 vs side=LONG — the phase's cumulative order flow is not on this trade's side at magnitude (imbalance -1366/22408 of phase volume) (P015 PHASE_FLOW_CONCORDANCE fails)	against: T5; T6; T7; S3 binding unspent=$488.2 < $1000 bar (q50 median, not a cap — reported, not weighted)						TRIAGE-INDEX-ONLY	TRIAGE	WINDOW	5	12348	HG	NY	16:24:29	REVERSAL-CONFIRMATION
HG-20210701-059099-S	SKIP	C	primary: S3 phase NY H=4.314 L=4.272 vs S13 entry mid=4.28 — the $1,000 bar needs $792.5 of NEW range beyond the phase extreme (A1 strict, warmup #21)	against: T3; T6; T7; S3 binding unspent=$488.2 < $1000 bar (q50 median, not a cap — reported, not weighted)						TRIAGE-INDEX-ONLY	TRIAGE	WINDOW	5	12458	HG	NY	16:24:59	REVERSAL-CONFIRMATION
SI-20210701-059104-L	SKIP	B	primary: S13 spread_at_decision=$50 vs SI era spread_med $25 — the entrant pays a liquidity fact, not a transient quote (P005 ENTRY_SPREAD_TAX)	against: T2; T5						TRIAGE-INDEX-ONLY	TRIAGE	WINDOW	6	134678	SI	NY	16:25:04	RECLAIM
NKD-20210701-059124-S	SKIP	B	primary: S8 phase sflow=78 vs side=SHORT — the phase's cumulative order flow is not on this trade's side at magnitude (imbalance 78/774 of phase volume) (P015 PHASE_FLOW_CONCORDANCE fails)	against: T5; S3 binding unspent=$-64.3 < $1000 bar (q50 median, not a cap — reported, not weighted)						TRIAGE-INDEX-ONLY	TRIAGE	WINDOW	7	1234678	NKD	NY	16:25:24	RECLAIM
HG-20210701-059135-S	SKIP	C	primary: S3 phase NY H=4.314 L=4.272 vs S13 entry mid=4.28 — the $1,000 bar needs $805 of NEW range beyond the phase extreme (A1 strict, warmup #21)	against: T3; T6; T7; S3 binding unspent=$488.2 < $1000 bar (q50 median, not a cap — reported, not weighted)						TRIAGE-INDEX-ONLY	TRIAGE	WINDOW	5	12458	HG	NY	16:25:35	REVERSAL-CONFIRMATION
NKD-20210701-059179-S	SKIP	B	primary: S8 phase sflow=76 vs side=SHORT — the phase's cumulative order flow is not on this trade's side at magnitude (imbalance 76/784 of phase volume) (P015 PHASE_FLOW_CONCORDANCE fails)	against: T5; S3 binding unspent=$-64.3 < $1000 bar (q50 median, not a cap — reported, not weighted)						TRIAGE-INDEX-ONLY	TRIAGE	WINDOW	7	1234678	NKD	NY	16:26:19	REVERSAL-CONFIRMATION
NKD-20210701-059229-S	SKIP	B	primary: S8 60s n=2 vol=6 — no transacting counterparty in the last minute (P004 DEAD_BOOK_VETO)	against: T1; T5; S3 binding unspent=$-64.3 < $1000 bar (q50 median, not a cap — reported, not weighted)						TRIAGE-INDEX-ONLY	TRIAGE	WINDOW	6	234678	NKD	NY	16:27:09	REVERSAL-CONFIRMATION
SI-20210701-059277-L	SKIP	B	primary: S8 phase sflow=338 vs side=LONG — the phase's cumulative order flow is not on this trade's side at magnitude (imbalance 338/18269 of phase volume) (P015 PHASE_FLOW_CONCORDANCE fails)	against: T5; T6						TRIAGE-INDEX-ONLY	TRIAGE	WINDOW	6	123478	SI	NY	16:27:57	REVERSAL-CONFIRMATION
HG-20210701-059292-L	SKIP	B	primary: S8 phase sflow=-1333 vs side=LONG — the phase's cumulative order flow is not on this trade's side at magnitude (imbalance -1333/22980 of phase volume) (P015 PHASE_FLOW_CONCORDANCE fails)	against: T5; T7; S3 binding unspent=$488.2 < $1000 bar (q50 median, not a cap — reported, not weighted)						TRIAGE-INDEX-ONLY	TRIAGE	WINDOW	6	123468	HG	NY	16:28:12	REVERSAL-CONFIRMATION
NKD-20210701-059355-S	SKIP	C	primary: S8 60s n=2 vol=3 — no transacting counterparty in the last minute (P004 DEAD_BOOK_VETO)	against: T1; T5; T6; S3 binding unspent=$-64.3 < $1000 bar (q50 median, not a cap — reported, not weighted)						TRIAGE-INDEX-ONLY	TRIAGE	WINDOW	5	23478	NKD	NY	16:29:15	REVERSAL-CONFIRMATION
HG-20210701-059375-L	SKIP	C	primary: S8 phase sflow=-1441 vs side=LONG — the phase's cumulative order flow is not on this trade's side at magnitude (imbalance -1441/23250 of phase volume) (P015 PHASE_FLOW_CONCORDANCE fails)	against: T5; T6; T7; S3 binding unspent=$488.2 < $1000 bar (q50 median, not a cap — reported, not weighted)						TRIAGE-INDEX-ONLY	TRIAGE	WINDOW	5	12348	HG	NY	16:29:35	REVERSAL-CONFIRMATION
SI-20210701-059472-L	SKIP	B	primary: S8 phase sflow=284 vs side=LONG — the phase's cumulative order flow is not on this trade's side at magnitude (imbalance 284/18603 of phase volume) (P015 PHASE_FLOW_CONCORDANCE fails)	against: T5; T7						TRIAGE-INDEX-ONLY	TRIAGE	WINDOW	6	123468	SI	NY	16:31:12	RECLAIM
HG-20210701-059511-S	SKIP	C	primary: S3 phase NY H=4.314 L=4.272 vs S13 entry mid=4.279 — the $1,000 bar needs $830 of NEW range beyond the phase extreme (A1 strict, warmup #21)	against: T3; T6; T7; S3 binding unspent=$488.2 < $1000 bar (q50 median, not a cap — reported, not weighted); S8 through_book_600s thru_ask=14 vs thru_bid=6 (recent aggression is on the other side)						TRIAGE-INDEX-ONLY	TRIAGE	WINDOW	5	12458	HG	NY	16:31:51	REVERSAL-CONFIRMATION
SI-20210701-059522-S	SKIP	C	primary: S3 phase NY H=26.52 L=26.13 vs S13 entry mid=26.19 — the $1,000 bar needs $675 of NEW range beyond the phase extreme (A1 strict, warmup #21)	against: T3; T5; T6; T7						TRIAGE-INDEX-ONLY	TRIAGE	WINDOW	4	1248	SI	NY	16:32:02	REVERSAL-CONFIRMATION
HG-20210701-059523-S	SKIP	C	primary: S3 phase NY H=4.314 L=4.272 vs S13 entry mid=4.276 — the $1,000 bar needs $905 of NEW range beyond the phase extreme (A1 strict, warmup #21)	against: T3; T6; T7; S3 binding unspent=$488.2 < $1000 bar (q50 median, not a cap — reported, not weighted); S8 through_book_600s thru_ask=14 vs thru_bid=6 (recent aggression is on the other side)						TRIAGE-INDEX-ONLY	TRIAGE	WINDOW	5	12458	HG	NY	16:32:03	REVERSAL-CONFIRMATION
SI-20210701-059532-S	SKIP	C	primary: S3 phase NY H=26.52 L=26.13 vs S13 entry mid=26.19 — the $1,000 bar needs $700 of NEW range beyond the phase extreme (A1 strict, warmup #21)	against: T3; T5; T7						TRIAGE-INDEX-ONLY	TRIAGE	WINDOW	5	12468	SI	NY	16:32:12	REVERSAL-CONFIRMATION
SI-20210701-059547-S	SKIP	C	primary: S3 phase NY H=26.52 L=26.13 vs S13 entry mid=26.19 — the $1,000 bar needs $675 of NEW range beyond the phase extreme (A1 strict, warmup #21)	against: T3; T5; T7; S8 through_book_600s thru_ask=3 vs thru_bid=0 (recent aggression is on the other side)						TRIAGE-INDEX-ONLY	TRIAGE	WINDOW	5	12468	SI	NY	16:32:27	REVERSAL-CONFIRMATION
HG-20210701-059549-S	SKIP	C	primary: S3 phase NY H=4.314 L=4.272 vs S13 entry mid=4.279 — the $1,000 bar needs $817.5 of NEW range beyond the phase extreme (A1 strict, warmup #21)	against: T3; T6; T7; S3 binding unspent=$488.2 < $1000 bar (q50 median, not a cap — reported, not weighted)						TRIAGE-INDEX-ONLY	TRIAGE	WINDOW	5	12458	HG	NY	16:32:29	REVERSAL-CONFIRMATION
HG-20210701-059567-S	SKIP	C	primary: S3 phase NY H=4.314 L=4.272 vs S13 entry mid=4.281 — the $1,000 bar needs $780 of NEW range beyond the phase extreme (A1 strict, warmup #21)	against: T3; T6; T7; S3 binding unspent=$488.2 < $1000 bar (q50 median, not a cap — reported, not weighted)						TRIAGE-INDEX-ONLY	TRIAGE	WINDOW	5	12458	HG	NY	16:32:47	REVERSAL-CONFIRMATION
SI-20210701-059586-L	SKIP	C	primary: S8 phase sflow=283 vs side=LONG — the phase's cumulative order flow is not on this trade's side at magnitude (imbalance 283/18741 of phase volume) (P015 PHASE_FLOW_CONCORDANCE fails)	against: T5; T6; T7						TRIAGE-INDEX-ONLY	TRIAGE	WINDOW	5	12348	SI	NY	16:33:06	REVERSAL-CONFIRMATION
HG-20210701-059592-L	SKIP	B	primary: S8 phase sflow=-1465 vs side=LONG — the phase's cumulative order flow is not on this trade's side at magnitude (imbalance -1465/24322 of phase volume) (P015 PHASE_FLOW_CONCORDANCE fails)	against: T5; T7; S3 binding unspent=$488.2 < $1000 bar (q50 median, not a cap — reported, not weighted)						TRIAGE-INDEX-ONLY	TRIAGE	WINDOW	6	123468	HG	NY	16:33:12	REVERSAL-CONFIRMATION
SI-20210701-059592-L	SKIP	C	primary: S8 phase sflow=283 vs side=LONG — the phase's cumulative order flow is not on this trade's side at magnitude (imbalance 283/18741 of phase volume) (P015 PHASE_FLOW_CONCORDANCE fails)	against: T5; T6; T7						TRIAGE-INDEX-ONLY	TRIAGE	WINDOW	5	12348	SI	NY	16:33:12	REVERSAL-CONFIRMATION
HG-20210701-059630-L	SKIP	B	primary: S8 phase sflow=-1474 vs side=LONG — the phase's cumulative order flow is not on this trade's side at magnitude (imbalance -1474/24393 of phase volume) (P015 PHASE_FLOW_CONCORDANCE fails)	against: T5; T7; S3 binding unspent=$488.2 < $1000 bar (q50 median, not a cap — reported, not weighted)						TRIAGE-INDEX-ONLY	TRIAGE	WINDOW	6	123468	HG	NY	16:33:50	REVERSAL-CONFIRMATION
HG-20210701-059712-L	SKIP	C	primary: S8 phase sflow=-1471 vs side=LONG — the phase's cumulative order flow is not on this trade's side at magnitude (imbalance -1471/24470 of phase volume) (P015 PHASE_FLOW_CONCORDANCE fails)	against: T5; T6; T7; S3 binding unspent=$488.2 < $1000 bar (q50 median, not a cap — reported, not weighted)						TRIAGE-INDEX-ONLY	TRIAGE	WINDOW	5	12348	HG	NY	16:35:12	REVERSAL-CONFIRMATION
HG-20210701-059806-S	SKIP	C	primary: S3 phase NY H=4.314 L=4.272 vs S13 entry mid=4.28 — the $1,000 bar needs $787.5 of NEW range beyond the phase extreme (A1 strict, warmup #21)	against: T3; T6; T7; S3 binding unspent=$488.2 < $1000 bar (q50 median, not a cap — reported, not weighted)						TRIAGE-INDEX-ONLY	TRIAGE	WINDOW	5	12458	HG	NY	16:36:46	REVERSAL-CONFIRMATION
HG-20210701-059827-S	SKIP	C	primary: S3 phase NY H=4.314 L=4.272 vs S13 entry mid=4.277 — the $1,000 bar needs $862.5 of NEW range beyond the phase extreme (A1 strict, warmup #21)	against: T3; T6; T7; S3 binding unspent=$488.2 < $1000 bar (q50 median, not a cap — reported, not weighted); S8 through_book_600s thru_ask=13 vs thru_bid=6 (recent aggression is on the other side)						TRIAGE-INDEX-ONLY	TRIAGE	WINDOW	5	12458	HG	NY	16:37:07	REVERSAL-CONFIRMATION
SI-20210701-059838-S	SKIP	C	primary: S13 spread_at_decision=$50 vs SI era spread_med $25 — the entrant pays a liquidity fact, not a transient quote (P005 ENTRY_SPREAD_TAX)	against: T2; T3; T5; T7; S8 through_book_600s thru_ask=1 vs thru_bid=0 (recent aggression is on the other side)						TRIAGE-INDEX-ONLY	TRIAGE	WINDOW	4	1468	SI	NY	16:37:18	REVERSAL-CONFIRMATION
HG-20210701-059899-L	SKIP	B	primary: S8 phase sflow=-1481 vs side=LONG — the phase's cumulative order flow is not on this trade's side at magnitude (imbalance -1481/24744 of phase volume) (P015 PHASE_FLOW_CONCORDANCE fails)	against: T5; T7; S3 binding unspent=$488.2 < $1000 bar (q50 median, not a cap — reported, not weighted)						TRIAGE-INDEX-ONLY	TRIAGE	WINDOW	6	123468	HG	NY	16:38:19	REVERSAL-CONFIRMATION
SI-20210701-059945-S	SKIP	C	primary: S3 phase NY H=26.52 L=26.13 vs S13 entry mid=26.15 — the $1,000 bar needs $875 of NEW range beyond the phase extreme (A1 strict, warmup #21)	against: T3; T5; T6; T7; S8 through_book_600s thru_ask=1 vs thru_bid=0 (recent aggression is on the other side)						TRIAGE-INDEX-ONLY	TRIAGE	WINDOW	4	1248	SI	NY	16:39:05	REVERSAL-CONFIRMATION
HG-20210701-059953-S	SKIP	B	primary: S3 phase NY H=4.314 L=4.272 vs S13 entry mid=4.277 — the $1,000 bar needs $867.5 of NEW range beyond the phase extreme (A1 strict, warmup #21)	against: T3; T7; S3 binding unspent=$488.2 < $1000 bar (q50 median, not a cap — reported, not weighted)						TRIAGE-INDEX-ONLY	TRIAGE	WINDOW	6	124568	HG	NY	16:39:13	REVERSAL-CONFIRMATION
SI-20210701-059968-S	SKIP	C	primary: S3 phase NY H=26.52 L=26.13 vs S13 entry mid=26.16 — the $1,000 bar needs $850 of NEW range beyond the phase extreme (A1 strict, warmup #21)	against: T3; T5; T6; T7; S8 through_book_600s thru_ask=1 vs thru_bid=0 (recent aggression is on the other side)						TRIAGE-INDEX-ONLY	TRIAGE	WINDOW	4	1248	SI	NY	16:39:28	REVERSAL-CONFIRMATION
SI-20210701-060158-L	SKIP	C	primary: S8 phase sflow=180 vs side=LONG — the phase's cumulative order flow is not on this trade's side at magnitude (imbalance 180/19616 of phase volume) (P015 PHASE_FLOW_CONCORDANCE fails)	against: T5; T6; T7						TRIAGE-INDEX-ONLY	TRIAGE	WINDOW	5	12348	SI	NY	16:42:38	REVERSAL-CONFIRMATION
HG-20210701-060166-L	SKIP	C	primary: S8 phase sflow=-1534 vs side=LONG — the phase's cumulative order flow is not on this trade's side at magnitude (imbalance -1534/25077 of phase volume) (P015 PHASE_FLOW_CONCORDANCE fails)	against: T5; T6; T7; S3 binding unspent=$488.2 < $1000 bar (q50 median, not a cap — reported, not weighted)						TRIAGE-INDEX-ONLY	TRIAGE	WINDOW	5	12348	HG	NY	16:42:46	REVERSAL-CONFIRMATION
NKD-20210701-060175-L	SKIP	C	primary: S8 60s n=0 vol=0 — no transacting counterparty in the last minute (P004 DEAD_BOOK_VETO)	against: T1; T3; T6; T7; S3 binding unspent=$-64.3 < $1000 bar (q50 median, not a cap — reported, not weighted)						TRIAGE-INDEX-ONLY	TRIAGE	WINDOW	4	2458	NKD	NY	16:42:55	REVERSAL-CONFIRMATION
SI-20210701-060178-L	SKIP	C	primary: S8 phase sflow=195 vs side=LONG — the phase's cumulative order flow is not on this trade's side at magnitude (imbalance 195/19639 of phase volume) (P015 PHASE_FLOW_CONCORDANCE fails)	against: T5; T6; T7						TRIAGE-INDEX-ONLY	TRIAGE	WINDOW	5	12348	SI	NY	16:42:58	REVERSAL-CONFIRMATION
HG-20210701-060190-L	SKIP	C	primary: S8 phase sflow=-1534 vs side=LONG — the phase's cumulative order flow is not on this trade's side at magnitude (imbalance -1534/25081 of phase volume) (P015 PHASE_FLOW_CONCORDANCE fails)	against: T5; T6; T7; S3 binding unspent=$488.2 < $1000 bar (q50 median, not a cap — reported, not weighted)						TRIAGE-INDEX-ONLY	TRIAGE	WINDOW	5	12348	HG	NY	16:43:10	REVERSAL-CONFIRMATION
NKD-20210701-060207-L	SKIP	C	primary: S8 60s n=0 vol=0 — no transacting counterparty in the last minute (P004 DEAD_BOOK_VETO)	against: T1; T3; T6; T7; S3 binding unspent=$-64.3 < $1000 bar (q50 median, not a cap — reported, not weighted)						TRIAGE-INDEX-ONLY	TRIAGE	WINDOW	4	2458	NKD	NY	16:43:27	REVERSAL-CONFIRMATION
SI-20210701-060258-S	SKIP	C	primary: S3 phase NY H=26.52 L=26.13 vs S13 entry mid=26.17 — the $1,000 bar needs $775 of NEW range beyond the phase extreme (A1 strict, warmup #21)	against: T3; T5; T6; T7; T8; S9 rv1800/rv60=9.11; S8 through_book_600s thru_ask=3 vs thru_bid=0 (recent aggression is on the other side)						TRIAGE-INDEX-ONLY	TRIAGE	WINDOW	3	124	SI	NY	16:44:18	REVERSAL-CONFIRMATION
SI-20210701-060348-L	SKIP	C	primary: S8 phase sflow=215 vs side=LONG — the phase's cumulative order flow is not on this trade's side at magnitude (imbalance 215/19773 of phase volume) (P015 PHASE_FLOW_CONCORDANCE fails)	against: T5; T7; T8; S9 rv1800/rv60=8.09						TRIAGE-INDEX-ONLY	TRIAGE	WINDOW	5	12346	SI	NY	16:45:48	REVERSAL-CONFIRMATION
NKD-20210701-060395-L	SKIP	C	primary: S8 60s n=0 vol=0 — no transacting counterparty in the last minute (P004 DEAD_BOOK_VETO)	against: T1; T3; T6; T7; S3 binding unspent=$-64.3 < $1000 bar (q50 median, not a cap — reported, not weighted)						TRIAGE-INDEX-ONLY	TRIAGE	WINDOW	4	2458	NKD	NY	16:46:35	REVERSAL-CONFIRMATION
SI-20210701-060523-L	SKIP	C	primary: S13 spread_at_decision=$50 vs SI era spread_med $25 — the entrant pays a liquidity fact, not a transient quote (P005 ENTRY_SPREAD_TAX)	against: T2; T5; T6; T7; T8; S9 rv1800/rv60=8.22						TRIAGE-INDEX-ONLY	TRIAGE	WINDOW	3	134	SI	NY	16:48:43	REVERSAL-CONFIRMATION
HG-20210701-060531-L	SKIP	C	primary: S8 phase sflow=-1543 vs side=LONG — the phase's cumulative order flow is not on this trade's side at magnitude (imbalance -1543/25422 of phase volume) (P015 PHASE_FLOW_CONCORDANCE fails)	against: T5; T6; T7; T8; S9 rv1800/rv60=9.04; S3 binding unspent=$488.2 < $1000 bar (q50 median, not a cap — reported, not weighted); S8 through_book_600s thru_bid=3 vs thru_ask=1 (recent aggression is on the other side)						TRIAGE-INDEX-ONLY	TRIAGE	WINDOW	4	1234	HG	NY	16:48:51	REVERSAL-CONFIRMATION
HG-20210701-060801-S	SKIP	B	primary: S3 phase NY H=4.314 L=4.272 vs S13 entry mid=4.287 — the $1,000 bar needs $625 of NEW range beyond the phase extreme (A1 strict, warmup #21)	against: T3; T7; S3 binding unspent=$488.2 < $1000 bar (q50 median, not a cap — reported, not weighted)						TRIAGE-INDEX-ONLY	TRIAGE	WINDOW	6	124568	HG	NY	16:53:21	REVERSAL-CONFIRMATION
HG-20210701-060839-L	SKIP	B	primary: S8 phase sflow=-1549 vs side=LONG — the phase's cumulative order flow is not on this trade's side at magnitude (imbalance -1549/25896 of phase volume) (P015 PHASE_FLOW_CONCORDANCE fails)	against: T5; T7; S3 binding unspent=$488.2 < $1000 bar (q50 median, not a cap — reported, not weighted); S8 through_book_600s thru_bid=5 vs thru_ask=2 (recent aggression is on the other side)						TRIAGE-INDEX-ONLY	TRIAGE	WINDOW	6	123468	HG	NY	16:53:59	REVERSAL-CONFIRMATION
SI-20210701-060991-L	SKIP	C	primary: S8 phase sflow=279 vs side=LONG — the phase's cumulative order flow is not on this trade's side at magnitude (imbalance 279/20309 of phase volume) (P015 PHASE_FLOW_CONCORDANCE fails)	against: T5; T6; T7						TRIAGE-INDEX-ONLY	TRIAGE	WINDOW	5	12348	SI	NY	16:56:31	REVERSAL-CONFIRMATION
HG-20210701-061141-S	SKIP	B	primary: S3 phase NY H=4.314 L=4.272 vs S13 entry mid=4.284 — the $1,000 bar needs $712.5 of NEW range beyond the phase extreme (A1 strict, warmup #21)	against: T3; T7; S3 binding unspent=$488.2 < $1000 bar (q50 median, not a cap — reported, not weighted)						TRIAGE-INDEX-ONLY	TRIAGE	WINDOW	6	124568	HG	NY	16:59:01	REVERSAL-CONFIRMATION
SI-20210701-061141-S	SKIP	C	primary: S3 phase NY H=26.52 L=26.13 vs S13 entry mid=26.19 — the $1,000 bar needs $700 of NEW range beyond the phase extreme (A1 strict, warmup #21)	against: T3; T5; T6; T7; S8 through_book_600s thru_ask=2 vs thru_bid=0 (recent aggression is on the other side)						TRIAGE-INDEX-ONLY	TRIAGE	WINDOW	4	1248	SI	NY	16:59:01	REVERSAL-CONFIRMATION
SI-20210701-061151-S	SKIP	C	primary: S3 phase NY H=26.52 L=26.13 vs S13 entry mid=26.19 — the $1,000 bar needs $700 of NEW range beyond the phase extreme (A1 strict, warmup #21)	against: T3; T5; T6; T7; S8 through_book_600s thru_ask=2 vs thru_bid=0 (recent aggression is on the other side)						TRIAGE-INDEX-ONLY	TRIAGE	WINDOW	4	1248	SI	NY	16:59:11	REVERSAL-CONFIRMATION
NKD-20210701-061168-S	SKIP	C	primary: S8 60s n=0 vol=0 — no transacting counterparty in the last minute (P004 DEAD_BOOK_VETO)	against: T1; T5; T6; T7; S3 binding unspent=$-64.3 < $1000 bar (q50 median, not a cap — reported, not weighted)						TRIAGE-INDEX-ONLY	TRIAGE	WINDOW	4	2348	NKD	NY	16:59:28	REVERSAL-CONFIRMATION
SI-20210701-061173-S	SKIP	C	primary: S3 phase NY H=26.52 L=26.13 vs S13 entry mid=26.18 — the $1,000 bar needs $725 of NEW range beyond the phase extreme (A1 strict, warmup #21)	against: T3; T5; T6; T7; S8 through_book_600s thru_ask=2 vs thru_bid=0 (recent aggression is on the other side)						TRIAGE-INDEX-ONLY	TRIAGE	WINDOW	4	1248	SI	NY	16:59:33	REVERSAL-CONFIRMATION
HG-20210701-061175-S	SKIP	B	primary: S3 phase NY H=4.314 L=4.272 vs S13 entry mid=4.283 — the $1,000 bar needs $725 of NEW range beyond the phase extreme (A1 strict, warmup #21)	against: T3; T7; S3 binding unspent=$488.2 < $1000 bar (q50 median, not a cap — reported, not weighted)						TRIAGE-INDEX-ONLY	TRIAGE	WINDOW	6	124568	HG	NY	16:59:35	REVERSAL-CONFIRMATION
HG-20210701-061192-S	SKIP	B	primary: S3 phase NY H=4.314 L=4.272 vs S13 entry mid=4.282 — the $1,000 bar needs $737.5 of NEW range beyond the phase extreme (A1 strict, warmup #21)	against: T3; T7; S3 binding unspent=$488.2 < $1000 bar (q50 median, not a cap — reported, not weighted)						TRIAGE-INDEX-ONLY	TRIAGE	WINDOW	6	124568	HG	NY	16:59:52	REVERSAL-CONFIRMATION
SI-20210701-061192-S	SKIP	C	primary: S3 phase NY H=26.52 L=26.13 vs S13 entry mid=26.18 — the $1,000 bar needs $725 of NEW range beyond the phase extreme (A1 strict, warmup #21)	against: T3; T5; T7; S8 through_book_600s thru_ask=2 vs thru_bid=0 (recent aggression is on the other side)						TRIAGE-INDEX-ONLY	TRIAGE	WINDOW	5	12468	SI	NY	16:59:52	REVERSAL-CONFIRMATION
NKD-20210701-061237-S	SKIP	C	primary: S8 60s n=2 vol=2 — no transacting counterparty in the last minute (P004 DEAD_BOOK_VETO)	against: T1; T5; T6; T7; S3 binding unspent=$-64.3 < $1000 bar (q50 median, not a cap — reported, not weighted)						TRIAGE-INDEX-ONLY	TRIAGE	WINDOW	4	2348	NKD	NY	17:00:37	REVERSAL-CONFIRMATION
HG-20210701-061269-S	SKIP	B	primary: S3 phase NY H=4.314 L=4.272 vs S13 entry mid=4.277 — the $1,000 bar needs $867.5 of NEW range beyond the phase extreme (A1 strict, warmup #21)	against: T3; T7; S3 binding unspent=$488.2 < $1000 bar (q50 median, not a cap — reported, not weighted)						TRIAGE-INDEX-ONLY	TRIAGE	WINDOW	6	124568	HG	NY	17:01:09	REVERSAL-CONFIRMATION
HG-20210701-061274-S	SKIP	B	primary: S3 phase NY H=4.314 L=4.272 vs S13 entry mid=4.278 — the $1,000 bar needs $850 of NEW range beyond the phase extreme (A1 strict, warmup #21)	against: T3; T7; S3 binding unspent=$488.2 < $1000 bar (q50 median, not a cap — reported, not weighted)						TRIAGE-INDEX-ONLY	TRIAGE	WINDOW	6	124568	HG	NY	17:01:14	REVERSAL-CONFIRMATION
HG-20210701-061275-S	SKIP	C	primary: S3 phase NY H=4.314 L=4.272 vs S13 entry mid=4.278 — the $1,000 bar needs $842.5 of NEW range beyond the phase extreme (A1 strict, warmup #21)	against: T3; T6; T7; S3 binding unspent=$488.2 < $1000 bar (q50 median, not a cap — reported, not weighted)						TRIAGE-INDEX-ONLY	TRIAGE	WINDOW	5	12458	HG	NY	17:01:15	REVERSAL-CONFIRMATION
SI-20210701-061334-S	SKIP	C	primary: S3 phase NY H=26.52 L=26.13 vs S13 entry mid=26.16 — the $1,000 bar needs $825 of NEW range beyond the phase extreme (A1 strict, warmup #21)	against: T3; T5; T6; T7; S8 through_book_600s thru_ask=2 vs thru_bid=0 (recent aggression is on the other side)						TRIAGE-INDEX-ONLY	TRIAGE	WINDOW	4	1248	SI	NY	17:02:14	REVERSAL-CONFIRMATION
HG-20210701-061343-S	SKIP	C	primary: S3 phase NY H=4.314 L=4.272 vs S13 entry mid=4.28 — the $1,000 bar needs $800 of NEW range beyond the phase extreme (A1 strict, warmup #21)	against: T3; T6; T7; S3 binding unspent=$488.2 < $1000 bar (q50 median, not a cap — reported, not weighted)						TRIAGE-INDEX-ONLY	TRIAGE	WINDOW	5	12458	HG	NY	17:02:23	REVERSAL-CONFIRMATION
HG-20210701-061347-S	SKIP	C	primary: S3 phase NY H=4.314 L=4.272 vs S13 entry mid=4.28 — the $1,000 bar needs $800 of NEW range beyond the phase extreme (A1 strict, warmup #21)	against: T3; T6; T7; S3 binding unspent=$488.2 < $1000 bar (q50 median, not a cap — reported, not weighted)						TRIAGE-INDEX-ONLY	TRIAGE	WINDOW	5	12458	HG	NY	17:02:27	REVERSAL-CONFIRMATION
HG-20210701-061581-L	SKIP	C	primary: S8 phase sflow=-1593 vs side=LONG — the phase's cumulative order flow is not on this trade's side at magnitude (imbalance -1593/26982 of phase volume) (P015 PHASE_FLOW_CONCORDANCE fails)	against: T5; T6; T7; S3 binding unspent=$488.2 < $1000 bar (q50 median, not a cap — reported, not weighted); S8 through_book_600s thru_bid=6 vs thru_ask=1 (recent aggression is on the other side)						TRIAGE-INDEX-ONLY	TRIAGE	WINDOW	5	12348	HG	NY	17:06:21	REVERSAL-CONFIRMATION
HG-20210701-061632-L	SKIP	C	primary: S8 phase sflow=-1604 vs side=LONG — the phase's cumulative order flow is not on this trade's side at magnitude (imbalance -1604/27053 of phase volume) (P015 PHASE_FLOW_CONCORDANCE fails)	against: T5; T6; T7; S3 binding unspent=$488.2 < $1000 bar (q50 median, not a cap — reported, not weighted); S8 through_book_600s thru_bid=4 vs thru_ask=1 (recent aggression is on the other side)						TRIAGE-INDEX-ONLY	TRIAGE	WINDOW	5	12348	HG	NY	17:07:12	REVERSAL-CONFIRMATION
HG-20210701-061633-L	SKIP	C	primary: S8 phase sflow=-1604 vs side=LONG — the phase's cumulative order flow is not on this trade's side at magnitude (imbalance -1604/27053 of phase volume) (P015 PHASE_FLOW_CONCORDANCE fails)	against: T5; T6; T7; S3 binding unspent=$488.2 < $1000 bar (q50 median, not a cap — reported, not weighted); S8 through_book_600s thru_bid=4 vs thru_ask=1 (recent aggression is on the other side)						TRIAGE-INDEX-ONLY	TRIAGE	WINDOW	5	12348	HG	NY	17:07:13	REVERSAL-CONFIRMATION
SI-20210701-061662-L	SKIP	C	primary: S13 spread_at_decision=$50 vs SI era spread_med $25 — the entrant pays a liquidity fact, not a transient quote (P005 ENTRY_SPREAD_TAX)	against: T2; T5; T6; T7						TRIAGE-INDEX-ONLY	TRIAGE	WINDOW	4	1348	SI	NY	17:07:42	REVERSAL-CONFIRMATION
NKD-20210701-061883-S	SKIP	C	primary: S8 60s n=2 vol=6 — no transacting counterparty in the last minute (P004 DEAD_BOOK_VETO)	against: T1; T5; T7; S3 binding unspent=$-64.3 < $1000 bar (q50 median, not a cap — reported, not weighted)						TRIAGE-INDEX-ONLY	TRIAGE	WINDOW	5	23468	NKD	NY	17:11:23	REVERSAL-CONFIRMATION
SI-20210701-061960-S	SKIP	C	primary: S3 phase NY H=26.52 L=26.12 vs S13 entry mid=26.13 — the $1,000 bar needs $950 of NEW range beyond the phase extreme (A1 strict, warmup #21)	against: T3; T5; T6; T7						TRIAGE-INDEX-ONLY	TRIAGE	WINDOW	4	1248	SI	NY	17:12:40	REVERSAL-CONFIRMATION
HG-20210701-061986-S	SKIP	C	primary: S3 phase NY H=4.314 L=4.272 vs S13 entry mid=4.279 — the $1,000 bar needs $837.5 of NEW range beyond the phase extreme (A1 strict, warmup #21)	against: T3; T6; T7; S3 binding unspent=$488.2 < $1000 bar (q50 median, not a cap — reported, not weighted)						TRIAGE-INDEX-ONLY	TRIAGE	WINDOW	5	12458	HG	NY	17:13:06	REVERSAL-CONFIRMATION
SI-20210701-061986-S	SKIP	C	primary: S3 phase NY H=26.52 L=26.1 vs S13 entry mid=26.1 — the $1,000 bar needs $1000 of NEW range beyond the phase extreme (A1 strict, warmup #21)	against: T3; T5; T7						TRIAGE-INDEX-ONLY	TRIAGE	WINDOW	5	12468	SI	NY	17:13:06	REVERSAL-CONFIRMATION
NKD-20210701-062012-S	SKIP	C	primary: S8 60s n=1 vol=1 — no transacting counterparty in the last minute (P004 DEAD_BOOK_VETO)	against: T1; T5; T6; T7; S3 binding unspent=$-64.3 < $1000 bar (q50 median, not a cap — reported, not weighted)						TRIAGE-INDEX-ONLY	TRIAGE	WINDOW	4	2348	NKD	NY	17:13:32	REVERSAL-CONFIRMATION
HG-20210701-062013-S	SKIP	C	primary: S3 phase NY H=4.314 L=4.272 vs S13 entry mid=4.278 — the $1,000 bar needs $842.5 of NEW range beyond the phase extreme (A1 strict, warmup #21)	against: T3; T6; T7; S3 binding unspent=$488.2 < $1000 bar (q50 median, not a cap — reported, not weighted)						TRIAGE-INDEX-ONLY	TRIAGE	WINDOW	5	12458	HG	NY	17:13:33	REVERSAL-CONFIRMATION
SI-20210701-062248-L	SKIP	B	primary: S8 phase sflow=247 vs side=LONG — the phase's cumulative order flow is not on this trade's side at magnitude (imbalance 247/22975 of phase volume) (P015 PHASE_FLOW_CONCORDANCE fails)	against: T5; T6; S8 through_book_600s thru_bid=26 vs thru_ask=8 (recent aggression is on the other side)						TRIAGE-INDEX-ONLY	TRIAGE	WINDOW	6	123478	SI	NY	17:17:28	REVERSAL-CONFIRMATION
SI-20210701-062257-L	SKIP	C	primary: S13 spread_at_decision=$50 vs SI era spread_med $25 — the entrant pays a liquidity fact, not a transient quote (P005 ENTRY_SPREAD_TAX)	against: T2; T5; T6; S8 through_book_600s thru_bid=26 vs thru_ask=8 (recent aggression is on the other side)						TRIAGE-INDEX-ONLY	TRIAGE	WINDOW	5	13478	SI	NY	17:17:37	REVERSAL-CONFIRMATION
SI-20210701-062264-L	SKIP	B	primary: S8 phase sflow=238 vs side=LONG — the phase's cumulative order flow is not on this trade's side at magnitude (imbalance 238/23002 of phase volume) (P015 PHASE_FLOW_CONCORDANCE fails)	against: T5; T6; S8 through_book_600s thru_bid=26 vs thru_ask=8 (recent aggression is on the other side)						TRIAGE-INDEX-ONLY	TRIAGE	WINDOW	6	123478	SI	NY	17:17:44	REVERSAL-CONFIRMATION
SI-20210701-062376-L	SKIP	C	primary: S13 spread_at_decision=$50 vs SI era spread_med $25 — the entrant pays a liquidity fact, not a transient quote (P005 ENTRY_SPREAD_TAX)	against: T2; T5; T6; S8 through_book_600s thru_bid=26 vs thru_ask=9 (recent aggression is on the other side)						TRIAGE-INDEX-ONLY	TRIAGE	WINDOW	5	13478	SI	NY	17:19:36	RECLAIM
SI-20210701-062390-S	SKIP	C	primary: S3 phase NY H=26.52 L=26.05 vs S13 entry mid=26.07 — the $1,000 bar needs $912.5 of NEW range beyond the phase extreme (A1 strict, warmup #21)	against: T3; T5; T7						TRIAGE-INDEX-ONLY	TRIAGE	WINDOW	5	12468	SI	NY	17:19:50	REVERSAL-CONFIRMATION
SI-20210701-062449-S	SKIP	C	primary: S13 spread_at_decision=$50 vs SI era spread_med $25 — the entrant pays a liquidity fact, not a transient quote (P005 ENTRY_SPREAD_TAX)	against: T2; T3; T5; T6; T7						TRIAGE-INDEX-ONLY	TRIAGE	WINDOW	3	148	SI	NY	17:20:49	REVERSAL-CONFIRMATION
HG-20210701-062547-L	SKIP	C	primary: S8 phase sflow=-1640 vs side=LONG — the phase's cumulative order flow is not on this trade's side at magnitude (imbalance -1640/27966 of phase volume) (P015 PHASE_FLOW_CONCORDANCE fails)	against: T5; T6; T7; T8; S9 rv1800/rv60=9.22; S3 binding unspent=$488.2 < $1000 bar (q50 median, not a cap — reported, not weighted)						TRIAGE-INDEX-ONLY	TRIAGE	WINDOW	4	1234	HG	NY	17:22:27	REVERSAL-CONFIRMATION
SI-20210701-062547-L	SKIP	B	primary: S8 phase sflow=299 vs side=LONG — the phase's cumulative order flow is not on this trade's side at magnitude (imbalance 299/23490 of phase volume) (P015 PHASE_FLOW_CONCORDANCE fails)	against: T5; S8 through_book_600s thru_bid=24 vs thru_ask=9 (recent aggression is on the other side)						TRIAGE-INDEX-ONLY	TRIAGE	WINDOW	7	1234678	SI	NY	17:22:27	REVERSAL-CONFIRMATION
HG-20210701-062722-S	SKIP	C	primary: S3 phase NY H=4.314 L=4.272 vs S13 entry mid=4.276 — the $1,000 bar needs $892.5 of NEW range beyond the phase extreme (A1 strict, warmup #21)	against: T3; T6; T7; S3 binding unspent=$488.2 < $1000 bar (q50 median, not a cap — reported, not weighted)						TRIAGE-INDEX-ONLY	TRIAGE	WINDOW	5	12458	HG	NY	17:25:22	REVERSAL-CONFIRMATION
SI-20210701-062764-S	SKIP	C	primary: S3 phase NY H=26.52 L=26.05 vs S13 entry mid=26.09 — the $1,000 bar needs $812.5 of NEW range beyond the phase extreme (A1 strict, warmup #21)	against: T3; T5; T7; S8 through_book_600s thru_ask=4 vs thru_bid=0 (recent aggression is on the other side)						TRIAGE-INDEX-ONLY	TRIAGE	WINDOW	5	12468	SI	NY	17:26:04	REVERSAL-CONFIRMATION
HG-20210701-062967-L	SKIP	C	primary: S3 runway to_phase_close=19832s with S13 exit_default phase_close — too little time to the binding exit second (P002 A1_EXIT_SECOND_VETO)	against: T4; T5; T6; T7; T8; S9 rv1800/rv60=9.98; S3 binding unspent=$488.2 < $1000 bar (q50 median, not a cap — reported, not weighted)						TRIAGE-INDEX-ONLY	TRIAGE	WINDOW	3	123	HG	NY	17:29:27	REVERSAL-CONFIRMATION
NKD-20210701-063061-L	SKIP	C	primary: S8 60s n=5 vol=5 — no transacting counterparty in the last minute (P004 DEAD_BOOK_VETO)	against: T1; T3; T4; T6; T7; S3 binding unspent=$-64.3 < $1000 bar (q50 median, not a cap — reported, not weighted)						TRIAGE-INDEX-ONLY	TRIAGE	WINDOW	3	258	NKD	NY	17:31:01	REVERSAL-CONFIRMATION
NKD-20210701-063102-L	SKIP	C	primary: S8 60s n=2 vol=2 — no transacting counterparty in the last minute (P004 DEAD_BOOK_VETO)	against: T1; T3; T4; T7; S3 binding unspent=$-64.3 < $1000 bar (q50 median, not a cap — reported, not weighted)						TRIAGE-INDEX-ONLY	TRIAGE	WINDOW	4	2568	NKD	NY	17:31:42	REVERSAL-CONFIRMATION
HG-20210701-063119-S	SKIP	C	primary: S3 phase NY H=4.314 L=4.272 vs S13 entry mid=4.279 — the $1,000 bar needs $830 of NEW range beyond the phase extreme (A1 strict, warmup #21)	against: T3; T4; T7; S3 binding unspent=$488.2 < $1000 bar (q50 median, not a cap — reported, not weighted)						TRIAGE-INDEX-ONLY	TRIAGE	WINDOW	5	12568	HG	NY	17:31:59	REVERSAL-CONFIRMATION
SI-20210701-063134-L	SKIP	C	primary: S3 runway to_phase_close=19665s with S13 exit_default phase_close — too little time to the binding exit second (P002 A1_EXIT_SECOND_VETO)	against: T4; T5; T7						TRIAGE-INDEX-ONLY	TRIAGE	WINDOW	5	12368	SI	NY	17:32:14	REVERSAL-CONFIRMATION
HG-20210701-063143-L	SKIP	C	primary: S3 runway to_phase_close=19656s with S13 exit_default phase_close — too little time to the binding exit second (P002 A1_EXIT_SECOND_VETO)	against: T4; T5; T6; T7; S3 binding unspent=$488.2 < $1000 bar (q50 median, not a cap — reported, not weighted); S8 through_book_600s thru_bid=1 vs thru_ask=0 (recent aggression is on the other side)						TRIAGE-INDEX-ONLY	TRIAGE	WINDOW	4	1238	HG	NY	17:32:23	REVERSAL-CONFIRMATION
HG-20210701-063176-L	SKIP	C	primary: S3 runway to_phase_close=19623s with S13 exit_default phase_close — too little time to the binding exit second (P002 A1_EXIT_SECOND_VETO)	against: T4; T5; T6; T7; S3 binding unspent=$488.2 < $1000 bar (q50 median, not a cap — reported, not weighted); S8 through_book_600s thru_bid=1 vs thru_ask=0 (recent aggression is on the other side)						TRIAGE-INDEX-ONLY	TRIAGE	WINDOW	4	1238	HG	NY	17:32:56	REVERSAL-CONFIRMATION
NKD-20210701-063212-L	SKIP	C	primary: S8 60s n=0 vol=0 — no transacting counterparty in the last minute (P004 DEAD_BOOK_VETO)	against: T1; T3; T4; T6; T7; S3 binding unspent=$-64.3 < $1000 bar (q50 median, not a cap — reported, not weighted)						TRIAGE-INDEX-ONLY	TRIAGE	WINDOW	3	258	NKD	NY	17:33:32	REVERSAL-CONFIRMATION
SI-20210701-063218-L	SKIP	C	primary: S3 runway to_phase_close=19581s with S13 exit_default phase_close — too little time to the binding exit second (P002 A1_EXIT_SECOND_VETO)	against: T4; T5; T7; T8; S9 rv1800/rv60=18.49						TRIAGE-INDEX-ONLY	TRIAGE	WINDOW	4	1236	SI	NY	17:33:38	REVERSAL-CONFIRMATION
HG-20210701-063345-S	SKIP	C	primary: S3 phase NY H=4.314 L=4.272 vs S13 entry mid=4.275 — the $1,000 bar needs $925 of NEW range beyond the phase extreme (A1 strict, warmup #21)	against: T3; T4; T6; T7; T8; S9 rv1800/rv60=9.03; S3 binding unspent=$488.2 < $1000 bar (q50 median, not a cap — reported, not weighted)						TRIAGE-INDEX-ONLY	TRIAGE	WINDOW	3	125	HG	NY	17:35:45	REVERSAL-CONFIRMATION
HG-20210701-063500-S	SKIP	C	primary: S3 phase NY H=4.314 L=4.266 vs S13 entry mid=4.268 — the $1,000 bar needs $962.5 of NEW range beyond the phase extreme (A1 strict, warmup #21)	against: T3; T4; T7; S3 binding unspent=$344.5 < $1000 bar (q50 median, not a cap — reported, not weighted)						TRIAGE-INDEX-ONLY	TRIAGE	WINDOW	5	12568	HG	NY	17:38:20	REVERSAL-CONFIRMATION
SI-20210701-063504-L	SKIP	C	primary: S3 runway to_phase_close=19295s with S13 exit_default phase_close — too little time to the binding exit second (P002 A1_EXIT_SECOND_VETO)	against: T4; T5; T6; T7; T8; S9 rv1800/rv60=9.39						TRIAGE-INDEX-ONLY	TRIAGE	WINDOW	3	123	SI	NY	17:38:24	RECLAIM
SI-20210701-063620-S	SKIP	C	primary: S3 phase NY H=26.52 L=26.05 vs S13 entry mid=26.1 — the $1,000 bar needs $787.5 of NEW range beyond the phase extreme (A1 strict, warmup #21)	against: T3; T4; T5; T7						TRIAGE-INDEX-ONLY	TRIAGE	WINDOW	4	1268	SI	NY	17:40:20	REVERSAL-CONFIRMATION
NKD-20210701-063805-S	SKIP	C	primary: S8 60s n=0 vol=0 — no transacting counterparty in the last minute (P004 DEAD_BOOK_VETO)	against: T1; T4; T5; T6; T7; S3 binding unspent=$-64.3 < $1000 bar (q50 median, not a cap — reported, not weighted)						TRIAGE-INDEX-ONLY	TRIAGE	WINDOW	3	238	NKD	NY	17:43:25	REVERSAL-CONFIRMATION
SI-20210701-063884-S	SKIP	C	primary: S3 phase NY H=26.52 L=26.05 vs S13 entry mid=26.11 — the $1,000 bar needs $737.5 of NEW range beyond the phase extreme (A1 strict, warmup #21)	against: T3; T4; T5; T6; T7; T8; S9 rv1800/rv60=8.55						TRIAGE-INDEX-ONLY	TRIAGE	WINDOW	2	12	SI	NY	17:44:44	REVERSAL-CONFIRMATION
SI-20210701-063956-L	SKIP	C	primary: S13 spread_at_decision=$50 vs SI era spread_med $25 — the entrant pays a liquidity fact, not a transient quote (P005 ENTRY_SPREAD_TAX)	against: T2; T4; T5; T6; T7						TRIAGE-INDEX-ONLY	TRIAGE	WINDOW	3	138	SI	NY	17:45:56	REVERSAL-CONFIRMATION
NKD-20210701-064032-S	SKIP	C	primary: S8 60s n=1 vol=1 — no transacting counterparty in the last minute (P004 DEAD_BOOK_VETO)	against: T1; T4; T5; T7; T8; S9 rv1800/rv60=8.41; S3 binding unspent=$-64.3 < $1000 bar (q50 median, not a cap — reported, not weighted)						TRIAGE-INDEX-ONLY	TRIAGE	WINDOW	3	236	NKD	NY	17:47:12	REVERSAL-CONFIRMATION
HG-20210701-064264-L	SKIP	C	primary: S3 runway to_phase_close=18535s with S13 exit_default phase_close — too little time to the binding exit second (P002 A1_EXIT_SECOND_VETO)	against: T4; T5; T6; S3 binding unspent=$32 < $1000 bar (q50 median, not a cap — reported, not weighted); S8 through_book_600s thru_bid=51 vs thru_ask=8 (recent aggression is on the other side)						TRIAGE-INDEX-ONLY	TRIAGE	WINDOW	5	12378	HG	NY	17:51:04	REVERSAL-CONFIRMATION
HG-20210701-064369-L	SKIP	B	primary: S3 runway to_phase_close=18430s with S13 exit_default phase_close — too little time to the binding exit second (P002 A1_EXIT_SECOND_VETO)	against: T4; T5; S3 binding unspent=$32 < $1000 bar (q50 median, not a cap — reported, not weighted); S8 through_book_600s thru_bid=40 vs thru_ask=9 (recent aggression is on the other side)						TRIAGE-INDEX-ONLY	TRIAGE	WINDOW	6	123678	HG	NY	17:52:49	REVERSAL-CONFIRMATION
NKD-20210701-064371-S	SKIP	C	primary: S8 60s n=0 vol=0 — no transacting counterparty in the last minute (P004 DEAD_BOOK_VETO)	against: T1; T4; T5; T7; T8; S9 rv1800/rv60=8.2; S3 binding unspent=$-64.3 < $1000 bar (q50 median, not a cap — reported, not weighted)						TRIAGE-INDEX-ONLY	TRIAGE	WINDOW	3	236	NKD	NY	17:52:51	REVERSAL-CONFIRMATION
HG-20210701-064385-S	SKIP	C	primary: S3 phase NY H=4.314 L=4.254 vs S13 entry mid=4.258 — the $1,000 bar needs $882.5 of NEW range beyond the phase extreme (A1 strict, warmup #21)	against: T3; T4; T6; T7; S3 binding unspent=$32 < $1000 bar (q50 median, not a cap — reported, not weighted)						TRIAGE-INDEX-ONLY	TRIAGE	WINDOW	4	1258	HG	NY	17:53:05	REVERSAL-CONFIRMATION
HG-20210701-064499-L	SKIP	C	primary: S3 runway to_phase_close=18300s with S13 exit_default phase_close — too little time to the binding exit second (P002 A1_EXIT_SECOND_VETO)	against: T4; T5; T6; S3 binding unspent=$32 < $1000 bar (q50 median, not a cap — reported, not weighted); S8 through_book_600s thru_bid=28 vs thru_ask=5 (recent aggression is on the other side)						TRIAGE-INDEX-ONLY	TRIAGE	WINDOW	5	12378	HG	NY	17:54:59	REVERSAL-CONFIRMATION
HG-20210701-064757-S	SKIP	C	primary: S3 phase NY H=4.314 L=4.254 vs S13 entry mid=4.256 — the $1,000 bar needs $932.5 of NEW range beyond the phase extreme (A1 strict, warmup #21)	against: T3; T4; T6; T7; T8; S9 rv1800/rv60=9.93; S3 binding unspent=$32 < $1000 bar (q50 median, not a cap — reported, not weighted)						TRIAGE-INDEX-ONLY	TRIAGE	WINDOW	3	125	HG	NY	17:59:17	REVERSAL-CONFIRMATION
SI-20210701-064932-S	SKIP	C	primary: S3 phase NY H=26.52 L=26.05 vs S13 entry mid=26.09 — the $1,000 bar needs $812.5 of NEW range beyond the phase extreme (A1 strict, warmup #21)	against: T3; T4; T5; T6; T7						TRIAGE-INDEX-ONLY	TRIAGE	WINDOW	3	128	SI	NY	18:02:12	REVERSAL-CONFIRMATION
HG-20210701-064977-L	SKIP	C	primary: S3 runway to_phase_close=17822s with S13 exit_default phase_close — too little time to the binding exit second (P002 A1_EXIT_SECOND_VETO)	against: T4; T5; T6; T8; S9 rv1800/rv60=10.31; S3 binding unspent=$32 < $1000 bar (q50 median, not a cap — reported, not weighted)						TRIAGE-INDEX-ONLY	TRIAGE	WINDOW	4	1237	HG	NY	18:02:57	REVERSAL-CONFIRMATION
HG-20210701-065203-L	SKIP	C	primary: S3 runway to_phase_close=17596s with S13 exit_default phase_close — too little time to the binding exit second (P002 A1_EXIT_SECOND_VETO)	against: T4; T5; T7; T8; S9 rv1800/rv60=10.5; S3 binding unspent=$32 < $1000 bar (q50 median, not a cap — reported, not weighted)						TRIAGE-INDEX-ONLY	TRIAGE	WINDOW	4	1236	HG	NY	18:06:43	REVERSAL-CONFIRMATION
HG-20210701-065251-L	SKIP	C	primary: S3 runway to_phase_close=17548s with S13 exit_default phase_close — too little time to the binding exit second (P002 A1_EXIT_SECOND_VETO)	against: T4; T5; T7; T8; S9 rv1800/rv60=9.41; S3 binding unspent=$32 < $1000 bar (q50 median, not a cap — reported, not weighted)						TRIAGE-INDEX-ONLY	TRIAGE	WINDOW	4	1236	HG	NY	18:07:31	RECLAIM
HG-20210701-065271-L	SKIP	C	primary: S3 runway to_phase_close=17528s with S13 exit_default phase_close — too little time to the binding exit second (P002 A1_EXIT_SECOND_VETO)	against: T4; T5; T6; T7; T8; S9 rv1800/rv60=12.85; S3 binding unspent=$32 < $1000 bar (q50 median, not a cap — reported, not weighted)						TRIAGE-INDEX-ONLY	TRIAGE	WINDOW	3	123	HG	NY	18:07:51	RECLAIM
HG-20210701-065502-L	SKIP	C	primary: S3 runway to_phase_close=17297s with S13 exit_default phase_close — too little time to the binding exit second (P002 A1_EXIT_SECOND_VETO)	against: T4; T5; T7; S3 binding unspent=$32 < $1000 bar (q50 median, not a cap — reported, not weighted); S8 through_book_600s thru_bid=9 vs thru_ask=4 (recent aggression is on the other side)						TRIAGE-INDEX-ONLY	TRIAGE	WINDOW	5	12368	HG	NY	18:11:42	REVERSAL-CONFIRMATION
HG-20210701-065724-S	SKIP	C	primary: S3 phase NY H=4.314 L=4.254 vs S13 entry mid=4.262 — the $1,000 bar needs $795 of NEW range beyond the phase extreme (A1 strict, warmup #21)	against: T3; T4; T6; T7; T8; S9 rv1800/rv60=9.66; S3 binding unspent=$32 < $1000 bar (q50 median, not a cap — reported, not weighted)						TRIAGE-INDEX-ONLY	TRIAGE	WINDOW	3	125	HG	NY	18:15:24	REVERSAL-CONFIRMATION
HG-20210701-065759-S	SKIP	C	primary: S3 phase NY H=4.314 L=4.254 vs S13 entry mid=4.262 — the $1,000 bar needs $800 of NEW range beyond the phase extreme (A1 strict, warmup #21)	against: T3; T4; T6; T7; S3 binding unspent=$32 < $1000 bar (q50 median, not a cap — reported, not weighted)						TRIAGE-INDEX-ONLY	TRIAGE	WINDOW	4	1258	HG	NY	18:15:59	REVERSAL-CONFIRMATION
HG-20210701-066341-S	SKIP	C	primary: S3 phase NY H=4.314 L=4.254 vs S13 entry mid=4.255 — the $1,000 bar needs $957.5 of NEW range beyond the phase extreme (A1 strict, warmup #21)	against: T3; T4; T7; S3 binding unspent=$32 < $1000 bar (q50 median, not a cap — reported, not weighted)						TRIAGE-INDEX-ONLY	TRIAGE	WINDOW	5	12568	HG	NY	18:25:41	REVERSAL-CONFIRMATION
HG-20210701-066456-S	SKIP	C	primary: S3 phase NY H=4.314 L=4.254 vs S13 entry mid=4.255 — the $1,000 bar needs $975 of NEW range beyond the phase extreme (A1 strict, warmup #21)	against: T3; T4; T7; S3 binding unspent=$32 < $1000 bar (q50 median, not a cap — reported, not weighted)						TRIAGE-INDEX-ONLY	TRIAGE	WINDOW	5	12568	HG	NY	18:27:36	REVERSAL-CONFIRMATION
SI-20210701-066611-S	SKIP	C	primary: S3 phase NY H=26.52 L=26.05 vs S13 entry mid=26.08 — the $1,000 bar needs $887.5 of NEW range beyond the phase extreme (A1 strict, warmup #21)	against: T3; T4; T5; T6; T7; T8						TRIAGE-INDEX-ONLY	TRIAGE	WINDOW	2	12	SI	NY	18:30:11	REVERSAL-CONFIRMATION
NKD-20210701-067009-L	SKIP	C	primary: S8 60s n=0 vol=0 — no transacting counterparty in the last minute (P004 DEAD_BOOK_VETO)	against: T1; T3; T4; T6; T7; S3 binding unspent=$-64.3 < $1000 bar (q50 median, not a cap — reported, not weighted)						TRIAGE-INDEX-ONLY	TRIAGE	WINDOW	3	258	NKD	NY	18:36:49	REVERSAL-CONFIRMATION
HG-20210701-067584-L	SKIP	B	primary: S3 runway to_phase_close=15215s with S13 exit_default phase_close — too little time to the binding exit second (P002 A1_EXIT_SECOND_VETO)	against: T4; T5; S3 binding unspent=$-543 < $1000 bar (q50 median, not a cap — reported, not weighted)						TRIAGE-INDEX-ONLY	TRIAGE	WINDOW	6	123678	HG	NY	18:46:24	REVERSAL-CONFIRMATION
HG-20210701-067644-S	SKIP	C	primary: S3 phase NY H=4.314 L=4.231 vs S13 entry mid=4.235 — the $1,000 bar needs $895 of NEW range beyond the phase extreme (A1 strict, warmup #21)	against: T3; T4; T6; T7; S3 binding unspent=$-543 < $1000 bar (q50 median, not a cap — reported, not weighted)						TRIAGE-INDEX-ONLY	TRIAGE	WINDOW	4	1258	HG	NY	18:47:24	REVERSAL-CONFIRMATION
SI-20210701-067678-L	SKIP	C	primary: S3 runway to_phase_close=15121s with S13 exit_default phase_close — too little time to the binding exit second (P002 A1_EXIT_SECOND_VETO)	against: T4; T5; T6						TRIAGE-INDEX-ONLY	TRIAGE	WINDOW	5	12378	SI	NY	18:47:58	REVERSAL-CONFIRMATION
HG-20210701-067709-L	SKIP	C	primary: S3 runway to_phase_close=15090s with S13 exit_default phase_close — too little time to the binding exit second (P002 A1_EXIT_SECOND_VETO)	against: T4; T5; T6; T8; S9 rv1800/rv60=9.33; S3 binding unspent=$-543 < $1000 bar (q50 median, not a cap — reported, not weighted); S8 through_book_600s thru_bid=13 vs thru_ask=6 (recent aggression is on the other side)						TRIAGE-INDEX-ONLY	TRIAGE	WINDOW	4	1237	HG	NY	18:48:29	REVERSAL-CONFIRMATION
HG-20210701-067879-L	SKIP	C	primary: S3 runway to_phase_close=14920s with S13 exit_default phase_close — too little time to the binding exit second (P002 A1_EXIT_SECOND_VETO)	against: T4; T5; T6; S3 binding unspent=$-543 < $1000 bar (q50 median, not a cap — reported, not weighted); S8 through_book_600s thru_bid=13 vs thru_ask=4 (recent aggression is on the other side)						TRIAGE-INDEX-ONLY	TRIAGE	WINDOW	5	12378	HG	NY	18:51:19	REVERSAL-CONFIRMATION
HG-20210701-067883-L	SKIP	C	primary: S3 runway to_phase_close=14916s with S13 exit_default phase_close — too little time to the binding exit second (P002 A1_EXIT_SECOND_VETO)	against: T4; T5; T6; S3 binding unspent=$-543 < $1000 bar (q50 median, not a cap — reported, not weighted); S8 through_book_600s thru_bid=13 vs thru_ask=4 (recent aggression is on the other side)						TRIAGE-INDEX-ONLY	TRIAGE	WINDOW	5	12378	HG	NY	18:51:23	RECLAIM
NKD-20210701-067921-S	SKIP	C	primary: S8 60s n=3 vol=4 — no transacting counterparty in the last minute (P004 DEAD_BOOK_VETO)	against: T1; T4; T5; T6; T7; S3 binding unspent=$-64.3 < $1000 bar (q50 median, not a cap — reported, not weighted)						TRIAGE-INDEX-ONLY	TRIAGE	WINDOW	3	238	NKD	NY	18:52:01	REVERSAL-CONFIRMATION
SI-20210701-067970-L	SKIP	C	primary: S3 runway to_phase_close=14829s with S13 exit_default phase_close — too little time to the binding exit second (P002 A1_EXIT_SECOND_VETO)	against: T4; T5; T6; T7						TRIAGE-INDEX-ONLY	TRIAGE	WINDOW	4	1238	SI	NY	18:52:50	REVERSAL-CONFIRMATION
HG-20210701-068028-S	SKIP	C	primary: S3 phase NY H=4.314 L=4.231 vs S13 entry mid=4.233 — the $1,000 bar needs $945 of NEW range beyond the phase extreme (A1 strict, warmup #21)	against: T3; T4; T7; S3 binding unspent=$-543 < $1000 bar (q50 median, not a cap — reported, not weighted)						TRIAGE-INDEX-ONLY	TRIAGE	WINDOW	5	12568	HG	NY	18:53:48	REVERSAL-CONFIRMATION
NKD-20210701-068029-L	SKIP	C	primary: S8 60s n=1 vol=1 — no transacting counterparty in the last minute (P004 DEAD_BOOK_VETO)	against: T1; T3; T4; T6; T7; S3 binding unspent=$-64.3 < $1000 bar (q50 median, not a cap — reported, not weighted)						TRIAGE-INDEX-ONLY	TRIAGE	WINDOW	3	258	NKD	NY	18:53:49	REVERSAL-CONFIRMATION
NKD-20210701-068070-L	SKIP	C	primary: S8 60s n=0 vol=0 — no transacting counterparty in the last minute (P004 DEAD_BOOK_VETO)	against: T1; T3; T4; T6; T7; S3 binding unspent=$-64.3 < $1000 bar (q50 median, not a cap — reported, not weighted)						TRIAGE-INDEX-ONLY	TRIAGE	WINDOW	3	258	NKD	NY	18:54:30	REVERSAL-CONFIRMATION
HG-20210701-068251-S	SKIP	C	primary: S3 phase NY H=4.314 L=4.23 vs S13 entry mid=4.23 — the $1,000 bar needs $992.5 of NEW range beyond the phase extreme (A1 strict, warmup #21)	against: T3; T4; T7; S3 binding unspent=$-561.8 < $1000 bar (q50 median, not a cap — reported, not weighted)						TRIAGE-INDEX-ONLY	TRIAGE	WINDOW	5	12568	HG	NY	18:57:31	REVERSAL-CONFIRMATION
NKD-20210701-068454-L	SKIP	C	primary: S8 60s n=0 vol=0 — no transacting counterparty in the last minute (P004 DEAD_BOOK_VETO)	against: T1; T3; T4; T6; T7; S3 binding unspent=$-64.3 < $1000 bar (q50 median, not a cap — reported, not weighted)						TRIAGE-INDEX-ONLY	TRIAGE	WINDOW	3	258	NKD	NY	19:00:54	REVERSAL-CONFIRMATION
HG-20210701-068465-L	SKIP	C	primary: S3 runway to_phase_close=14334s with S13 exit_default phase_close — too little time to the binding exit second (P002 A1_EXIT_SECOND_VETO)	against: T4; T5; T6; S3 binding unspent=$-561.8 < $1000 bar (q50 median, not a cap — reported, not weighted)						TRIAGE-INDEX-ONLY	TRIAGE	WINDOW	5	12378	HG	NY	19:01:05	REVERSAL-CONFIRMATION
SI-20210701-068487-L	SKIP	C	primary: S3 runway to_phase_close=14312s with S13 exit_default phase_close — too little time to the binding exit second (P002 A1_EXIT_SECOND_VETO)	against: T4; T5; T6; T7						TRIAGE-INDEX-ONLY	TRIAGE	WINDOW	4	1238	SI	NY	19:01:27	REVERSAL-CONFIRMATION
HG-20210701-068489-L	SKIP	C	primary: S3 runway to_phase_close=14310s with S13 exit_default phase_close — too little time to the binding exit second (P002 A1_EXIT_SECOND_VETO)	against: T4; T5; T6; T8; S9 rv1800/rv60=8.2; S3 binding unspent=$-561.8 < $1000 bar (q50 median, not a cap — reported, not weighted)						TRIAGE-INDEX-ONLY	TRIAGE	WINDOW	4	1237	HG	NY	19:01:29	REVERSAL-CONFIRMATION
HG-20210701-068530-S	SKIP	C	primary: S3 phase NY H=4.314 L=4.23 vs S13 entry mid=4.231 — the $1,000 bar needs $962.5 of NEW range beyond the phase extreme (A1 strict, warmup #21)	against: T3; T4; T6; T7; T8; S9 rv1800/rv60=8.3; S3 binding unspent=$-561.8 < $1000 bar (q50 median, not a cap — reported, not weighted)						TRIAGE-INDEX-ONLY	TRIAGE	WINDOW	3	125	HG	NY	19:02:10	REVERSAL-CONFIRMATION
HG-20210701-068584-S	SKIP	C	primary: S3 phase NY H=4.314 L=4.23 vs S13 entry mid=4.231 — the $1,000 bar needs $967.5 of NEW range beyond the phase extreme (A1 strict, warmup #21)	against: T3; T4; T7; T8; S9 rv1800/rv60=9.72; S3 binding unspent=$-561.8 < $1000 bar (q50 median, not a cap — reported, not weighted)						TRIAGE-INDEX-ONLY	TRIAGE	WINDOW	4	1256	HG	NY	19:03:04	REVERSAL-CONFIRMATION
HG-20210701-069040-L	SKIP	C	primary: S3 runway to_phase_close=13759s with S13 exit_default phase_close — too little time to the binding exit second (P002 A1_EXIT_SECOND_VETO)	against: T4; T5; T6; T8; S9 rv1800/rv60=9.68; S3 binding unspent=$-593 < $1000 bar (q50 median, not a cap — reported, not weighted); S8 through_book_600s thru_bid=1 vs thru_ask=0 (recent aggression is on the other side)						TRIAGE-INDEX-ONLY	TRIAGE	WINDOW	4	1237	HG	NY	19:10:40	REVERSAL-CONFIRMATION
SI-20210701-069047-L	SKIP	C	primary: S3 runway to_phase_close=13752s with S13 exit_default phase_close — too little time to the binding exit second (P002 A1_EXIT_SECOND_VETO)	against: T4; T5; T6; T7						TRIAGE-INDEX-ONLY	TRIAGE	WINDOW	4	1238	SI	NY	19:10:47	REVERSAL-CONFIRMATION
HG-20210701-069085-L	SKIP	C	primary: S3 runway to_phase_close=13714s with S13 exit_default phase_close — too little time to the binding exit second (P002 A1_EXIT_SECOND_VETO)	against: T4; T5; T6; T8; S9 rv1800/rv60=11.64; S3 binding unspent=$-593 < $1000 bar (q50 median, not a cap — reported, not weighted); S8 through_book_600s thru_bid=1 vs thru_ask=0 (recent aggression is on the other side)						TRIAGE-INDEX-ONLY	TRIAGE	WINDOW	4	1237	HG	NY	19:11:25	REVERSAL-CONFIRMATION
HG-20210701-069098-L	SKIP	C	primary: S3 runway to_phase_close=13701s with S13 exit_default phase_close — too little time to the binding exit second (P002 A1_EXIT_SECOND_VETO)	against: T4; T5; T6; T8; S9 rv1800/rv60=9.37; S3 binding unspent=$-593 < $1000 bar (q50 median, not a cap — reported, not weighted)						TRIAGE-INDEX-ONLY	TRIAGE	WINDOW	4	1237	HG	NY	19:11:38	REVERSAL-CONFIRMATION
SI-20210701-069215-S	SKIP	C	primary: S3 phase NY H=26.52 L=26.05 vs S13 entry mid=26.12 — the $1,000 bar needs $650 of NEW range beyond the phase extreme (A1 strict, warmup #21)	against: T3; T4; T5; T6; T7						TRIAGE-INDEX-ONLY	TRIAGE	WINDOW	3	128	SI	NY	19:13:35	REVERSAL-CONFIRMATION
HG-20210701-069329-S	SKIP	C	primary: S3 phase NY H=4.314 L=4.229 vs S13 entry mid=4.232 — the $1,000 bar needs $925 of NEW range beyond the phase extreme (A1 strict, warmup #21)	against: T3; T4; T6; T7; S3 binding unspent=$-593 < $1000 bar (q50 median, not a cap — reported, not weighted)						TRIAGE-INDEX-ONLY	TRIAGE	WINDOW	4	1258	HG	NY	19:15:29	REVERSAL-CONFIRMATION
HG-20210701-069585-L	SKIP	C	primary: S3 runway to_phase_close=13214s with S13 exit_default phase_close — too little time to the binding exit second (P002 A1_EXIT_SECOND_VETO)	against: T4; T5; T6; T8; S9 rv1800/rv60=12.23; S3 binding unspent=$-593 < $1000 bar (q50 median, not a cap — reported, not weighted)						TRIAGE-INDEX-ONLY	TRIAGE	WINDOW	4	1237	HG	NY	19:19:45	REVERSAL-CONFIRMATION
SI-20210701-069652-L	SKIP	C	primary: S3 runway to_phase_close=13147s with S13 exit_default phase_close — too little time to the binding exit second (P002 A1_EXIT_SECOND_VETO)	against: T4; T5; T6; T7						TRIAGE-INDEX-ONLY	TRIAGE	WINDOW	4	1238	SI	NY	19:20:52	REVERSAL-CONFIRMATION
HG-20210701-069806-S	SKIP	C	primary: S3 phase NY H=4.314 L=4.229 vs S13 entry mid=4.23 — the $1,000 bar needs $970 of NEW range beyond the phase extreme (A1 strict, warmup #21)	against: T3; T4; T7; S3 binding unspent=$-593 < $1000 bar (q50 median, not a cap — reported, not weighted)						TRIAGE-INDEX-ONLY	TRIAGE	WINDOW	5	12568	HG	NY	19:23:26	REVERSAL-CONFIRMATION
HG-20210701-069851-S	SKIP	C	primary: S3 phase NY H=4.314 L=4.229 vs S13 entry mid=4.23 — the $1,000 bar needs $975 of NEW range beyond the phase extreme (A1 strict, warmup #21)	against: T3; T4; T6; T7; T8; S9 rv1800/rv60=9.84; S3 binding unspent=$-593 < $1000 bar (q50 median, not a cap — reported, not weighted)						TRIAGE-INDEX-ONLY	TRIAGE	WINDOW	3	125	HG	NY	19:24:11	REVERSAL-CONFIRMATION
HG-20210701-069897-S	SKIP	C	primary: S3 phase NY H=4.314 L=4.229 vs S13 entry mid=4.229 — the $1,000 bar needs $982.5 of NEW range beyond the phase extreme (A1 strict, warmup #21)	against: T3; T4; T6; T7; S3 binding unspent=$-593 < $1000 bar (q50 median, not a cap — reported, not weighted)						TRIAGE-INDEX-ONLY	TRIAGE	WINDOW	4	1258	HG	NY	19:24:57	REVERSAL-CONFIRMATION
SI-20210701-069939-S	SKIP	C	primary: S3 phase NY H=26.52 L=26.05 vs S13 entry mid=26.12 — the $1,000 bar needs $625 of NEW range beyond the phase extreme (A1 strict, warmup #21)	against: T3; T4; T5; T6; T7						TRIAGE-INDEX-ONLY	TRIAGE	WINDOW	3	128	SI	NY	19:25:39	REVERSAL-CONFIRMATION
SI-20210701-069961-S	SKIP	C	primary: S13 spread_at_decision=$50 vs SI era spread_med $25 — the entrant pays a liquidity fact, not a transient quote (P005 ENTRY_SPREAD_TAX)	against: T2; T3; T4; T5; T6; T7						TRIAGE-INDEX-ONLY	TRIAGE	WINDOW	2	18	SI	NY	19:26:01	REVERSAL-CONFIRMATION
SI-20210701-069990-L	SKIP	C	primary: S3 runway to_phase_close=12809s with S13 exit_default phase_close — too little time to the binding exit second (P002 A1_EXIT_SECOND_VETO)	against: T4; T5; T7; S8 through_book_600s thru_bid=8 vs thru_ask=2 (recent aggression is on the other side)						TRIAGE-INDEX-ONLY	TRIAGE	WINDOW	5	12368	SI	NY	19:26:30	REVERSAL-CONFIRMATION
SI-20210701-070015-S	SKIP	C	primary: S13 spread_at_decision=$50 vs SI era spread_med $25 — the entrant pays a liquidity fact, not a transient quote (P005 ENTRY_SPREAD_TAX)	against: T2; T3; T4; T5; T7						TRIAGE-INDEX-ONLY	TRIAGE	WINDOW	3	168	SI	NY	19:26:55	REVERSAL-CONFIRMATION
SI-20210701-070030-L	SKIP	C	primary: S13 spread_at_decision=$50 vs SI era spread_med $25 — the entrant pays a liquidity fact, not a transient quote (P005 ENTRY_SPREAD_TAX)	against: T2; T4; T5; T7; S8 through_book_600s thru_bid=8 vs thru_ask=2 (recent aggression is on the other side)						TRIAGE-INDEX-ONLY	TRIAGE	WINDOW	4	1368	SI	NY	19:27:10	REVERSAL-CONFIRMATION
SI-20210701-070066-L	SKIP	C	primary: S3 runway to_phase_close=12733s with S13 exit_default phase_close — too little time to the binding exit second (P002 A1_EXIT_SECOND_VETO)	against: T4; T5; T7; S8 through_book_600s thru_bid=8 vs thru_ask=2 (recent aggression is on the other side)						TRIAGE-INDEX-ONLY	TRIAGE	WINDOW	5	12368	SI	NY	19:27:46	REVERSAL-CONFIRMATION
SI-20210701-070349-S	SKIP	C	primary: S3 phase NY H=26.52 L=26.05 vs S13 entry mid=26.12 — the $1,000 bar needs $650 of NEW range beyond the phase extreme (A1 strict, warmup #21)	against: T3; T4; T5; T7; T8; S9 rv1800/rv60=8.79						TRIAGE-INDEX-ONLY	TRIAGE	WINDOW	3	126	SI	NY	19:32:29	REVERSAL-CONFIRMATION
HG-20210701-070636-L	SKIP	C	primary: S3 runway to_phase_close=12163s with S13 exit_default phase_close — too little time to the binding exit second (P002 A1_EXIT_SECOND_VETO)	against: T4; T5; T6; S3 binding unspent=$-630.5 < $1000 bar (q50 median, not a cap — reported, not weighted)						TRIAGE-INDEX-ONLY	TRIAGE	WINDOW	5	12378	HG	NY	19:37:16	REVERSAL-CONFIRMATION
NKD-20210701-070719-L	SKIP	C	primary: S8 60s n=1 vol=1 — no transacting counterparty in the last minute (P004 DEAD_BOOK_VETO)	against: T1; T3; T4; T6; T7; S3 binding unspent=$-64.3 < $1000 bar (q50 median, not a cap — reported, not weighted)						TRIAGE-INDEX-ONLY	TRIAGE	WINDOW	3	258	NKD	NY	19:38:39	REVERSAL-CONFIRMATION
SI-20210701-071127-S	SKIP	C	primary: S3 phase NY H=26.52 L=26.05 vs S13 entry mid=26.1 — the $1,000 bar needs $725 of NEW range beyond the phase extreme (A1 strict, warmup #21)	against: T3; T4; T5; T6; T7; T8; S9 rv1800/rv60=10.92						TRIAGE-INDEX-ONLY	TRIAGE	WINDOW	2	12	SI	NY	19:45:27	REVERSAL-CONFIRMATION
NKD-20210701-071485-S	SKIP	C	primary: S8 60s n=0 vol=0 — no transacting counterparty in the last minute (P004 DEAD_BOOK_VETO)	against: T1; T4; T5; T7; S3 binding unspent=$-64.3 < $1000 bar (q50 median, not a cap — reported, not weighted)						TRIAGE-INDEX-ONLY	TRIAGE	WINDOW	4	2368	NKD	NY	19:51:25	REVERSAL-CONFIRMATION
NKD-20210701-071604-S	SKIP	C	primary: S8 60s n=1 vol=2 — no transacting counterparty in the last minute (P004 DEAD_BOOK_VETO)	against: T1; T4; T5; T6; T7; S3 binding unspent=$-64.3 < $1000 bar (q50 median, not a cap — reported, not weighted)						TRIAGE-INDEX-ONLY	TRIAGE	WINDOW	3	238	NKD	NY	19:53:24	REVERSAL-CONFIRMATION
HG-20210701-071829-L	SKIP	C	primary: S3 runway to_phase_close=10970s with S13 exit_default phase_close — too little time to the binding exit second (P002 A1_EXIT_SECOND_VETO)	against: T4; T5; T6; T7; S3 binding unspent=$-630.5 < $1000 bar (q50 median, not a cap — reported, not weighted)						TRIAGE-INDEX-ONLY	TRIAGE	WINDOW	4	1238	HG	NY	19:57:09	REVERSAL-CONFIRMATION
NKD-20210701-071913-S	SKIP	C	primary: S8 60s n=1 vol=1 — no transacting counterparty in the last minute (P004 DEAD_BOOK_VETO)	against: T1; T4; T5; T6; T7; S3 binding unspent=$-64.3 < $1000 bar (q50 median, not a cap — reported, not weighted)						TRIAGE-INDEX-ONLY	TRIAGE	WINDOW	3	238	NKD	NY	19:58:33	REVERSAL-CONFIRMATION
HG-20210701-072377-L	SKIP	C	primary: S3 runway to_phase_close=10422s with S13 exit_default phase_close — too little time to the binding exit second (P002 A1_EXIT_SECOND_VETO)	against: T4; T5; T7; S3 binding unspent=$-630.5 < $1000 bar (q50 median, not a cap — reported, not weighted)						TRIAGE-INDEX-ONLY	TRIAGE	WINDOW	5	12368	HG	NY	20:06:17	REVERSAL-CONFIRMATION
HG-20210701-072452-L	SKIP	C	primary: S3 runway to_phase_close=10347s with S13 exit_default phase_close — too little time to the binding exit second (P002 A1_EXIT_SECOND_VETO)	against: T4; T5; T6; T7; S3 binding unspent=$-630.5 < $1000 bar (q50 median, not a cap — reported, not weighted)						TRIAGE-INDEX-ONLY	TRIAGE	WINDOW	4	1238	HG	NY	20:07:32	REVERSAL-CONFIRMATION
SI-20210701-072493-L	SKIP	C	primary: S3 runway to_phase_close=10306s with S13 exit_default phase_close — too little time to the binding exit second (P002 A1_EXIT_SECOND_VETO)	against: T4; T5; T6; T7						TRIAGE-INDEX-ONLY	TRIAGE	WINDOW	4	1238	SI	NY	20:08:13	REVERSAL-CONFIRMATION
SI-20210701-072594-L	SKIP	C	primary: S8 60s n=3 vol=3 — no transacting counterparty in the last minute (P004 DEAD_BOOK_VETO)	against: T1; T4; T5; T6; T7; T8; S9 rv1800/rv60=10.31						TRIAGE-INDEX-ONLY	TRIAGE	WINDOW	2	23	SI	NY	20:09:54	REVERSAL-CONFIRMATION
NKD-20210701-073155-L	SKIP	C	primary: S8 60s n=0 vol=0 — no transacting counterparty in the last minute (P004 DEAD_BOOK_VETO)	against: T1; T3; T4; T6; T7; S3 binding unspent=$-64.3 < $1000 bar (q50 median, not a cap — reported, not weighted)						TRIAGE-INDEX-ONLY	TRIAGE	WINDOW	3	258	NKD	NY	20:19:15	REVERSAL-CONFIRMATION
NKD-20210701-073208-L	SKIP	C	primary: S8 60s n=0 vol=0 — no transacting counterparty in the last minute (P004 DEAD_BOOK_VETO)	against: T1; T3; T4; T6; T7; T8; S9 rv1800/rv60=13.15; S3 binding unspent=$-64.3 < $1000 bar (q50 median, not a cap — reported, not weighted)						TRIAGE-INDEX-ONLY	TRIAGE	WINDOW	2	25	NKD	NY	20:20:08	REVERSAL-CONFIRMATION
NKD-20210701-073671-L	SKIP	C	primary: S8 60s n=1 vol=6 — no transacting counterparty in the last minute (P004 DEAD_BOOK_VETO)	against: T1; T3; T4; T7; S3 binding unspent=$-64.3 < $1000 bar (q50 median, not a cap — reported, not weighted)						TRIAGE-INDEX-ONLY	TRIAGE	WINDOW	4	2568	NKD	NY	20:27:51	REVERSAL-CONFIRMATION
HG-20210701-074761-S	SKIP	C	primary: S3 phase NY H=4.314 L=4.227 vs S13 entry mid=4.241 — the $1,000 bar needs $662.5 of NEW range beyond the phase extreme (A1 strict, warmup #21)	against: T3; T4; T6; T7; T8; S9 rv1800/rv60=8.72; S3 binding unspent=$-630.5 < $1000 bar (q50 median, not a cap — reported, not weighted)						TRIAGE-INDEX-ONLY	TRIAGE	WINDOW	3	125	HG	NY	20:46:01	REVERSAL-CONFIRMATION
HG-20210701-075101-S	SKIP	C	primary: S3 phase NY H=4.314 L=4.227 vs S13 entry mid=4.238 — the $1,000 bar needs $732.5 of NEW range beyond the phase extreme (A1 strict, warmup #21)	against: T3; T4; T6; T7; S3 binding unspent=$-630.5 < $1000 bar (q50 median, not a cap — reported, not weighted)						TRIAGE-INDEX-ONLY	TRIAGE	WINDOW	4	1258	HG	NY	20:51:41	REVERSAL-CONFIRMATION
NKD-20210701-076099-S	SKIP	C	primary: S8 60s n=0 vol=0 — no transacting counterparty in the last minute (P004 DEAD_BOOK_VETO)	against: T1; T4; T5; T6; S3 binding unspent=$-101.8 < $1000 bar (q50 median, not a cap — reported, not weighted)						TRIAGE-INDEX-ONLY	TRIAGE	WINDOW	4	2378	NKD	NY	21:08:19	REVERSAL-CONFIRMATION
NKD-20210701-076647-L	SKIP	C	primary: S8 60s n=4 vol=8 — no transacting counterparty in the last minute (P004 DEAD_BOOK_VETO)	against: T1; T3; T4; T7; S3 binding unspent=$-126.8 < $1000 bar (q50 median, not a cap — reported, not weighted)						TRIAGE-INDEX-ONLY	TRIAGE	WINDOW	4	2568	NKD	NY	21:17:27	REVERSAL-CONFIRMATION
SI-20210701-077658-S	SKIP	C	primary: S8 60s n=5 vol=6 — no transacting counterparty in the last minute (P004 DEAD_BOOK_VETO)	against: T1; T2; T3; T4; T5; T6; T7						TRIAGE-INDEX-ONLY	TRIAGE	WINDOW	1	8	SI	NY	21:34:18	REVERSAL-CONFIRMATION
NKD-20210701-078056-S	SKIP	C	primary: S8 60s n=0 vol=0 — no transacting counterparty in the last minute (P004 DEAD_BOOK_VETO)	against: T1; T4; T5; T6; S3 binding unspent=$-151.8 < $1000 bar (q50 median, not a cap — reported, not weighted)						TRIAGE-INDEX-ONLY	TRIAGE	WINDOW	4	2378	NKD	NY	21:40:56	REVERSAL-CONFIRMATION
SI-20210701-078432-L	SKIP	C	primary: S8 60s n=4 vol=4 — no transacting counterparty in the last minute (P004 DEAD_BOOK_VETO)	against: T1; T2; T4; T5; T7						TRIAGE-INDEX-ONLY	TRIAGE	WINDOW	3	368	SI	NY	21:47:12	REVERSAL-CONFIRMATION
NKD-20210701-078629-S	SKIP	C	primary: S8 60s n=2 vol=4 — no transacting counterparty in the last minute (P004 DEAD_BOOK_VETO)	against: T1; T4; T5; T6; T7; S3 binding unspent=$-151.8 < $1000 bar (q50 median, not a cap — reported, not weighted)						TRIAGE-INDEX-ONLY	TRIAGE	WINDOW	3	238	NKD	NY	21:50:29	REVERSAL-CONFIRMATION
HG-20210701-079053-L	SKIP	C	primary: S8 60s n=1 vol=1 — no transacting counterparty in the last minute (P004 DEAD_BOOK_VETO)	against: T1; T4; T5; T6; T7; T8; S3 binding unspent=$-630.5 < $1000 bar (q50 median, not a cap — reported, not weighted)						TRIAGE-INDEX-ONLY	TRIAGE	WINDOW	2	23	HG	NY	21:57:33	REVERSAL-CONFIRMATION
NKD-20210701-079114-L	SKIP	C	primary: S8 60s n=4 vol=5 — no transacting counterparty in the last minute (P004 DEAD_BOOK_VETO)	against: T1; T3; T4; T6; T7; S3 binding unspent=$-226.8 < $1000 bar (q50 median, not a cap — reported, not weighted)						TRIAGE-INDEX-ONLY	TRIAGE	WINDOW	3	258	NKD	NY	21:58:34	REVERSAL-CONFIRMATION
NKD-20210701-079122-L	SKIP	C	primary: S8 60s n=5 vol=8 — no transacting counterparty in the last minute (P004 DEAD_BOOK_VETO)	against: T1; T3; T4; T7; S3 binding unspent=$-239.3 < $1000 bar (q50 median, not a cap — reported, not weighted)						TRIAGE-INDEX-ONLY	TRIAGE	WINDOW	4	2568	NKD	NY	21:58:42	REVERSAL-CONFIRMATION
HG-20210701-079291-L	SKIP	C	primary: S3 runway to_phase_close=3508s with S13 exit_default phase_close — too little time to the binding exit second (P002 A1_EXIT_SECOND_VETO)	against: T4; T5; T6; T7; S3 binding unspent=$-630.5 < $1000 bar (q50 median, not a cap — reported, not weighted)						TRIAGE-INDEX-ONLY	TRIAGE	WINDOW	4	1238	HG	NY	22:01:31	REVERSAL-CONFIRMATION
NKD-20210701-079386-S	SKIP	C	primary: S8 60s n=3 vol=8 — no transacting counterparty in the last minute (P004 DEAD_BOOK_VETO)	against: T1; T4; T5; S3 binding unspent=$-289.3 < $1000 bar (q50 median, not a cap — reported, not weighted); S8 through_book_600s thru_ask=1 vs thru_bid=0 (recent aggression is on the other side)						TRIAGE-INDEX-ONLY	TRIAGE	WINDOW	5	23678	NKD	NY	22:03:06	REVERSAL-CONFIRMATION
NKD-20210701-079445-S	SKIP	C	primary: S8 60s n=1 vol=2 — no transacting counterparty in the last minute (P004 DEAD_BOOK_VETO)	against: T1; T4; T5; T6; S3 binding unspent=$-289.3 < $1000 bar (q50 median, not a cap — reported, not weighted); S8 through_book_600s thru_ask=1 vs thru_bid=0 (recent aggression is on the other side)						TRIAGE-INDEX-ONLY	TRIAGE	WINDOW	4	2378	NKD	NY	22:04:05	REVERSAL-CONFIRMATION
NKD-20210701-079708-S	SKIP	C	primary: S8 60s n=0 vol=0 — no transacting counterparty in the last minute (P004 DEAD_BOOK_VETO)	against: T1; T4; T5; T6; T8; S3 binding unspent=$-289.3 < $1000 bar (q50 median, not a cap — reported, not weighted); S8 through_book_600s thru_ask=1 vs thru_bid=0 (recent aggression is on the other side)						TRIAGE-INDEX-ONLY	TRIAGE	WINDOW	3	237	NKD	NY	22:08:28	REVERSAL-CONFIRMATION
HG-20210701-079797-S	SKIP	C	primary: S8 60s n=1 vol=1 — no transacting counterparty in the last minute (P004 DEAD_BOOK_VETO)	against: T1; T3; T4; T6; T7; S3 binding unspent=$-630.5 < $1000 bar (q50 median, not a cap — reported, not weighted); S8 through_book_600s thru_ask=1 vs thru_bid=0 (recent aggression is on the other side)						TRIAGE-INDEX-ONLY	TRIAGE	WINDOW	3	258	HG	NY	22:09:57	REVERSAL-CONFIRMATION
NKD-20210701-079852-S	SKIP	C	primary: S8 60s n=0 vol=0 — no transacting counterparty in the last minute (P004 DEAD_BOOK_VETO)	against: T1; T4; T5; T6; S3 binding unspent=$-289.3 < $1000 bar (q50 median, not a cap — reported, not weighted)						TRIAGE-INDEX-ONLY	TRIAGE	WINDOW	4	2378	NKD	NY	22:10:52	REVERSAL-CONFIRMATION
NKD-20210701-082273-S	SKIP	C	primary: S8 60s n=0 vol=0 — no transacting counterparty in the last minute (P004 DEAD_BOOK_VETO)	against: T1; T4; T5; T6; T7; T8; S3 binding unspent=$-289.3 < $1000 bar (q50 median, not a cap — reported, not weighted)						TRIAGE-INDEX-ONLY	TRIAGE	WINDOW	2	23	NKD	NY	22:51:13	REVERSAL-CONFIRMATION
HG-20210701-082377-L	SKIP	C	primary: S8 60s n=2 vol=2 — no transacting counterparty in the last minute (P004 DEAD_BOOK_VETO)	against: T1; T4; T5; T6; T7; T8; S9 rv1800/rv60=10.11; S3 binding unspent=$-630.5 < $1000 bar (q50 median, not a cap — reported, not weighted)						TRIAGE-INDEX-ONLY	TRIAGE	WINDOW	2	23	HG	NY	22:52:57	REVERSAL-CONFIRMATION
