# census 4 verdict — the stacked configurations (cell x filter x selection), one-position-per-asset replay, day-clustered CIs (PORT-M2-GOALPATH-V1)
era	cell	filter	selection	n_sessions	n_seats	seats_per_session	usd_per_session	ci_lo	ci_hi	usd_per_trade	risk_usd_median	win_rate	mdd_mean	vs_D048_bar
E2	LEG_0.75|RECLAIM|TRAIL_1.0R	NONE	ALL	258	397	1.539	-70.53	-221.57	69.29	-45.84	1675	0.4685	528.66	-0.035
E2	LEG_0.75|RECLAIM|TRAIL_1.0R	NONE	MODEL_TOP3	258	312	1.209	-3.07	-126.22	118.01	-2.54	1675	0.5032	383.02	-0.002
E2	LEG_0.75|RECLAIM|TRAIL_1.0R	VETO_K	ALL	213	286	1.343	-86.76	-221.52	45.51	-64.62	1637.5	0.458	460.01	-0.043
E2	LEG_0.75|RECLAIM|TRAIL_1.0R	VETO_K	MODEL_TOP3	213	253	1.188	-86.31	-214.55	37.18	-72.66	1637.5	0.4585	394.65	-0.043
E2	LEG_0.75|RECLAIM|TRAIL_1.0R	VETO_2K	ALL	167	191	1.144	-68.59	-187.83	47.43	-59.97	1625	0.4555	360.82	-0.034
E2	LEG_0.75|RECLAIM|TRAIL_1.0R	VETO_2K	MODEL_TOP3	167	181	1.084	-35.88	-155.27	88.02	-33.11	1625	0.4751	323.5	-0.018
E2	LEG_0.75|RECLAIM|TRAIL_1.0R	DAYSIDE	ALL	168	207	1.232	-105.45	-254.83	38.42	-85.59	1668.75	0.4348	470.48	-0.053
E2	LEG_0.75|RECLAIM|TRAIL_1.0R	DAYSIDE	MODEL_TOP3	168	188	1.119	-87.74	-229.2	42.87	-78.4	1662.5	0.4415	418.97	-0.044
E2	LEG_0.75|RECLAIM|TRAIL_1.0R	VETO_K+DAYSIDE	ALL	137	159	1.161	-102.93	-243.97	36.51	-88.69	1637.5	0.4403	411.82	-0.051
E2	LEG_0.75|RECLAIM|TRAIL_1.0R	VETO_K+DAYSIDE	MODEL_TOP3	137	152	1.109	-121.06	-257.56	10.55	-109.11	1637.5	0.4474	383.59	-0.061
E2	LEG_0.75|RECLAIM|TRAIL_1.0R	SHUFFLED_VETO	ALL	219	315	1.438	-71.09	-216.61	70.77	-49.42	1668.75	0.4571	485.39	-0.036
E2	LEG_0.75|RECLAIM|TRAIL_1.0R	SHUFFLED_VETO	MODEL_TOP3	219	276	1.26	-67	-205.1	61.38	-53.17	1662.5	0.4601	433.71	-0.034
E2	LEG_0.75|RECLAIM|TRAIL_1.0R	SHUFFLED_DAYSIDE	ALL	169	209	1.237	-12.51	-137.2	121.89	-10.11	1712.5	0.4833	398.98	-0.006
E2	LEG_0.75|RECLAIM|TRAIL_1.0R	SHUFFLED_DAYSIDE	MODEL_TOP3	169	192	1.136	-11.01	-137.92	120.55	-9.69	1706.25	0.4792	365.57	-0.006
E2	LEG_0.75|EXT|TRAIL_1.0R	NONE	ALL	258	386	1.496	-87.81	-251.87	62.58	-58.69	1815.62	0.4663	537.27	-0.044
E2	LEG_0.75|EXT|TRAIL_1.0R	NONE	MODEL_TOP3	258	304	1.178	9.39	-119.69	127.56	7.97	1812.5	0.5033	373.91	0.005
E2	LEG_0.75|EXT|TRAIL_1.0R	VETO_K	ALL	213	281	1.319	-92.6	-221.96	37.16	-70.19	1800	0.4555	463.77	-0.046
E2	LEG_0.75|EXT|TRAIL_1.0R	VETO_K	MODEL_TOP3	213	248	1.164	-77.24	-204.02	43.82	-66.34	1800	0.4556	390.99	-0.039
E2	LEG_0.75|EXT|TRAIL_1.0R	VETO_2K	ALL	167	189	1.132	-90.99	-213.62	27.19	-80.4	1793.75	0.4444	372.04	-0.045
E2	LEG_0.75|EXT|TRAIL_1.0R	VETO_2K	MODEL_TOP3	167	180	1.078	-43.68	-164.82	79.45	-40.52	1790.62	0.4667	329.48	-0.022
E2	LEG_0.75|EXT|TRAIL_1.0R	DAYSIDE	ALL	168	206	1.226	-111.41	-264.55	35.5	-90.86	1812.5	0.432	477.29	-0.056
E2	LEG_0.75|EXT|TRAIL_1.0R	DAYSIDE	MODEL_TOP3	168	187	1.113	-91.8	-230.31	41.55	-82.47	1800	0.4439	423.71	-0.046
E2	LEG_0.75|EXT|TRAIL_1.0R	VETO_K+DAYSIDE	ALL	137	159	1.161	-121.36	-268.96	22.81	-104.57	1793.75	0.4277	427.68	-0.061
E2	LEG_0.75|EXT|TRAIL_1.0R	VETO_K+DAYSIDE	MODEL_TOP3	137	152	1.109	-136.89	-277.84	-1.88	-123.38	1793.75	0.4342	396.84	-0.068
E2	LEG_0.75|EXT|TRAIL_1.0R	SHUFFLED_VETO	ALL	219	305	1.393	-113.21	-278.34	44.17	-81.29	1825	0.4426	519.76	-0.057
E2	LEG_0.75|EXT|TRAIL_1.0R	SHUFFLED_VETO	MODEL_TOP3	219	270	1.233	-97.57	-245.93	50.09	-79.14	1831.25	0.4444	456.54	-0.049
E2	LEG_0.75|EXT|TRAIL_1.0R	SHUFFLED_DAYSIDE	ALL	169	207	1.225	-3.09	-131.58	134.22	-2.52	1850	0.4783	395.8	-0.002
E2	LEG_0.75|EXT|TRAIL_1.0R	SHUFFLED_DAYSIDE	MODEL_TOP3	169	190	1.124	0.52	-125.16	131.63	0.46	1850	0.4789	360.44	0
E2	LEG_0.75|RECLAIM|TRAIL_1.5R	NONE	ALL	258	368	1.426	-90.6	-257.1	63.76	-63.52	1675	0.4783	540.52	-0.045
E2	LEG_0.75|RECLAIM|TRAIL_1.5R	NONE	MODEL_TOP3	258	295	1.143	7.9	-120.7	132.71	6.91	1675	0.5153	369.56	0.004
E2	LEG_0.75|RECLAIM|TRAIL_1.5R	VETO_K	ALL	213	276	1.296	-99.5	-234.6	40.49	-76.78	1637.5	0.4638	473.05	-0.05
E2	LEG_0.75|RECLAIM|TRAIL_1.5R	VETO_K	MODEL_TOP3	213	244	1.146	-89.12	-215.68	32.71	-77.8	1637.5	0.4672	399.3	-0.045
E2	LEG_0.75|RECLAIM|TRAIL_1.5R	VETO_2K	ALL	167	188	1.126	-87.85	-213.63	39.8	-78.04	1625	0.4574	381.09	-0.044
E2	LEG_0.75|RECLAIM|TRAIL_1.5R	VETO_2K	MODEL_TOP3	167	179	1.072	-50.49	-173.64	72.97	-47.11	1625	0.4804	335.53	-0.025
E2	LEG_0.75|RECLAIM|TRAIL_1.5R	DAYSIDE	ALL	168	204	1.214	-130.98	-308.51	25.12	-107.86	1665.62	0.4412	504.4	-0.065
E2	LEG_0.75|RECLAIM|TRAIL_1.5R	DAYSIDE	MODEL_TOP3	168	185	1.101	-101.02	-259.69	42.48	-91.74	1662.5	0.4541	440.02	-0.051
E2	LEG_0.75|RECLAIM|TRAIL_1.5R	VETO_K+DAYSIDE	ALL	137	159	1.161	-152.56	-319.59	5.01	-131.45	1637.5	0.434	458.26	-0.076
E2	LEG_0.75|RECLAIM|TRAIL_1.5R	VETO_K+DAYSIDE	MODEL_TOP3	137	152	1.109	-166.86	-325.4	-13.75	-150.39	1637.5	0.4408	426.19	-0.083
E2	LEG_0.75|RECLAIM|TRAIL_1.5R	SHUFFLED_VETO	ALL	219	301	1.374	-95.37	-257	57.33	-69.39	1662.5	0.4551	507.24	-0.048
E2	LEG_0.75|RECLAIM|TRAIL_1.5R	SHUFFLED_VETO	MODEL_TOP3	219	268	1.224	-66.84	-217.46	82.04	-54.62	1665.62	0.4664	445.09	-0.033
E2	LEG_0.75|RECLAIM|TRAIL_1.5R	SHUFFLED_DAYSIDE	ALL	169	203	1.201	40.61	-103.07	192.94	33.81	1700	0.5025	369.63	0.02
E2	LEG_0.75|RECLAIM|TRAIL_1.5R	SHUFFLED_DAYSIDE	MODEL_TOP3	169	187	1.107	21.04	-119.49	168.97	19.01	1700	0.4973	347.05	0.011
E2	LEG_0.75|RECLAIM|PHASE	NONE	ALL	258	363	1.407	-86.44	-248.59	69.36	-61.44	1675	0.4793	537.4	-0.043
E2	LEG_0.75|RECLAIM|PHASE	NONE	MODEL_TOP3	258	295	1.143	6.69	-120.94	130.04	5.85	1675	0.5119	370.47	0.003
E2	LEG_0.75|RECLAIM|PHASE	VETO_K	ALL	213	274	1.286	-105.67	-242.23	34.66	-82.14	1637.5	0.4599	475.1	-0.053
E2	LEG_0.75|RECLAIM|PHASE	VETO_K	MODEL_TOP3	213	244	1.146	-100.65	-233.77	26.19	-87.86	1637.5	0.4631	410.15	-0.05
E2	LEG_0.75|RECLAIM|PHASE	VETO_2K	ALL	167	188	1.126	-91.71	-216.82	35.6	-81.46	1625	0.4521	384.07	-0.046
E2	LEG_0.75|RECLAIM|PHASE	VETO_2K	MODEL_TOP3	167	179	1.072	-54.35	-177.21	70.05	-50.71	1625	0.4749	338.52	-0.027
E2	LEG_0.75|RECLAIM|PHASE	DAYSIDE	ALL	168	203	1.208	-130.11	-308.4	23.87	-107.68	1662.5	0.4384	505.62	-0.065
E2	LEG_0.75|RECLAIM|PHASE	DAYSIDE	MODEL_TOP3	168	185	1.101	-104.99	-268.87	42.96	-95.34	1662.5	0.4486	446.08	-0.052
E2	LEG_0.75|RECLAIM|PHASE	VETO_K+DAYSIDE	ALL	137	158	1.153	-156.82	-325.14	3.28	-135.97	1637.5	0.4304	461.45	-0.078
E2	LEG_0.75|RECLAIM|PHASE	VETO_K+DAYSIDE	MODEL_TOP3	137	152	1.109	-184.79	-353.57	-23.87	-166.55	1637.5	0.4342	443.06	-0.092
E2	LEG_0.75|RECLAIM|PHASE	SHUFFLED_VETO	ALL	219	298	1.361	-100.84	-265.64	55.12	-74.11	1662.5	0.4564	512.19	-0.05
E2	LEG_0.75|RECLAIM|PHASE	SHUFFLED_VETO	MODEL_TOP3	219	268	1.224	-71.22	-222.25	77.48	-58.19	1665.62	0.4664	449.47	-0.036
E2	LEG_0.75|RECLAIM|PHASE	SHUFFLED_DAYSIDE	ALL	169	202	1.195	40.47	-106.15	196.5	33.86	1700	0.505	372.82	0.02
E2	LEG_0.75|RECLAIM|PHASE	SHUFFLED_DAYSIDE	MODEL_TOP3	169	187	1.107	18.54	-123.96	169.94	16.76	1700	0.4973	351.38	0.009
E2	LEG_0.75|EXT|PHASE	NONE	ALL	258	360	1.395	-87.28	-251.73	68.79	-62.55	1818.75	0.4722	534.39	-0.044
E2	LEG_0.75|EXT|PHASE	NONE	MODEL_TOP3	258	294	1.14	8.3	-120.21	131.56	7.29	1818.75	0.5102	368.78	0.004
E2	LEG_0.75|EXT|PHASE	VETO_K	ALL	213	271	1.272	-107.65	-241.67	29.88	-84.61	1800	0.4576	472.14	-0.054
E2	LEG_0.75|EXT|PHASE	VETO_K	MODEL_TOP3	213	243	1.141	-96.75	-232.92	29.44	-84.81	1800	0.465	406.25	-0.048
E2	LEG_0.75|EXT|PHASE	VETO_2K	ALL	167	186	1.114	-105.16	-234.96	20.38	-94.42	1793.75	0.4516	394.22	-0.053
E2	LEG_0.75|EXT|PHASE	VETO_2K	MODEL_TOP3	167	178	1.066	-64.87	-193.71	63.94	-60.86	1790.62	0.4775	349.04	-0.032
E2	LEG_0.75|EXT|PHASE	DAYSIDE	ALL	168	203	1.208	-139.45	-320.7	20.6	-115.41	1812.5	0.4384	514.96	-0.07
E2	LEG_0.75|EXT|PHASE	DAYSIDE	MODEL_TOP3	168	185	1.101	-114.21	-283.06	36.18	-103.72	1800	0.4486	455.31	-0.057
E2	LEG_0.75|EXT|PHASE	VETO_K+DAYSIDE	ALL	137	158	1.153	-163.98	-336.8	1.18	-142.18	1793.75	0.4304	468.61	-0.082
E2	LEG_0.75|EXT|PHASE	VETO_K+DAYSIDE	MODEL_TOP3	137	152	1.109	-191.41	-368.39	-21.7	-172.52	1793.75	0.4342	449.67	-0.096
E2	LEG_0.75|EXT|PHASE	SHUFFLED_VETO	ALL	219	292	1.333	-140.17	-317.1	27.64	-105.13	1825	0.4521	539.28	-0.07
E2	LEG_0.75|EXT|PHASE	SHUFFLED_VETO	MODEL_TOP3	219	265	1.21	-87.53	-246.6	63.44	-72.33	1825	0.4642	462.12	-0.044
E2	LEG_0.75|EXT|PHASE	SHUFFLED_DAYSIDE	ALL	169	202	1.195	34.74	-113.9	191.38	29.07	1843.75	0.505	378.55	0.017
E2	LEG_0.75|EXT|PHASE	SHUFFLED_DAYSIDE	MODEL_TOP3	169	187	1.107	13.33	-130.12	167.58	12.05	1850	0.4973	356.59	0.007
E2	LEG_0.75|EXT|TRAIL_1.5R	NONE	ALL	258	364	1.411	-94.14	-263.97	63.38	-66.73	1818.75	0.4725	539.72	-0.047
E2	LEG_0.75|EXT|TRAIL_1.5R	NONE	MODEL_TOP3	258	294	1.14	8.8	-119.72	131.58	7.72	1818.75	0.5102	368.28	0.004
E2	LEG_0.75|EXT|TRAIL_1.5R	VETO_K	ALL	213	272	1.277	-108.53	-247.35	29.23	-84.99	1800	0.4596	473.08	-0.054
E2	LEG_0.75|EXT|TRAIL_1.5R	VETO_K	MODEL_TOP3	213	243	1.141	-87.51	-219.4	34.72	-76.71	1800	0.4691	397.07	-0.044
E2	LEG_0.75|EXT|TRAIL_1.5R	VETO_2K	ALL	167	186	1.114	-103.4	-232.69	21.82	-92.84	1793.75	0.457	392.54	-0.052
E2	LEG_0.75|EXT|TRAIL_1.5R	VETO_2K	MODEL_TOP3	167	178	1.066	-63.11	-190.55	65.12	-59.21	1790.62	0.4831	347.37	-0.032
E2	LEG_0.75|EXT|TRAIL_1.5R	DAYSIDE	ALL	168	204	1.214	-140.52	-327.7	21.98	-115.72	1812.5	0.4412	516.12	-0.07
E2	LEG_0.75|EXT|TRAIL_1.5R	DAYSIDE	MODEL_TOP3	168	185	1.101	-109.49	-275.57	39.55	-99.43	1800	0.4541	450.66	-0.055
E2	LEG_0.75|EXT|TRAIL_1.5R	VETO_K+DAYSIDE	ALL	137	159	1.161	-165.34	-343	0.75	-142.46	1793.75	0.434	470.07	-0.083
E2	LEG_0.75|EXT|TRAIL_1.5R	VETO_K+DAYSIDE	MODEL_TOP3	137	152	1.109	-177.03	-346.77	-15.45	-159.56	1793.75	0.4408	435.4	-0.089
E2	LEG_0.75|EXT|TRAIL_1.5R	SHUFFLED_VETO	ALL	219	294	1.342	-136.42	-312.22	32.47	-101.62	1825	0.449	536.79	-0.068
E2	LEG_0.75|EXT|TRAIL_1.5R	SHUFFLED_VETO	MODEL_TOP3	219	265	1.21	-84.45	-242.51	67.18	-69.79	1825	0.4642	459.04	-0.042
E2	LEG_0.75|EXT|TRAIL_1.5R	SHUFFLED_DAYSIDE	ALL	169	203	1.201	35.04	-113.1	187.72	29.17	1850	0.5025	376.36	0.018
E2	LEG_0.75|EXT|TRAIL_1.5R	SHUFFLED_DAYSIDE	MODEL_TOP3	169	187	1.107	15.21	-129.21	166.54	13.75	1850	0.4973	352.82	0.008
E2	LEG_0.5|RECLAIM|TRAIL_1.5R	NONE	ALL	368	882	2.397	-132.84	-282.84	16.6	-55.43	1125	0.4422	791.17	-0.066
E2	LEG_0.5|RECLAIM|TRAIL_1.5R	NONE	MODEL_TOP3	368	529	1.438	41.98	-56.14	146.91	29.2	1112.5	0.4745	406.75	0.021
E2	LEG_0.5|RECLAIM|TRAIL_1.5R	VETO_K	ALL	351	724	2.063	-106.96	-237.07	28.98	-51.85	1087.5	0.4475	639.46	-0.053
E2	LEG_0.5|RECLAIM|TRAIL_1.5R	VETO_K	MODEL_TOP3	351	518	1.476	15.27	-82.25	119.05	10.35	1087.5	0.471	397.31	0.008
E2	LEG_0.5|RECLAIM|TRAIL_1.5R	VETO_2K	ALL	319	508	1.592	-59.65	-169.41	50.61	-37.46	1075	0.4488	456.2	-0.03
E2	LEG_0.5|RECLAIM|TRAIL_1.5R	VETO_2K	MODEL_TOP3	319	425	1.332	-12.35	-113.37	88.91	-9.27	1075	0.4565	367.27	-0.006
E2	LEG_0.5|RECLAIM|TRAIL_1.5R	DAYSIDE	ALL	310	515	1.661	-132.17	-261.42	-9.22	-79.56	1112.5	0.4194	604.17	-0.066
E2	LEG_0.5|RECLAIM|TRAIL_1.5R	DAYSIDE	MODEL_TOP3	310	388	1.252	-27.8	-134.65	80.46	-22.21	1100	0.4356	410.6	-0.014
E2	LEG_0.5|RECLAIM|TRAIL_1.5R	VETO_K+DAYSIDE	ALL	278	415	1.493	-112.68	-235.21	6.54	-75.48	1075	0.4361	514.3	-0.056
E2	LEG_0.5|RECLAIM|TRAIL_1.5R	VETO_K+DAYSIDE	MODEL_TOP3	278	346	1.245	-53.21	-158.19	56.72	-42.75	1075	0.4509	394.94	-0.027
E2	LEG_0.5|RECLAIM|TRAIL_1.5R	SHUFFLED_VETO	ALL	349	708	2.029	-105.33	-234.04	29.03	-51.92	1087.5	0.4576	656.87	-0.053
E2	LEG_0.5|RECLAIM|TRAIL_1.5R	SHUFFLED_VETO	MODEL_TOP3	349	532	1.524	-12.78	-121.77	108.74	-8.38	1087.5	0.468	472.25	-0.006
E2	LEG_0.5|RECLAIM|TRAIL_1.5R	SHUFFLED_DAYSIDE	ALL	303	488	1.611	-0.19	-122.6	127.12	-0.12	1125	0.4816	517.47	-0
E2	LEG_0.5|RECLAIM|TRAIL_1.5R	SHUFFLED_DAYSIDE	MODEL_TOP3	303	387	1.277	49.47	-60.92	159.86	38.73	1112.5	0.4858	368.26	0.025
E2	LEG_0.5|EXT|TRAIL_1.5R	NONE	ALL	368	829	2.253	-135.35	-284.42	16.24	-60.08	1262.5	0.4439	776.08	-0.068
E2	LEG_0.5|EXT|TRAIL_1.5R	NONE	MODEL_TOP3	368	516	1.402	43.95	-58.72	156.11	31.34	1262.5	0.4845	397.25	0.022
E2	LEG_0.5|EXT|TRAIL_1.5R	VETO_K	ALL	351	690	1.966	-115.47	-243.93	14.42	-58.74	1250	0.4493	642.51	-0.058
E2	LEG_0.5|EXT|TRAIL_1.5R	VETO_K	MODEL_TOP3	351	505	1.439	5.14	-90	107.48	3.57	1256.25	0.4752	402.27	0.003
E2	LEG_0.5|EXT|TRAIL_1.5R	VETO_2K	ALL	319	499	1.564	-70.4	-178.45	42.7	-45.01	1237.5	0.4489	462.72	-0.035
E2	LEG_0.5|EXT|TRAIL_1.5R	VETO_2K	MODEL_TOP3	319	422	1.323	-6.17	-103.63	91.39	-4.67	1250	0.4621	361.62	-0.003
E2	LEG_0.5|EXT|TRAIL_1.5R	DAYSIDE	ALL	310	508	1.639	-158	-293.33	-28.66	-96.42	1250	0.4232	626.56	-0.079
E2	LEG_0.5|EXT|TRAIL_1.5R	DAYSIDE	MODEL_TOP3	310	386	1.245	-39.59	-149.34	72.5	-31.8	1250	0.4352	420.96	-0.02
E2	LEG_0.5|EXT|TRAIL_1.5R	VETO_K+DAYSIDE	ALL	278	409	1.471	-127.02	-247.83	-3.4	-86.33	1250	0.4401	526.09	-0.064
E2	LEG_0.5|EXT|TRAIL_1.5R	VETO_K+DAYSIDE	MODEL_TOP3	278	346	1.245	-71.58	-178.73	41.44	-57.51	1237.5	0.4509	412.29	-0.036
E2	LEG_0.5|EXT|TRAIL_1.5R	SHUFFLED_VETO	ALL	349	665	1.905	-97.69	-241.11	50.12	-51.27	1256.25	0.4692	657.07	-0.049
E2	LEG_0.5|EXT|TRAIL_1.5R	SHUFFLED_VETO	MODEL_TOP3	349	516	1.479	-3.29	-112.16	129.21	-2.23	1250	0.4787	469.51	-0.002
E2	LEG_0.5|EXT|TRAIL_1.5R	SHUFFLED_DAYSIDE	ALL	303	481	1.587	-13.41	-136.7	115.11	-8.45	1262.5	0.4906	534.76	-0.007
E2	LEG_0.5|EXT|TRAIL_1.5R	SHUFFLED_DAYSIDE	MODEL_TOP3	303	384	1.267	45.52	-65.53	156.58	35.92	1250	0.4948	377.93	0.023
E2	LEG_0.5|RECLAIM|PHASE	NONE	ALL	368	841	2.285	-139.11	-297.36	16.2	-60.87	1125	0.4411	800.66	-0.07
E2	LEG_0.5|RECLAIM|PHASE	NONE	MODEL_TOP3	368	526	1.429	43.48	-57.75	151.25	30.42	1112.5	0.4791	406.14	0.022
E2	LEG_0.5|RECLAIM|PHASE	VETO_K	ALL	351	710	2.023	-129.33	-262.21	11.05	-63.93	1087.5	0.4437	661.49	-0.065
E2	LEG_0.5|RECLAIM|PHASE	VETO_K	MODEL_TOP3	351	516	1.47	4.79	-99.18	115.35	3.26	1087.5	0.469	409.08	0.002
E2	LEG_0.5|RECLAIM|PHASE	VETO_2K	ALL	319	508	1.592	-76.46	-189.53	37.69	-48.01	1075	0.4488	475.03	-0.038
E2	LEG_0.5|RECLAIM|PHASE	VETO_2K	MODEL_TOP3	319	425	1.332	-20.61	-124.04	79.4	-15.47	1075	0.4565	377.27	-0.01
E2	LEG_0.5|RECLAIM|PHASE	DAYSIDE	ALL	310	506	1.632	-147.78	-282.53	-14.56	-90.54	1109.38	0.4209	620.43	-0.074
E2	LEG_0.5|RECLAIM|PHASE	DAYSIDE	MODEL_TOP3	310	385	1.242	-40.22	-152.78	76.46	-32.39	1100	0.4364	423.36	-0.02
E2	LEG_0.5|RECLAIM|PHASE	VETO_K+DAYSIDE	ALL	278	414	1.489	-146.52	-275.75	-21.55	-98.39	1075	0.4324	540.89	-0.073
E2	LEG_0.5|RECLAIM|PHASE	VETO_K+DAYSIDE	MODEL_TOP3	278	346	1.245	-78.23	-187.75	37.61	-62.86	1075	0.4451	415.97	-0.039
E2	LEG_0.5|RECLAIM|PHASE	SHUFFLED_VETO	ALL	349	684	1.96	-129.64	-274.77	16.49	-66.15	1084.38	0.4591	682.95	-0.065
E2	LEG_0.5|RECLAIM|PHASE	SHUFFLED_VETO	MODEL_TOP3	349	528	1.513	-27.35	-138.78	99.8	-18.08	1087.5	0.4716	492.98	-0.014
E2	LEG_0.5|RECLAIM|PHASE	SHUFFLED_DAYSIDE	ALL	303	475	1.568	26.77	-104.15	163.06	17.08	1125	0.4905	507.99	0.013
E2	LEG_0.5|RECLAIM|PHASE	SHUFFLED_DAYSIDE	MODEL_TOP3	303	383	1.264	59.75	-52.59	173.24	47.27	1112.5	0.4961	365.83	0.03
E2	LEG_0.5|RECLAIM|TRAIL_1.0R	NONE	ALL	368	1034	2.81	-115.42	-251.77	26.97	-41.08	1112.5	0.4255	821.99	-0.058
E2	LEG_0.5|RECLAIM|TRAIL_1.0R	NONE	MODEL_TOP3	368	574	1.56	-10.04	-103.87	83.79	-6.44	1112.5	0.4443	437.8	-0.005
E2	LEG_0.5|RECLAIM|TRAIL_1.0R	VETO_K	ALL	351	814	2.319	-124.65	-251.71	9.54	-53.75	1075	0.4337	664.39	-0.062
E2	LEG_0.5|RECLAIM|TRAIL_1.0R	VETO_K	MODEL_TOP3	351	551	1.57	-19.17	-109.62	79.45	-12.21	1081.25	0.4537	424.65	-0.01
E2	LEG_0.5|RECLAIM|TRAIL_1.0R	VETO_2K	ALL	319	540	1.693	-74.18	-188.08	35.35	-43.82	1075	0.4259	464.89	-0.037
E2	LEG_0.5|RECLAIM|TRAIL_1.0R	VETO_2K	MODEL_TOP3	319	444	1.392	-39.01	-138.18	56.76	-28.03	1075	0.4279	376.76	-0.02
E2	LEG_0.5|RECLAIM|TRAIL_1.0R	DAYSIDE	ALL	310	542	1.748	-128.66	-242.79	-17.17	-73.59	1106.25	0.4077	576.11	-0.064
E2	LEG_0.5|RECLAIM|TRAIL_1.0R	DAYSIDE	MODEL_TOP3	310	395	1.274	-46.81	-142.56	50.93	-36.74	1100	0.4228	394.4	-0.023
E2	LEG_0.5|RECLAIM|TRAIL_1.0R	VETO_K+DAYSIDE	ALL	278	434	1.561	-124.87	-241.25	-16.83	-79.99	1075	0.4263	498.05	-0.062
E2	LEG_0.5|RECLAIM|TRAIL_1.0R	VETO_K+DAYSIDE	MODEL_TOP3	278	352	1.266	-61.59	-160.04	38.73	-48.64	1075	0.4432	383.17	-0.031
E2	LEG_0.5|RECLAIM|TRAIL_1.0R	SHUFFLED_VETO	ALL	349	817	2.341	-92.24	-215.45	30.76	-39.4	1087.5	0.4394	692.29	-0.046
E2	LEG_0.5|RECLAIM|TRAIL_1.0R	SHUFFLED_VETO	MODEL_TOP3	349	593	1.699	-20.23	-124.49	83.43	-11.9	1087.5	0.4435	487.74	-0.01
E2	LEG_0.5|RECLAIM|TRAIL_1.0R	SHUFFLED_DAYSIDE	ALL	303	508	1.677	11.69	-100.93	130.45	6.97	1125	0.4587	491.53	0.006
E2	LEG_0.5|RECLAIM|TRAIL_1.0R	SHUFFLED_DAYSIDE	MODEL_TOP3	303	391	1.29	24.53	-76.86	125.82	19.01	1112.5	0.4655	356.65	0.012
E2	LEG_0.5|EXT|PHASE	NONE	ALL	368	807	2.193	-147.04	-308.23	15	-67.05	1262.5	0.4411	792.66	-0.074
E2	LEG_0.5|EXT|PHASE	NONE	MODEL_TOP3	368	514	1.397	48.28	-60.85	166.6	34.57	1262.5	0.4864	397.71	0.024
E2	LEG_0.5|EXT|PHASE	VETO_K	ALL	351	685	1.952	-137.38	-269.42	-1.41	-70.39	1250	0.4467	659.69	-0.069
E2	LEG_0.5|EXT|PHASE	VETO_K	MODEL_TOP3	351	505	1.439	-2.49	-103.25	105.47	-1.73	1256.25	0.4752	410.95	-0.001
E2	LEG_0.5|EXT|PHASE	VETO_2K	ALL	319	499	1.564	-82.96	-192.96	30.68	-53.03	1237.5	0.4489	475.48	-0.041
E2	LEG_0.5|EXT|PHASE	VETO_2K	MODEL_TOP3	319	422	1.323	-14	-111.4	83.49	-10.58	1250	0.4621	372.07	-0.007
E2	LEG_0.5|EXT|PHASE	DAYSIDE	ALL	310	501	1.616	-164.96	-304.28	-26.8	-102.07	1250	0.4251	635.41	-0.082
E2	LEG_0.5|EXT|PHASE	DAYSIDE	MODEL_TOP3	310	384	1.239	-44.84	-158.16	72.21	-36.2	1250	0.4375	427.98	-0.022
E2	LEG_0.5|EXT|PHASE	VETO_K+DAYSIDE	ALL	278	408	1.468	-147.83	-272.94	-21.68	-100.73	1243.75	0.4387	543.23	-0.074
E2	LEG_0.5|EXT|PHASE	VETO_K+DAYSIDE	MODEL_TOP3	278	346	1.245	-86.53	-197.79	32.81	-69.52	1237.5	0.448	426.36	-0.043
E2	LEG_0.5|EXT|PHASE	SHUFFLED_VETO	ALL	349	651	1.865	-107.21	-261.63	53.76	-57.48	1262.5	0.47	665.77	-0.054
E2	LEG_0.5|EXT|PHASE	SHUFFLED_VETO	MODEL_TOP3	349	512	1.467	-6.37	-119.87	127.41	-4.34	1250	0.4824	476.49	-0.003
E2	LEG_0.5|EXT|PHASE	SHUFFLED_DAYSIDE	ALL	303	472	1.558	9.68	-126.38	151.01	6.22	1262.5	0.4936	527.59	0.005
E2	LEG_0.5|EXT|PHASE	SHUFFLED_DAYSIDE	MODEL_TOP3	303	382	1.261	50.15	-64.72	167.99	39.78	1250	0.4974	377.95	0.025
E2	TREND_1800|EXT|TRAIL_1.5R	NONE	ALL	384	3795	9.883	-392.64	-604.05	-177.45	-39.73	412.5	0.3671	1828.29	-0.196
E2	TREND_1800|EXT|TRAIL_1.5R	NONE	MODEL_TOP3	384	685	1.784	-11.99	-87.21	75.13	-6.72	325	0.4	293.02	-0.006
E2	TREND_1800|EXT|TRAIL_1.5R	VETO_K	ALL	384	3462	9.016	-354.17	-561.99	-147.95	-39.28	425	0.3648	1667.55	-0.177
E2	TREND_1800|EXT|TRAIL_1.5R	VETO_K	MODEL_TOP3	384	720	1.875	0.09	-60.81	64.72	0.05	325	0.4181	300.64	0
E2	TREND_1800|EXT|TRAIL_1.5R	VETO_2K	ALL	384	3062	7.974	-298.85	-455.92	-138.52	-37.48	400	0.3674	1382.49	-0.149
E2	TREND_1800|EXT|TRAIL_1.5R	VETO_2K	MODEL_TOP3	384	742	1.932	-15.18	-68.67	43.93	-7.86	312.5	0.4003	294.34	-0.008
E2	TREND_1800|EXT|TRAIL_1.5R	DAYSIDE	ALL	384	3673	9.565	-198.73	-354.01	-40.56	-20.78	300	0.3629	1352.42	-0.099
E2	TREND_1800|EXT|TRAIL_1.5R	DAYSIDE	MODEL_TOP3	384	671	1.747	57.96	-8.73	135.73	33.17	325	0.4352	276.87	0.029
E2	TREND_1800|EXT|TRAIL_1.5R	VETO_K+DAYSIDE	ALL	384	3029	7.888	-113.63	-257.8	28.9	-14.4	325	0.3744	1197.47	-0.057
E2	TREND_1800|EXT|TRAIL_1.5R	VETO_K+DAYSIDE	MODEL_TOP3	384	696	1.812	65.03	1.43	134.3	35.88	328.12	0.444	270.52	0.033
E2	TREND_1800|EXT|TRAIL_1.5R	SHUFFLED_VETO	ALL	384	3280	8.542	-364.26	-559.56	-167.4	-42.64	425	0.3561	1656.66	-0.182
E2	TREND_1800|EXT|TRAIL_1.5R	SHUFFLED_VETO	MODEL_TOP3	384	789	2.055	-53.86	-127.07	18.71	-26.21	350	0.379	376.19	-0.027
E2	TREND_1800|EXT|TRAIL_1.5R	SHUFFLED_DAYSIDE	ALL	384	3798	9.891	-262.41	-414.35	-107.23	-26.53	300	0.3504	1424.89	-0.131
E2	TREND_1800|EXT|TRAIL_1.5R	SHUFFLED_DAYSIDE	MODEL_TOP3	384	673	1.753	116.68	46.56	189.96	66.58	312.5	0.4532	263.61	0.058
E2	TREND_900|EXT|TRAIL_1.0R	NONE	ALL	384	7084	18.448	-495.33	-676.24	-311.85	-26.85	362.5	0.3545	1902.75	-0.248
E2	TREND_900|EXT|TRAIL_1.0R	NONE	MODEL_TOP3	384	771	2.008	-22.52	-70.06	27.54	-11.22	287.5	0.3735	248.99	-0.011
E2	TREND_900|EXT|TRAIL_1.0R	VETO_K	ALL	384	5820	15.156	-406.58	-587.16	-232.38	-26.83	362.5	0.36	1667.39	-0.203
E2	TREND_900|EXT|TRAIL_1.0R	VETO_K	MODEL_TOP3	384	788	2.052	-47.03	-88.8	-5.57	-22.92	287.5	0.368	243.28	-0.024
E2	TREND_900|EXT|TRAIL_1.0R	VETO_2K	ALL	384	4727	12.31	-371.32	-506.26	-228.41	-30.16	350	0.3567	1374.51	-0.186
E2	TREND_900|EXT|TRAIL_1.0R	VETO_2K	MODEL_TOP3	384	792	2.062	-8.83	-49.09	35.01	-4.28	275	0.3876	228.44	-0.004
E2	TREND_900|EXT|TRAIL_1.0R	DAYSIDE	ALL	384	6162	16.047	-463.1	-609.42	-317.59	-28.86	281.25	0.3457	1529	-0.232
E2	TREND_900|EXT|TRAIL_1.0R	DAYSIDE	MODEL_TOP3	384	747	1.945	13.06	-38.4	62.31	6.71	281.25	0.3922	229.67	0.007
E2	TREND_900|EXT|TRAIL_1.0R	VETO_K+DAYSIDE	ALL	384	4686	12.203	-304.42	-429.6	-180.28	-24.95	300	0.3517	1257.82	-0.152
E2	TREND_900|EXT|TRAIL_1.0R	VETO_K+DAYSIDE	MODEL_TOP3	384	778	2.026	-16.92	-60.25	28.15	-8.35	275	0.3907	232.12	-0.008
E2	TREND_900|EXT|TRAIL_1.0R	SHUFFLED_VETO	ALL	384	5598	14.578	-396.18	-556.84	-234.81	-27.18	375	0.3635	1700.16	-0.198
E2	TREND_900|EXT|TRAIL_1.0R	SHUFFLED_VETO	MODEL_TOP3	384	878	2.286	-55.28	-109.79	-2.59	-24.18	306.25	0.3497	322.86	-0.028
E2	TREND_900|EXT|TRAIL_1.0R	SHUFFLED_DAYSIDE	ALL	384	6031	15.706	-416.24	-559.04	-267.64	-26.5	287.5	0.3462	1531.35	-0.208
E2	TREND_900|EXT|TRAIL_1.0R	SHUFFLED_DAYSIDE	MODEL_TOP3	384	736	1.917	7.73	-48.23	63.61	4.04	287.5	0.3777	250.62	0.004
E2	TREND_900|RECLAIM|TRAIL_1.0R	NONE	ALL	384	14951	38.935	-1237.97	-1430.47	-1043.48	-31.8	162.5	0.3037	2337.53	-0.619
E2	TREND_900|RECLAIM|TRAIL_1.0R	NONE	MODEL_TOP3	384	852	2.219	-71.61	-102.49	-36.57	-32.27	137.5	0.2934	202.4	-0.036
E2	TREND_900|RECLAIM|TRAIL_1.0R	VETO_K	ALL	384	11434	29.776	-940.73	-1093.94	-778.76	-31.59	162.5	0.3055	1841.02	-0.47
E2	TREND_900|RECLAIM|TRAIL_1.0R	VETO_K	MODEL_TOP3	384	854	2.224	-73.86	-101.45	-46.57	-33.21	137.5	0.3033	191.73	-0.037
E2	TREND_900|RECLAIM|TRAIL_1.0R	VETO_2K	ALL	384	8289	21.586	-695.33	-794.31	-595.35	-32.21	150	0.2999	1347.04	-0.348
E2	TREND_900|RECLAIM|TRAIL_1.0R	VETO_2K	MODEL_TOP3	384	841	2.19	-53.95	-81.37	-25.31	-24.63	137.5	0.3139	171.55	-0.027
E2	TREND_900|RECLAIM|TRAIL_1.0R	DAYSIDE	ALL	384	9855	25.664	-858.97	-999.29	-727.88	-33.47	143.75	0.2939	1632.47	-0.429
E2	TREND_900|RECLAIM|TRAIL_1.0R	DAYSIDE	MODEL_TOP3	384	829	2.159	-34.77	-78.04	8.63	-16.11	137.5	0.3064	190.5	-0.017
E2	TREND_900|RECLAIM|TRAIL_1.0R	VETO_K+DAYSIDE	ALL	384	7017	18.273	-571.51	-676.32	-461.58	-31.28	150	0.2998	1201.61	-0.286
E2	TREND_900|RECLAIM|TRAIL_1.0R	VETO_K+DAYSIDE	MODEL_TOP3	384	854	2.224	-63.45	-94.87	-30	-28.53	131.25	0.3033	187.27	-0.032
E2	TREND_900|RECLAIM|TRAIL_1.0R	SHUFFLED_VETO	ALL	384	10039	26.143	-792.71	-955.31	-629.33	-30.32	175	0.3071	1792.39	-0.396
E2	TREND_900|RECLAIM|TRAIL_1.0R	SHUFFLED_VETO	MODEL_TOP3	384	956	2.49	-85.1	-125.86	-42.16	-34.18	150	0.2897	240.63	-0.043
E2	TREND_900|RECLAIM|TRAIL_1.0R	SHUFFLED_DAYSIDE	ALL	384	9730	25.339	-868.82	-1005.06	-734.41	-34.29	150	0.2931	1634.3	-0.434
E2	TREND_900|RECLAIM|TRAIL_1.0R	SHUFFLED_DAYSIDE	MODEL_TOP3	384	821	2.138	-54.02	-99.98	-8.84	-25.26	150	0.2777	213.36	-0.027
E2	TREND_900|SWING|TRAIL_1.0R	NONE	ALL	384	33719	87.81	-2985.4	-3219.55	-2758.33	-34	75	0.2485	3437.78	-1.493
E2	TREND_900|SWING|TRAIL_1.0R	NONE	MODEL_TOP3	384	925	2.409	-95.31	-111.33	-78.12	-39.57	68.75	0.2205	150.05	-0.048
E2	TREND_900|SWING|TRAIL_1.0R	VETO_K	ALL	384	21636	56.344	-1961.47	-2062.72	-1858.36	-34.81	75	0.2437	2246.53	-0.981
E2	TREND_900|SWING|TRAIL_1.0R	VETO_K	MODEL_TOP3	384	925	2.409	-87.48	-102.1	-74.33	-36.32	75	0.2519	142.04	-0.044
E2	TREND_900|SWING|TRAIL_1.0R	VETO_2K	ALL	384	13420	34.948	-1202.44	-1269.69	-1138.26	-34.41	62.5	0.239	1400.01	-0.601
E2	TREND_900|SWING|TRAIL_1.0R	VETO_2K	MODEL_TOP3	384	910	2.37	-80.05	-93.93	-66.07	-33.78	62.5	0.2538	131.53	-0.04
E2	TREND_900|SWING|TRAIL_1.0R	DAYSIDE	ALL	384	17461	45.471	-1540.41	-1673.14	-1406.93	-33.88	75	0.2538	1930.34	-0.77
E2	TREND_900|SWING|TRAIL_1.0R	DAYSIDE	MODEL_TOP3	384	906	2.359	-99.51	-117.24	-81.49	-42.18	75	0.2163	151.54	-0.05
E2	TREND_900|SWING|TRAIL_1.0R	VETO_K+DAYSIDE	ALL	384	11004	28.656	-994.7	-1070.43	-921.68	-34.71	75	0.248	1249.46	-0.497
E2	TREND_900|SWING|TRAIL_1.0R	VETO_K+DAYSIDE	MODEL_TOP3	384	911	2.372	-87.63	-104.74	-71.14	-36.94	75	0.2371	143.46	-0.044
E2	TREND_900|SWING|TRAIL_1.0R	SHUFFLED_VETO	ALL	384	17753	46.232	-1598.85	-1745.5	-1454.75	-34.58	75	0.2492	2000.59	-0.799
E2	TREND_900|SWING|TRAIL_1.0R	SHUFFLED_VETO	MODEL_TOP3	384	1011	2.633	-114.47	-133.13	-93.36	-43.48	75	0.2166	171.89	-0.057
E2	TREND_900|SWING|TRAIL_1.0R	SHUFFLED_DAYSIDE	ALL	384	17114	44.568	-1494.91	-1617.64	-1376.95	-33.54	75	0.2498	1880.1	-0.747
E2	TREND_900|SWING|TRAIL_1.0R	SHUFFLED_DAYSIDE	MODEL_TOP3	384	887	2.31	-92.57	-110.51	-74.3	-40.08	75	0.212	145.04	-0.046
E2	TREND_1800|EXT|TRAIL_1.0R	NONE	ALL	384	5993	15.607	-437.85	-618.42	-257.91	-28.06	387.5	0.3651	1861.48	-0.219
E2	TREND_1800|EXT|TRAIL_1.0R	NONE	MODEL_TOP3	384	724	1.885	-51.4	-99.16	-0.41	-27.26	325	0.3715	267.91	-0.026
E2	TREND_1800|EXT|TRAIL_1.0R	VETO_K	ALL	384	4934	12.849	-353.32	-536.33	-171.13	-27.5	400	0.3717	1639.49	-0.177
E2	TREND_1800|EXT|TRAIL_1.0R	VETO_K	MODEL_TOP3	384	754	1.964	-39.29	-90.15	11.16	-20.01	325	0.3793	270.66	-0.02
E2	TREND_1800|EXT|TRAIL_1.0R	VETO_2K	ALL	384	4089	10.648	-263.58	-404.08	-120.55	-24.75	387.5	0.3759	1298.76	-0.132
E2	TREND_1800|EXT|TRAIL_1.0R	VETO_2K	MODEL_TOP3	384	782	2.036	-39.92	-83.39	8.09	-19.6	312.5	0.3772	262.9	-0.02
E2	TREND_1800|EXT|TRAIL_1.0R	DAYSIDE	ALL	384	4850	12.63	-331.4	-474.79	-190.24	-26.24	312.5	0.3561	1376.26	-0.166
E2	TREND_1800|EXT|TRAIL_1.0R	DAYSIDE	MODEL_TOP3	384	699	1.82	8.31	-38.15	54.92	4.57	325	0.4077	250.25	0.004
E2	TREND_1800|EXT|TRAIL_1.0R	VETO_K+DAYSIDE	ALL	384	3833	9.982	-240.78	-375.69	-113.27	-24.12	331.25	0.3647	1196.11	-0.12
E2	TREND_1800|EXT|TRAIL_1.0R	VETO_K+DAYSIDE	MODEL_TOP3	384	724	1.885	3.4	-47.04	56.05	1.8	325	0.4006	248.68	0.002
E2	TREND_1800|EXT|TRAIL_1.0R	SHUFFLED_VETO	ALL	384	4744	12.354	-338.06	-531.02	-153.27	-27.36	412.5	0.3672	1652.37	-0.169
E2	TREND_1800|EXT|TRAIL_1.0R	SHUFFLED_VETO	MODEL_TOP3	384	835	2.174	-51.5	-107.1	4.68	-23.68	350	0.3772	317.75	-0.026
E2	TREND_1800|EXT|TRAIL_1.0R	SHUFFLED_DAYSIDE	ALL	384	4942	12.87	-370.58	-504.36	-232.72	-28.79	306.25	0.3517	1412.43	-0.185
E2	TREND_1800|EXT|TRAIL_1.0R	SHUFFLED_DAYSIDE	MODEL_TOP3	384	705	1.836	33.45	-21.38	87.95	18.22	312.5	0.4099	241.51	0.017
E2	TREND_1800|RECLAIM|TRAIL_1.0R	NONE	ALL	384	11173	29.096	-888.92	-1079.8	-709.65	-30.55	200	0.3144	2058.11	-0.444
E2	TREND_1800|RECLAIM|TRAIL_1.0R	NONE	MODEL_TOP3	384	806	2.099	-90.83	-121.72	-59.34	-43.28	175	0.3139	224.34	-0.045
E2	TREND_1800|RECLAIM|TRAIL_1.0R	VETO_K	ALL	384	8682	22.609	-687.02	-847.2	-521.99	-30.39	200	0.3202	1747.06	-0.344
E2	TREND_1800|RECLAIM|TRAIL_1.0R	VETO_K	MODEL_TOP3	384	812	2.115	-79.91	-116.06	-42.31	-37.79	175	0.3153	223.12	-0.04
E2	TREND_1800|RECLAIM|TRAIL_1.0R	VETO_2K	ALL	384	6521	16.982	-553.2	-667.54	-434.64	-32.58	200	0.3161	1335.98	-0.277
E2	TREND_1800|RECLAIM|TRAIL_1.0R	VETO_2K	MODEL_TOP3	384	824	2.146	-54.01	-88.01	-16.17	-25.17	175	0.3374	211.14	-0.027
E2	TREND_1800|RECLAIM|TRAIL_1.0R	DAYSIDE	ALL	384	7547	19.654	-612.67	-742.88	-484.29	-31.17	175	0.3115	1412.45	-0.306
E2	TREND_1800|RECLAIM|TRAIL_1.0R	DAYSIDE	MODEL_TOP3	384	771	2.008	-34.45	-75.05	10.03	-17.16	181.25	0.323	218.46	-0.017
E2	TREND_1800|RECLAIM|TRAIL_1.0R	VETO_K+DAYSIDE	ALL	384	5506	14.339	-429.36	-537.08	-324.48	-29.94	181.25	0.3193	1152.26	-0.215
E2	TREND_1800|RECLAIM|TRAIL_1.0R	VETO_K+DAYSIDE	MODEL_TOP3	384	781	2.034	-49.9	-87.13	-11.12	-24.53	175	0.3303	212.74	-0.025
E2	TREND_1800|RECLAIM|TRAIL_1.0R	SHUFFLED_VETO	ALL	384	7949	20.701	-666.82	-823.09	-509.47	-32.21	212.5	0.3197	1701.18	-0.333
E2	TREND_1800|RECLAIM|TRAIL_1.0R	SHUFFLED_VETO	MODEL_TOP3	384	907	2.362	-60.61	-102.91	-13.33	-25.66	187.5	0.3308	250.46	-0.03
E2	TREND_1800|RECLAIM|TRAIL_1.0R	SHUFFLED_DAYSIDE	ALL	384	7588	19.76	-615.75	-744.69	-486.64	-31.16	162.5	0.3009	1443.77	-0.308
E2	TREND_1800|RECLAIM|TRAIL_1.0R	SHUFFLED_DAYSIDE	MODEL_TOP3	384	778	2.026	1.15	-43.74	48.74	0.57	175	0.3406	194.28	0.001
E2	TREND_1800|SWING|TRAIL_1.0R	NONE	ALL	384	27735	72.227	-2330.5	-2513.75	-2134.33	-32.27	81.25	0.2597	2946.45	-1.165
E2	TREND_1800|SWING|TRAIL_1.0R	NONE	MODEL_TOP3	384	883	2.299	-69.36	-88.88	-49.89	-30.16	75	0.2639	147.22	-0.035
E2	TREND_1800|SWING|TRAIL_1.0R	VETO_K	ALL	384	18780	48.906	-1618.54	-1736.83	-1486.05	-33.09	75	0.2547	2054.16	-0.809
E2	TREND_1800|SWING|TRAIL_1.0R	VETO_K	MODEL_TOP3	384	904	2.354	-59	-79.62	-38.47	-25.06	75	0.2754	141.97	-0.03
E2	TREND_1800|SWING|TRAIL_1.0R	VETO_2K	ALL	384	11884	30.948	-1041.39	-1120.24	-955.34	-33.65	75	0.2474	1361.31	-0.521
E2	TREND_1800|SWING|TRAIL_1.0R	VETO_2K	MODEL_TOP3	384	907	2.362	-62.69	-81.99	-41.66	-26.54	75	0.2745	142.63	-0.031
E2	TREND_1800|SWING|TRAIL_1.0R	DAYSIDE	ALL	384	14360	37.396	-1239.5	-1349.38	-1125.66	-33.15	87.5	0.2614	1735.16	-0.62
E2	TREND_1800|SWING|TRAIL_1.0R	DAYSIDE	MODEL_TOP3	384	879	2.289	-69.34	-87.96	-50.14	-30.29	75	0.2571	145.27	-0.035
E2	TREND_1800|SWING|TRAIL_1.0R	VETO_K+DAYSIDE	ALL	384	9739	25.362	-846.6	-920.95	-770.27	-33.38	75	0.2576	1183.62	-0.423
E2	TREND_1800|SWING|TRAIL_1.0R	VETO_K+DAYSIDE	MODEL_TOP3	384	885	2.305	-62.47	-82.77	-41.75	-27.1	75	0.2678	136.88	-0.031
E2	TREND_1800|SWING|TRAIL_1.0R	SHUFFLED_VETO	ALL	384	15626	40.693	-1350.42	-1472.78	-1229.26	-33.19	87.5	0.2623	1870.89	-0.675
E2	TREND_1800|SWING|TRAIL_1.0R	SHUFFLED_VETO	MODEL_TOP3	384	992	2.583	-99.94	-121.07	-78.22	-38.69	87.5	0.2651	179.7	-0.05
E2	TREND_1800|SWING|TRAIL_1.0R	SHUFFLED_DAYSIDE	ALL	384	14229	37.055	-1167.09	-1281.61	-1054.74	-31.5	87.5	0.2647	1676.96	-0.584
E2	TREND_1800|SWING|TRAIL_1.0R	SHUFFLED_DAYSIDE	MODEL_TOP3	384	869	2.263	-68.07	-87.02	-47.65	-30.08	75	0.2612	142.35	-0.034
E2	TREND_3600|EXT|TRAIL_1.0R	NONE	ALL	384	5162	13.443	-335.13	-525.93	-140.35	-24.93	412.5	0.3572	1727.79	-0.168
E2	TREND_3600|EXT|TRAIL_1.0R	NONE	MODEL_TOP3	384	664	1.729	-35.37	-87.67	20.41	-20.46	387.5	0.3916	260.85	-0.018
E2	TREND_3600|EXT|TRAIL_1.0R	VETO_K	ALL	384	4381	11.409	-241.31	-426.79	-50.34	-21.15	437.5	0.3741	1555.67	-0.121
E2	TREND_3600|EXT|TRAIL_1.0R	VETO_K	MODEL_TOP3	384	707	1.841	-20.35	-71.61	40.56	-11.06	400	0.3918	264.42	-0.01
E2	TREND_3600|EXT|TRAIL_1.0R	VETO_2K	ALL	384	3669	9.555	-295.51	-453.18	-130.39	-30.93	450	0.3715	1379.33	-0.148
E2	TREND_3600|EXT|TRAIL_1.0R	VETO_2K	MODEL_TOP3	384	721	1.878	-25.09	-76.17	36.75	-13.37	400	0.405	270.63	-0.013
E2	TREND_3600|EXT|TRAIL_1.0R	DAYSIDE	ALL	384	3936	10.25	-247.13	-391.69	-102.46	-24.11	337.5	0.361	1250.46	-0.124
E2	TREND_3600|EXT|TRAIL_1.0R	DAYSIDE	MODEL_TOP3	384	626	1.63	9.77	-44.41	71.14	5.99	393.75	0.4042	245	0.005
E2	TREND_3600|EXT|TRAIL_1.0R	VETO_K+DAYSIDE	ALL	384	3172	8.26	-141.07	-270.64	-7.06	-17.08	375	0.3777	1077.98	-0.071
E2	TREND_3600|EXT|TRAIL_1.0R	VETO_K+DAYSIDE	MODEL_TOP3	384	670	1.745	47.64	-8.67	108.5	27.3	400	0.4209	244.15	0.024
E2	TREND_3600|EXT|TRAIL_1.0R	SHUFFLED_VETO	ALL	384	4038	10.516	-296.93	-473.34	-126.78	-28.24	462.5	0.3702	1563.35	-0.148
E2	TREND_3600|EXT|TRAIL_1.0R	SHUFFLED_VETO	MODEL_TOP3	384	773	2.013	-51.54	-113.3	17.9	-25.6	412.5	0.3881	324.12	-0.026
E2	TREND_3600|EXT|TRAIL_1.0R	SHUFFLED_DAYSIDE	ALL	384	3908	10.177	-178.03	-316.49	-33.8	-17.49	337.5	0.3577	1230.49	-0.089
E2	TREND_3600|EXT|TRAIL_1.0R	SHUFFLED_DAYSIDE	MODEL_TOP3	384	619	1.612	68.11	18.14	122.83	42.25	375	0.4394	210.52	0.034
E2	TREND_3600|RECLAIM|TRAIL_1.0R	NONE	ALL	384	8500	22.135	-583.69	-757.41	-409.22	-26.37	231.25	0.3313	1867.93	-0.292
E2	TREND_3600|RECLAIM|TRAIL_1.0R	NONE	MODEL_TOP3	384	729	1.898	-42.83	-85.62	2.76	-22.56	225	0.3457	216.58	-0.021
E2	TREND_3600|RECLAIM|TRAIL_1.0R	VETO_K	ALL	384	6687	17.414	-448.61	-612.92	-287.99	-25.76	250	0.3413	1599.22	-0.224
E2	TREND_3600|RECLAIM|TRAIL_1.0R	VETO_K	MODEL_TOP3	384	752	1.958	-38.71	-81.77	9.48	-19.77	243.75	0.3418	224.56	-0.019
E2	TREND_3600|RECLAIM|TRAIL_1.0R	VETO_2K	ALL	384	5193	13.523	-409.19	-549.4	-273.33	-30.26	262.5	0.3389	1323.39	-0.205
E2	TREND_3600|RECLAIM|TRAIL_1.0R	VETO_2K	MODEL_TOP3	384	758	1.974	-42.68	-82.95	2.86	-21.62	250	0.347	225.18	-0.021
E2	TREND_3600|RECLAIM|TRAIL_1.0R	DAYSIDE	ALL	384	5840	15.208	-431.27	-558.54	-305.62	-28.36	200	0.326	1288.75	-0.216
E2	TREND_3600|RECLAIM|TRAIL_1.0R	DAYSIDE	MODEL_TOP3	384	704	1.833	-24.12	-69.24	20.7	-13.16	237.5	0.3523	216.62	-0.012
E2	TREND_3600|RECLAIM|TRAIL_1.0R	VETO_K+DAYSIDE	ALL	384	4361	11.357	-326.51	-444.49	-212.83	-28.75	225	0.3332	1093.72	-0.163
E2	TREND_3600|RECLAIM|TRAIL_1.0R	VETO_K+DAYSIDE	MODEL_TOP3	384	730	1.901	-13.93	-62.9	37.25	-7.33	250	0.3493	223.75	-0.007
E2	TREND_3600|RECLAIM|TRAIL_1.0R	SHUFFLED_VETO	ALL	384	6159	16.039	-469.06	-630.23	-299.75	-29.25	262.5	0.34	1577.11	-0.235
E2	TREND_3600|RECLAIM|TRAIL_1.0R	SHUFFLED_VETO	MODEL_TOP3	384	844	2.198	-62.32	-112.31	-7.09	-28.36	250	0.3199	272.09	-0.031
E2	TREND_3600|RECLAIM|TRAIL_1.0R	SHUFFLED_DAYSIDE	ALL	384	5753	14.982	-365.73	-493.81	-226.15	-24.41	200	0.3252	1254.77	-0.183
E2	TREND_3600|RECLAIM|TRAIL_1.0R	SHUFFLED_DAYSIDE	MODEL_TOP3	384	702	1.828	22.84	-18.49	66.6	12.49	225	0.3718	186.67	0.011
E2	TREND_3600|SWING|TRAIL_1.0R	NONE	ALL	384	22275	58.008	-1805.58	-1981.25	-1624.09	-31.13	93.75	0.2678	2598.19	-0.903
E2	TREND_3600|SWING|TRAIL_1.0R	NONE	MODEL_TOP3	384	822	2.141	-50.63	-77.63	-21.5	-23.65	100	0.3029	147.83	-0.025
E2	TREND_3600|SWING|TRAIL_1.0R	VETO_K	ALL	384	15674	40.818	-1330.1	-1457.31	-1202.49	-32.59	87.5	0.2635	1953.37	-0.665
E2	TREND_3600|SWING|TRAIL_1.0R	VETO_K	MODEL_TOP3	384	854	2.224	-72.56	-99.27	-43.84	-32.63	87.5	0.2763	154.33	-0.036
E2	TREND_3600|SWING|TRAIL_1.0R	VETO_2K	ALL	384	10113	26.336	-816.62	-915.12	-721.23	-31.01	87.5	0.2664	1281.57	-0.408
E2	TREND_3600|SWING|TRAIL_1.0R	VETO_2K	MODEL_TOP3	384	862	2.245	-61.45	-84.19	-38.03	-27.38	87.5	0.2784	151.07	-0.031
E2	TREND_3600|SWING|TRAIL_1.0R	DAYSIDE	ALL	384	11843	30.841	-952.79	-1070.9	-841.43	-30.89	100	0.2715	1549.32	-0.476
E2	TREND_3600|SWING|TRAIL_1.0R	DAYSIDE	MODEL_TOP3	384	824	2.146	-50.2	-75.6	-23.23	-23.39	93.75	0.2718	148.04	-0.025
E2	TREND_3600|SWING|TRAIL_1.0R	VETO_K+DAYSIDE	ALL	384	8335	21.706	-727.12	-818.65	-638.3	-33.5	93.75	0.2625	1161.78	-0.364
E2	TREND_3600|SWING|TRAIL_1.0R	VETO_K+DAYSIDE	MODEL_TOP3	384	854	2.224	-67.43	-92.4	-40.62	-30.32	93.75	0.2658	157.36	-0.034
E2	TREND_3600|SWING|TRAIL_1.0R	SHUFFLED_VETO	ALL	384	13158	34.266	-1087.23	-1210.02	-955.57	-31.73	100	0.2748	1726.87	-0.544
E2	TREND_3600|SWING|TRAIL_1.0R	SHUFFLED_VETO	MODEL_TOP3	384	942	2.453	-77.21	-106.91	-48.01	-31.47	100	0.2749	178.18	-0.039
E2	TREND_3600|SWING|TRAIL_1.0R	SHUFFLED_DAYSIDE	ALL	384	11472	29.875	-877.16	-988.51	-755.75	-29.36	100	0.2739	1501.95	-0.439
E2	TREND_3600|SWING|TRAIL_1.0R	SHUFFLED_DAYSIDE	MODEL_TOP3	384	792	2.062	-33.59	-62.36	-2.15	-16.28	100	0.3056	147.57	-0.017
E3	LEG_0.75|RECLAIM|TRAIL_1.0R	NONE	ALL	242	349	1.442	42.69	-89.48	178.65	29.6	1568.75	0.447	419.26	0.021
E3	LEG_0.75|RECLAIM|TRAIL_1.0R	NONE	MODEL_TOP3	242	304	1.256	65.05	-57.83	191.64	51.78	1575	0.4539	350.28	0.033
E3	LEG_0.75|RECLAIM|TRAIL_1.0R	VETO_K	ALL	198	246	1.242	25.1	-100.36	149.21	20.2	1537.5	0.4512	335.92	0.013
E3	LEG_0.75|RECLAIM|TRAIL_1.0R	VETO_K	MODEL_TOP3	198	229	1.157	12.81	-105.41	132.61	11.08	1550	0.4454	316.78	0.006
E3	LEG_0.75|RECLAIM|TRAIL_1.0R	VETO_2K	ALL	144	172	1.194	-26.24	-152.48	100.23	-21.97	1512.5	0.4302	313.69	-0.013
E3	LEG_0.75|RECLAIM|TRAIL_1.0R	VETO_2K	MODEL_TOP3	144	164	1.139	-39.55	-159.55	75.39	-34.73	1528.12	0.4268	298.79	-0.02
E3	LEG_0.75|RECLAIM|TRAIL_1.0R	DAYSIDE	ALL	157	186	1.185	90.1	-15.26	202.88	76.05	1575	0.4355	263.3	0.045
E3	LEG_0.75|RECLAIM|TRAIL_1.0R	DAYSIDE	MODEL_TOP3	157	174	1.108	92.59	-16.94	209.45	83.54	1575	0.4368	247.47	0.046
E3	LEG_0.75|RECLAIM|TRAIL_1.0R	VETO_K+DAYSIDE	ALL	117	129	1.103	122.21	-4.84	260.44	110.84	1575	0.5039	220.47	0.061
E3	LEG_0.75|RECLAIM|TRAIL_1.0R	VETO_K+DAYSIDE	MODEL_TOP3	117	127	1.085	115.09	-7.98	254.39	106.02	1575	0.4882	220.94	0.058
E3	LEG_0.75|RECLAIM|TRAIL_1.0R	SHUFFLED_VETO	ALL	203	266	1.31	35.26	-90.79	158.55	26.91	1562.5	0.4361	377.15	0.018
E3	LEG_0.75|RECLAIM|TRAIL_1.0R	SHUFFLED_VETO	MODEL_TOP3	203	252	1.241	65.9	-60.37	185.32	53.09	1562.5	0.4484	341.29	0.033
E3	LEG_0.75|RECLAIM|TRAIL_1.0R	SHUFFLED_DAYSIDE	ALL	152	177	1.164	-1.55	-131.77	133.34	-1.33	1575	0.4237	347.35	-0.001
E3	LEG_0.75|RECLAIM|TRAIL_1.0R	SHUFFLED_DAYSIDE	MODEL_TOP3	152	167	1.099	27.48	-96.56	161.39	25.01	1587.5	0.4371	312.8	0.014
E3	LEG_0.75|EXT|TRAIL_1.0R	NONE	ALL	242	339	1.401	-14.65	-146.09	123.14	-10.46	1700	0.4484	453.61	-0.007
E3	LEG_0.75|EXT|TRAIL_1.0R	NONE	MODEL_TOP3	242	293	1.211	33.64	-91.21	163.83	27.79	1700	0.4573	370.43	0.017
E3	LEG_0.75|EXT|TRAIL_1.0R	VETO_K	ALL	198	244	1.232	8.9	-120.66	133.46	7.22	1662.5	0.4467	343.28	0.004
E3	LEG_0.75|EXT|TRAIL_1.0R	VETO_K	MODEL_TOP3	198	226	1.141	-5.33	-123.73	116.31	-4.67	1675	0.4381	323.25	-0.003
E3	LEG_0.75|EXT|TRAIL_1.0R	VETO_2K	ALL	144	171	1.188	-41.44	-171.71	87.49	-34.9	1656.25	0.4211	324.1	-0.021
E3	LEG_0.75|EXT|TRAIL_1.0R	VETO_2K	MODEL_TOP3	144	163	1.132	-52.66	-174.04	64.18	-46.53	1668.75	0.4172	307.81	-0.026
E3	LEG_0.75|EXT|TRAIL_1.0R	DAYSIDE	ALL	157	180	1.146	44.82	-73.4	164.76	39.1	1700	0.4444	308.12	0.022
E3	LEG_0.75|EXT|TRAIL_1.0R	DAYSIDE	MODEL_TOP3	157	172	1.096	53.08	-74.82	174.43	48.45	1703.12	0.4419	287.53	0.027
E3	LEG_0.75|EXT|TRAIL_1.0R	VETO_K+DAYSIDE	ALL	117	129	1.103	112.92	-18.31	254.89	102.41	1700	0.4961	229.17	0.056
E3	LEG_0.75|EXT|TRAIL_1.0R	VETO_K+DAYSIDE	MODEL_TOP3	117	127	1.085	105.79	-23.59	247.16	97.46	1700	0.4803	229.64	0.053
E3	LEG_0.75|EXT|TRAIL_1.0R	SHUFFLED_VETO	ALL	203	260	1.281	22.2	-100.13	144.77	17.33	1712.5	0.4385	383.98	0.011
E3	LEG_0.75|EXT|TRAIL_1.0R	SHUFFLED_VETO	MODEL_TOP3	203	247	1.217	54.57	-67.56	175.05	44.85	1712.5	0.4494	348.21	0.027
E3	LEG_0.75|EXT|TRAIL_1.0R	SHUFFLED_DAYSIDE	ALL	152	170	1.118	-44.08	-184.29	94.78	-39.41	1750	0.4412	389.88	-0.022
E3	LEG_0.75|EXT|TRAIL_1.0R	SHUFFLED_DAYSIDE	MODEL_TOP3	152	164	1.079	-15.67	-141.65	113.55	-14.53	1750	0.4451	355.95	-0.008
E3	LEG_0.75|RECLAIM|TRAIL_1.5R	NONE	ALL	242	338	1.397	3.46	-137.32	143.46	2.48	1562.5	0.4467	434.41	0.002
E3	LEG_0.75|RECLAIM|TRAIL_1.5R	NONE	MODEL_TOP3	242	295	1.219	47.3	-80.51	178.02	38.8	1562.5	0.4542	354.45	0.024
E3	LEG_0.75|RECLAIM|TRAIL_1.5R	VETO_K	ALL	198	245	1.237	-19.52	-151.71	105.95	-15.78	1543.75	0.4449	363.65	-0.01
E3	LEG_0.75|RECLAIM|TRAIL_1.5R	VETO_K	MODEL_TOP3	198	227	1.146	-26.77	-154.55	99.86	-23.35	1550	0.4361	342.8	-0.013
E3	LEG_0.75|RECLAIM|TRAIL_1.5R	VETO_2K	ALL	144	171	1.188	-63.29	-195.01	66.13	-53.3	1512.5	0.4211	339.31	-0.032
E3	LEG_0.75|RECLAIM|TRAIL_1.5R	VETO_2K	MODEL_TOP3	144	163	1.132	-69.53	-193.16	50.08	-61.42	1531.25	0.4172	322.07	-0.035
E3	LEG_0.75|RECLAIM|TRAIL_1.5R	DAYSIDE	ALL	157	185	1.178	67.91	-47.06	185.52	57.64	1575	0.4432	286.19	0.034
E3	LEG_0.75|RECLAIM|TRAIL_1.5R	DAYSIDE	MODEL_TOP3	157	174	1.108	77.5	-42.27	198.66	69.93	1575	0.4425	264.28	0.039
E3	LEG_0.75|RECLAIM|TRAIL_1.5R	VETO_K+DAYSIDE	ALL	117	129	1.103	101.7	-31.64	245.56	92.24	1575	0.5039	241.94	0.051
E3	LEG_0.75|RECLAIM|TRAIL_1.5R	VETO_K+DAYSIDE	MODEL_TOP3	117	127	1.085	94.57	-33.84	238.96	87.13	1575	0.4882	242.41	0.047
E3	LEG_0.75|RECLAIM|TRAIL_1.5R	SHUFFLED_VETO	ALL	203	260	1.281	6.28	-120.76	131.45	4.9	1562.5	0.4346	393.33	0.003
E3	LEG_0.75|RECLAIM|TRAIL_1.5R	SHUFFLED_VETO	MODEL_TOP3	203	248	1.222	42.17	-85.42	162.51	34.52	1562.5	0.4476	354.17	0.021
E3	LEG_0.75|RECLAIM|TRAIL_1.5R	SHUFFLED_DAYSIDE	ALL	152	176	1.158	-36.3	-175.09	108.87	-31.35	1581.25	0.4318	382.11	-0.018
E3	LEG_0.75|RECLAIM|TRAIL_1.5R	SHUFFLED_DAYSIDE	MODEL_TOP3	152	167	1.099	-7.43	-145.83	136.69	-6.76	1587.5	0.4371	347.71	-0.004
E3	LEG_0.75|RECLAIM|PHASE	NONE	ALL	242	335	1.384	5.86	-134.38	149.46	4.24	1562.5	0.4478	430.3	0.003
E3	LEG_0.75|RECLAIM|PHASE	NONE	MODEL_TOP3	242	294	1.215	46.4	-80.7	178.86	38.2	1565.62	0.4558	355.35	0.023
E3	LEG_0.75|RECLAIM|PHASE	VETO_K	ALL	198	243	1.227	-21.98	-154.64	104.56	-17.91	1550	0.4444	364.02	-0.011
E3	LEG_0.75|RECLAIM|PHASE	VETO_K	MODEL_TOP3	198	227	1.146	-28.27	-158.39	99.93	-24.66	1550	0.4361	344.3	-0.014
E3	LEG_0.75|RECLAIM|PHASE	VETO_2K	ALL	144	170	1.181	-63.28	-194.39	63.87	-53.6	1518.75	0.4235	337.95	-0.032
E3	LEG_0.75|RECLAIM|PHASE	VETO_2K	MODEL_TOP3	144	162	1.125	-68.17	-192.02	51.09	-60.59	1534.38	0.4198	320.71	-0.034
E3	LEG_0.75|RECLAIM|PHASE	DAYSIDE	ALL	157	184	1.172	65.4	-50.42	183.49	55.8	1575	0.4402	288.71	0.033
E3	LEG_0.75|RECLAIM|PHASE	DAYSIDE	MODEL_TOP3	157	173	1.102	76.62	-42.28	197.81	69.53	1575	0.4451	265.16	0.038
E3	LEG_0.75|RECLAIM|PHASE	VETO_K+DAYSIDE	ALL	117	129	1.103	100.9	-32.46	245.56	91.51	1575	0.5039	242.75	0.05
E3	LEG_0.75|RECLAIM|PHASE	VETO_K+DAYSIDE	MODEL_TOP3	117	127	1.085	93.77	-33.84	238.14	86.39	1575	0.4882	243.22	0.047
E3	LEG_0.75|RECLAIM|PHASE	SHUFFLED_VETO	ALL	203	258	1.271	5.1	-120.87	131.28	4.01	1562.5	0.438	393.56	0.003
E3	LEG_0.75|RECLAIM|PHASE	SHUFFLED_VETO	MODEL_TOP3	203	246	1.212	40.99	-86.15	161.17	33.82	1562.5	0.4512	354.4	0.02
E3	LEG_0.75|RECLAIM|PHASE	SHUFFLED_DAYSIDE	ALL	152	175	1.151	-41.04	-180.51	104.06	-35.64	1587.5	0.4286	386.84	-0.021
E3	LEG_0.75|RECLAIM|PHASE	SHUFFLED_DAYSIDE	MODEL_TOP3	152	166	1.092	-10.48	-149.94	134.22	-9.59	1587.5	0.4398	350.76	-0.005
E3	LEG_0.75|EXT|PHASE	NONE	ALL	242	332	1.372	-51.02	-190.94	91.17	-37.19	1681.25	0.4458	474.54	-0.026
E3	LEG_0.75|EXT|PHASE	NONE	MODEL_TOP3	242	292	1.207	14.78	-115.97	150.61	12.25	1700	0.4555	386.11	0.007
E3	LEG_0.75|EXT|PHASE	VETO_K	ALL	198	242	1.222	-24.42	-158.51	102.48	-19.98	1665.62	0.4463	366.45	-0.012
E3	LEG_0.75|EXT|PHASE	VETO_K	MODEL_TOP3	198	226	1.141	-29.32	-160.81	97.53	-25.69	1675	0.4381	345.35	-0.015
E3	LEG_0.75|EXT|PHASE	VETO_2K	ALL	144	170	1.181	-70.92	-204.42	60.11	-60.07	1659.38	0.4235	345.59	-0.035
E3	LEG_0.75|EXT|PHASE	VETO_2K	MODEL_TOP3	144	162	1.125	-74.42	-199.67	45.85	-66.15	1671.88	0.4198	326.96	-0.037
E3	LEG_0.75|EXT|PHASE	DAYSIDE	ALL	157	180	1.146	23.49	-103.48	151.52	20.49	1700	0.45	330.62	0.012
E3	LEG_0.75|EXT|PHASE	DAYSIDE	MODEL_TOP3	157	172	1.096	33.02	-103.8	159.87	30.14	1703.12	0.4477	308.76	0.017
E3	LEG_0.75|EXT|PHASE	VETO_K+DAYSIDE	ALL	117	129	1.103	94.59	-42.06	241.92	85.79	1700	0.5039	249.05	0.047
E3	LEG_0.75|EXT|PHASE	VETO_K+DAYSIDE	MODEL_TOP3	117	127	1.085	87.47	-45.63	234.38	80.58	1700	0.4882	249.52	0.044
E3	LEG_0.75|EXT|PHASE	SHUFFLED_VETO	ALL	203	256	1.261	-2.24	-127.08	121.85	-1.78	1706.25	0.4414	400.13	-0.001
E3	LEG_0.75|EXT|PHASE	SHUFFLED_VETO	MODEL_TOP3	203	244	1.202	36.75	-85.94	158.24	30.58	1706.25	0.4549	358.63	0.018
E3	LEG_0.75|EXT|PHASE	SHUFFLED_DAYSIDE	ALL	152	170	1.118	-81.5	-229.54	67.03	-72.87	1750	0.4412	427.3	-0.041
E3	LEG_0.75|EXT|PHASE	SHUFFLED_DAYSIDE	MODEL_TOP3	152	164	1.079	-51.78	-187.8	87.12	-47.99	1750	0.4451	392.06	-0.026
E3	LEG_0.75|EXT|TRAIL_1.5R	NONE	ALL	242	332	1.372	-47.85	-185.68	93.7	-34.88	1681.25	0.4458	471.36	-0.024
E3	LEG_0.75|EXT|TRAIL_1.5R	NONE	MODEL_TOP3	242	292	1.207	15.79	-114.58	151.66	13.09	1700	0.4555	385.1	0.008
E3	LEG_0.75|EXT|TRAIL_1.5R	VETO_K	ALL	198	242	1.222	-24.2	-157.43	101.78	-19.8	1665.62	0.4463	366.45	-0.012
E3	LEG_0.75|EXT|TRAIL_1.5R	VETO_K	MODEL_TOP3	198	226	1.141	-29.32	-158.91	96.88	-25.69	1675	0.4381	345.35	-0.015
E3	LEG_0.75|EXT|TRAIL_1.5R	VETO_2K	ALL	144	170	1.181	-72.14	-205.44	59.59	-61.1	1659.38	0.4235	347.11	-0.036
E3	LEG_0.75|EXT|TRAIL_1.5R	VETO_2K	MODEL_TOP3	144	162	1.125	-75.94	-201.95	43.96	-67.5	1671.88	0.4198	328.48	-0.038
E3	LEG_0.75|EXT|TRAIL_1.5R	DAYSIDE	ALL	157	180	1.146	22.05	-105.41	150.22	19.24	1700	0.45	332.05	0.011
E3	LEG_0.75|EXT|TRAIL_1.5R	DAYSIDE	MODEL_TOP3	157	172	1.096	31.58	-105.85	158.84	28.83	1703.12	0.4477	310.19	0.016
E3	LEG_0.75|EXT|TRAIL_1.5R	VETO_K+DAYSIDE	ALL	117	129	1.103	92.67	-43.5	239.93	84.05	1700	0.5039	250.97	0.046
E3	LEG_0.75|EXT|TRAIL_1.5R	VETO_K+DAYSIDE	MODEL_TOP3	117	127	1.085	85.54	-47.57	232.96	78.81	1700	0.4882	251.44	0.043
E3	LEG_0.75|EXT|TRAIL_1.5R	SHUFFLED_VETO	ALL	203	256	1.261	-3.1	-128.46	121.9	-2.46	1706.25	0.4414	401.21	-0.002
E3	LEG_0.75|EXT|TRAIL_1.5R	SHUFFLED_VETO	MODEL_TOP3	203	244	1.202	35.89	-86.84	158.24	29.86	1706.25	0.4549	359.71	0.018
E3	LEG_0.75|EXT|TRAIL_1.5R	SHUFFLED_DAYSIDE	ALL	152	170	1.118	-81.5	-229.17	67.47	-72.87	1750	0.4412	427.3	-0.041
E3	LEG_0.75|EXT|TRAIL_1.5R	SHUFFLED_DAYSIDE	MODEL_TOP3	152	164	1.079	-51.78	-187.08	87.14	-47.99	1750	0.4451	392.06	-0.026
E3	LEG_0.5|RECLAIM|TRAIL_1.5R	NONE	ALL	368	810	2.201	-53.85	-180.61	76.86	-24.46	1012.5	0.4333	669.37	-0.027
E3	LEG_0.5|RECLAIM|TRAIL_1.5R	NONE	MODEL_TOP3	368	534	1.451	64.19	-32.52	165.8	44.23	1006.25	0.4682	358.82	0.032
E3	LEG_0.5|RECLAIM|TRAIL_1.5R	VETO_K	ALL	356	675	1.896	-78.09	-183.24	24.83	-41.19	987.5	0.4341	534.06	-0.039
E3	LEG_0.5|RECLAIM|TRAIL_1.5R	VETO_K	MODEL_TOP3	356	508	1.427	-24.34	-108.14	60.67	-17.06	987.5	0.4409	381.2	-0.012
E3	LEG_0.5|RECLAIM|TRAIL_1.5R	VETO_2K	ALL	309	495	1.602	-52.46	-143.78	45.82	-32.75	975	0.4222	407.19	-0.026
E3	LEG_0.5|RECLAIM|TRAIL_1.5R	VETO_2K	MODEL_TOP3	309	411	1.33	-30.97	-111.71	51.69	-23.29	975	0.4331	327.11	-0.015
E3	LEG_0.5|RECLAIM|TRAIL_1.5R	DAYSIDE	ALL	299	457	1.528	8.42	-99	113.55	5.51	1012.5	0.4726	438.31	0.004
E3	LEG_0.5|RECLAIM|TRAIL_1.5R	DAYSIDE	MODEL_TOP3	299	380	1.271	38.05	-61.05	136.66	29.94	1012.5	0.4737	335.73	0.019
E3	LEG_0.5|RECLAIM|TRAIL_1.5R	VETO_K+DAYSIDE	ALL	266	361	1.357	21.76	-76.18	120.75	16.04	1000	0.482	361.27	0.011
E3	LEG_0.5|RECLAIM|TRAIL_1.5R	VETO_K+DAYSIDE	MODEL_TOP3	266	322	1.211	17.73	-77.37	116.61	14.64	1000	0.4783	318.9	0.009
E3	LEG_0.5|RECLAIM|TRAIL_1.5R	SHUFFLED_VETO	ALL	341	635	1.862	0.46	-121.17	129.42	0.25	987.5	0.4441	532.48	0
E3	LEG_0.5|RECLAIM|TRAIL_1.5R	SHUFFLED_VETO	MODEL_TOP3	341	506	1.484	49.7	-55.01	160.36	33.49	990.62	0.4506	388.67	0.025
E3	LEG_0.5|RECLAIM|TRAIL_1.5R	SHUFFLED_DAYSIDE	ALL	286	452	1.58	-49.48	-157.03	60.07	-31.31	1000	0.427	478.16	-0.025
E3	LEG_0.5|RECLAIM|TRAIL_1.5R	SHUFFLED_DAYSIDE	MODEL_TOP3	286	374	1.308	1.14	-100.6	106.54	0.87	1000	0.4385	373.67	0.001
E3	LEG_0.5|EXT|TRAIL_1.5R	NONE	ALL	368	774	2.103	-66.82	-188.87	56.22	-31.77	1137.5	0.447	669.99	-0.033
E3	LEG_0.5|EXT|TRAIL_1.5R	NONE	MODEL_TOP3	368	522	1.418	36.36	-61.17	135.52	25.63	1137.5	0.4674	377.97	0.018
E3	LEG_0.5|EXT|TRAIL_1.5R	VETO_K	ALL	356	658	1.848	-91.68	-195.17	12.28	-49.6	1128.12	0.4316	537.1	-0.046
E3	LEG_0.5|EXT|TRAIL_1.5R	VETO_K	MODEL_TOP3	356	499	1.402	-41.44	-128.87	44.71	-29.57	1125	0.4389	384.3	-0.021
E3	LEG_0.5|EXT|TRAIL_1.5R	VETO_2K	ALL	309	485	1.57	-64.48	-160.05	38.3	-41.08	1125	0.4227	408.34	-0.032
E3	LEG_0.5|EXT|TRAIL_1.5R	VETO_2K	MODEL_TOP3	309	405	1.311	-31.55	-112.99	52.89	-24.07	1125	0.4346	319.35	-0.016
E3	LEG_0.5|EXT|TRAIL_1.5R	DAYSIDE	ALL	299	446	1.492	-28.29	-139.67	86.7	-18.96	1150	0.4865	478.19	-0.014
E3	LEG_0.5|EXT|TRAIL_1.5R	DAYSIDE	MODEL_TOP3	299	376	1.258	22	-82.7	129.81	17.5	1137.5	0.4867	359.97	0.011
E3	LEG_0.5|EXT|TRAIL_1.5R	VETO_K+DAYSIDE	ALL	266	359	1.35	18.13	-81.18	117.26	13.44	1137.5	0.4875	365	0.009
E3	LEG_0.5|EXT|TRAIL_1.5R	VETO_K+DAYSIDE	MODEL_TOP3	266	321	1.207	20.14	-77	118.12	16.69	1137.5	0.4829	317.36	0.01
E3	LEG_0.5|EXT|TRAIL_1.5R	SHUFFLED_VETO	ALL	341	611	1.792	-11.46	-129.88	118.18	-6.4	1137.5	0.4517	541.49	-0.006
E3	LEG_0.5|EXT|TRAIL_1.5R	SHUFFLED_VETO	MODEL_TOP3	341	493	1.446	43.37	-65.87	157.66	30	1137.5	0.4544	393.35	0.022
E3	LEG_0.5|EXT|TRAIL_1.5R	SHUFFLED_DAYSIDE	ALL	286	438	1.531	-72.6	-186.18	42.65	-47.41	1150	0.4406	504.09	-0.036
E3	LEG_0.5|EXT|TRAIL_1.5R	SHUFFLED_DAYSIDE	MODEL_TOP3	286	368	1.287	-3.13	-101.37	102.84	-2.44	1146.88	0.4511	385.46	-0.002
E3	LEG_0.5|RECLAIM|PHASE	NONE	ALL	368	791	2.149	-48.5	-174.52	79.59	-22.56	1012.5	0.4399	652.53	-0.024
E3	LEG_0.5|RECLAIM|PHASE	NONE	MODEL_TOP3	368	532	1.446	60.54	-39.49	161.92	41.88	1006.25	0.468	366.97	0.03
E3	LEG_0.5|RECLAIM|PHASE	VETO_K	ALL	356	672	1.888	-92.43	-193.33	11.61	-48.96	987.5	0.4315	543.26	-0.046
E3	LEG_0.5|RECLAIM|PHASE	VETO_K	MODEL_TOP3	356	508	1.427	-34.05	-119.13	51.46	-23.86	987.5	0.437	391.15	-0.017
E3	LEG_0.5|RECLAIM|PHASE	VETO_2K	ALL	309	494	1.599	-64.49	-155.29	31.64	-40.34	975	0.4211	413	-0.032
E3	LEG_0.5|RECLAIM|PHASE	VETO_2K	MODEL_TOP3	309	411	1.33	-40.35	-122.38	42.71	-30.33	975	0.4307	333.36	-0.02
E3	LEG_0.5|RECLAIM|PHASE	DAYSIDE	ALL	299	454	1.518	3.88	-103.95	110.3	2.56	1015.62	0.4736	445.51	0.002
E3	LEG_0.5|RECLAIM|PHASE	DAYSIDE	MODEL_TOP3	299	379	1.268	38.9	-61.37	139.82	30.69	1012.5	0.4802	342.3	0.019
E3	LEG_0.5|RECLAIM|PHASE	VETO_K+DAYSIDE	ALL	266	361	1.357	13.96	-84.24	113.34	10.29	1000	0.482	369.16	0.007
E3	LEG_0.5|RECLAIM|PHASE	VETO_K+DAYSIDE	MODEL_TOP3	266	322	1.211	9.88	-86.24	107.73	8.16	1000	0.4783	326.75	0.005
E3	LEG_0.5|RECLAIM|PHASE	SHUFFLED_VETO	ALL	341	621	1.821	16.48	-100.67	141.28	9.05	987.5	0.4573	516.39	0.008
E3	LEG_0.5|RECLAIM|PHASE	SHUFFLED_VETO	MODEL_TOP3	341	503	1.475	56.57	-47.18	164.28	38.35	987.5	0.4553	387.36	0.028
E3	LEG_0.5|RECLAIM|PHASE	SHUFFLED_DAYSIDE	ALL	286	449	1.57	-58.59	-164.89	51.65	-37.32	1000	0.4254	490.06	-0.029
E3	LEG_0.5|RECLAIM|PHASE	SHUFFLED_DAYSIDE	MODEL_TOP3	286	372	1.301	-0.19	-101.27	105.58	-0.14	1000	0.4435	383.16	-0
E3	LEG_0.5|RECLAIM|TRAIL_1.0R	NONE	ALL	368	906	2.462	1.53	-115.99	116.96	0.62	1012.5	0.4272	637.02	0.001
E3	LEG_0.5|RECLAIM|TRAIL_1.0R	NONE	MODEL_TOP3	368	571	1.552	63.86	-29.8	163.95	41.16	1006.25	0.4553	353.29	0.032
E3	LEG_0.5|RECLAIM|TRAIL_1.0R	VETO_K	ALL	356	727	2.042	-47.04	-143.19	54.11	-23.04	987.5	0.425	512.91	-0.024
E3	LEG_0.5|RECLAIM|TRAIL_1.0R	VETO_K	MODEL_TOP3	356	527	1.48	-11.53	-84.29	63.05	-7.79	987.5	0.4364	352.06	-0.006
E3	LEG_0.5|RECLAIM|TRAIL_1.0R	VETO_2K	ALL	309	521	1.686	-53.82	-138.45	38.97	-31.92	975	0.4069	399.21	-0.027
E3	LEG_0.5|RECLAIM|TRAIL_1.0R	VETO_2K	MODEL_TOP3	309	424	1.372	-27.21	-100.32	48.23	-19.83	975	0.4245	310.32	-0.014
E3	LEG_0.5|RECLAIM|TRAIL_1.0R	DAYSIDE	ALL	299	465	1.555	38.9	-56.12	135.29	25.01	1012.5	0.4602	388.7	0.019
E3	LEG_0.5|RECLAIM|TRAIL_1.0R	DAYSIDE	MODEL_TOP3	299	383	1.281	45.73	-41.76	137.56	35.7	1012.5	0.47	298.57	0.023
E3	LEG_0.5|RECLAIM|TRAIL_1.0R	VETO_K+DAYSIDE	ALL	266	366	1.376	36.26	-52.22	128.98	26.35	996.88	0.4754	324.05	0.018
E3	LEG_0.5|RECLAIM|TRAIL_1.0R	VETO_K+DAYSIDE	MODEL_TOP3	266	325	1.222	16.94	-67.47	107.5	13.87	1000	0.4708	288.34	0.008
E3	LEG_0.5|RECLAIM|TRAIL_1.0R	SHUFFLED_VETO	ALL	341	697	2.044	3.69	-103.6	120.68	1.81	987.5	0.4275	523.55	0.002
E3	LEG_0.5|RECLAIM|TRAIL_1.0R	SHUFFLED_VETO	MODEL_TOP3	341	541	1.587	47.68	-45.33	151.3	30.05	987.5	0.4344	373.79	0.024
E3	LEG_0.5|RECLAIM|TRAIL_1.0R	SHUFFLED_DAYSIDE	ALL	286	459	1.605	-10.67	-111.76	87.46	-6.65	1000	0.4183	416.18	-0.005
E3	LEG_0.5|RECLAIM|TRAIL_1.0R	SHUFFLED_DAYSIDE	MODEL_TOP3	286	377	1.318	20.05	-75.38	116.23	15.21	1000	0.435	324.55	0.01
E3	LEG_0.5|EXT|PHASE	NONE	ALL	368	765	2.079	-68.77	-190.8	53.03	-33.08	1137.5	0.4536	660.03	-0.034
E3	LEG_0.5|EXT|PHASE	NONE	MODEL_TOP3	368	522	1.418	26.09	-72.67	126.7	18.4	1137.5	0.4674	388.24	0.013
E3	LEG_0.5|EXT|PHASE	VETO_K	ALL	356	656	1.843	-109.55	-214.92	-3.11	-59.45	1128.12	0.4314	546.2	-0.055
E3	LEG_0.5|EXT|PHASE	VETO_K	MODEL_TOP3	356	499	1.402	-51.44	-140.83	34.67	-36.7	1125	0.4389	393.56	-0.026
E3	LEG_0.5|EXT|PHASE	VETO_2K	ALL	309	484	1.566	-73.63	-169.15	28.23	-47.01	1125	0.4236	413.33	-0.037
E3	LEG_0.5|EXT|PHASE	VETO_2K	MODEL_TOP3	309	405	1.311	-38.94	-120.85	47.16	-29.71	1125	0.4346	324.52	-0.019
E3	LEG_0.5|EXT|PHASE	DAYSIDE	ALL	299	446	1.492	-34.13	-147.94	81.98	-22.88	1150	0.4865	484.77	-0.017
E3	LEG_0.5|EXT|PHASE	DAYSIDE	MODEL_TOP3	299	376	1.258	15.74	-89.31	125.04	12.52	1137.5	0.4867	366.23	0.008
E3	LEG_0.5|EXT|PHASE	VETO_K+DAYSIDE	ALL	266	359	1.35	13.98	-86.47	112.31	10.36	1137.5	0.4875	370.02	0.007
E3	LEG_0.5|EXT|PHASE	VETO_K+DAYSIDE	MODEL_TOP3	266	321	1.207	15.11	-81.91	112.91	12.52	1137.5	0.4829	322.39	0.008
E3	LEG_0.5|EXT|PHASE	SHUFFLED_VETO	ALL	341	603	1.768	-0.12	-119.31	128.59	-0.07	1137.5	0.461	524.63	-0
E3	LEG_0.5|EXT|PHASE	SHUFFLED_VETO	MODEL_TOP3	341	493	1.446	39.75	-66.4	153.26	27.49	1137.5	0.4564	396.21	0.02
E3	LEG_0.5|EXT|PHASE	SHUFFLED_DAYSIDE	ALL	286	438	1.531	-84.01	-197.92	30.72	-54.86	1150	0.4406	516.96	-0.042
E3	LEG_0.5|EXT|PHASE	SHUFFLED_DAYSIDE	MODEL_TOP3	286	368	1.287	-14.24	-115.23	91.86	-11.06	1146.88	0.4511	398.02	-0.007
E3	TREND_1800|EXT|TRAIL_1.5R	NONE	ALL	390	3658	9.379	-199.14	-355.18	-28.65	-21.23	375	0.3641	1503.33	-0.1
E3	TREND_1800|EXT|TRAIL_1.5R	NONE	MODEL_TOP3	390	651	1.669	-9.89	-74.97	55.42	-5.93	300	0.4009	265.33	-0.005
E3	TREND_1800|EXT|TRAIL_1.5R	VETO_K	ALL	390	3362	8.621	-207.04	-371.91	-39.67	-24.02	381.25	0.3691	1386.42	-0.104
E3	TREND_1800|EXT|TRAIL_1.5R	VETO_K	MODEL_TOP3	390	689	1.767	-9.52	-62.56	43.99	-5.39	300	0.3948	244.3	-0.005
E3	TREND_1800|EXT|TRAIL_1.5R	VETO_2K	ALL	390	3026	7.759	-151.4	-310.2	11.83	-19.51	375	0.3781	1208.21	-0.076
E3	TREND_1800|EXT|TRAIL_1.5R	VETO_2K	MODEL_TOP3	390	711	1.823	-13.88	-65.27	39.23	-7.61	300	0.3854	244.97	-0.007
E3	TREND_1800|EXT|TRAIL_1.5R	DAYSIDE	ALL	390	3491	8.951	-94.36	-217.85	29.99	-10.54	287.5	0.3615	1140.1	-0.047
E3	TREND_1800|EXT|TRAIL_1.5R	DAYSIDE	MODEL_TOP3	390	637	1.633	128.16	57.58	197	78.47	306.25	0.4521	211.42	0.064
E3	TREND_1800|EXT|TRAIL_1.5R	VETO_K+DAYSIDE	ALL	390	2913	7.469	-66.33	-182.88	48.49	-8.88	300	0.3735	1021.32	-0.033
E3	TREND_1800|EXT|TRAIL_1.5R	VETO_K+DAYSIDE	MODEL_TOP3	390	670	1.718	155.67	91.99	222.48	90.62	318.75	0.4597	203.87	0.078
E3	TREND_1800|EXT|TRAIL_1.5R	SHUFFLED_VETO	ALL	390	3136	8.041	-195.44	-362.82	-27.05	-24.31	400	0.3654	1393.04	-0.098
E3	TREND_1800|EXT|TRAIL_1.5R	SHUFFLED_VETO	MODEL_TOP3	390	764	1.959	-8.49	-76.74	56.82	-4.33	315.62	0.3901	329.96	-0.004
E3	TREND_1800|EXT|TRAIL_1.5R	SHUFFLED_DAYSIDE	ALL	390	3485	8.936	-219.68	-350.82	-79.76	-24.58	281.25	0.3555	1187.68	-0.11
E3	TREND_1800|EXT|TRAIL_1.5R	SHUFFLED_DAYSIDE	MODEL_TOP3	390	659	1.69	126.06	43.11	204.8	74.6	300	0.4492	237.64	0.063
E3	TREND_900|EXT|TRAIL_1.0R	NONE	ALL	390	6588	16.892	-400.05	-569.18	-221.38	-23.68	325	0.3488	1724.16	-0.2
E3	TREND_900|EXT|TRAIL_1.0R	NONE	MODEL_TOP3	390	731	1.874	-18.73	-71.43	32.95	-9.99	262.5	0.3584	223.03	-0.009
E3	TREND_900|EXT|TRAIL_1.0R	VETO_K	ALL	390	5785	14.833	-402.12	-555.73	-239.45	-27.11	325	0.3457	1556.64	-0.201
E3	TREND_900|EXT|TRAIL_1.0R	VETO_K	MODEL_TOP3	390	789	2.023	-19.33	-61.75	23.19	-9.55	262.5	0.3714	221.27	-0.01
E3	TREND_900|EXT|TRAIL_1.0R	VETO_2K	ALL	390	4838	12.405	-334.83	-467.97	-188.7	-26.99	318.75	0.3491	1305.45	-0.167
E3	TREND_900|EXT|TRAIL_1.0R	VETO_2K	MODEL_TOP3	390	773	1.982	-65.29	-102.87	-26.22	-32.94	262.5	0.3545	224.48	-0.033
E3	TREND_900|EXT|TRAIL_1.0R	DAYSIDE	ALL	390	5635	14.449	-296.63	-412.8	-166.27	-20.53	262.5	0.3434	1287.74	-0.148
E3	TREND_900|EXT|TRAIL_1.0R	DAYSIDE	MODEL_TOP3	390	742	1.903	71.56	9.28	132.65	37.61	275	0.3962	213.71	0.036
E3	TREND_900|EXT|TRAIL_1.0R	VETO_K+DAYSIDE	ALL	390	4600	11.795	-263.06	-374.49	-147.15	-22.3	275	0.3422	1146.11	-0.132
E3	TREND_900|EXT|TRAIL_1.0R	VETO_K+DAYSIDE	MODEL_TOP3	390	778	1.995	47.22	-5.85	98.73	23.67	275	0.4049	217.6	0.024
E3	TREND_900|EXT|TRAIL_1.0R	SHUFFLED_VETO	ALL	390	5402	13.851	-341.56	-491.14	-181.55	-24.66	343.75	0.3501	1522.02	-0.171
E3	TREND_900|EXT|TRAIL_1.0R	SHUFFLED_VETO	MODEL_TOP3	390	865	2.218	-33.38	-88.6	23.34	-15.05	287.5	0.3572	289.24	-0.017
E3	TREND_900|EXT|TRAIL_1.0R	SHUFFLED_DAYSIDE	ALL	390	5608	14.379	-351.43	-484.63	-202.12	-24.44	262.5	0.334	1293.27	-0.176
E3	TREND_900|EXT|TRAIL_1.0R	SHUFFLED_DAYSIDE	MODEL_TOP3	390	753	1.931	53.76	-3.66	116.51	27.84	262.5	0.3891	231.12	0.027
E3	TREND_900|EXT|TRAIL_1.0R	GATE_TOP5	ALL	307	921	3	-60.22	-183.83	68.8	-20.07	600	0.3855	649	-0.03
E3	TREND_900|EXT|TRAIL_1.0R	GATE_TOP5	MODEL_TOP3	307	505	1.645	11.75	-71.21	95.91	7.14	562.5	0.4059	347.52	0.006
E3	TREND_900|EXT|TRAIL_1.0R	GATE_TOP5+VETO_K	ALL	246	456	1.854	-110.44	-210.12	-8.52	-59.58	625	0.3838	448.68	-0.055
E3	TREND_900|EXT|TRAIL_1.0R	GATE_TOP5+VETO_K	MODEL_TOP3	246	370	1.504	-80.11	-163.63	9.63	-53.26	625	0.3865	362.15	-0.04
E3	TREND_900|EXT|TRAIL_1.0R	GATE_TOP5+DAYSIDE	ALL	258	552	2.14	-5.03	-109.61	91.64	-2.35	565.62	0.3786	450.73	-0.003
E3	TREND_900|EXT|TRAIL_1.0R	GATE_TOP5+DAYSIDE	MODEL_TOP3	258	378	1.465	56.43	-29	139.06	38.52	562.5	0.3968	300.74	0.028
E3	TREND_900|EXT|TRAIL_1.0R	SHUFFLED_GATE_TOP5	ALL	390	2282	5.851	-225.57	-323.59	-122.63	-38.55	350	0.3339	849.32	-0.113
E3	TREND_900|EXT|TRAIL_1.0R	SHUFFLED_GATE_TOP5	MODEL_TOP3	390	1010	2.59	-82.1	-137.76	-22.25	-31.7	325	0.3287	390.58	-0.041
E3	TREND_900|EXT|TRAIL_1.0R	GATE_TOP10	ALL	351	1612	4.593	-106.78	-241.05	26.18	-23.25	537.5	0.3784	860.08	-0.053
E3	TREND_900|EXT|TRAIL_1.0R	GATE_TOP10	MODEL_TOP3	351	628	1.789	-30.85	-106.38	44.95	-17.24	521.88	0.3854	358.29	-0.015
E3	TREND_900|EXT|TRAIL_1.0R	GATE_TOP10+VETO_K	ALL	318	1016	3.195	-84.69	-196.66	28.67	-26.51	537.5	0.3819	604.8	-0.042
E3	TREND_900|EXT|TRAIL_1.0R	GATE_TOP10+VETO_K	MODEL_TOP3	318	574	1.805	-16.26	-89.48	61.5	-9.01	546.88	0.3955	358.43	-0.008
E3	TREND_900|EXT|TRAIL_1.0R	GATE_TOP10+DAYSIDE	ALL	323	1020	3.158	-26.61	-132.6	76.59	-8.43	512.5	0.3755	591.17	-0.013
E3	TREND_900|EXT|TRAIL_1.0R	GATE_TOP10+DAYSIDE	MODEL_TOP3	323	539	1.669	51.2	-31.17	131.61	30.68	525	0.3822	319.41	0.026
E3	TREND_900|EXT|TRAIL_1.0R	SHUFFLED_GATE_TOP10	ALL	390	3416	8.759	-288.04	-412.54	-164.26	-32.89	337.5	0.3478	1145.03	-0.144
E3	TREND_900|EXT|TRAIL_1.0R	SHUFFLED_GATE_TOP10	MODEL_TOP3	390	990	2.538	-117.95	-174.01	-59.75	-46.46	325	0.3202	385.47	-0.059
E3	TREND_900|EXT|TRAIL_1.0R	GATE_TOP30	ALL	390	3655	9.372	-224.9	-360.32	-84.34	-24	412.5	0.3633	1232.04	-0.112
E3	TREND_900|EXT|TRAIL_1.0R	GATE_TOP30	MODEL_TOP3	390	739	1.895	19.8	-43.21	80.93	10.45	387.5	0.4019	292.29	0.01
E3	TREND_900|EXT|TRAIL_1.0R	GATE_TOP30+VETO_K	ALL	383	2919	7.621	-178.66	-296.16	-60.62	-23.44	400	0.3662	1016.01	-0.089
E3	TREND_900|EXT|TRAIL_1.0R	GATE_TOP30+VETO_K	MODEL_TOP3	383	775	2.023	-32.6	-91.2	26.39	-16.11	387.5	0.3819	318.98	-0.016
E3	TREND_900|EXT|TRAIL_1.0R	GATE_TOP30+DAYSIDE	ALL	380	2505	6.592	-103.26	-211.61	11.29	-15.66	356.25	0.3697	841.74	-0.052
E3	TREND_900|EXT|TRAIL_1.0R	GATE_TOP30+DAYSIDE	MODEL_TOP3	380	684	1.8	71.49	4.49	139.08	39.72	387.5	0.424	271.7	0.036
E3	TREND_900|EXT|TRAIL_1.0R	SHUFFLED_GATE_TOP30	ALL	390	5175	13.269	-380.75	-537.58	-205.32	-28.69	350	0.3442	1477.02	-0.19
E3	TREND_900|EXT|TRAIL_1.0R	SHUFFLED_GATE_TOP30	MODEL_TOP3	390	886	2.272	-41.79	-101.11	20.41	-18.4	300	0.351	303.28	-0.021
E3	TREND_900|RECLAIM|TRAIL_1.0R	NONE	ALL	390	13914	35.677	-1052.21	-1204.29	-874.27	-29.49	150	0.295	2070.45	-0.526
E3	TREND_900|RECLAIM|TRAIL_1.0R	NONE	MODEL_TOP3	390	807	2.069	-51.9	-84.18	-17.18	-25.08	125	0.2813	177.15	-0.026
E3	TREND_900|RECLAIM|TRAIL_1.0R	VETO_K	ALL	390	11232	28.8	-834.54	-965.16	-689.81	-28.98	150	0.2926	1715.96	-0.417
E3	TREND_900|RECLAIM|TRAIL_1.0R	VETO_K	MODEL_TOP3	390	859	2.203	-57.92	-88.23	-25.01	-26.3	125	0.2922	175.86	-0.029
E3	TREND_900|RECLAIM|TRAIL_1.0R	VETO_2K	ALL	390	8389	21.51	-633.35	-739.92	-522.31	-29.44	137.5	0.2898	1305.71	-0.317
E3	TREND_900|RECLAIM|TRAIL_1.0R	VETO_2K	MODEL_TOP3	390	831	2.131	-80.25	-106.95	-50.84	-37.66	125	0.2671	172.85	-0.04
E3	TREND_900|RECLAIM|TRAIL_1.0R	DAYSIDE	ALL	390	9000	23.077	-610.34	-717.61	-494.3	-26.45	137.5	0.3001	1351.41	-0.305
E3	TREND_900|RECLAIM|TRAIL_1.0R	DAYSIDE	MODEL_TOP3	390	812	2.082	-9.61	-52.93	39.76	-4.62	137.5	0.3005	171.55	-0.005
E3	TREND_900|RECLAIM|TRAIL_1.0R	VETO_K+DAYSIDE	ALL	390	6873	17.623	-475.79	-564.53	-386.42	-27	137.5	0.2964	1101.93	-0.238
E3	TREND_900|RECLAIM|TRAIL_1.0R	VETO_K+DAYSIDE	MODEL_TOP3	390	847	2.172	-36.61	-67.79	-5.52	-16.86	137.5	0.307	172.3	-0.018
E3	TREND_900|RECLAIM|TRAIL_1.0R	SHUFFLED_VETO	ALL	390	9412	24.133	-579.35	-715.22	-437.56	-24.01	156.25	0.3027	1525.97	-0.29
E3	TREND_900|RECLAIM|TRAIL_1.0R	SHUFFLED_VETO	MODEL_TOP3	390	941	2.413	-56.84	-97.28	-14.61	-23.56	150	0.288	215.88	-0.028
E3	TREND_900|RECLAIM|TRAIL_1.0R	SHUFFLED_DAYSIDE	ALL	390	9027	23.146	-704.69	-823.98	-579.03	-30.45	137.5	0.2886	1380.85	-0.352
E3	TREND_900|RECLAIM|TRAIL_1.0R	SHUFFLED_DAYSIDE	MODEL_TOP3	390	813	2.085	-14.81	-61.13	37.58	-7.11	137.5	0.2977	176.79	-0.007
E3	TREND_900|RECLAIM|TRAIL_1.0R	GATE_TOP5	ALL	324	1149	3.546	-39.86	-147.88	79.38	-11.24	462.5	0.3786	601.32	-0.02
E3	TREND_900|RECLAIM|TRAIL_1.0R	GATE_TOP5	MODEL_TOP3	324	570	1.759	-17.86	-92.82	64.57	-10.15	456.25	0.3684	336.3	-0.009
E3	TREND_900|RECLAIM|TRAIL_1.0R	GATE_TOP5+VETO_K	ALL	263	604	2.297	-34.58	-122.28	56.73	-15.06	450	0.3609	408.56	-0.017
E3	TREND_900|RECLAIM|TRAIL_1.0R	GATE_TOP5+VETO_K	MODEL_TOP3	263	445	1.692	-7.08	-81.91	74.9	-4.19	450	0.3708	308.94	-0.004
E3	TREND_900|RECLAIM|TRAIL_1.0R	GATE_TOP5+DAYSIDE	ALL	277	619	2.235	16.35	-64.99	98.13	7.32	450	0.399	373.43	0.008
E3	TREND_900|RECLAIM|TRAIL_1.0R	GATE_TOP5+DAYSIDE	MODEL_TOP3	277	420	1.516	-10.11	-77.96	57.68	-6.67	456.25	0.3714	277.86	-0.005
E3	TREND_900|RECLAIM|TRAIL_1.0R	SHUFFLED_GATE_TOP5	ALL	390	2762	7.082	-227.8	-300.05	-152.17	-32.17	175	0.2983	619.33	-0.114
E3	TREND_900|RECLAIM|TRAIL_1.0R	SHUFFLED_GATE_TOP5	MODEL_TOP3	390	1068	2.738	-80.47	-122.13	-41.07	-29.39	175	0.294	271.2	-0.04
E3	TREND_900|RECLAIM|TRAIL_1.0R	GATE_TOP10	ALL	360	2062	5.728	-174.7	-293.82	-60.04	-30.5	387.5	0.3511	836.91	-0.087
E3	TREND_900|RECLAIM|TRAIL_1.0R	GATE_TOP10	MODEL_TOP3	360	649	1.803	-8.46	-77.97	65.51	-4.69	412.5	0.3636	308.27	-0.004
E3	TREND_900|RECLAIM|TRAIL_1.0R	GATE_TOP10+VETO_K	ALL	325	1300	4	-115.73	-210.62	-17.65	-28.93	375	0.3492	591.99	-0.058
E3	TREND_900|RECLAIM|TRAIL_1.0R	GATE_TOP10+VETO_K	MODEL_TOP3	325	587	1.806	-5.17	-73.41	69.2	-2.86	400	0.3646	299.62	-0.003
E3	TREND_900|RECLAIM|TRAIL_1.0R	GATE_TOP10+DAYSIDE	ALL	334	1139	3.41	-49.93	-136.79	35.61	-14.64	375	0.3679	499.2	-0.025
E3	TREND_900|RECLAIM|TRAIL_1.0R	GATE_TOP10+DAYSIDE	MODEL_TOP3	334	570	1.707	-8.2	-74.26	55.9	-4.8	400	0.3579	285.07	-0.004
E3	TREND_900|RECLAIM|TRAIL_1.0R	SHUFFLED_GATE_TOP10	ALL	390	4676	11.99	-375.4	-466.26	-284.75	-31.31	162.5	0.3009	942.71	-0.188
E3	TREND_900|RECLAIM|TRAIL_1.0R	SHUFFLED_GATE_TOP10	MODEL_TOP3	390	1055	2.705	-100.22	-140.39	-58.41	-37.05	162.5	0.3014	271.27	-0.05
E3	TREND_900|RECLAIM|TRAIL_1.0R	GATE_TOP30	ALL	383	5820	15.196	-412.58	-544.02	-278.04	-27.15	200	0.3129	1190.13	-0.206
E3	TREND_900|RECLAIM|TRAIL_1.0R	GATE_TOP30	MODEL_TOP3	383	776	2.026	-35.18	-90.04	25.85	-17.36	256.25	0.3183	255.6	-0.018
E3	TREND_900|RECLAIM|TRAIL_1.0R	GATE_TOP30+VETO_K	ALL	372	4404	11.839	-272.94	-369.43	-167.33	-23.05	187.5	0.3136	886.96	-0.136
E3	TREND_900|RECLAIM|TRAIL_1.0R	GATE_TOP30+VETO_K	MODEL_TOP3	372	779	2.094	-67.31	-111.72	-23.03	-32.14	250	0.3042	252.92	-0.034
E3	TREND_900|RECLAIM|TRAIL_1.0R	GATE_TOP30+DAYSIDE	ALL	372	3446	9.263	-210.3	-301.85	-120.63	-22.7	175	0.3204	757.14	-0.105
E3	TREND_900|RECLAIM|TRAIL_1.0R	GATE_TOP30+DAYSIDE	MODEL_TOP3	372	728	1.957	-0.54	-55.21	57.13	-0.28	243.75	0.342	236.51	-0
E3	TREND_900|RECLAIM|TRAIL_1.0R	SHUFFLED_GATE_TOP30	ALL	390	8869	22.741	-607.47	-735.34	-462.14	-26.71	162.5	0.3029	1453.64	-0.304
E3	TREND_900|RECLAIM|TRAIL_1.0R	SHUFFLED_GATE_TOP30	MODEL_TOP3	390	956	2.451	-93.84	-131.83	-55.82	-38.28	150	0.2751	226.61	-0.047
E3	TREND_900|SWING|TRAIL_1.0R	NONE	ALL	390	28980	74.308	-2229.38	-2408.81	-2053.9	-30	75	0.2504	2692.71	-1.115
E3	TREND_900|SWING|TRAIL_1.0R	NONE	MODEL_TOP3	390	875	2.244	-68.32	-89.11	-46.23	-30.45	75	0.2491	129.58	-0.034
E3	TREND_900|SWING|TRAIL_1.0R	VETO_K	ALL	390	19909	51.049	-1618.62	-1725.57	-1509.96	-31.71	75	0.2407	1930.11	-0.809
E3	TREND_900|SWING|TRAIL_1.0R	VETO_K	MODEL_TOP3	390	932	2.39	-74.66	-90.8	-57.15	-31.24	68.75	0.2468	131.38	-0.037
E3	TREND_900|SWING|TRAIL_1.0R	VETO_2K	ALL	390	12734	32.651	-1043.21	-1115.94	-967.74	-31.95	68.75	0.2339	1280.32	-0.522
E3	TREND_900|SWING|TRAIL_1.0R	VETO_2K	MODEL_TOP3	390	909	2.331	-79.25	-95.07	-61.89	-34	62.5	0.2211	126.76	-0.04
E3	TREND_900|SWING|TRAIL_1.0R	DAYSIDE	ALL	390	14818	37.995	-1110.09	-1216.19	-1003.2	-29.22	75	0.2533	1509.71	-0.555
E3	TREND_900|SWING|TRAIL_1.0R	DAYSIDE	MODEL_TOP3	390	878	2.251	-66.18	-85.56	-44.97	-29.39	75	0.2403	131.75	-0.033
E3	TREND_900|SWING|TRAIL_1.0R	VETO_K+DAYSIDE	ALL	390	10189	26.126	-798.88	-865.73	-729.53	-30.58	75	0.2443	1062.55	-0.399
E3	TREND_900|SWING|TRAIL_1.0R	VETO_K+DAYSIDE	MODEL_TOP3	390	914	2.344	-74.91	-90.32	-58.85	-31.96	75	0.2243	130.13	-0.037
E3	TREND_900|SWING|TRAIL_1.0R	SHUFFLED_VETO	ALL	390	15284	39.19	-1145.23	-1255.46	-1031.4	-29.22	75	0.2586	1533.32	-0.573
E3	TREND_900|SWING|TRAIL_1.0R	SHUFFLED_VETO	MODEL_TOP3	390	1011	2.592	-65.33	-86.88	-43.19	-25.2	75	0.2512	146.14	-0.033
E3	TREND_900|SWING|TRAIL_1.0R	SHUFFLED_DAYSIDE	ALL	390	14815	37.987	-1152.76	-1257.29	-1048.09	-30.35	75	0.2508	1515.28	-0.576
E3	TREND_900|SWING|TRAIL_1.0R	SHUFFLED_DAYSIDE	MODEL_TOP3	390	869	2.228	-61.93	-80.87	-41.19	-27.79	75	0.2647	126.86	-0.031
E3	TREND_900|SWING|TRAIL_1.0R	GATE_TOP5	ALL	308	1645	5.341	-77.31	-145.48	-6.44	-14.48	156.25	0.3246	389.24	-0.039
E3	TREND_900|SWING|TRAIL_1.0R	GATE_TOP5	MODEL_TOP3	308	607	1.971	-6.89	-49.45	38.47	-3.5	162.5	0.3328	158.72	-0.003
E3	TREND_900|SWING|TRAIL_1.0R	GATE_TOP5+VETO_K	ALL	247	532	2.154	-64.39	-105.74	-21.21	-29.89	150	0.2951	180.43	-0.032
E3	TREND_900|SWING|TRAIL_1.0R	GATE_TOP5+VETO_K	MODEL_TOP3	247	425	1.721	-43.62	-81.16	-7.54	-25.35	150	0.2894	146.86	-0.022
E3	TREND_900|SWING|TRAIL_1.0R	GATE_TOP5+DAYSIDE	ALL	264	877	3.322	-36.76	-92.18	24.32	-11.06	150	0.3147	261.42	-0.018
E3	TREND_900|SWING|TRAIL_1.0R	GATE_TOP5+DAYSIDE	MODEL_TOP3	264	489	1.852	-8.88	-55.34	40.46	-4.8	156.25	0.3149	157.09	-0.004
E3	TREND_900|SWING|TRAIL_1.0R	SHUFFLED_GATE_TOP5	ALL	390	3110	7.974	-209.31	-251.52	-165.73	-26.25	75	0.2559	406.64	-0.105
E3	TREND_900|SWING|TRAIL_1.0R	SHUFFLED_GATE_TOP5	MODEL_TOP3	390	1104	2.831	-77.82	-102.69	-52.14	-27.49	75	0.2455	168.99	-0.039
E3	TREND_900|SWING|TRAIL_1.0R	GATE_TOP10	ALL	352	3646	10.358	-181.5	-247.14	-117.27	-17.52	100	0.3031	553.64	-0.091
E3	TREND_900|SWING|TRAIL_1.0R	GATE_TOP10	MODEL_TOP3	352	770	2.188	-48.01	-77.98	-14.03	-21.95	112.5	0.2987	165.15	-0.024
E3	TREND_900|SWING|TRAIL_1.0R	GATE_TOP10+VETO_K	ALL	318	1581	4.972	-134.29	-172.68	-96.09	-27.01	100	0.2802	291.44	-0.067
E3	TREND_900|SWING|TRAIL_1.0R	GATE_TOP10+VETO_K	MODEL_TOP3	318	674	2.119	-61.7	-88.64	-34.36	-29.11	118.75	0.276	157.14	-0.031
E3	TREND_900|SWING|TRAIL_1.0R	GATE_TOP10+DAYSIDE	ALL	320	1902	5.944	-94.58	-147.1	-38.85	-15.91	106.25	0.3002	353.96	-0.047
E3	TREND_900|SWING|TRAIL_1.0R	GATE_TOP10+DAYSIDE	MODEL_TOP3	320	673	2.103	-10.16	-44.66	25.7	-4.83	112.5	0.3135	144.6	-0.005
E3	TREND_900|SWING|TRAIL_1.0R	SHUFFLED_GATE_TOP10	ALL	390	5795	14.859	-396.36	-455.21	-338.55	-26.67	75	0.2566	696.25	-0.198
E3	TREND_900|SWING|TRAIL_1.0R	SHUFFLED_GATE_TOP10	MODEL_TOP3	390	1085	2.782	-87.74	-108.27	-64.31	-31.54	75	0.2608	166.84	-0.044
E3	TREND_900|SWING|TRAIL_1.0R	GATE_TOP30	ALL	376	11402	30.324	-659.04	-746.24	-568.67	-21.73	68.75	0.2755	1062.15	-0.33
E3	TREND_900|SWING|TRAIL_1.0R	GATE_TOP30	MODEL_TOP3	376	910	2.42	-38	-65.72	-9.3	-15.7	75	0.2978	138.53	-0.019
E3	TREND_900|SWING|TRAIL_1.0R	GATE_TOP30+VETO_K	ALL	366	7215	19.713	-479.18	-541.99	-414.14	-24.31	62.5	0.2624	701.61	-0.24
E3	TREND_900|SWING|TRAIL_1.0R	GATE_TOP30+VETO_K	MODEL_TOP3	366	883	2.413	-63.41	-83.64	-41.85	-26.28	75	0.2945	131.7	-0.032
E3	TREND_900|SWING|TRAIL_1.0R	GATE_TOP30+DAYSIDE	ALL	368	5817	15.807	-319.01	-384.13	-254.01	-20.18	75	0.2785	614.11	-0.16
E3	TREND_900|SWING|TRAIL_1.0R	GATE_TOP30+DAYSIDE	MODEL_TOP3	368	834	2.266	-38.59	-61.49	-13.64	-17.03	75	0.283	126.79	-0.019
E3	TREND_900|SWING|TRAIL_1.0R	SHUFFLED_GATE_TOP30	ALL	390	14031	35.977	-1096.33	-1206.93	-982.93	-30.47	75	0.2528	1489.23	-0.548
E3	TREND_900|SWING|TRAIL_1.0R	SHUFFLED_GATE_TOP30	MODEL_TOP3	390	1023	2.623	-88.21	-108.04	-64.69	-33.63	75	0.2542	155	-0.044
E3	TREND_1800|EXT|TRAIL_1.0R	NONE	ALL	390	5707	14.633	-359.58	-533.47	-172.46	-24.57	350	0.3518	1634.25	-0.18
E3	TREND_1800|EXT|TRAIL_1.0R	NONE	MODEL_TOP3	390	686	1.759	-16.13	-70.69	37.19	-9.17	300	0.3673	233.98	-0.008
E3	TREND_1800|EXT|TRAIL_1.0R	VETO_K	ALL	390	4916	12.605	-385.85	-542.58	-211.34	-30.61	362.5	0.3513	1501.46	-0.193
E3	TREND_1800|EXT|TRAIL_1.0R	VETO_K	MODEL_TOP3	390	724	1.856	-20.34	-65.23	24.46	-10.96	300	0.3771	215.84	-0.01
E3	TREND_1800|EXT|TRAIL_1.0R	VETO_2K	ALL	390	4124	10.574	-293.67	-430.45	-148.17	-27.77	356.25	0.3586	1245.07	-0.147
E3	TREND_1800|EXT|TRAIL_1.0R	VETO_2K	MODEL_TOP3	390	751	1.926	-33.79	-75.38	8.82	-17.55	300	0.3622	219.75	-0.017
E3	TREND_1800|EXT|TRAIL_1.0R	DAYSIDE	ALL	390	4610	11.821	-223	-342.85	-92.63	-18.87	287.5	0.3471	1171.01	-0.111
E3	TREND_1800|EXT|TRAIL_1.0R	DAYSIDE	MODEL_TOP3	390	665	1.705	96.83	38.25	150.91	56.79	312.5	0.4256	194.26	0.048
E3	TREND_1800|EXT|TRAIL_1.0R	VETO_K+DAYSIDE	ALL	390	3721	9.541	-158.71	-275	-33.77	-16.63	300	0.3515	1024.57	-0.079
E3	TREND_1800|EXT|TRAIL_1.0R	VETO_K+DAYSIDE	MODEL_TOP3	390	696	1.785	105.85	50.73	164.97	59.31	312.5	0.4167	187.71	0.053
E3	TREND_1800|EXT|TRAIL_1.0R	SHUFFLED_VETO	ALL	390	4453	11.418	-226.77	-374.57	-67.29	-19.86	375	0.3676	1401.38	-0.113
E3	TREND_1800|EXT|TRAIL_1.0R	SHUFFLED_VETO	MODEL_TOP3	390	811	2.079	-27.5	-84.51	27.02	-13.22	312.5	0.3872	286.26	-0.014
E3	TREND_1800|EXT|TRAIL_1.0R	SHUFFLED_DAYSIDE	ALL	390	4614	11.831	-317.23	-437.17	-186.42	-26.81	287.5	0.3427	1203.37	-0.159
E3	TREND_1800|EXT|TRAIL_1.0R	SHUFFLED_DAYSIDE	MODEL_TOP3	390	690	1.769	66.31	0.15	131.76	37.48	300	0.413	217.7	0.033
E3	TREND_1800|EXT|TRAIL_1.0R	GATE_TOP5	ALL	328	926	2.823	58.43	-78.56	182.4	20.7	612.5	0.3985	576.53	0.029
E3	TREND_1800|EXT|TRAIL_1.0R	GATE_TOP5	MODEL_TOP3	328	524	1.598	61.91	-22.51	141.96	38.75	606.25	0.4122	308.61	0.031
E3	TREND_1800|EXT|TRAIL_1.0R	GATE_TOP5+VETO_K	ALL	253	506	2	62.13	-63.62	183.44	31.07	625	0.4051	401.38	0.031
E3	TREND_1800|EXT|TRAIL_1.0R	GATE_TOP5+VETO_K	MODEL_TOP3	253	396	1.565	68.43	-31.18	168.59	43.72	625	0.4268	307.71	0.034
E3	TREND_1800|EXT|TRAIL_1.0R	GATE_TOP5+DAYSIDE	ALL	262	520	1.985	56.99	-42.07	154.72	28.71	596.88	0.4	388.95	0.028
E3	TREND_1800|EXT|TRAIL_1.0R	GATE_TOP5+DAYSIDE	MODEL_TOP3	262	369	1.408	96.35	13.79	182.81	68.41	600	0.4173	258.94	0.048
E3	TREND_1800|EXT|TRAIL_1.0R	SHUFFLED_GATE_TOP5	ALL	390	2116	5.426	-123.27	-238.08	-7.31	-22.72	381.25	0.3426	834.09	-0.062
E3	TREND_1800|EXT|TRAIL_1.0R	SHUFFLED_GATE_TOP5	MODEL_TOP3	390	971	2.49	-44.88	-120.14	39.31	-18.03	350	0.3409	411.47	-0.022
E3	TREND_1800|EXT|TRAIL_1.0R	GATE_TOP10	ALL	356	1525	4.284	-24.58	-158.56	121.27	-5.74	537.5	0.3823	789.2	-0.012
E3	TREND_1800|EXT|TRAIL_1.0R	GATE_TOP10	MODEL_TOP3	356	589	1.654	16.03	-66.05	97.41	9.69	525	0.4194	305.11	0.008
E3	TREND_1800|EXT|TRAIL_1.0R	GATE_TOP10+VETO_K	ALL	317	987	3.114	-44.93	-156.85	76.26	-14.43	550	0.384	587.24	-0.022
E3	TREND_1800|EXT|TRAIL_1.0R	GATE_TOP10+VETO_K	MODEL_TOP3	317	539	1.7	23.18	-58.73	103.7	13.63	550	0.41	311.25	0.012
E3	TREND_1800|EXT|TRAIL_1.0R	GATE_TOP10+DAYSIDE	ALL	322	912	2.832	-1.06	-92.79	93.27	-0.37	481.25	0.3739	508.12	-0.001
E3	TREND_1800|EXT|TRAIL_1.0R	GATE_TOP10+DAYSIDE	MODEL_TOP3	322	490	1.522	40.76	-34.27	116.73	26.79	512.5	0.4143	273.97	0.02
E3	TREND_1800|EXT|TRAIL_1.0R	SHUFFLED_GATE_TOP10	ALL	390	2977	7.633	-179.48	-314.94	-41.23	-23.51	387.5	0.348	1098.4	-0.09
E3	TREND_1800|EXT|TRAIL_1.0R	SHUFFLED_GATE_TOP10	MODEL_TOP3	390	916	2.349	15.45	-58.42	91	6.58	350	0.3843	343.75	0.008
E3	TREND_1800|EXT|TRAIL_1.0R	GATE_TOP30	ALL	388	3087	7.956	-144.29	-286.04	14.16	-18.14	425	0.3693	1133.27	-0.072
E3	TREND_1800|EXT|TRAIL_1.0R	GATE_TOP30	MODEL_TOP3	388	672	1.732	-32.71	-98.32	35.43	-18.89	406.25	0.3646	292.87	-0.016
E3	TREND_1800|EXT|TRAIL_1.0R	GATE_TOP30+VETO_K	ALL	386	2392	6.197	-137.67	-258.5	-9.87	-22.22	431.25	0.3771	916.36	-0.069
E3	TREND_1800|EXT|TRAIL_1.0R	GATE_TOP30+VETO_K	MODEL_TOP3	386	726	1.881	-23.31	-84.06	40.4	-12.39	425	0.3733	292.86	-0.012
E3	TREND_1800|EXT|TRAIL_1.0R	GATE_TOP30+DAYSIDE	ALL	380	2098	5.521	-38.61	-136.24	64.66	-6.99	375	0.3785	737.3	-0.019
E3	TREND_1800|EXT|TRAIL_1.0R	GATE_TOP30+DAYSIDE	MODEL_TOP3	380	630	1.658	79.75	9.16	143.86	48.11	400	0.4	243.05	0.04
E3	TREND_1800|EXT|TRAIL_1.0R	SHUFFLED_GATE_TOP30	ALL	390	4432	11.364	-259.46	-416.32	-86.44	-22.83	375	0.3567	1416.45	-0.13
E3	TREND_1800|EXT|TRAIL_1.0R	SHUFFLED_GATE_TOP30	MODEL_TOP3	390	835	2.141	25.08	-34.06	85.99	11.71	312.5	0.388	284.57	0.013
E3	TREND_1800|RECLAIM|TRAIL_1.0R	NONE	ALL	390	10678	27.379	-681.58	-842.82	-511.06	-24.89	175	0.3115	1822.29	-0.341
E3	TREND_1800|RECLAIM|TRAIL_1.0R	NONE	MODEL_TOP3	390	761	1.951	-45.11	-88.34	-1.41	-23.12	175	0.3167	199.44	-0.023
E3	TREND_1800|RECLAIM|TRAIL_1.0R	VETO_K	ALL	390	8386	21.503	-580.89	-722.77	-421.6	-27.02	187.5	0.3115	1580.76	-0.29
E3	TREND_1800|RECLAIM|TRAIL_1.0R	VETO_K	MODEL_TOP3	390	803	2.059	-49.24	-81.64	-13.46	-23.91	162.5	0.3176	185.04	-0.025
E3	TREND_1800|RECLAIM|TRAIL_1.0R	VETO_2K	ALL	390	6573	16.854	-484.69	-604.31	-354	-28.76	175	0.3094	1265.13	-0.242
E3	TREND_1800|RECLAIM|TRAIL_1.0R	VETO_2K	MODEL_TOP3	390	819	2.1	-67.97	-97.12	-34.73	-32.37	150	0.2845	184.81	-0.034
E3	TREND_1800|RECLAIM|TRAIL_1.0R	DAYSIDE	ALL	390	7093	18.187	-420.78	-530.45	-300.13	-23.14	150	0.3021	1205.58	-0.21
E3	TREND_1800|RECLAIM|TRAIL_1.0R	DAYSIDE	MODEL_TOP3	390	749	1.921	24.71	-23.6	72.24	12.87	175	0.3605	177.4	0.012
E3	TREND_1800|RECLAIM|TRAIL_1.0R	VETO_K+DAYSIDE	ALL	390	5385	13.808	-333.37	-434.56	-226.04	-24.14	168.75	0.3071	1026.54	-0.167
E3	TREND_1800|RECLAIM|TRAIL_1.0R	VETO_K+DAYSIDE	MODEL_TOP3	390	769	1.972	25.65	-14.44	67.28	13.01	175	0.3524	164.91	0.013
E3	TREND_1800|RECLAIM|TRAIL_1.0R	SHUFFLED_VETO	ALL	390	7430	19.051	-419.41	-563.33	-266.48	-22.01	193.75	0.3153	1436.99	-0.21
E3	TREND_1800|RECLAIM|TRAIL_1.0R	SHUFFLED_VETO	MODEL_TOP3	390	896	2.297	-66.39	-110.27	-21.41	-28.9	175	0.3125	237.66	-0.033
E3	TREND_1800|RECLAIM|TRAIL_1.0R	SHUFFLED_DAYSIDE	ALL	390	7037	18.044	-474.13	-589.35	-352.9	-26.28	150	0.303	1222.88	-0.237
E3	TREND_1800|RECLAIM|TRAIL_1.0R	SHUFFLED_DAYSIDE	MODEL_TOP3	390	764	1.959	17.43	-32.1	68.04	8.9	175	0.3534	186.75	0.009
E3	TREND_1800|RECLAIM|TRAIL_1.0R	GATE_TOP5	ALL	334	1028	3.078	33.51	-75.37	139.78	10.89	537.5	0.3774	553.66	0.017
E3	TREND_1800|RECLAIM|TRAIL_1.0R	GATE_TOP5	MODEL_TOP3	334	517	1.548	39.02	-40.36	117.95	25.21	537.5	0.3965	303.11	0.02
E3	TREND_1800|RECLAIM|TRAIL_1.0R	GATE_TOP5+VETO_K	ALL	262	502	1.916	14.87	-87.65	118.1	7.76	562.5	0.3765	388.16	0.007
E3	TREND_1800|RECLAIM|TRAIL_1.0R	GATE_TOP5+VETO_K	MODEL_TOP3	262	392	1.496	-23.13	-111.47	61.03	-15.46	550	0.3673	317.98	-0.012
E3	TREND_1800|RECLAIM|TRAIL_1.0R	GATE_TOP5+DAYSIDE	ALL	251	546	2.175	42.29	-51.78	142.21	19.44	525	0.3718	387.86	0.021
E3	TREND_1800|RECLAIM|TRAIL_1.0R	GATE_TOP5+DAYSIDE	MODEL_TOP3	251	360	1.434	39.94	-38.45	124.33	27.85	528.12	0.3833	276.83	0.02
E3	TREND_1800|RECLAIM|TRAIL_1.0R	SHUFFLED_GATE_TOP5	ALL	390	2526	6.477	-125.3	-224.81	-25.26	-19.35	200	0.312	674.81	-0.063
E3	TREND_1800|RECLAIM|TRAIL_1.0R	SHUFFLED_GATE_TOP5	MODEL_TOP3	390	1033	2.649	-30.73	-90.59	33.88	-11.6	193.75	0.3107	295	-0.015
E3	TREND_1800|RECLAIM|TRAIL_1.0R	GATE_TOP10	ALL	377	1779	4.719	-11.49	-120.96	107.02	-2.44	450	0.3676	708.98	-0.006
E3	TREND_1800|RECLAIM|TRAIL_1.0R	GATE_TOP10	MODEL_TOP3	377	641	1.7	18.8	-50.74	94.84	11.06	450	0.39	291.36	0.009
E3	TREND_1800|RECLAIM|TRAIL_1.0R	GATE_TOP10+VETO_K	ALL	342	1048	3.064	-27.31	-115.5	69.32	-8.91	475	0.3683	511.72	-0.014
E3	TREND_1800|RECLAIM|TRAIL_1.0R	GATE_TOP10+VETO_K	MODEL_TOP3	342	616	1.801	-2.41	-64.76	68.1	-1.34	462.5	0.3831	303.88	-0.001
E3	TREND_1800|RECLAIM|TRAIL_1.0R	GATE_TOP10+DAYSIDE	ALL	329	946	2.875	12.31	-67.64	95.41	4.28	437.5	0.3636	447.05	0.006
E3	TREND_1800|RECLAIM|TRAIL_1.0R	GATE_TOP10+DAYSIDE	MODEL_TOP3	329	520	1.581	35.51	-30.28	108	22.46	443.75	0.3769	260.49	0.018
E3	TREND_1800|RECLAIM|TRAIL_1.0R	SHUFFLED_GATE_TOP10	ALL	390	3953	10.136	-237.6	-353.18	-117.13	-23.44	206.25	0.3137	965.55	-0.119
E3	TREND_1800|RECLAIM|TRAIL_1.0R	SHUFFLED_GATE_TOP10	MODEL_TOP3	390	995	2.551	-27.69	-85.76	29.54	-10.85	187.5	0.3367	264.32	-0.014
E3	TREND_1800|RECLAIM|TRAIL_1.0R	GATE_TOP30	ALL	387	4351	11.243	-155.29	-283.01	-21.79	-13.81	281.25	0.3404	1073.18	-0.078
E3	TREND_1800|RECLAIM|TRAIL_1.0R	GATE_TOP30	MODEL_TOP3	387	703	1.817	-6.69	-55.85	47.47	-3.68	287.5	0.3599	238.42	-0.003
E3	TREND_1800|RECLAIM|TRAIL_1.0R	GATE_TOP30+VETO_K	ALL	380	3142	8.268	-109.2	-210.82	-2.52	-13.21	300	0.352	852.98	-0.055
E3	TREND_1800|RECLAIM|TRAIL_1.0R	GATE_TOP30+VETO_K	MODEL_TOP3	380	764	2.011	13.83	-34.56	67.28	6.88	325	0.3887	232.9	0.007
E3	TREND_1800|RECLAIM|TRAIL_1.0R	GATE_TOP30+DAYSIDE	ALL	375	2567	6.845	-35.68	-123.82	59.1	-5.21	250	0.3487	659.57	-0.018
E3	TREND_1800|RECLAIM|TRAIL_1.0R	GATE_TOP30+DAYSIDE	MODEL_TOP3	375	663	1.768	67.59	13.78	125.6	38.23	300	0.3937	203.92	0.034
E3	TREND_1800|RECLAIM|TRAIL_1.0R	SHUFFLED_GATE_TOP30	ALL	390	7210	18.487	-457.69	-588.69	-318.65	-24.76	187.5	0.3133	1430.14	-0.229
E3	TREND_1800|RECLAIM|TRAIL_1.0R	SHUFFLED_GATE_TOP30	MODEL_TOP3	390	926	2.374	-48.44	-97.96	1.42	-20.4	175	0.324	236.28	-0.024
E3	TREND_1800|SWING|TRAIL_1.0R	NONE	ALL	390	24170	61.974	-1752.96	-1929.19	-1573.98	-28.29	75	0.2595	2363.58	-0.876
E3	TREND_1800|SWING|TRAIL_1.0R	NONE	MODEL_TOP3	390	862	2.21	-40.59	-63.82	-16.4	-18.36	75	0.2796	134.12	-0.02
E3	TREND_1800|SWING|TRAIL_1.0R	VETO_K	ALL	390	17363	44.521	-1351.53	-1469.68	-1225.29	-30.36	75	0.2558	1799.31	-0.676
E3	TREND_1800|SWING|TRAIL_1.0R	VETO_K	MODEL_TOP3	390	897	2.3	-58.12	-78.38	-37.13	-25.27	75	0.2609	129.82	-0.029
E3	TREND_1800|SWING|TRAIL_1.0R	VETO_2K	ALL	390	11458	29.379	-918.53	-1003.54	-824.79	-31.26	75	0.2467	1254.46	-0.459
E3	TREND_1800|SWING|TRAIL_1.0R	VETO_2K	MODEL_TOP3	390	893	2.29	-51.64	-74.38	-27.31	-22.55	75	0.252	129.37	-0.026
E3	TREND_1800|SWING|TRAIL_1.0R	DAYSIDE	ALL	390	12714	32.6	-926.01	-1033.32	-810.24	-28.41	87.5	0.2636	1378.02	-0.463
E3	TREND_1800|SWING|TRAIL_1.0R	DAYSIDE	MODEL_TOP3	390	858	2.2	-26.3	-50.57	-1.39	-11.96	75	0.2972	125.88	-0.013
E3	TREND_1800|SWING|TRAIL_1.0R	VETO_K+DAYSIDE	ALL	390	8986	23.041	-676.57	-759.07	-593.3	-29.36	75	0.257	1033.31	-0.338
E3	TREND_1800|SWING|TRAIL_1.0R	VETO_K+DAYSIDE	MODEL_TOP3	390	871	2.233	-40.72	-63.47	-18.25	-18.23	75	0.2755	122.94	-0.02
E3	TREND_1800|SWING|TRAIL_1.0R	SHUFFLED_VETO	ALL	390	13520	34.667	-953.09	-1081.17	-830.14	-27.49	87.5	0.2642	1497.51	-0.477
E3	TREND_1800|SWING|TRAIL_1.0R	SHUFFLED_VETO	MODEL_TOP3	390	970	2.487	-57.55	-86.87	-24.98	-23.14	75	0.2753	158.81	-0.029
E3	TREND_1800|SWING|TRAIL_1.0R	SHUFFLED_DAYSIDE	ALL	390	12428	31.867	-950.23	-1063.74	-836.23	-29.82	87.5	0.2596	1394.4	-0.475
E3	TREND_1800|SWING|TRAIL_1.0R	SHUFFLED_DAYSIDE	MODEL_TOP3	390	854	2.19	-47.49	-71.95	-21.17	-21.69	75	0.2681	134.4	-0.024
E3	TREND_1800|SWING|TRAIL_1.0R	GATE_TOP5	ALL	355	1707	4.808	-59.39	-135.6	21.12	-12.35	200	0.3386	439.66	-0.03
E3	TREND_1800|SWING|TRAIL_1.0R	GATE_TOP5	MODEL_TOP3	355	720	2.028	-66.67	-107.75	-21.33	-32.87	200	0.3097	229.19	-0.033
E3	TREND_1800|SWING|TRAIL_1.0R	GATE_TOP5+VETO_K	ALL	298	667	2.238	-76.56	-126.46	-17.67	-34.21	200	0.3103	236.12	-0.038
E3	TREND_1800|SWING|TRAIL_1.0R	GATE_TOP5+VETO_K	MODEL_TOP3	298	523	1.755	-59.68	-104.51	-3.29	-34	200	0.3212	189.86	-0.03
E3	TREND_1800|SWING|TRAIL_1.0R	GATE_TOP5+DAYSIDE	ALL	309	896	2.9	-37.27	-97.81	27.7	-12.85	206.25	0.3382	287.94	-0.019
E3	TREND_1800|SWING|TRAIL_1.0R	GATE_TOP5+DAYSIDE	MODEL_TOP3	309	539	1.744	-24.01	-75.7	34.4	-13.77	218.75	0.3377	196.91	-0.012
E3	TREND_1800|SWING|TRAIL_1.0R	SHUFFLED_GATE_TOP5	ALL	389	3058	7.861	-225.75	-280.97	-172.14	-28.72	87.5	0.276	467.84	-0.113
E3	TREND_1800|SWING|TRAIL_1.0R	SHUFFLED_GATE_TOP5	MODEL_TOP3	389	1091	2.805	-69.53	-96.25	-40.59	-24.79	87.5	0.2686	184.06	-0.035
E3	TREND_1800|SWING|TRAIL_1.0R	GATE_TOP10	ALL	384	3301	8.596	-157.42	-235.43	-76.85	-18.31	150	0.319	599.76	-0.079
E3	TREND_1800|SWING|TRAIL_1.0R	GATE_TOP10	MODEL_TOP3	384	852	2.219	-61.79	-98.61	-23.24	-27.85	168.75	0.3063	215.38	-0.031
E3	TREND_1800|SWING|TRAIL_1.0R	GATE_TOP10+VETO_K	ALL	370	1558	4.211	-105.67	-158.29	-53.49	-25.09	150	0.3151	330.22	-0.053
E3	TREND_1800|SWING|TRAIL_1.0R	GATE_TOP10+VETO_K	MODEL_TOP3	370	791	2.138	-50.3	-83.36	-14.21	-23.53	156.25	0.3186	178.39	-0.025
E3	TREND_1800|SWING|TRAIL_1.0R	GATE_TOP10+DAYSIDE	ALL	355	1756	4.946	-83.96	-141.81	-26.58	-16.97	162.5	0.3246	378.64	-0.042
E3	TREND_1800|SWING|TRAIL_1.0R	GATE_TOP10+DAYSIDE	MODEL_TOP3	355	725	2.042	-28.13	-69.86	15.46	-13.78	162.5	0.3214	186.74	-0.014
E3	TREND_1800|SWING|TRAIL_1.0R	SHUFFLED_GATE_TOP10	ALL	390	5549	14.228	-429.19	-496.08	-361.6	-30.16	87.5	0.2656	760.51	-0.215
E3	TREND_1800|SWING|TRAIL_1.0R	SHUFFLED_GATE_TOP10	MODEL_TOP3	390	1069	2.741	-71.32	-97.43	-40.72	-26.02	87.5	0.2619	182.5	-0.036
E3	TREND_1800|SWING|TRAIL_1.0R	GATE_TOP30	ALL	390	9401	24.105	-535.7	-635.82	-429.42	-22.22	100	0.2866	1064.16	-0.268
E3	TREND_1800|SWING|TRAIL_1.0R	GATE_TOP30	MODEL_TOP3	390	899	2.305	-52.23	-84.9	-18.3	-22.66	112.5	0.2747	174.72	-0.026
E3	TREND_1800|SWING|TRAIL_1.0R	GATE_TOP30+VETO_K	ALL	387	5873	15.176	-383.6	-465.31	-300.47	-25.28	87.5	0.2774	718.4	-0.192
E3	TREND_1800|SWING|TRAIL_1.0R	GATE_TOP30+VETO_K	MODEL_TOP3	387	935	2.416	-59.14	-85.58	-30.69	-24.48	112.5	0.2695	162.53	-0.03
E3	TREND_1800|SWING|TRAIL_1.0R	GATE_TOP30+DAYSIDE	ALL	383	4984	13.013	-282.53	-352.54	-210.41	-21.71	100	0.2905	648.86	-0.141
E3	TREND_1800|SWING|TRAIL_1.0R	GATE_TOP30+DAYSIDE	MODEL_TOP3	383	858	2.24	-38.91	-68.86	-7.77	-17.37	112.5	0.2902	159.52	-0.019
E3	TREND_1800|SWING|TRAIL_1.0R	SHUFFLED_GATE_TOP30	ALL	390	12475	31.987	-902.71	-1017.14	-783.97	-28.22	87.5	0.2596	1410.47	-0.451
E3	TREND_1800|SWING|TRAIL_1.0R	SHUFFLED_GATE_TOP30	MODEL_TOP3	390	984	2.523	-68.05	-91.07	-42.78	-26.97	75	0.2642	164.4	-0.034
E3	TREND_3600|EXT|TRAIL_1.0R	NONE	ALL	390	4990	12.795	-301.15	-470.68	-120.07	-23.54	375	0.3641	1509.15	-0.151
E3	TREND_3600|EXT|TRAIL_1.0R	NONE	MODEL_TOP3	390	627	1.608	-31.72	-87.32	23.87	-19.73	356.25	0.3604	236.96	-0.016
E3	TREND_3600|EXT|TRAIL_1.0R	VETO_K	ALL	390	4306	11.041	-308.22	-477.86	-139.06	-27.92	400	0.3655	1401.37	-0.154
E3	TREND_3600|EXT|TRAIL_1.0R	VETO_K	MODEL_TOP3	390	675	1.731	-51.67	-102.71	-0.96	-29.85	337.5	0.3615	243.83	-0.026
E3	TREND_3600|EXT|TRAIL_1.0R	VETO_2K	ALL	390	3628	9.303	-256.18	-407.23	-99.77	-27.54	406.25	0.3699	1216.45	-0.128
E3	TREND_3600|EXT|TRAIL_1.0R	VETO_2K	MODEL_TOP3	390	701	1.797	-53.39	-99.06	-5.43	-29.71	350	0.3538	242.14	-0.027
E3	TREND_3600|EXT|TRAIL_1.0R	DAYSIDE	ALL	390	3686	9.451	-141.92	-266.67	-4.55	-15.02	312.5	0.363	1029.8	-0.071
E3	TREND_3600|EXT|TRAIL_1.0R	DAYSIDE	MODEL_TOP3	390	629	1.613	76.63	16.05	144.41	47.51	362.5	0.4197	211.93	0.038
E3	TREND_3600|EXT|TRAIL_1.0R	VETO_K+DAYSIDE	ALL	390	3064	7.856	-134.7	-252.63	-8.01	-17.15	337.5	0.3711	950.31	-0.067
E3	TREND_3600|EXT|TRAIL_1.0R	VETO_K+DAYSIDE	MODEL_TOP3	390	666	1.708	78.54	20.7	137.96	45.99	362.5	0.4189	215.02	0.039
E3	TREND_3600|EXT|TRAIL_1.0R	SHUFFLED_VETO	ALL	390	3863	9.905	-254.7	-423.96	-82.67	-25.71	412.5	0.3735	1353.96	-0.127
E3	TREND_3600|EXT|TRAIL_1.0R	SHUFFLED_VETO	MODEL_TOP3	390	740	1.897	-31.49	-93.97	35.19	-16.6	362.5	0.3635	287.92	-0.016
E3	TREND_3600|EXT|TRAIL_1.0R	SHUFFLED_DAYSIDE	ALL	390	3731	9.567	-262.46	-380.03	-130.67	-27.44	300	0.3586	1069.34	-0.131
E3	TREND_3600|EXT|TRAIL_1.0R	SHUFFLED_DAYSIDE	MODEL_TOP3	390	633	1.623	77.96	14.74	148.15	48.03	375	0.4471	200.54	0.039
E3	TREND_3600|EXT|TRAIL_1.0R	GATE_TOP5	ALL	271	528	1.948	-5.94	-130.22	115.16	-3.05	659.38	0.4015	457.72	-0.003
E3	TREND_3600|EXT|TRAIL_1.0R	GATE_TOP5	MODEL_TOP3	271	345	1.273	5.88	-84.79	100.56	4.62	662.5	0.4	289.27	0.003
E3	TREND_3600|EXT|TRAIL_1.0R	GATE_TOP5+VETO_K	ALL	212	325	1.533	-14.15	-128.64	109.25	-9.23	700	0.4	382.54	-0.007
E3	TREND_3600|EXT|TRAIL_1.0R	GATE_TOP5+VETO_K	MODEL_TOP3	212	264	1.245	39	-64.71	146.74	31.32	675	0.4242	289.85	0.019
E3	TREND_3600|EXT|TRAIL_1.0R	GATE_TOP5+DAYSIDE	ALL	203	310	1.527	11.42	-95.4	128.41	7.48	606.25	0.4129	332.62	0.006
E3	TREND_3600|EXT|TRAIL_1.0R	GATE_TOP5+DAYSIDE	MODEL_TOP3	203	245	1.207	3.11	-92.67	107.35	2.58	625	0.4	265.48	0.002
E3	TREND_3600|EXT|TRAIL_1.0R	SHUFFLED_GATE_TOP5	ALL	389	1835	4.717	-77.33	-199.5	52.48	-16.39	450	0.3826	772.18	-0.039
E3	TREND_3600|EXT|TRAIL_1.0R	SHUFFLED_GATE_TOP5	MODEL_TOP3	389	904	2.324	-3.62	-86.32	87.5	-1.56	425	0.3684	410.67	-0.002
E3	TREND_3600|EXT|TRAIL_1.0R	GATE_TOP10	ALL	316	948	3	-6.67	-130.17	116.75	-2.22	550	0.4019	583.2	-0.003
E3	TREND_3600|EXT|TRAIL_1.0R	GATE_TOP10	MODEL_TOP3	316	430	1.361	-17.62	-95.87	62.45	-12.95	550	0.3907	292.12	-0.009
E3	TREND_3600|EXT|TRAIL_1.0R	GATE_TOP10+VETO_K	ALL	279	648	2.323	-49.11	-153.79	62.34	-21.15	562.5	0.3997	490.82	-0.025
E3	TREND_3600|EXT|TRAIL_1.0R	GATE_TOP10+VETO_K	MODEL_TOP3	279	405	1.452	-13.19	-101.69	83.42	-9.09	575	0.3852	329.26	-0.007
E3	TREND_3600|EXT|TRAIL_1.0R	GATE_TOP10+DAYSIDE	ALL	264	581	2.201	33.62	-60.84	132.94	15.28	487.5	0.4286	381.83	0.017
E3	TREND_3600|EXT|TRAIL_1.0R	GATE_TOP10+DAYSIDE	MODEL_TOP3	264	347	1.314	22.86	-59.35	111.29	17.39	543.75	0.4236	255.07	0.011
E3	TREND_3600|EXT|TRAIL_1.0R	SHUFFLED_GATE_TOP10	ALL	390	2589	6.638	-186.81	-332.02	-33.7	-28.14	437.5	0.3743	1041.23	-0.093
E3	TREND_3600|EXT|TRAIL_1.0R	SHUFFLED_GATE_TOP10	MODEL_TOP3	390	866	2.221	-55.69	-122.39	15.36	-25.08	400	0.3557	375.59	-0.028
E3	TREND_3600|EXT|TRAIL_1.0R	GATE_TOP30	ALL	387	2795	7.222	-114.45	-252.58	34.29	-15.85	462.5	0.3617	1046.46	-0.057
E3	TREND_3600|EXT|TRAIL_1.0R	GATE_TOP30	MODEL_TOP3	387	669	1.729	-26.44	-90.95	44.99	-15.3	475	0.3722	305.53	-0.013
E3	TREND_3600|EXT|TRAIL_1.0R	GATE_TOP30+VETO_K	ALL	383	2286	5.969	-151.43	-268.05	-26.7	-25.37	465.62	0.3605	908.56	-0.076
E3	TREND_3600|EXT|TRAIL_1.0R	GATE_TOP30+VETO_K	MODEL_TOP3	383	705	1.841	-11.46	-84.49	66.59	-6.22	487.5	0.383	333.28	-0.006
E3	TREND_3600|EXT|TRAIL_1.0R	GATE_TOP30+DAYSIDE	ALL	380	1785	4.697	-35.1	-136.59	75.17	-7.47	406.25	0.3725	674.96	-0.018
E3	TREND_3600|EXT|TRAIL_1.0R	GATE_TOP30+DAYSIDE	MODEL_TOP3	380	638	1.679	65.27	-5.03	141.25	38.88	462.5	0.4122	274.31	0.033
E3	TREND_3600|EXT|TRAIL_1.0R	SHUFFLED_GATE_TOP30	ALL	390	3701	9.49	-184.24	-346.6	-6.25	-19.42	412.5	0.3764	1292.41	-0.092
E3	TREND_3600|EXT|TRAIL_1.0R	SHUFFLED_GATE_TOP30	MODEL_TOP3	390	761	1.951	-0.51	-60.8	66.16	-0.26	375	0.3955	288.3	-0
E3	TREND_3600|RECLAIM|TRAIL_1.0R	NONE	ALL	390	8243	21.136	-496.19	-663.46	-316.58	-23.48	200	0.3182	1625.13	-0.248
E3	TREND_3600|RECLAIM|TRAIL_1.0R	NONE	MODEL_TOP3	390	703	1.803	-26.53	-74.64	21.38	-14.72	212.5	0.3243	200.99	-0.013
E3	TREND_3600|RECLAIM|TRAIL_1.0R	VETO_K	ALL	390	6658	17.072	-434.12	-591.13	-272.67	-25.43	225	0.3294	1448.96	-0.217
E3	TREND_3600|RECLAIM|TRAIL_1.0R	VETO_K	MODEL_TOP3	390	741	1.9	-53.07	-93.68	-11.37	-27.93	200	0.3171	205.06	-0.027
E3	TREND_3600|RECLAIM|TRAIL_1.0R	VETO_2K	ALL	390	5373	13.777	-411.14	-552.58	-271.48	-29.84	225	0.3285	1216.15	-0.206
E3	TREND_3600|RECLAIM|TRAIL_1.0R	VETO_2K	MODEL_TOP3	390	765	1.962	-53.83	-93.15	-13.64	-27.44	200	0.3111	204.31	-0.027
E3	TREND_3600|RECLAIM|TRAIL_1.0R	DAYSIDE	ALL	390	5418	13.892	-295.58	-410.04	-178.94	-21.28	175	0.3197	1064.75	-0.148
E3	TREND_3600|RECLAIM|TRAIL_1.0R	DAYSIDE	MODEL_TOP3	390	696	1.785	31.8	-19.23	86.02	17.82	212.5	0.3693	192.34	0.016
E3	TREND_3600|RECLAIM|TRAIL_1.0R	VETO_K+DAYSIDE	ALL	390	4258	10.918	-207.99	-324.25	-86.76	-19.05	200	0.3302	924.49	-0.104
E3	TREND_3600|RECLAIM|TRAIL_1.0R	VETO_K+DAYSIDE	MODEL_TOP3	390	723	1.854	31.74	-15.12	81.22	17.12	225	0.3721	185.56	0.016
E3	TREND_3600|RECLAIM|TRAIL_1.0R	SHUFFLED_VETO	ALL	390	5811	14.9	-332.95	-491.94	-170.14	-22.35	225	0.3309	1356.5	-0.166
E3	TREND_3600|RECLAIM|TRAIL_1.0R	SHUFFLED_VETO	MODEL_TOP3	390	807	2.069	-39.02	-94.87	20.48	-18.86	225	0.3247	247.67	-0.02
E3	TREND_3600|RECLAIM|TRAIL_1.0R	SHUFFLED_DAYSIDE	ALL	390	5532	14.185	-399.03	-511.14	-276.52	-28.13	175	0.305	1094.72	-0.2
E3	TREND_3600|RECLAIM|TRAIL_1.0R	SHUFFLED_DAYSIDE	MODEL_TOP3	390	688	1.764	52.69	-8.01	117.21	29.87	221.88	0.4055	176.84	0.026
E3	TREND_3600|RECLAIM|TRAIL_1.0R	GATE_TOP5	ALL	304	758	2.493	-19.44	-130.3	100.96	-7.8	525	0.3681	485.99	-0.01
E3	TREND_3600|RECLAIM|TRAIL_1.0R	GATE_TOP5	MODEL_TOP3	304	456	1.5	-5.09	-92.84	83.76	-3.4	550	0.3728	300.3	-0.003
E3	TREND_3600|RECLAIM|TRAIL_1.0R	GATE_TOP5+VETO_K	ALL	245	435	1.776	-71.91	-170.24	28.49	-40.5	575	0.3517	399.92	-0.036
E3	TREND_3600|RECLAIM|TRAIL_1.0R	GATE_TOP5+VETO_K	MODEL_TOP3	245	343	1.4	-52.1	-132.19	30.14	-37.22	581.25	0.3644	315.37	-0.026
E3	TREND_3600|RECLAIM|TRAIL_1.0R	GATE_TOP5+DAYSIDE	ALL	228	410	1.798	-3.48	-95.78	93.4	-1.94	518.75	0.3805	351.1	-0.002
E3	TREND_3600|RECLAIM|TRAIL_1.0R	GATE_TOP5+DAYSIDE	MODEL_TOP3	228	301	1.32	10.97	-74.4	102.57	8.31	525	0.3721	247.97	0.005
E3	TREND_3600|RECLAIM|TRAIL_1.0R	SHUFFLED_GATE_TOP5	ALL	389	2173	5.586	-114.56	-217.46	-5	-20.51	275	0.3382	686.81	-0.057
E3	TREND_3600|RECLAIM|TRAIL_1.0R	SHUFFLED_GATE_TOP5	MODEL_TOP3	389	962	2.473	6.35	-70.14	89.32	2.57	262.5	0.3389	325.38	0.003
E3	TREND_3600|RECLAIM|TRAIL_1.0R	GATE_TOP10	ALL	351	1508	4.296	-92.76	-193.95	12.49	-21.59	437.5	0.3508	687.2	-0.046
E3	TREND_3600|RECLAIM|TRAIL_1.0R	GATE_TOP10	MODEL_TOP3	351	578	1.647	-27.38	-94.47	40.74	-16.62	475	0.3737	299.45	-0.014
E3	TREND_3600|RECLAIM|TRAIL_1.0R	GATE_TOP10+VETO_K	ALL	331	987	2.982	-105.2	-189.99	-13.89	-35.28	462.5	0.3556	520.51	-0.053
E3	TREND_3600|RECLAIM|TRAIL_1.0R	GATE_TOP10+VETO_K	MODEL_TOP3	331	550	1.662	-39.01	-106.45	29.71	-23.48	493.75	0.3673	326.4	-0.02
E3	TREND_3600|RECLAIM|TRAIL_1.0R	GATE_TOP10+DAYSIDE	ALL	308	844	2.74	-61.71	-141.71	23.98	-22.52	425	0.3555	445.43	-0.031
E3	TREND_3600|RECLAIM|TRAIL_1.0R	GATE_TOP10+DAYSIDE	MODEL_TOP3	308	485	1.575	-26.01	-97.32	45.57	-16.52	443.75	0.3711	282.74	-0.013
E3	TREND_3600|RECLAIM|TRAIL_1.0R	SHUFFLED_GATE_TOP10	ALL	390	3340	8.564	-289.66	-410.22	-163.06	-33.82	262.5	0.3275	988.17	-0.145
E3	TREND_3600|RECLAIM|TRAIL_1.0R	SHUFFLED_GATE_TOP10	MODEL_TOP3	390	924	2.369	-55.39	-115.55	9.68	-23.38	250	0.3409	299.81	-0.028
E3	TREND_3600|RECLAIM|TRAIL_1.0R	GATE_TOP30	ALL	386	4069	10.541	-211.47	-350.9	-70.2	-20.06	287.5	0.3389	1069.6	-0.106
E3	TREND_3600|RECLAIM|TRAIL_1.0R	GATE_TOP30	MODEL_TOP3	386	704	1.824	-16.03	-75.82	45.14	-8.79	362.5	0.3537	258.18	-0.008
E3	TREND_3600|RECLAIM|TRAIL_1.0R	GATE_TOP30+VETO_K	ALL	381	3060	8.031	-238.29	-350.45	-110.93	-29.67	312.5	0.332	885.75	-0.119
E3	TREND_3600|RECLAIM|TRAIL_1.0R	GATE_TOP30+VETO_K	MODEL_TOP3	381	713	1.871	-19.1	-75.29	41.41	-10.21	400	0.3604	278.42	-0.01
E3	TREND_3600|RECLAIM|TRAIL_1.0R	GATE_TOP30+DAYSIDE	ALL	372	2349	6.315	-111.16	-206.89	-17.16	-17.6	250	0.3397	655.14	-0.056
E3	TREND_3600|RECLAIM|TRAIL_1.0R	GATE_TOP30+DAYSIDE	MODEL_TOP3	372	641	1.723	30.53	-37.65	95.85	17.72	337.5	0.3682	237.2	0.015
E3	TREND_3600|RECLAIM|TRAIL_1.0R	SHUFFLED_GATE_TOP30	ALL	390	5556	14.246	-369.2	-514.53	-220.79	-25.92	237.5	0.3294	1322.58	-0.185
E3	TREND_3600|RECLAIM|TRAIL_1.0R	SHUFFLED_GATE_TOP30	MODEL_TOP3	390	841	2.156	-9.23	-61.45	48.19	-4.28	225	0.3365	242.23	-0.005
E3	TREND_3600|SWING|TRAIL_1.0R	NONE	ALL	390	19379	49.69	-1431.51	-1571.59	-1291.83	-28.81	93.75	0.2731	2126.76	-0.716
E3	TREND_3600|SWING|TRAIL_1.0R	NONE	MODEL_TOP3	390	810	2.077	-60.66	-86.71	-32.8	-29.21	100	0.2802	148.75	-0.03
E3	TREND_3600|SWING|TRAIL_1.0R	VETO_K	ALL	390	14420	36.974	-1089.71	-1214.22	-960.97	-29.47	87.5	0.2682	1670.26	-0.545
E3	TREND_3600|SWING|TRAIL_1.0R	VETO_K	MODEL_TOP3	390	852	2.185	-65.99	-89.68	-43.08	-30.21	87.5	0.2793	142.74	-0.033
E3	TREND_3600|SWING|TRAIL_1.0R	VETO_2K	ALL	390	9770	25.051	-772.85	-860.51	-677.02	-30.85	87.5	0.2648	1199.85	-0.386
E3	TREND_3600|SWING|TRAIL_1.0R	VETO_2K	MODEL_TOP3	390	843	2.162	-59.88	-83.3	-35.64	-27.7	87.5	0.2764	134.52	-0.03
E3	TREND_3600|SWING|TRAIL_1.0R	DAYSIDE	ALL	390	10208	26.174	-678.8	-776.27	-575.67	-25.93	100	0.281	1225.11	-0.339
E3	TREND_3600|SWING|TRAIL_1.0R	DAYSIDE	MODEL_TOP3	390	803	2.059	-34.24	-58.94	-8.83	-16.63	100	0.3126	136.75	-0.017
E3	TREND_3600|SWING|TRAIL_1.0R	VETO_K+DAYSIDE	ALL	390	7546	19.349	-523.6	-606.17	-435.32	-27.06	100	0.2776	953.26	-0.262
E3	TREND_3600|SWING|TRAIL_1.0R	VETO_K+DAYSIDE	MODEL_TOP3	390	824	2.113	-32.79	-58.25	-6.42	-15.52	100	0.3155	131.32	-0.016
E3	TREND_3600|SWING|TRAIL_1.0R	SHUFFLED_VETO	ALL	390	11664	29.908	-841.19	-951.93	-726.8	-28.13	100	0.2769	1441.94	-0.421
E3	TREND_3600|SWING|TRAIL_1.0R	SHUFFLED_VETO	MODEL_TOP3	390	934	2.395	-60.04	-90.9	-29.94	-25.07	100	0.2891	173.13	-0.03
E3	TREND_3600|SWING|TRAIL_1.0R	SHUFFLED_DAYSIDE	ALL	390	9831	25.208	-729.04	-832.6	-623.34	-28.92	100	0.2772	1246.2	-0.365
E3	TREND_3600|SWING|TRAIL_1.0R	SHUFFLED_DAYSIDE	MODEL_TOP3	390	809	2.074	-26.37	-54.3	2.58	-12.71	100	0.3251	132.98	-0.013
E3	TREND_3600|SWING|TRAIL_1.0R	GATE_TOP5	ALL	303	1181	3.898	-87.91	-173.55	-3.47	-22.55	225	0.3362	441.5	-0.044
E3	TREND_3600|SWING|TRAIL_1.0R	GATE_TOP5	MODEL_TOP3	303	527	1.739	-66.8	-118.47	-10.18	-38.41	256.25	0.3302	238.06	-0.033
E3	TREND_3600|SWING|TRAIL_1.0R	GATE_TOP5+VETO_K	ALL	241	527	2.187	-41.09	-90.88	13.93	-18.79	237.5	0.3416	229.92	-0.021
E3	TREND_3600|SWING|TRAIL_1.0R	GATE_TOP5+VETO_K	MODEL_TOP3	241	393	1.631	-24.39	-70.45	25.17	-14.96	225	0.3511	174.88	-0.012
E3	TREND_3600|SWING|TRAIL_1.0R	GATE_TOP5+DAYSIDE	ALL	243	660	2.716	-44.24	-105.08	17.96	-16.29	225	0.3591	282.41	-0.022
E3	TREND_3600|SWING|TRAIL_1.0R	GATE_TOP5+DAYSIDE	MODEL_TOP3	243	389	1.601	-35.16	-84.02	14.55	-21.97	250	0.3625	192.39	-0.018
E3	TREND_3600|SWING|TRAIL_1.0R	SHUFFLED_GATE_TOP5	ALL	390	2901	7.438	-276.47	-335.34	-218.8	-37.17	106.25	0.2644	538.3	-0.138
E3	TREND_3600|SWING|TRAIL_1.0R	SHUFFLED_GATE_TOP5	MODEL_TOP3	390	1062	2.723	-98.84	-132.76	-62.62	-36.3	112.5	0.2702	212.69	-0.049
E3	TREND_3600|SWING|TRAIL_1.0R	GATE_TOP10	ALL	352	2412	6.852	-165.96	-258.7	-71.89	-24.22	175	0.3201	582.8	-0.083
E3	TREND_3600|SWING|TRAIL_1.0R	GATE_TOP10	MODEL_TOP3	352	648	1.841	-35.77	-85.74	17.54	-19.43	225	0.3256	208.1	-0.018
E3	TREND_3600|SWING|TRAIL_1.0R	GATE_TOP10+VETO_K	ALL	316	1315	4.161	-79.77	-138.67	-16.59	-19.17	181.25	0.3255	343.21	-0.04
E3	TREND_3600|SWING|TRAIL_1.0R	GATE_TOP10+VETO_K	MODEL_TOP3	316	599	1.896	-26.72	-69.47	18.96	-14.1	200	0.3422	180.84	-0.013
E3	TREND_3600|SWING|TRAIL_1.0R	GATE_TOP10+DAYSIDE	ALL	319	1352	4.238	-96.43	-156.86	-36.66	-22.75	175	0.3284	366.59	-0.048
E3	TREND_3600|SWING|TRAIL_1.0R	GATE_TOP10+DAYSIDE	MODEL_TOP3	319	569	1.784	-30.22	-69.52	10.49	-16.94	206.25	0.355	182.27	-0.015
E3	TREND_3600|SWING|TRAIL_1.0R	SHUFFLED_GATE_TOP10	ALL	390	5061	12.977	-390.8	-475.9	-307.74	-30.11	100	0.2774	799.47	-0.195
E3	TREND_3600|SWING|TRAIL_1.0R	SHUFFLED_GATE_TOP10	MODEL_TOP3	390	1052	2.697	-70.62	-104.02	-30.67	-26.18	100	0.2899	190.56	-0.035
E3	TREND_3600|SWING|TRAIL_1.0R	GATE_TOP30	ALL	381	7449	19.551	-432.09	-544.37	-314.31	-22.1	100	0.296	995.24	-0.216
E3	TREND_3600|SWING|TRAIL_1.0R	GATE_TOP30	MODEL_TOP3	381	783	2.055	-40.18	-83	6.59	-19.55	125	0.3193	174.03	-0.02
E3	TREND_3600|SWING|TRAIL_1.0R	GATE_TOP30+VETO_K	ALL	364	4969	13.651	-280.38	-373.3	-181.94	-20.54	100	0.2946	696.46	-0.14
E3	TREND_3600|SWING|TRAIL_1.0R	GATE_TOP30+VETO_K	MODEL_TOP3	364	792	2.176	-40.91	-78	4.08	-18.8	118.75	0.3119	162.91	-0.02
E3	TREND_3600|SWING|TRAIL_1.0R	GATE_TOP30+DAYSIDE	ALL	365	3990	10.932	-243.82	-320.68	-165.12	-22.3	100	0.2977	623.94	-0.122
E3	TREND_3600|SWING|TRAIL_1.0R	GATE_TOP30+DAYSIDE	MODEL_TOP3	365	717	1.964	-24.45	-64.12	17.2	-12.44	137.5	0.318	164.32	-0.012
E3	TREND_3600|SWING|TRAIL_1.0R	SHUFFLED_GATE_TOP30	ALL	390	10781	27.644	-793.97	-899.37	-688.95	-28.72	100	0.2836	1370.49	-0.397
E3	TREND_3600|SWING|TRAIL_1.0R	SHUFFLED_GATE_TOP30	MODEL_TOP3	390	956	2.451	-66.79	-97.12	-34.1	-27.25	100	0.2814	175.9	-0.033
E4	LEG_0.75|RECLAIM|TRAIL_1.0R	NONE	ALL	245	343	1.4	23.41	-110.43	154.74	16.72	1437.5	0.4636	393.58	0.012
E4	LEG_0.75|RECLAIM|TRAIL_1.0R	NONE	MODEL_TOP3	245	295	1.204	94.36	-22.69	212.89	78.37	1418.75	0.4949	294.09	0.047
E4	LEG_0.75|RECLAIM|TRAIL_1.0R	VETO_K	ALL	207	259	1.251	28.65	-89.58	148.31	22.9	1368.75	0.4865	328.27	0.014
E4	LEG_0.75|RECLAIM|TRAIL_1.0R	VETO_K	MODEL_TOP3	207	237	1.145	28	-89.38	143.79	24.46	1375	0.4937	289.16	0.014
E4	LEG_0.75|RECLAIM|TRAIL_1.0R	VETO_2K	ALL	139	167	1.201	1.46	-134.37	140.25	1.21	1325	0.479	311.22	0.001
E4	LEG_0.75|RECLAIM|TRAIL_1.0R	VETO_2K	MODEL_TOP3	139	156	1.122	-4.8	-143.74	138.12	-4.28	1343.75	0.4744	297.01	-0.002
E4	LEG_0.75|RECLAIM|TRAIL_1.0R	DAYSIDE	ALL	160	183	1.144	-46.15	-173.29	92.8	-40.35	1406.25	0.4481	345.27	-0.023
E4	LEG_0.75|RECLAIM|TRAIL_1.0R	DAYSIDE	MODEL_TOP3	160	173	1.081	-38.61	-166.01	98.35	-35.71	1418.75	0.4566	319.23	-0.019
E4	LEG_0.75|RECLAIM|TRAIL_1.0R	VETO_K+DAYSIDE	ALL	126	140	1.111	-17.26	-141.3	110.62	-15.54	1368.75	0.5	293.55	-0.009
E4	LEG_0.75|RECLAIM|TRAIL_1.0R	VETO_K+DAYSIDE	MODEL_TOP3	126	133	1.056	-9.84	-134.59	118.65	-9.32	1387.5	0.5038	268.84	-0.005
E4	LEG_0.75|RECLAIM|TRAIL_1.0R	SHUFFLED_VETO	ALL	216	272	1.259	27.56	-88.87	149.22	21.88	1406.25	0.4485	351.71	0.014
E4	LEG_0.75|RECLAIM|TRAIL_1.0R	SHUFFLED_VETO	MODEL_TOP3	216	260	1.204	39.18	-77.19	164.81	32.55	1406.25	0.4538	327.96	0.02
E4	LEG_0.75|RECLAIM|TRAIL_1.0R	SHUFFLED_DAYSIDE	ALL	142	162	1.141	-33.65	-174.24	105.47	-29.5	1443.75	0.4568	358.92	-0.017
E4	LEG_0.75|RECLAIM|TRAIL_1.0R	SHUFFLED_DAYSIDE	MODEL_TOP3	142	153	1.077	-30.3	-178.44	112.49	-28.12	1450	0.4641	339.46	-0.015
E4	LEG_0.75|EXT|TRAIL_1.0R	NONE	ALL	245	335	1.367	1.02	-130.71	134.74	0.75	1550	0.4657	404.21	0.001
E4	LEG_0.75|EXT|TRAIL_1.0R	NONE	MODEL_TOP3	245	289	1.18	89.64	-23.81	205.65	75.99	1537.5	0.4983	290.54	0.045
E4	LEG_0.75|EXT|TRAIL_1.0R	VETO_K	ALL	207	255	1.232	23.31	-98.96	145.03	18.92	1518.75	0.4824	327.25	0.012
E4	LEG_0.75|EXT|TRAIL_1.0R	VETO_K	MODEL_TOP3	207	234	1.13	28.62	-90.21	144.51	25.32	1503.12	0.4915	283.49	0.014
E4	LEG_0.75|EXT|TRAIL_1.0R	VETO_2K	ALL	139	166	1.194	-7.19	-146.57	137.1	-6.02	1475	0.4759	317.47	-0.004
E4	LEG_0.75|EXT|TRAIL_1.0R	VETO_2K	MODEL_TOP3	139	155	1.115	-9.67	-152.91	135.71	-8.67	1475	0.471	299.49	-0.005
E4	LEG_0.75|EXT|TRAIL_1.0R	DAYSIDE	ALL	160	183	1.144	-61.23	-194.67	78.34	-53.53	1537.5	0.4426	357.26	-0.031
E4	LEG_0.75|EXT|TRAIL_1.0R	DAYSIDE	MODEL_TOP3	160	173	1.081	-55.99	-187.42	85.2	-51.78	1550	0.4509	333.52	-0.028
E4	LEG_0.75|EXT|TRAIL_1.0R	VETO_K+DAYSIDE	ALL	126	140	1.111	-30.21	-155.76	101.38	-27.19	1515.62	0.4929	302.57	-0.015
E4	LEG_0.75|EXT|TRAIL_1.0R	VETO_K+DAYSIDE	MODEL_TOP3	126	133	1.056	-21.89	-150.3	111.06	-20.74	1525	0.4962	276.96	-0.011
E4	LEG_0.75|EXT|TRAIL_1.0R	SHUFFLED_VETO	ALL	216	266	1.231	22.63	-95.57	146.83	18.38	1550	0.4474	352.05	0.011
E4	LEG_0.75|EXT|TRAIL_1.0R	SHUFFLED_VETO	MODEL_TOP3	216	255	1.181	41.12	-75.33	166.6	34.83	1550	0.4549	326.77	0.021
E4	LEG_0.75|EXT|TRAIL_1.0R	SHUFFLED_DAYSIDE	ALL	142	161	1.134	-43.83	-190.08	95.79	-38.66	1550	0.4534	371.64	-0.022
E4	LEG_0.75|EXT|TRAIL_1.0R	SHUFFLED_DAYSIDE	MODEL_TOP3	142	153	1.077	-37.61	-187.08	106.8	-34.9	1550	0.451	344.07	-0.019
E4	LEG_0.75|RECLAIM|TRAIL_1.5R	NONE	ALL	245	325	1.327	-2.04	-141.23	131.72	-1.54	1418.75	0.4615	396.07	-0.001
E4	LEG_0.75|RECLAIM|TRAIL_1.5R	NONE	MODEL_TOP3	245	282	1.151	71.74	-35.37	183.42	62.33	1409.38	0.4894	290.21	0.036
E4	LEG_0.75|RECLAIM|TRAIL_1.5R	VETO_K	ALL	207	253	1.222	17.77	-99.6	141.73	14.54	1368.75	0.4783	332.6	0.009
E4	LEG_0.75|RECLAIM|TRAIL_1.5R	VETO_K	MODEL_TOP3	207	235	1.135	23.64	-98.1	143.88	20.82	1375	0.4851	292.42	0.012
E4	LEG_0.75|RECLAIM|TRAIL_1.5R	VETO_2K	ALL	139	166	1.194	-15.86	-160.69	128.28	-13.28	1331.25	0.4699	324.66	-0.008
E4	LEG_0.75|RECLAIM|TRAIL_1.5R	VETO_2K	MODEL_TOP3	139	155	1.115	-17.4	-165.15	129.85	-15.6	1350	0.4645	305.73	-0.009
E4	LEG_0.75|RECLAIM|TRAIL_1.5R	DAYSIDE	ALL	160	183	1.144	-51.19	-189.46	91.83	-44.75	1406.25	0.4481	360.47	-0.026
E4	LEG_0.75|RECLAIM|TRAIL_1.5R	DAYSIDE	MODEL_TOP3	160	173	1.081	-46.34	-184.1	99.39	-42.86	1418.75	0.4566	337.12	-0.023
E4	LEG_0.75|RECLAIM|TRAIL_1.5R	VETO_K+DAYSIDE	ALL	126	140	1.111	-30.85	-161.03	97.78	-27.77	1368.75	0.4857	313.37	-0.015
E4	LEG_0.75|RECLAIM|TRAIL_1.5R	VETO_K+DAYSIDE	MODEL_TOP3	126	133	1.056	-23.43	-149.41	103.97	-22.2	1387.5	0.4887	288.66	-0.012
E4	LEG_0.75|RECLAIM|TRAIL_1.5R	SHUFFLED_VETO	ALL	216	262	1.213	6.46	-111.67	132.76	5.33	1400	0.4504	352.41	0.003
E4	LEG_0.75|RECLAIM|TRAIL_1.5R	SHUFFLED_VETO	MODEL_TOP3	216	253	1.171	24.24	-97.26	150.45	20.69	1400	0.4585	329.9	0.012
E4	LEG_0.75|RECLAIM|TRAIL_1.5R	SHUFFLED_DAYSIDE	ALL	142	161	1.134	-34.23	-182.23	106.27	-30.19	1437.5	0.4596	363.33	-0.017
E4	LEG_0.75|RECLAIM|TRAIL_1.5R	SHUFFLED_DAYSIDE	MODEL_TOP3	142	153	1.077	-44.65	-197.7	101.02	-41.44	1450	0.4575	352.39	-0.022
E4	LEG_0.75|RECLAIM|PHASE	NONE	ALL	245	324	1.322	-14.75	-153.58	117.51	-11.15	1421.88	0.463	402.71	-0.007
E4	LEG_0.75|RECLAIM|PHASE	NONE	MODEL_TOP3	245	282	1.151	64.88	-44.31	178.01	56.37	1409.38	0.4894	296.87	0.032
E4	LEG_0.75|RECLAIM|PHASE	VETO_K	ALL	207	253	1.222	16.11	-101.68	140.59	13.18	1368.75	0.4783	334.2	0.008
E4	LEG_0.75|RECLAIM|PHASE	VETO_K	MODEL_TOP3	207	235	1.135	22.01	-100.3	142.83	19.39	1375	0.4851	293.99	0.011
E4	LEG_0.75|RECLAIM|PHASE	VETO_2K	ALL	139	166	1.194	-18.25	-162.16	127.13	-15.28	1331.25	0.4699	327.04	-0.009
E4	LEG_0.75|RECLAIM|PHASE	VETO_2K	MODEL_TOP3	139	155	1.115	-19.74	-167.96	128.33	-17.7	1350	0.4645	308.07	-0.01
E4	LEG_0.75|RECLAIM|PHASE	DAYSIDE	ALL	160	183	1.144	-52.95	-191.5	90.17	-46.29	1406.25	0.4481	362.23	-0.026
E4	LEG_0.75|RECLAIM|PHASE	DAYSIDE	MODEL_TOP3	160	173	1.081	-48.1	-186.95	97.82	-44.49	1418.75	0.4566	338.88	-0.024
E4	LEG_0.75|RECLAIM|PHASE	VETO_K+DAYSIDE	ALL	126	140	1.111	-32.14	-164.47	96.81	-28.93	1368.75	0.4857	314.66	-0.016
E4	LEG_0.75|RECLAIM|PHASE	VETO_K+DAYSIDE	MODEL_TOP3	126	133	1.056	-24.72	-150.1	102.52	-23.42	1387.5	0.4887	289.95	-0.012
E4	LEG_0.75|RECLAIM|PHASE	SHUFFLED_VETO	ALL	216	260	1.204	-2	-121.2	124.1	-1.66	1400	0.4462	358.84	-0.001
E4	LEG_0.75|RECLAIM|PHASE	SHUFFLED_VETO	MODEL_TOP3	216	251	1.162	16.5	-106.93	143.2	14.2	1400	0.4582	336.33	0.008
E4	LEG_0.75|RECLAIM|PHASE	SHUFFLED_DAYSIDE	ALL	142	161	1.134	-43.3	-192.44	98.65	-38.19	1437.5	0.4596	372.31	-0.022
E4	LEG_0.75|RECLAIM|PHASE	SHUFFLED_DAYSIDE	MODEL_TOP3	142	153	1.077	-53.71	-209.15	93.79	-49.85	1450	0.4575	361.37	-0.027
E4	LEG_0.75|EXT|PHASE	NONE	ALL	245	320	1.306	-27.45	-154.17	97.51	-21.02	1550	0.4656	412.98	-0.014
E4	LEG_0.75|EXT|PHASE	NONE	MODEL_TOP3	245	280	1.143	62.47	-45.73	175.31	54.67	1543.75	0.4929	299.28	0.031
E4	LEG_0.75|EXT|PHASE	VETO_K	ALL	207	252	1.217	19.28	-98.41	141.76	15.83	1515.62	0.4802	331.03	0.01
E4	LEG_0.75|EXT|PHASE	VETO_K	MODEL_TOP3	207	233	1.126	31.66	-86.29	150.5	28.13	1506.25	0.4893	284.34	0.016
E4	LEG_0.75|EXT|PHASE	VETO_2K	ALL	139	166	1.194	-19.42	-167.61	127.71	-16.26	1475	0.4699	328.21	-0.01
E4	LEG_0.75|EXT|PHASE	VETO_2K	MODEL_TOP3	139	155	1.115	-17.13	-163.43	130.7	-15.36	1475	0.4645	305.46	-0.009
E4	LEG_0.75|EXT|PHASE	DAYSIDE	ALL	160	183	1.144	-57.12	-198.16	87.26	-49.95	1537.5	0.4481	366.41	-0.029
E4	LEG_0.75|EXT|PHASE	DAYSIDE	MODEL_TOP3	160	173	1.081	-51.27	-193.57	95.73	-47.41	1550	0.4566	342.04	-0.026
E4	LEG_0.75|EXT|PHASE	VETO_K+DAYSIDE	ALL	126	140	1.111	-26.74	-151.74	107.56	-24.06	1515.62	0.4857	309.26	-0.013
E4	LEG_0.75|EXT|PHASE	VETO_K+DAYSIDE	MODEL_TOP3	126	133	1.056	-18.42	-144.42	115.76	-17.45	1525	0.4887	283.65	-0.009
E4	LEG_0.75|EXT|PHASE	SHUFFLED_VETO	ALL	216	259	1.199	-6.49	-129.07	121.52	-5.41	1550	0.4479	365.82	-0.003
E4	LEG_0.75|EXT|PHASE	SHUFFLED_VETO	MODEL_TOP3	216	250	1.157	9.75	-115.5	139.73	8.43	1550	0.456	343.08	0.005
E4	LEG_0.75|EXT|PHASE	SHUFFLED_DAYSIDE	ALL	142	161	1.134	-67.55	-222.51	80.17	-59.58	1550	0.4596	396.56	-0.034
E4	LEG_0.75|EXT|PHASE	SHUFFLED_DAYSIDE	MODEL_TOP3	142	153	1.077	-63.35	-223.58	87.22	-58.8	1550	0.4575	371.01	-0.032
E4	LEG_0.75|EXT|TRAIL_1.5R	NONE	ALL	245	320	1.306	-22.87	-150.05	101.66	-17.51	1550	0.4625	408.19	-0.011
E4	LEG_0.75|EXT|TRAIL_1.5R	NONE	MODEL_TOP3	245	280	1.143	67.05	-41.72	177.03	58.67	1543.75	0.4893	294.49	0.034
E4	LEG_0.75|EXT|TRAIL_1.5R	VETO_K	ALL	207	252	1.217	19.05	-98.44	141.86	15.65	1515.62	0.4762	331.01	0.01
E4	LEG_0.75|EXT|TRAIL_1.5R	VETO_K	MODEL_TOP3	207	233	1.126	31.43	-85.52	150.25	27.93	1506.25	0.485	284.31	0.016
E4	LEG_0.75|EXT|TRAIL_1.5R	VETO_2K	ALL	139	166	1.194	-18.83	-167.9	127.52	-15.77	1475	0.4699	327.63	-0.009
E4	LEG_0.75|EXT|TRAIL_1.5R	VETO_2K	MODEL_TOP3	139	155	1.115	-16.55	-162.58	131.17	-14.84	1475	0.4645	304.87	-0.008
E4	LEG_0.75|EXT|TRAIL_1.5R	DAYSIDE	ALL	160	183	1.144	-56.97	-198.02	86.43	-49.81	1537.5	0.4481	366.25	-0.028
E4	LEG_0.75|EXT|TRAIL_1.5R	DAYSIDE	MODEL_TOP3	160	173	1.081	-51.11	-192.97	95.53	-47.27	1550	0.4566	341.88	-0.026
E4	LEG_0.75|EXT|TRAIL_1.5R	VETO_K+DAYSIDE	ALL	126	140	1.111	-27.28	-152.26	107.56	-24.55	1515.62	0.4857	309.8	-0.014
E4	LEG_0.75|EXT|TRAIL_1.5R	VETO_K+DAYSIDE	MODEL_TOP3	126	133	1.056	-18.97	-144.46	115.23	-17.97	1525	0.4887	284.2	-0.009
E4	LEG_0.75|EXT|TRAIL_1.5R	SHUFFLED_VETO	ALL	216	259	1.199	-2.6	-124.43	127.58	-2.16	1550	0.444	361.69	-0.001
E4	LEG_0.75|EXT|TRAIL_1.5R	SHUFFLED_VETO	MODEL_TOP3	216	250	1.157	13.64	-108.1	144.3	11.79	1550	0.452	338.95	0.007
E4	LEG_0.75|EXT|TRAIL_1.5R	SHUFFLED_DAYSIDE	ALL	142	161	1.134	-60.22	-212.58	84.63	-53.12	1550	0.4534	388.87	-0.03
E4	LEG_0.75|EXT|TRAIL_1.5R	SHUFFLED_DAYSIDE	MODEL_TOP3	142	153	1.077	-56.03	-211.65	92.97	-52	1550	0.451	363.32	-0.028
E4	LEG_0.5|RECLAIM|TRAIL_1.5R	NONE	ALL	364	789	2.168	-30.36	-156.4	96.53	-14.01	918.75	0.4297	597.18	-0.015
E4	LEG_0.5|RECLAIM|TRAIL_1.5R	NONE	MODEL_TOP3	364	509	1.398	62.38	-43.4	163.88	44.61	912.5	0.4578	337.57	0.031
E4	LEG_0.5|RECLAIM|TRAIL_1.5R	VETO_K	ALL	341	642	1.883	-3.37	-114.75	112.9	-1.79	893.75	0.4346	470.02	-0.002
E4	LEG_0.5|RECLAIM|TRAIL_1.5R	VETO_K	MODEL_TOP3	341	470	1.378	5.97	-91.79	106.08	4.33	900	0.4277	341.92	0.003
E4	LEG_0.5|RECLAIM|TRAIL_1.5R	VETO_2K	ALL	298	479	1.607	-50.87	-153.8	51.43	-31.65	868.75	0.4259	397.33	-0.025
E4	LEG_0.5|RECLAIM|TRAIL_1.5R	VETO_2K	MODEL_TOP3	298	394	1.322	-70.86	-166.82	25.05	-53.6	887.5	0.3985	343.27	-0.035
E4	LEG_0.5|RECLAIM|TRAIL_1.5R	DAYSIDE	ALL	292	466	1.596	-10.8	-102.99	83.15	-6.77	912.5	0.4571	413.18	-0.005
E4	LEG_0.5|RECLAIM|TRAIL_1.5R	DAYSIDE	MODEL_TOP3	292	373	1.277	4.99	-76.57	85.54	3.91	912.5	0.4584	321.51	0.002
E4	LEG_0.5|RECLAIM|TRAIL_1.5R	VETO_K+DAYSIDE	ALL	251	371	1.478	12.27	-82.23	102.87	8.3	887.5	0.4474	346.76	0.006
E4	LEG_0.5|RECLAIM|TRAIL_1.5R	VETO_K+DAYSIDE	MODEL_TOP3	251	309	1.231	26.73	-54.56	114.68	21.71	893.75	0.4531	282.36	0.013
E4	LEG_0.5|RECLAIM|TRAIL_1.5R	SHUFFLED_VETO	ALL	348	643	1.848	-19.79	-137.42	97.36	-10.71	900	0.4292	499.34	-0.01
E4	LEG_0.5|RECLAIM|TRAIL_1.5R	SHUFFLED_VETO	MODEL_TOP3	348	520	1.494	38.17	-65.59	141.88	25.55	906.25	0.4615	372.84	0.019
E4	LEG_0.5|RECLAIM|TRAIL_1.5R	SHUFFLED_DAYSIDE	ALL	293	443	1.512	-104.68	-221.07	7.19	-69.24	925	0.3883	469.87	-0.052
E4	LEG_0.5|RECLAIM|TRAIL_1.5R	SHUFFLED_DAYSIDE	MODEL_TOP3	293	361	1.232	-47.15	-154.72	60.31	-38.27	925	0.4044	369.36	-0.024
E4	LEG_0.5|EXT|TRAIL_1.5R	NONE	ALL	364	755	2.074	-42.62	-164.58	77.26	-20.55	1043.75	0.4331	601	-0.021
E4	LEG_0.5|EXT|TRAIL_1.5R	NONE	MODEL_TOP3	364	499	1.371	49.16	-55.59	152.92	35.86	1037.5	0.4569	348.67	0.025
E4	LEG_0.5|EXT|TRAIL_1.5R	VETO_K	ALL	341	624	1.83	-6.9	-115.42	108.09	-3.77	1025	0.4423	470.8	-0.003
E4	LEG_0.5|EXT|TRAIL_1.5R	VETO_K	MODEL_TOP3	341	466	1.367	-6.84	-108.28	93.82	-5.01	1025	0.427	353.46	-0.003
E4	LEG_0.5|EXT|TRAIL_1.5R	VETO_2K	ALL	298	466	1.564	-64.9	-169.34	35.74	-41.5	1006.25	0.4227	405.66	-0.032
E4	LEG_0.5|EXT|TRAIL_1.5R	VETO_2K	MODEL_TOP3	298	391	1.312	-79.79	-178.06	21.52	-60.81	1018.75	0.399	351.13	-0.04
E4	LEG_0.5|EXT|TRAIL_1.5R	DAYSIDE	ALL	292	457	1.565	-24.11	-121.33	72.39	-15.41	1043.75	0.4551	429.19	-0.012
E4	LEG_0.5|EXT|TRAIL_1.5R	DAYSIDE	MODEL_TOP3	292	372	1.274	-6.7	-91.06	75.07	-5.26	1050	0.457	338.95	-0.003
E4	LEG_0.5|EXT|TRAIL_1.5R	VETO_K+DAYSIDE	ALL	251	369	1.47	0.16	-93.6	97.64	0.11	1025	0.4499	361.79	0
E4	LEG_0.5|EXT|TRAIL_1.5R	VETO_K+DAYSIDE	MODEL_TOP3	251	308	1.227	21.72	-63.75	111.52	17.7	1037.5	0.4545	292	0.011
E4	LEG_0.5|EXT|TRAIL_1.5R	SHUFFLED_VETO	ALL	348	616	1.77	-17.85	-139.09	106.85	-10.08	1046.88	0.4464	492.32	-0.009
E4	LEG_0.5|EXT|TRAIL_1.5R	SHUFFLED_VETO	MODEL_TOP3	348	508	1.46	16.77	-93.25	124.5	11.49	1050	0.4646	383.39	0.008
E4	LEG_0.5|EXT|TRAIL_1.5R	SHUFFLED_DAYSIDE	ALL	293	434	1.481	-106.46	-226.42	7.62	-71.87	1050	0.3986	474.67	-0.053
E4	LEG_0.5|EXT|TRAIL_1.5R	SHUFFLED_DAYSIDE	MODEL_TOP3	293	360	1.229	-53.24	-163.71	56.17	-43.33	1050	0.4083	376.68	-0.027
E4	LEG_0.5|RECLAIM|PHASE	NONE	ALL	364	765	2.102	-48.4	-174.24	79.35	-23.03	912.5	0.4261	600.61	-0.024
E4	LEG_0.5|RECLAIM|PHASE	NONE	MODEL_TOP3	364	507	1.393	50.18	-56.64	154.3	36.03	912.5	0.4556	343.08	0.025
E4	LEG_0.5|RECLAIM|PHASE	VETO_K	ALL	341	632	1.853	6.92	-105.07	124	3.73	893.75	0.4399	465.8	0.003
E4	LEG_0.5|RECLAIM|PHASE	VETO_K	MODEL_TOP3	341	470	1.378	-0.84	-100.88	99.79	-0.61	900	0.4277	347.64	-0
E4	LEG_0.5|RECLAIM|PHASE	VETO_2K	ALL	298	475	1.594	-55.96	-163.41	47.92	-35.11	868.75	0.4274	400.89	-0.028
E4	LEG_0.5|RECLAIM|PHASE	VETO_2K	MODEL_TOP3	298	393	1.319	-73.62	-172.47	26.48	-55.83	887.5	0.4046	344.56	-0.037
E4	LEG_0.5|RECLAIM|PHASE	DAYSIDE	ALL	292	460	1.575	-17.87	-112.23	79.55	-11.35	912.5	0.45	423.12	-0.009
E4	LEG_0.5|RECLAIM|PHASE	DAYSIDE	MODEL_TOP3	292	373	1.277	-0.12	-85.27	82.35	-0.09	912.5	0.4558	328.86	-0
E4	LEG_0.5|RECLAIM|PHASE	VETO_K+DAYSIDE	ALL	251	370	1.474	6.72	-87.33	101.21	4.56	887.5	0.4432	351.9	0.003
E4	LEG_0.5|RECLAIM|PHASE	VETO_K+DAYSIDE	MODEL_TOP3	251	309	1.231	23.13	-58.95	109.69	18.79	893.75	0.4498	284.98	0.012
E4	LEG_0.5|RECLAIM|PHASE	SHUFFLED_VETO	ALL	348	621	1.784	-13.79	-133.52	109.21	-7.73	900	0.4316	486.5	-0.007
E4	LEG_0.5|RECLAIM|PHASE	SHUFFLED_VETO	MODEL_TOP3	348	513	1.474	29.97	-71.93	134.78	20.33	906.25	0.462	376.4	0.015
E4	LEG_0.5|RECLAIM|PHASE	SHUFFLED_DAYSIDE	ALL	293	441	1.505	-111.6	-228.38	0.52	-74.15	918.75	0.3878	478.07	-0.056
E4	LEG_0.5|RECLAIM|PHASE	SHUFFLED_DAYSIDE	MODEL_TOP3	293	361	1.232	-59.91	-166.42	49.62	-48.63	925	0.4017	377.98	-0.03
E4	LEG_0.5|RECLAIM|TRAIL_1.0R	NONE	ALL	364	935	2.569	-40.26	-159.09	79.69	-15.68	912.5	0.4225	617.44	-0.02
E4	LEG_0.5|RECLAIM|TRAIL_1.0R	NONE	MODEL_TOP3	364	552	1.516	58.73	-31.28	150.41	38.73	912.5	0.4438	344.4	0.029
E4	LEG_0.5|RECLAIM|TRAIL_1.0R	VETO_K	ALL	341	732	2.147	-26.57	-131.46	81.42	-12.38	887.5	0.4139	487.92	-0.013
E4	LEG_0.5|RECLAIM|TRAIL_1.0R	VETO_K	MODEL_TOP3	341	496	1.455	7.48	-77.52	94.46	5.14	900	0.4133	337.5	0.004
E4	LEG_0.5|RECLAIM|TRAIL_1.0R	VETO_2K	ALL	298	519	1.742	-96.8	-196.45	-8	-55.58	862.5	0.4046	409.61	-0.048
E4	LEG_0.5|RECLAIM|TRAIL_1.0R	VETO_2K	MODEL_TOP3	298	409	1.372	-97.72	-187.42	-14.39	-71.2	887.5	0.3863	341.56	-0.049
E4	LEG_0.5|RECLAIM|TRAIL_1.0R	DAYSIDE	ALL	292	479	1.64	15.15	-73.61	108.08	9.24	912.5	0.4447	382.59	0.008
E4	LEG_0.5|RECLAIM|TRAIL_1.0R	DAYSIDE	MODEL_TOP3	292	374	1.281	32.06	-45.29	107.45	25.03	912.5	0.4572	293.03	0.016
E4	LEG_0.5|RECLAIM|TRAIL_1.0R	VETO_K+DAYSIDE	ALL	251	376	1.498	26.65	-67.26	121.88	17.79	887.5	0.4309	322.42	0.013
E4	LEG_0.5|RECLAIM|TRAIL_1.0R	VETO_K+DAYSIDE	MODEL_TOP3	251	309	1.231	36.03	-45.51	121.27	29.26	893.75	0.4434	262.16	0.018
E4	LEG_0.5|RECLAIM|TRAIL_1.0R	SHUFFLED_VETO	ALL	348	744	2.138	-48.6	-164.48	65.93	-22.73	900	0.4167	529.95	-0.024
E4	LEG_0.5|RECLAIM|TRAIL_1.0R	SHUFFLED_VETO	MODEL_TOP3	348	569	1.635	31.28	-63.08	125.82	19.13	906.25	0.4499	382.84	0.016
E4	LEG_0.5|RECLAIM|TRAIL_1.0R	SHUFFLED_DAYSIDE	ALL	293	458	1.563	-86.91	-184.4	16.19	-55.6	925	0.3843	422.69	-0.043
E4	LEG_0.5|RECLAIM|TRAIL_1.0R	SHUFFLED_DAYSIDE	MODEL_TOP3	293	363	1.239	-35.55	-126.25	57.66	-28.69	925	0.4022	325.97	-0.018
E4	LEG_0.5|EXT|PHASE	NONE	ALL	364	743	2.041	-69.65	-189.11	49.63	-34.12	1043.75	0.4334	611.91	-0.035
E4	LEG_0.5|EXT|PHASE	NONE	MODEL_TOP3	364	498	1.368	42.83	-63.47	149.03	31.31	1037.5	0.4598	351.69	0.021
E4	LEG_0.5|EXT|PHASE	VETO_K	ALL	341	619	1.815	-7.5	-116.53	110.6	-4.13	1025	0.4459	471.35	-0.004
E4	LEG_0.5|EXT|PHASE	VETO_K	MODEL_TOP3	341	466	1.367	-10.33	-110.18	91.18	-7.56	1025	0.4292	354.52	-0.005
E4	LEG_0.5|EXT|PHASE	VETO_2K	ALL	298	464	1.557	-66.64	-172.6	34.92	-42.8	1006.25	0.4267	406.07	-0.033
E4	LEG_0.5|EXT|PHASE	VETO_2K	MODEL_TOP3	298	390	1.309	-80.18	-178.32	23.52	-61.27	1018.75	0.4026	349.38	-0.04
E4	LEG_0.5|EXT|PHASE	DAYSIDE	ALL	292	454	1.555	-25.03	-121.33	71.12	-16.1	1043.75	0.4581	431.41	-0.013
E4	LEG_0.5|EXT|PHASE	DAYSIDE	MODEL_TOP3	292	371	1.271	-10.4	-98.31	72.02	-8.18	1050	0.4582	340.21	-0.005
E4	LEG_0.5|EXT|PHASE	VETO_K+DAYSIDE	ALL	251	368	1.466	1.86	-90.87	97.05	1.27	1025	0.4511	359.62	0.001
E4	LEG_0.5|EXT|PHASE	VETO_K+DAYSIDE	MODEL_TOP3	251	308	1.227	23.1	-59.41	110.22	18.82	1037.5	0.4545	287.78	0.012
E4	LEG_0.5|EXT|PHASE	SHUFFLED_VETO	ALL	348	606	1.741	-20.09	-141.79	110.24	-11.54	1043.75	0.4455	492.41	-0.01
E4	LEG_0.5|EXT|PHASE	SHUFFLED_VETO	MODEL_TOP3	348	502	1.443	11.52	-97.89	120.49	7.99	1050	0.4661	388.62	0.006
E4	LEG_0.5|EXT|PHASE	SHUFFLED_DAYSIDE	ALL	293	433	1.478	-115.43	-234.61	-1.88	-78.11	1050	0.3972	484.46	-0.058
E4	LEG_0.5|EXT|PHASE	SHUFFLED_DAYSIDE	MODEL_TOP3	293	360	1.229	-65.85	-174.59	42.59	-53.59	1050	0.4056	387.16	-0.033
E4	TREND_1800|EXT|TRAIL_1.5R	NONE	ALL	385	3482	9.044	-114.23	-277.36	60.48	-12.63	350	0.3742	1317.87	-0.057
E4	TREND_1800|EXT|TRAIL_1.5R	NONE	MODEL_TOP3	385	647	1.681	-7.4	-51.2	32.92	-4.4	287.5	0.4281	202.84	-0.004
E4	TREND_1800|EXT|TRAIL_1.5R	VETO_K	ALL	385	3176	8.249	-147.46	-290.39	-3.26	-17.87	362.5	0.3734	1207.7	-0.074
E4	TREND_1800|EXT|TRAIL_1.5R	VETO_K	MODEL_TOP3	385	682	1.771	-17.01	-58.6	22.87	-9.61	275	0.4018	215.24	-0.009
E4	TREND_1800|EXT|TRAIL_1.5R	VETO_2K	ALL	385	2876	7.47	-193.52	-333	-49.69	-25.91	350	0.3696	1086.72	-0.097
E4	TREND_1800|EXT|TRAIL_1.5R	VETO_2K	MODEL_TOP3	385	720	1.87	-43.85	-87.57	-1.55	-23.45	275	0.3764	234.1	-0.022
E4	TREND_1800|EXT|TRAIL_1.5R	DAYSIDE	ALL	385	3339	8.673	-129.22	-259.59	2.42	-14.9	275	0.3591	1066.89	-0.065
E4	TREND_1800|EXT|TRAIL_1.5R	DAYSIDE	MODEL_TOP3	385	626	1.626	123.85	70.25	176.69	76.17	293.75	0.4856	176.38	0.062
E4	TREND_1800|EXT|TRAIL_1.5R	VETO_K+DAYSIDE	ALL	385	2781	7.223	-156.33	-265.75	-36.97	-21.64	287.5	0.365	970.13	-0.078
E4	TREND_1800|EXT|TRAIL_1.5R	VETO_K+DAYSIDE	MODEL_TOP3	385	651	1.691	80.55	33.62	129.99	47.64	287.5	0.4685	188.01	0.04
E4	TREND_1800|EXT|TRAIL_1.5R	SHUFFLED_VETO	ALL	385	3051	7.925	-132.21	-291.77	37.5	-16.68	375	0.3773	1235.35	-0.066
E4	TREND_1800|EXT|TRAIL_1.5R	SHUFFLED_VETO	MODEL_TOP3	385	773	2.008	-24.04	-75.51	23.92	-11.97	300	0.3959	284.42	-0.012
E4	TREND_1800|EXT|TRAIL_1.5R	SHUFFLED_DAYSIDE	ALL	385	3410	8.857	-283.64	-414.91	-149.68	-32.02	262.5	0.3466	1115.08	-0.142
E4	TREND_1800|EXT|TRAIL_1.5R	SHUFFLED_DAYSIDE	MODEL_TOP3	385	642	1.668	64.82	15.45	117.04	38.87	287.5	0.447	196.69	0.032
E4	TREND_900|EXT|TRAIL_1.0R	NONE	ALL	385	6260	16.26	-427.97	-577.56	-264.14	-26.32	312.5	0.3577	1547.43	-0.214
E4	TREND_900|EXT|TRAIL_1.0R	NONE	MODEL_TOP3	385	732	1.901	-22.96	-62.21	16.97	-12.08	262.5	0.3839	196.21	-0.011
E4	TREND_900|EXT|TRAIL_1.0R	VETO_K	ALL	385	5345	13.883	-349.51	-480.93	-211.1	-25.18	312.5	0.357	1353.93	-0.175
E4	TREND_900|EXT|TRAIL_1.0R	VETO_K	MODEL_TOP3	385	767	1.992	-13.73	-52.99	24.58	-6.89	250	0.3755	194.77	-0.007
E4	TREND_900|EXT|TRAIL_1.0R	VETO_2K	ALL	385	4438	11.527	-331.61	-445.97	-210.45	-28.77	306.25	0.3576	1133.49	-0.166
E4	TREND_900|EXT|TRAIL_1.0R	VETO_2K	MODEL_TOP3	385	796	2.068	-40.87	-74.09	-7.87	-19.77	250	0.3656	208.73	-0.02
E4	TREND_900|EXT|TRAIL_1.0R	DAYSIDE	ALL	385	5335	13.857	-338.33	-456.17	-215.11	-24.42	250	0.3479	1207.17	-0.169
E4	TREND_900|EXT|TRAIL_1.0R	DAYSIDE	MODEL_TOP3	385	716	1.86	57.16	16.67	102.9	30.74	262.5	0.4204	176.28	0.029
E4	TREND_900|EXT|TRAIL_1.0R	VETO_K+DAYSIDE	ALL	385	4206	10.925	-284.04	-384.49	-176.26	-26	262.5	0.3524	1020.43	-0.142
E4	TREND_900|EXT|TRAIL_1.0R	VETO_K+DAYSIDE	MODEL_TOP3	385	748	1.943	26.8	-13.15	68.99	13.79	250	0.4131	188.74	0.013
E4	TREND_900|EXT|TRAIL_1.0R	SHUFFLED_VETO	ALL	385	4970	12.909	-300.28	-455.78	-136.77	-23.26	325	0.3632	1372.23	-0.15
E4	TREND_900|EXT|TRAIL_1.0R	SHUFFLED_VETO	MODEL_TOP3	385	869	2.257	-29.53	-75.13	17.84	-13.08	275	0.3717	262.65	-0.015
E4	TREND_900|EXT|TRAIL_1.0R	SHUFFLED_DAYSIDE	ALL	385	5454	14.166	-471.71	-602.4	-341.4	-33.3	250	0.3284	1251.57	-0.236
E4	TREND_900|EXT|TRAIL_1.0R	SHUFFLED_DAYSIDE	MODEL_TOP3	385	703	1.826	48.11	1.67	94.77	26.35	262.5	0.4125	183.19	0.024
E4	TREND_900|EXT|TRAIL_1.0R	GATE_TOP5	ALL	284	696	2.451	-31.49	-163.74	102.17	-12.85	634.38	0.3721	574.02	-0.016
E4	TREND_900|EXT|TRAIL_1.0R	GATE_TOP5	MODEL_TOP3	284	419	1.475	-4.52	-101.71	97.97	-3.06	600	0.3866	339.12	-0.002
E4	TREND_900|EXT|TRAIL_1.0R	GATE_TOP5+VETO_K	ALL	192	274	1.427	10.05	-98.61	116.85	7.04	690.62	0.4161	336.15	0.005
E4	TREND_900|EXT|TRAIL_1.0R	GATE_TOP5+VETO_K	MODEL_TOP3	192	249	1.297	31.37	-72.39	137.79	24.19	687.5	0.4337	292.54	0.016
E4	TREND_900|EXT|TRAIL_1.0R	GATE_TOP5+DAYSIDE	ALL	228	413	1.811	-2.53	-113.96	114.03	-1.4	612.5	0.385	400.16	-0.001
E4	TREND_900|EXT|TRAIL_1.0R	GATE_TOP5+DAYSIDE	MODEL_TOP3	228	305	1.338	62.64	-40.16	173.65	46.82	625	0.4262	280.92	0.031
E4	TREND_900|EXT|TRAIL_1.0R	SHUFFLED_GATE_TOP5	ALL	385	2180	5.662	-63.59	-163.38	41.92	-11.23	331.25	0.3651	694.94	-0.032
E4	TREND_900|EXT|TRAIL_1.0R	SHUFFLED_GATE_TOP5	MODEL_TOP3	385	974	2.53	-18.61	-78.35	46.7	-7.35	312.5	0.3645	332.37	-0.009
E4	TREND_900|EXT|TRAIL_1.0R	GATE_TOP10	ALL	329	1243	3.778	-11.54	-147.14	130.96	-3.05	556.25	0.3846	719.84	-0.006
E4	TREND_900|EXT|TRAIL_1.0R	GATE_TOP10	MODEL_TOP3	329	528	1.605	-3.47	-81.3	77.63	-2.16	537.5	0.3883	317.39	-0.002
E4	TREND_900|EXT|TRAIL_1.0R	GATE_TOP10+VETO_K	ALL	279	651	2.333	-15.88	-114.15	82.63	-6.8	587.5	0.3856	473.07	-0.008
E4	TREND_900|EXT|TRAIL_1.0R	GATE_TOP10+VETO_K	MODEL_TOP3	279	448	1.606	23.56	-59.46	114.46	14.67	587.5	0.3973	330.04	0.012
E4	TREND_900|EXT|TRAIL_1.0R	GATE_TOP10+DAYSIDE	ALL	300	761	2.537	-11.02	-109.02	95.83	-4.34	537.5	0.3798	480.17	-0.006
E4	TREND_900|EXT|TRAIL_1.0R	GATE_TOP10+DAYSIDE	MODEL_TOP3	300	441	1.47	68.78	-10.51	154	46.79	550	0.424	261.91	0.034
E4	TREND_900|EXT|TRAIL_1.0R	SHUFFLED_GATE_TOP10	ALL	385	3215	8.351	-143.41	-266.58	-17.95	-17.17	325	0.3642	969.36	-0.072
E4	TREND_900|EXT|TRAIL_1.0R	SHUFFLED_GATE_TOP10	MODEL_TOP3	385	953	2.475	25.89	-31.22	83.83	10.46	300	0.3757	294.01	0.013
E4	TREND_900|EXT|TRAIL_1.0R	GATE_TOP30	ALL	362	2864	7.912	-136.54	-289.59	18.66	-17.26	412.5	0.375	1043.98	-0.068
E4	TREND_900|EXT|TRAIL_1.0R	GATE_TOP30	MODEL_TOP3	362	649	1.793	-7.29	-75.62	61.97	-4.07	393.75	0.3698	279.14	-0.004
E4	TREND_900|EXT|TRAIL_1.0R	GATE_TOP30+VETO_K	ALL	356	2110	5.927	-56.07	-170.69	58.78	-9.46	412.5	0.3896	764	-0.028
E4	TREND_900|EXT|TRAIL_1.0R	GATE_TOP30+VETO_K	MODEL_TOP3	356	661	1.857	-30.46	-88.51	30.07	-16.4	425	0.3631	288.16	-0.015
E4	TREND_900|EXT|TRAIL_1.0R	GATE_TOP30+DAYSIDE	ALL	351	2062	5.875	-123.57	-230.31	-10.86	-21.03	350	0.3652	757.62	-0.062
E4	TREND_900|EXT|TRAIL_1.0R	GATE_TOP30+DAYSIDE	MODEL_TOP3	351	606	1.726	68.45	-1.64	140.24	39.65	381.25	0.4109	238.85	0.034
E4	TREND_900|EXT|TRAIL_1.0R	SHUFFLED_GATE_TOP30	ALL	385	4846	12.587	-283.67	-434.41	-123.1	-22.54	325	0.3593	1337.27	-0.142
E4	TREND_900|EXT|TRAIL_1.0R	SHUFFLED_GATE_TOP30	MODEL_TOP3	385	893	2.319	0.51	-49.28	52.35	0.22	275	0.3763	256.83	0
E4	TREND_900|RECLAIM|TRAIL_1.0R	NONE	ALL	385	13338	34.644	-923.09	-1085.03	-757.95	-26.64	143.75	0.3033	1800.83	-0.462
E4	TREND_900|RECLAIM|TRAIL_1.0R	NONE	MODEL_TOP3	385	810	2.104	-75.03	-97.46	-49.26	-35.66	125	0.3062	158.46	-0.038
E4	TREND_900|RECLAIM|TRAIL_1.0R	VETO_K	ALL	385	10510	27.299	-725.94	-845.1	-596.1	-26.59	137.5	0.3053	1465.38	-0.363
E4	TREND_900|RECLAIM|TRAIL_1.0R	VETO_K	MODEL_TOP3	385	831	2.158	-67.79	-91.77	-41.17	-31.41	125	0.2972	160.66	-0.034
E4	TREND_900|RECLAIM|TRAIL_1.0R	VETO_2K	ALL	385	7798	20.255	-609.08	-694.56	-514.94	-30.07	131.25	0.2987	1117.07	-0.305
E4	TREND_900|RECLAIM|TRAIL_1.0R	VETO_2K	MODEL_TOP3	385	837	2.174	-72.74	-96.44	-48.15	-33.46	112.5	0.3035	155.46	-0.036
E4	TREND_900|RECLAIM|TRAIL_1.0R	DAYSIDE	ALL	385	8461	21.977	-552.97	-663.91	-432.75	-25.16	125	0.304	1193.45	-0.276
E4	TREND_900|RECLAIM|TRAIL_1.0R	DAYSIDE	MODEL_TOP3	385	790	2.052	-20.99	-48.79	9.96	-10.23	131.25	0.343	147.27	-0.01
E4	TREND_900|RECLAIM|TRAIL_1.0R	VETO_K+DAYSIDE	ALL	385	6258	16.255	-417	-505.82	-318.53	-25.65	125	0.3054	951.24	-0.209
E4	TREND_900|RECLAIM|TRAIL_1.0R	VETO_K+DAYSIDE	MODEL_TOP3	385	818	2.125	-33.45	-61.62	-1.76	-15.74	125	0.3252	150.79	-0.017
E4	TREND_900|RECLAIM|TRAIL_1.0R	SHUFFLED_VETO	ALL	385	8938	23.216	-584.67	-722.89	-442.62	-25.18	150	0.3049	1391.8	-0.292
E4	TREND_900|RECLAIM|TRAIL_1.0R	SHUFFLED_VETO	MODEL_TOP3	385	938	2.436	-58.81	-91.62	-27.34	-24.14	125	0.3166	193.4	-0.029
E4	TREND_900|RECLAIM|TRAIL_1.0R	SHUFFLED_DAYSIDE	ALL	385	8433	21.904	-622.67	-737.56	-504.97	-28.43	125	0.2916	1212.42	-0.311
E4	TREND_900|RECLAIM|TRAIL_1.0R	SHUFFLED_DAYSIDE	MODEL_TOP3	385	776	2.016	-36.51	-64.65	-5.47	-18.11	131.25	0.3299	155.96	-0.018
E4	TREND_900|RECLAIM|TRAIL_1.0R	GATE_TOP5	ALL	295	865	2.932	-52.37	-169.97	70.63	-17.86	525	0.3746	577.42	-0.026
E4	TREND_900|RECLAIM|TRAIL_1.0R	GATE_TOP5	MODEL_TOP3	295	467	1.583	-28.02	-107.24	60.42	-17.7	518.75	0.3833	317.81	-0.014
E4	TREND_900|RECLAIM|TRAIL_1.0R	GATE_TOP5+VETO_K	ALL	228	369	1.618	-36.08	-120.49	53.06	-22.29	537.5	0.3875	331.35	-0.018
E4	TREND_900|RECLAIM|TRAIL_1.0R	GATE_TOP5+VETO_K	MODEL_TOP3	228	318	1.395	-27.83	-103.68	48.8	-19.96	537.5	0.3742	286.32	-0.014
E4	TREND_900|RECLAIM|TRAIL_1.0R	GATE_TOP5+DAYSIDE	ALL	241	487	2.021	-35.7	-140.28	74.68	-17.67	525	0.384	404.5	-0.018
E4	TREND_900|RECLAIM|TRAIL_1.0R	GATE_TOP5+DAYSIDE	MODEL_TOP3	241	343	1.423	6.27	-72.97	90.31	4.4	525	0.3994	278.32	0.003
E4	TREND_900|RECLAIM|TRAIL_1.0R	SHUFFLED_GATE_TOP5	ALL	385	2691	6.99	-155.03	-232.37	-78.5	-22.18	162.5	0.3226	554.84	-0.078
E4	TREND_900|RECLAIM|TRAIL_1.0R	SHUFFLED_GATE_TOP5	MODEL_TOP3	385	1032	2.681	-52.79	-97.96	-4.78	-19.69	150	0.314	236.05	-0.026
E4	TREND_900|RECLAIM|TRAIL_1.0R	GATE_TOP10	ALL	331	1645	4.97	-112.52	-233.04	13.32	-22.64	400	0.3587	755.34	-0.056
E4	TREND_900|RECLAIM|TRAIL_1.0R	GATE_TOP10	MODEL_TOP3	331	579	1.749	-46.47	-114.07	21.4	-26.57	406.25	0.3592	303.53	-0.023
E4	TREND_900|RECLAIM|TRAIL_1.0R	GATE_TOP10+VETO_K	ALL	302	915	3.03	-74.98	-155.47	6.82	-24.75	400	0.3749	479.74	-0.037
E4	TREND_900|RECLAIM|TRAIL_1.0R	GATE_TOP10+VETO_K	MODEL_TOP3	302	530	1.755	-24.32	-88.46	43.94	-13.86	412.5	0.3943	295.36	-0.012
E4	TREND_900|RECLAIM|TRAIL_1.0R	GATE_TOP10+DAYSIDE	ALL	308	899	2.919	-71.49	-161.99	19.48	-24.49	412.5	0.366	474.82	-0.036
E4	TREND_900|RECLAIM|TRAIL_1.0R	GATE_TOP10+DAYSIDE	MODEL_TOP3	308	494	1.604	-1.59	-70.89	70.42	-0.99	412.5	0.4089	267.1	-0.001
E4	TREND_900|RECLAIM|TRAIL_1.0R	SHUFFLED_GATE_TOP10	ALL	385	4469	11.608	-264.79	-373.2	-156.27	-22.81	156.25	0.3198	819.7	-0.132
E4	TREND_900|RECLAIM|TRAIL_1.0R	SHUFFLED_GATE_TOP10	MODEL_TOP3	385	1032	2.681	-39.41	-80.58	4.31	-14.7	150	0.3304	222.49	-0.02
E4	TREND_900|RECLAIM|TRAIL_1.0R	GATE_TOP30	ALL	378	4402	11.646	-273.52	-406.43	-144.08	-23.49	256.25	0.3514	1046.16	-0.137
E4	TREND_900|RECLAIM|TRAIL_1.0R	GATE_TOP30	MODEL_TOP3	378	703	1.86	-66.04	-110.95	-19.09	-35.51	275	0.3485	245.91	-0.033
E4	TREND_900|RECLAIM|TRAIL_1.0R	GATE_TOP30+VETO_K	ALL	376	3054	8.122	-184.89	-270.88	-88.43	-22.76	256.25	0.352	742.1	-0.092
E4	TREND_900|RECLAIM|TRAIL_1.0R	GATE_TOP30+VETO_K	MODEL_TOP3	376	725	1.928	-66.32	-109.47	-25.06	-34.4	275	0.3503	243.54	-0.033
E4	TREND_900|RECLAIM|TRAIL_1.0R	GATE_TOP30+DAYSIDE	ALL	362	2557	7.064	-158.07	-250.81	-67.63	-22.38	243.75	0.3512	682.92	-0.079
E4	TREND_900|RECLAIM|TRAIL_1.0R	GATE_TOP30+DAYSIDE	MODEL_TOP3	362	663	1.831	3.19	-44.35	52.57	1.74	275	0.4042	219.4	0.002
E4	TREND_900|RECLAIM|TRAIL_1.0R	SHUFFLED_GATE_TOP30	ALL	385	8468	21.995	-487.6	-623.4	-347.7	-22.17	150	0.3099	1275.3	-0.244
E4	TREND_900|RECLAIM|TRAIL_1.0R	SHUFFLED_GATE_TOP30	MODEL_TOP3	385	961	2.496	-46.9	-79.62	-12.42	-18.79	137.5	0.3018	195.82	-0.023
E4	TREND_900|SWING|TRAIL_1.0R	NONE	ALL	385	28210	73.273	-2006.41	-2189.32	-1818.45	-27.38	75	0.2595	2420.59	-1.003
E4	TREND_900|SWING|TRAIL_1.0R	NONE	MODEL_TOP3	385	864	2.244	-68.85	-84.12	-53.12	-30.68	68.75	0.2488	120.35	-0.034
E4	TREND_900|SWING|TRAIL_1.0R	VETO_K	ALL	385	18704	48.582	-1393.15	-1491.33	-1293.03	-28.68	62.5	0.2507	1646.33	-0.697
E4	TREND_900|SWING|TRAIL_1.0R	VETO_K	MODEL_TOP3	385	877	2.278	-66.96	-80.74	-53.22	-29.39	62.5	0.2531	113.48	-0.033
E4	TREND_900|SWING|TRAIL_1.0R	VETO_2K	ALL	385	11875	30.844	-876.92	-935.52	-813.79	-28.43	62.5	0.2449	1083.85	-0.438
E4	TREND_900|SWING|TRAIL_1.0R	VETO_2K	MODEL_TOP3	385	884	2.296	-72.73	-85.97	-59.3	-31.68	62.5	0.2421	114.42	-0.036
E4	TREND_900|SWING|TRAIL_1.0R	DAYSIDE	ALL	385	14391	37.379	-986.39	-1102.8	-869.74	-26.39	75	0.2647	1333.22	-0.493
E4	TREND_900|SWING|TRAIL_1.0R	DAYSIDE	MODEL_TOP3	385	852	2.213	-53.95	-69.63	-38.2	-24.38	62.5	0.2582	116.51	-0.027
E4	TREND_900|SWING|TRAIL_1.0R	VETO_K+DAYSIDE	ALL	385	9479	24.621	-682.8	-746.21	-615.93	-27.73	62.5	0.2571	907.16	-0.341
E4	TREND_900|SWING|TRAIL_1.0R	VETO_K+DAYSIDE	MODEL_TOP3	385	866	2.249	-58.63	-74.27	-42.69	-26.07	68.75	0.2598	113.98	-0.029
E4	TREND_900|SWING|TRAIL_1.0R	SHUFFLED_VETO	ALL	385	14847	38.564	-1061.36	-1180.97	-942.25	-27.52	75	0.2626	1433.18	-0.531
E4	TREND_900|SWING|TRAIL_1.0R	SHUFFLED_VETO	MODEL_TOP3	385	992	2.577	-70.87	-86.74	-55.16	-27.51	68.75	0.2712	133.78	-0.035
E4	TREND_900|SWING|TRAIL_1.0R	SHUFFLED_DAYSIDE	ALL	385	14420	37.455	-1058.86	-1176.08	-936.33	-28.27	75	0.2591	1396.5	-0.529
E4	TREND_900|SWING|TRAIL_1.0R	SHUFFLED_DAYSIDE	MODEL_TOP3	385	843	2.19	-46.84	-62.04	-29.71	-21.39	62.5	0.2716	109.52	-0.023
E4	TREND_900|SWING|TRAIL_1.0R	GATE_TOP5	ALL	269	1408	5.234	-78.12	-151.72	-3.46	-14.93	187.5	0.3324	413.16	-0.039
E4	TREND_900|SWING|TRAIL_1.0R	GATE_TOP5	MODEL_TOP3	269	500	1.859	-5.79	-47.52	41.15	-3.11	200	0.356	181.07	-0.003
E4	TREND_900|SWING|TRAIL_1.0R	GATE_TOP5+VETO_K	ALL	166	250	1.506	-45.33	-82.65	-6.41	-30.1	193.75	0.328	142.66	-0.023
E4	TREND_900|SWING|TRAIL_1.0R	GATE_TOP5+VETO_K	MODEL_TOP3	166	236	1.422	-47.88	-84.74	-10.57	-33.68	200	0.3263	136.46	-0.024
E4	TREND_900|SWING|TRAIL_1.0R	GATE_TOP5+DAYSIDE	ALL	226	772	3.416	-31.4	-105.78	46.88	-9.19	200	0.3355	308.76	-0.016
E4	TREND_900|SWING|TRAIL_1.0R	GATE_TOP5+DAYSIDE	MODEL_TOP3	226	389	1.721	-4.38	-53.53	49.76	-2.54	212.5	0.3445	170.22	-0.002
E4	TREND_900|SWING|TRAIL_1.0R	SHUFFLED_GATE_TOP5	ALL	383	3068	8.01	-216.21	-266.19	-165.21	-26.99	75	0.2614	395.31	-0.108
E4	TREND_900|SWING|TRAIL_1.0R	SHUFFLED_GATE_TOP5	MODEL_TOP3	383	1084	2.83	-84.6	-107.79	-56.12	-29.89	75	0.2482	160.03	-0.042
E4	TREND_900|SWING|TRAIL_1.0R	GATE_TOP10	ALL	332	3088	9.301	-152.77	-236.04	-69.99	-16.43	125	0.3135	526.33	-0.076
E4	TREND_900|SWING|TRAIL_1.0R	GATE_TOP10	MODEL_TOP3	332	732	2.205	-41.77	-73.71	-8.6	-18.94	125	0.3183	163.43	-0.021
E4	TREND_900|SWING|TRAIL_1.0R	GATE_TOP10+VETO_K	ALL	299	848	2.836	-77.18	-109.27	-45.51	-27.21	128.12	0.2948	192.29	-0.039
E4	TREND_900|SWING|TRAIL_1.0R	GATE_TOP10+VETO_K	MODEL_TOP3	299	580	1.94	-55.16	-79.7	-30.31	-28.44	131.25	0.2966	140.8	-0.028
E4	TREND_900|SWING|TRAIL_1.0R	GATE_TOP10+DAYSIDE	ALL	302	1609	5.328	-86.92	-149.52	-16.89	-16.32	137.5	0.312	362.43	-0.043
E4	TREND_900|SWING|TRAIL_1.0R	GATE_TOP10+DAYSIDE	MODEL_TOP3	302	620	2.053	-28.58	-63.04	9.83	-13.92	125	0.3145	157.17	-0.014
E4	TREND_900|SWING|TRAIL_1.0R	SHUFFLED_GATE_TOP10	ALL	385	5749	14.932	-437.29	-507.99	-368.12	-29.28	75	0.2609	675.15	-0.219
E4	TREND_900|SWING|TRAIL_1.0R	SHUFFLED_GATE_TOP10	MODEL_TOP3	385	1081	2.808	-80.5	-101.66	-54.67	-28.67	75	0.2405	153.78	-0.04
E4	TREND_900|SWING|TRAIL_1.0R	GATE_TOP30	ALL	377	9871	26.183	-535.06	-629.03	-437.9	-20.44	75	0.2834	928.54	-0.268
E4	TREND_900|SWING|TRAIL_1.0R	GATE_TOP30	MODEL_TOP3	377	885	2.347	-57.87	-81.83	-31.98	-24.65	75	0.2712	142.77	-0.029
E4	TREND_900|SWING|TRAIL_1.0R	GATE_TOP30+VETO_K	ALL	369	4876	13.214	-281.91	-324.8	-238.77	-21.33	68.75	0.2779	481.27	-0.141
E4	TREND_900|SWING|TRAIL_1.0R	GATE_TOP30+VETO_K	MODEL_TOP3	369	903	2.447	-53.73	-72.8	-32.33	-21.96	75	0.2957	130.81	-0.027
E4	TREND_900|SWING|TRAIL_1.0R	GATE_TOP30+DAYSIDE	ALL	363	5015	13.815	-280.96	-348.58	-209.85	-20.34	75	0.2824	567.08	-0.14
E4	TREND_900|SWING|TRAIL_1.0R	GATE_TOP30+DAYSIDE	MODEL_TOP3	363	800	2.204	-43.77	-68.79	-17.45	-19.86	75	0.2925	133.2	-0.022
E4	TREND_900|SWING|TRAIL_1.0R	SHUFFLED_GATE_TOP30	ALL	385	13660	35.481	-969.43	-1068.75	-865.48	-27.32	75	0.2608	1327.14	-0.485
E4	TREND_900|SWING|TRAIL_1.0R	SHUFFLED_GATE_TOP30	MODEL_TOP3	385	1031	2.678	-72.24	-93.54	-50.29	-26.98	75	0.2493	142.39	-0.036
E4	TREND_1800|EXT|TRAIL_1.0R	NONE	ALL	385	5484	14.244	-339.13	-518.89	-153.81	-23.81	331.25	0.3638	1469.25	-0.17
E4	TREND_1800|EXT|TRAIL_1.0R	NONE	MODEL_TOP3	385	671	1.743	-15.82	-51.57	18.17	-9.08	287.5	0.3949	184.32	-0.008
E4	TREND_1800|EXT|TRAIL_1.0R	VETO_K	ALL	385	4563	11.852	-247.64	-395.27	-98.46	-20.89	350	0.3688	1241.38	-0.124
E4	TREND_1800|EXT|TRAIL_1.0R	VETO_K	MODEL_TOP3	385	701	1.821	-24.04	-58.56	8.79	-13.2	275	0.3866	188.74	-0.012
E4	TREND_1800|EXT|TRAIL_1.0R	VETO_2K	ALL	385	3814	9.906	-268.1	-398.86	-141.32	-27.06	343.75	0.3684	1065.85	-0.134
E4	TREND_1800|EXT|TRAIL_1.0R	VETO_2K	MODEL_TOP3	385	738	1.917	-39.65	-74.84	-5.61	-20.68	275	0.3672	206.19	-0.02
E4	TREND_1800|EXT|TRAIL_1.0R	DAYSIDE	ALL	385	4441	11.535	-241.81	-367.21	-107.12	-20.96	275	0.3519	1103.01	-0.121
E4	TREND_1800|EXT|TRAIL_1.0R	DAYSIDE	MODEL_TOP3	385	652	1.694	71.81	25.56	118.02	42.4	293.75	0.4387	169.17	0.036
E4	TREND_1800|EXT|TRAIL_1.0R	VETO_K+DAYSIDE	ALL	385	3461	8.99	-197.55	-308.75	-83.55	-21.97	287.5	0.358	935.32	-0.099
E4	TREND_1800|EXT|TRAIL_1.0R	VETO_K+DAYSIDE	MODEL_TOP3	385	673	1.748	39.91	-0.49	80.31	22.83	287.5	0.4309	174.57	0.02
E4	TREND_1800|EXT|TRAIL_1.0R	SHUFFLED_VETO	ALL	385	4335	11.26	-213.64	-378.47	-45.42	-18.97	356.25	0.3682	1286.05	-0.107
E4	TREND_1800|EXT|TRAIL_1.0R	SHUFFLED_VETO	MODEL_TOP3	385	806	2.094	-60.21	-101.07	-22.48	-28.76	300	0.3747	249.23	-0.03
E4	TREND_1800|EXT|TRAIL_1.0R	SHUFFLED_DAYSIDE	ALL	385	4476	11.626	-362.61	-487.59	-234.54	-31.19	268.75	0.3412	1122.99	-0.181
E4	TREND_1800|EXT|TRAIL_1.0R	SHUFFLED_DAYSIDE	MODEL_TOP3	385	672	1.745	23.11	-18.06	66.93	13.24	287.5	0.3973	183.48	0.012
E4	TREND_1800|EXT|TRAIL_1.0R	GATE_TOP5	ALL	265	624	2.355	42.83	-82.86	178.83	18.19	662.5	0.4038	538.71	0.021
E4	TREND_1800|EXT|TRAIL_1.0R	GATE_TOP5	MODEL_TOP3	265	395	1.491	18.02	-69.26	107.68	12.09	656.25	0.3873	328.55	0.009
E4	TREND_1800|EXT|TRAIL_1.0R	GATE_TOP5+VETO_K	ALL	183	266	1.454	-8.5	-118.38	106.11	-5.85	703.12	0.4248	327.7	-0.004
E4	TREND_1800|EXT|TRAIL_1.0R	GATE_TOP5+VETO_K	MODEL_TOP3	183	244	1.333	-20.77	-142.59	105.01	-15.58	700	0.4262	313.93	-0.01
E4	TREND_1800|EXT|TRAIL_1.0R	GATE_TOP5+DAYSIDE	ALL	221	379	1.715	41.96	-70.45	157.88	24.47	625	0.3879	384.72	0.021
E4	TREND_1800|EXT|TRAIL_1.0R	GATE_TOP5+DAYSIDE	MODEL_TOP3	221	285	1.29	31.79	-72.96	140.82	24.65	650	0.3754	308.08	0.016
E4	TREND_1800|EXT|TRAIL_1.0R	SHUFFLED_GATE_TOP5	ALL	382	1945	5.092	13.27	-91.31	121.22	2.61	375	0.3969	651.8	0.007
E4	TREND_1800|EXT|TRAIL_1.0R	SHUFFLED_GATE_TOP5	MODEL_TOP3	382	937	2.453	5.26	-65.04	75.05	2.14	362.5	0.3938	339.96	0.003
E4	TREND_1800|EXT|TRAIL_1.0R	GATE_TOP10	ALL	323	1144	3.542	26	-103.67	159.69	7.34	593.75	0.4047	684.17	0.013
E4	TREND_1800|EXT|TRAIL_1.0R	GATE_TOP10	MODEL_TOP3	323	501	1.551	37.37	-37.44	114.14	24.09	562.5	0.3992	279.53	0.019
E4	TREND_1800|EXT|TRAIL_1.0R	GATE_TOP10+VETO_K	ALL	285	620	2.175	26.78	-96.2	150.27	12.31	625	0.4226	425.48	0.013
E4	TREND_1800|EXT|TRAIL_1.0R	GATE_TOP10+VETO_K	MODEL_TOP3	285	462	1.621	-8.21	-104.46	87.87	-5.07	625	0.4134	332.65	-0.004
E4	TREND_1800|EXT|TRAIL_1.0R	GATE_TOP10+DAYSIDE	ALL	300	701	2.337	43.77	-54.96	151.83	18.73	550	0.4165	429.95	0.022
E4	TREND_1800|EXT|TRAIL_1.0R	GATE_TOP10+DAYSIDE	MODEL_TOP3	300	443	1.477	45.35	-38.77	132.88	30.71	575	0.3973	279.81	0.023
E4	TREND_1800|EXT|TRAIL_1.0R	SHUFFLED_GATE_TOP10	ALL	384	2829	7.367	-113.82	-247.36	23.93	-15.45	375	0.3758	953.58	-0.057
E4	TREND_1800|EXT|TRAIL_1.0R	SHUFFLED_GATE_TOP10	MODEL_TOP3	384	919	2.393	-16.95	-76.4	42.46	-7.08	325	0.3808	318.46	-0.008
E4	TREND_1800|EXT|TRAIL_1.0R	GATE_TOP30	ALL	380	2781	7.318	-181.33	-325.73	-42.37	-24.78	406.25	0.3675	1011.21	-0.091
E4	TREND_1800|EXT|TRAIL_1.0R	GATE_TOP30	MODEL_TOP3	380	643	1.692	-48.43	-97.68	0.82	-28.62	381.25	0.3484	256.44	-0.024
E4	TREND_1800|EXT|TRAIL_1.0R	GATE_TOP30+VETO_K	ALL	376	2058	5.473	-79.23	-190.92	37.31	-14.48	412.5	0.3873	730.05	-0.04
E4	TREND_1800|EXT|TRAIL_1.0R	GATE_TOP30+VETO_K	MODEL_TOP3	376	702	1.867	-40.59	-95.54	13.5	-21.74	387.5	0.3661	290.1	-0.02
E4	TREND_1800|EXT|TRAIL_1.0R	GATE_TOP30+DAYSIDE	ALL	362	1854	5.122	-75.75	-175.26	29.19	-14.79	350	0.3625	669.96	-0.038
E4	TREND_1800|EXT|TRAIL_1.0R	GATE_TOP30+DAYSIDE	MODEL_TOP3	362	597	1.649	46	-16.25	114.95	27.89	412.5	0.4188	238.72	0.023
E4	TREND_1800|EXT|TRAIL_1.0R	SHUFFLED_GATE_TOP30	ALL	385	4115	10.688	-291.57	-441	-132.35	-27.28	362.5	0.3645	1289.04	-0.146
E4	TREND_1800|EXT|TRAIL_1.0R	SHUFFLED_GATE_TOP30	MODEL_TOP3	385	820	2.13	-48.9	-100.21	0.2	-22.96	312.5	0.3756	268.88	-0.024
E4	TREND_1800|RECLAIM|TRAIL_1.0R	NONE	ALL	385	10064	26.14	-617.81	-783.06	-458.66	-23.63	175	0.3246	1613.92	-0.309
E4	TREND_1800|RECLAIM|TRAIL_1.0R	NONE	MODEL_TOP3	385	738	1.917	-36.14	-63.7	-8.19	-18.86	162.5	0.3428	156.93	-0.018
E4	TREND_1800|RECLAIM|TRAIL_1.0R	VETO_K	ALL	385	7896	20.509	-550.74	-686.84	-416.24	-26.85	175	0.3212	1386.57	-0.275
E4	TREND_1800|RECLAIM|TRAIL_1.0R	VETO_K	MODEL_TOP3	385	762	1.979	-57.22	-86.07	-28.41	-28.91	150	0.3202	170.63	-0.029
E4	TREND_1800|RECLAIM|TRAIL_1.0R	VETO_2K	ALL	385	6080	15.792	-480.37	-592.66	-366.44	-30.42	175	0.313	1102.94	-0.24
E4	TREND_1800|RECLAIM|TRAIL_1.0R	VETO_2K	MODEL_TOP3	385	783	2.034	-57.21	-83.07	-30.62	-28.13	150	0.3065	163.76	-0.029
E4	TREND_1800|RECLAIM|TRAIL_1.0R	DAYSIDE	ALL	385	6693	17.384	-394.7	-512.72	-270.49	-22.7	150	0.3205	1114.74	-0.197
E4	TREND_1800|RECLAIM|TRAIL_1.0R	DAYSIDE	MODEL_TOP3	385	713	1.852	3.45	-31.17	40.05	1.86	162.5	0.3647	146.65	0.002
E4	TREND_1800|RECLAIM|TRAIL_1.0R	VETO_K+DAYSIDE	ALL	385	4963	12.891	-323.09	-411.2	-230.66	-25.06	150	0.3204	897.29	-0.162
E4	TREND_1800|RECLAIM|TRAIL_1.0R	VETO_K+DAYSIDE	MODEL_TOP3	385	741	1.925	-22.97	-57.9	10.27	-11.93	162.5	0.3455	163.74	-0.011
E4	TREND_1800|RECLAIM|TRAIL_1.0R	SHUFFLED_VETO	ALL	385	7074	18.374	-401.87	-547.94	-260.65	-21.87	187.5	0.3312	1299.06	-0.201
E4	TREND_1800|RECLAIM|TRAIL_1.0R	SHUFFLED_VETO	MODEL_TOP3	385	896	2.327	-44.35	-79.35	-8.81	-19.06	150	0.3225	194.83	-0.022
E4	TREND_1800|RECLAIM|TRAIL_1.0R	SHUFFLED_DAYSIDE	ALL	385	6788	17.631	-533.84	-656.7	-411.3	-30.28	150	0.3085	1157.81	-0.267
E4	TREND_1800|RECLAIM|TRAIL_1.0R	SHUFFLED_DAYSIDE	MODEL_TOP3	385	742	1.927	-27.25	-60.61	7.92	-14.14	162.5	0.3329	162.65	-0.014
E4	TREND_1800|RECLAIM|TRAIL_1.0R	GATE_TOP5	ALL	266	667	2.508	62.98	-65.22	197.78	25.12	575	0.4033	497.38	0.031
E4	TREND_1800|RECLAIM|TRAIL_1.0R	GATE_TOP5	MODEL_TOP3	266	385	1.447	31.18	-43.03	108.94	21.54	587.5	0.4078	276.01	0.016
E4	TREND_1800|RECLAIM|TRAIL_1.0R	GATE_TOP5+VETO_K	ALL	192	277	1.443	-5.1	-120.93	121.47	-3.53	612.5	0.4332	344.93	-0.003
E4	TREND_1800|RECLAIM|TRAIL_1.0R	GATE_TOP5+VETO_K	MODEL_TOP3	192	245	1.276	14.97	-91.03	126.19	11.73	612.5	0.4408	290.56	0.007
E4	TREND_1800|RECLAIM|TRAIL_1.0R	GATE_TOP5+DAYSIDE	ALL	213	379	1.779	71.56	-35.1	181.05	40.22	562.5	0.3826	339.09	0.036
E4	TREND_1800|RECLAIM|TRAIL_1.0R	GATE_TOP5+DAYSIDE	MODEL_TOP3	213	274	1.286	54.19	-33.62	146.82	42.13	575	0.4015	259.22	0.027
E4	TREND_1800|RECLAIM|TRAIL_1.0R	SHUFFLED_GATE_TOP5	ALL	382	2391	6.259	-67.44	-159.06	24.95	-10.77	200	0.3471	584.52	-0.034
E4	TREND_1800|RECLAIM|TRAIL_1.0R	SHUFFLED_GATE_TOP5	MODEL_TOP3	382	996	2.607	-22.48	-81.4	35.41	-8.62	187.5	0.3424	265.59	-0.011
E4	TREND_1800|RECLAIM|TRAIL_1.0R	GATE_TOP10	ALL	322	1237	3.842	29.72	-86.35	149.6	7.74	512.5	0.3961	625.99	0.015
E4	TREND_1800|RECLAIM|TRAIL_1.0R	GATE_TOP10	MODEL_TOP3	322	511	1.587	25.82	-46.03	102.42	16.27	506.25	0.4305	263.06	0.013
E4	TREND_1800|RECLAIM|TRAIL_1.0R	GATE_TOP10+VETO_K	ALL	283	657	2.322	-30.29	-131.55	75.5	-13.05	543.75	0.3988	436.63	-0.015
E4	TREND_1800|RECLAIM|TRAIL_1.0R	GATE_TOP10+VETO_K	MODEL_TOP3	283	449	1.587	-25.62	-99.16	49.67	-16.15	531.25	0.4031	292.32	-0.013
E4	TREND_1800|RECLAIM|TRAIL_1.0R	GATE_TOP10+DAYSIDE	ALL	294	707	2.405	48.37	-35.73	135.57	20.11	500	0.4031	369.77	0.024
E4	TREND_1800|RECLAIM|TRAIL_1.0R	GATE_TOP10+DAYSIDE	MODEL_TOP3	294	412	1.401	47.12	-25.67	126.99	33.62	512.5	0.4175	241.5	0.024
E4	TREND_1800|RECLAIM|TRAIL_1.0R	SHUFFLED_GATE_TOP10	ALL	384	3808	9.917	-205.83	-317.3	-88.9	-20.76	200	0.3293	886.45	-0.103
E4	TREND_1800|RECLAIM|TRAIL_1.0R	SHUFFLED_GATE_TOP10	MODEL_TOP3	384	995	2.591	-47.84	-99.34	3.38	-18.46	175	0.3116	266.37	-0.024
E4	TREND_1800|RECLAIM|TRAIL_1.0R	GATE_TOP30	ALL	377	3647	9.674	-138.06	-262.75	-10.94	-14.27	300	0.3576	960.42	-0.069
E4	TREND_1800|RECLAIM|TRAIL_1.0R	GATE_TOP30	MODEL_TOP3	377	668	1.772	-54.86	-97.57	-12.58	-30.96	300	0.3338	223.24	-0.027
E4	TREND_1800|RECLAIM|TRAIL_1.0R	GATE_TOP30+VETO_K	ALL	371	2606	7.024	-126.19	-236.49	-9.91	-17.97	325	0.3546	761.93	-0.063
E4	TREND_1800|RECLAIM|TRAIL_1.0R	GATE_TOP30+VETO_K	MODEL_TOP3	371	718	1.935	-52.38	-101.13	-2.51	-27.07	312.5	0.3468	245.27	-0.026
E4	TREND_1800|RECLAIM|TRAIL_1.0R	GATE_TOP30+DAYSIDE	ALL	367	2220	6.049	-70.01	-153.07	13.35	-11.57	275	0.3577	596.2	-0.035
E4	TREND_1800|RECLAIM|TRAIL_1.0R	GATE_TOP30+DAYSIDE	MODEL_TOP3	367	645	1.757	25.24	-26.04	78.81	14.36	325	0.3845	209.9	0.013
E4	TREND_1800|RECLAIM|TRAIL_1.0R	SHUFFLED_GATE_TOP30	ALL	385	6632	17.226	-362.35	-506.25	-215.27	-21.03	187.5	0.3292	1260.87	-0.181
E4	TREND_1800|RECLAIM|TRAIL_1.0R	SHUFFLED_GATE_TOP30	MODEL_TOP3	385	896	2.327	-60.03	-95.7	-22.44	-25.79	162.5	0.3248	216.8	-0.03
E4	TREND_1800|SWING|TRAIL_1.0R	NONE	ALL	385	23121	60.055	-1554.79	-1715.83	-1389.56	-25.89	75	0.2701	2171.17	-0.777
E4	TREND_1800|SWING|TRAIL_1.0R	NONE	MODEL_TOP3	385	845	2.195	-72.87	-90.87	-54.42	-33.2	75	0.245	131.74	-0.036
E4	TREND_1800|SWING|TRAIL_1.0R	VETO_K	ALL	385	15977	41.499	-1072.25	-1183.19	-964.71	-25.84	75	0.2674	1520.7	-0.536
E4	TREND_1800|SWING|TRAIL_1.0R	VETO_K	MODEL_TOP3	385	863	2.242	-67.65	-83.7	-51.85	-30.18	75	0.2538	122.19	-0.034
E4	TREND_1800|SWING|TRAIL_1.0R	VETO_2K	ALL	385	10474	27.205	-711.64	-785.84	-637.78	-26.16	75	0.2632	1015.63	-0.356
E4	TREND_1800|SWING|TRAIL_1.0R	VETO_2K	MODEL_TOP3	385	860	2.234	-80.11	-97.71	-62.7	-35.86	75	0.2326	131.2	-0.04
E4	TREND_1800|SWING|TRAIL_1.0R	DAYSIDE	ALL	385	11986	31.132	-786.64	-900.45	-672.7	-25.27	81.25	0.2782	1249.14	-0.393
E4	TREND_1800|SWING|TRAIL_1.0R	DAYSIDE	MODEL_TOP3	385	817	2.122	-50.09	-69.5	-28.28	-23.6	75	0.2815	120.33	-0.025
E4	TREND_1800|SWING|TRAIL_1.0R	VETO_K+DAYSIDE	ALL	385	8263	21.462	-546.99	-621.94	-472.57	-25.49	75	0.2746	883.68	-0.273
E4	TREND_1800|SWING|TRAIL_1.0R	VETO_K+DAYSIDE	MODEL_TOP3	385	836	2.171	-59.19	-75.45	-42.16	-27.26	75	0.2715	119.87	-0.03
E4	TREND_1800|SWING|TRAIL_1.0R	SHUFFLED_VETO	ALL	385	13096	34.016	-874.09	-996.07	-749.95	-25.7	81.25	0.2745	1403.67	-0.437
E4	TREND_1800|SWING|TRAIL_1.0R	SHUFFLED_VETO	MODEL_TOP3	385	966	2.509	-64.72	-89.91	-34.55	-25.79	75	0.266	149.27	-0.032
E4	TREND_1800|SWING|TRAIL_1.0R	SHUFFLED_DAYSIDE	ALL	385	11935	31	-848.07	-946.87	-747.63	-27.36	81.25	0.2705	1275.57	-0.424
E4	TREND_1800|SWING|TRAIL_1.0R	SHUFFLED_DAYSIDE	MODEL_TOP3	385	843	2.19	-45.69	-65.34	-24.16	-20.87	75	0.2705	119.04	-0.023
E4	TREND_1800|SWING|TRAIL_1.0R	GATE_TOP5	ALL	334	1491	4.464	-4.94	-83.67	81.17	-1.11	212.5	0.3421	402.22	-0.002
E4	TREND_1800|SWING|TRAIL_1.0R	GATE_TOP5	MODEL_TOP3	334	634	1.898	-2.31	-56.81	49.85	-1.21	237.5	0.3486	210.57	-0.001
E4	TREND_1800|SWING|TRAIL_1.0R	GATE_TOP5+VETO_K	ALL	271	508	1.875	-58.96	-107.48	-9.4	-31.45	218.75	0.3228	202.9	-0.029
E4	TREND_1800|SWING|TRAIL_1.0R	GATE_TOP5+VETO_K	MODEL_TOP3	271	429	1.583	-46.85	-91.99	-1.72	-29.59	218.75	0.3263	175.86	-0.023
E4	TREND_1800|SWING|TRAIL_1.0R	GATE_TOP5+DAYSIDE	ALL	284	821	2.891	23.93	-49.2	103.43	8.28	225	0.3435	280.81	0.012
E4	TREND_1800|SWING|TRAIL_1.0R	GATE_TOP5+DAYSIDE	MODEL_TOP3	284	478	1.683	24.04	-26.58	78.44	14.29	237.5	0.3619	178.25	0.012
E4	TREND_1800|SWING|TRAIL_1.0R	SHUFFLED_GATE_TOP5	ALL	385	2985	7.753	-164.81	-212.41	-116.13	-21.26	87.5	0.2894	405.4	-0.082
E4	TREND_1800|SWING|TRAIL_1.0R	SHUFFLED_GATE_TOP5	MODEL_TOP3	385	1077	2.797	-52.83	-79.39	-24.26	-18.89	75	0.2823	161.74	-0.026
E4	TREND_1800|SWING|TRAIL_1.0R	GATE_TOP10	ALL	369	2901	7.862	-53.1	-146.23	35.93	-6.75	175	0.3337	552.02	-0.027
E4	TREND_1800|SWING|TRAIL_1.0R	GATE_TOP10	MODEL_TOP3	369	776	2.103	-30.52	-75.84	13.9	-14.51	187.5	0.3312	196.09	-0.015
E4	TREND_1800|SWING|TRAIL_1.0R	GATE_TOP10+VETO_K	ALL	354	1271	3.59	-63.27	-114.8	-12.04	-17.62	175	0.3312	291.21	-0.032
E4	TREND_1800|SWING|TRAIL_1.0R	GATE_TOP10+VETO_K	MODEL_TOP3	354	731	2.065	-46.57	-86.25	-4.13	-22.55	181.25	0.3283	190.42	-0.023
E4	TREND_1800|SWING|TRAIL_1.0R	GATE_TOP10+DAYSIDE	ALL	346	1549	4.477	-9.56	-82.8	67.7	-2.14	181.25	0.3415	349.96	-0.005
E4	TREND_1800|SWING|TRAIL_1.0R	GATE_TOP10+DAYSIDE	MODEL_TOP3	346	652	1.884	11.15	-28.48	56.87	5.92	193.75	0.3742	154.39	0.006
E4	TREND_1800|SWING|TRAIL_1.0R	SHUFFLED_GATE_TOP10	ALL	385	5438	14.125	-341.55	-418.25	-259.88	-24.18	87.5	0.2757	690.16	-0.171
E4	TREND_1800|SWING|TRAIL_1.0R	SHUFFLED_GATE_TOP10	MODEL_TOP3	385	1065	2.766	-68.12	-92.41	-41.53	-24.62	75	0.2516	160.4	-0.034
E4	TREND_1800|SWING|TRAIL_1.0R	GATE_TOP30	ALL	380	8360	22	-348.03	-450.5	-238.69	-15.82	100	0.306	943.48	-0.174
E4	TREND_1800|SWING|TRAIL_1.0R	GATE_TOP30	MODEL_TOP3	380	872	2.295	-62.07	-91.73	-32.49	-27.05	106.25	0.2901	161.77	-0.031
E4	TREND_1800|SWING|TRAIL_1.0R	GATE_TOP30+VETO_K	ALL	376	4835	12.859	-248.02	-315.13	-177.25	-19.29	100	0.2984	594.16	-0.124
E4	TREND_1800|SWING|TRAIL_1.0R	GATE_TOP30+VETO_K	MODEL_TOP3	376	881	2.343	-68.95	-89.45	-48.36	-29.43	106.25	0.3019	157.27	-0.034
E4	TREND_1800|SWING|TRAIL_1.0R	GATE_TOP30+DAYSIDE	ALL	374	4406	11.781	-174.68	-259.49	-89.94	-14.83	100	0.3123	581.53	-0.087
E4	TREND_1800|SWING|TRAIL_1.0R	GATE_TOP30+DAYSIDE	MODEL_TOP3	374	816	2.182	-19.73	-48.27	8.5	-9.04	103.12	0.3321	139.53	-0.01
E4	TREND_1800|SWING|TRAIL_1.0R	SHUFFLED_GATE_TOP30	ALL	385	12061	31.327	-742.82	-864.78	-615.27	-23.71	81.25	0.2804	1273.54	-0.371
E4	TREND_1800|SWING|TRAIL_1.0R	SHUFFLED_GATE_TOP30	MODEL_TOP3	385	978	2.54	-76.63	-98.01	-53.84	-30.17	75	0.2515	152.66	-0.038
E4	TREND_3600|EXT|TRAIL_1.0R	NONE	ALL	385	4721	12.262	-310.74	-483.9	-135.75	-25.34	368.75	0.3662	1414.16	-0.155
E4	TREND_3600|EXT|TRAIL_1.0R	NONE	MODEL_TOP3	385	652	1.694	-10.74	-48.8	25.24	-6.34	325	0.4126	185.83	-0.005
E4	TREND_3600|EXT|TRAIL_1.0R	VETO_K	ALL	385	4081	10.6	-273.63	-428.48	-114.64	-25.81	381.25	0.368	1266.99	-0.137
E4	TREND_3600|EXT|TRAIL_1.0R	VETO_K	MODEL_TOP3	385	690	1.792	-6.46	-51.81	34.96	-3.61	325	0.3957	202.57	-0.003
E4	TREND_3600|EXT|TRAIL_1.0R	VETO_2K	ALL	385	3415	8.87	-220.37	-356.57	-84.25	-24.84	387.5	0.3757	1087.82	-0.11
E4	TREND_3600|EXT|TRAIL_1.0R	VETO_2K	MODEL_TOP3	385	722	1.875	-26.99	-68.15	13.86	-14.39	325	0.4169	206.54	-0.013
E4	TREND_3600|EXT|TRAIL_1.0R	DAYSIDE	ALL	385	3589	9.322	-189.91	-301.22	-76.93	-20.37	300	0.3658	977.37	-0.095
E4	TREND_3600|EXT|TRAIL_1.0R	DAYSIDE	MODEL_TOP3	385	614	1.595	70.08	18.23	120.35	43.94	362.5	0.4609	174.24	0.035
E4	TREND_3600|EXT|TRAIL_1.0R	VETO_K+DAYSIDE	ALL	385	2918	7.579	-139.54	-245.64	-31.48	-18.41	325	0.3729	840.03	-0.07
E4	TREND_3600|EXT|TRAIL_1.0R	VETO_K+DAYSIDE	MODEL_TOP3	385	646	1.678	39.14	-7.22	85.84	23.33	350	0.4381	194.69	0.02
E4	TREND_3600|EXT|TRAIL_1.0R	SHUFFLED_VETO	ALL	385	3598	9.345	-211.18	-350.74	-55.63	-22.6	412.5	0.3813	1214.19	-0.106
E4	TREND_3600|EXT|TRAIL_1.0R	SHUFFLED_VETO	MODEL_TOP3	385	770	2	-16.83	-66.67	30.67	-8.42	340.62	0.4052	255.04	-0.008
E4	TREND_3600|EXT|TRAIL_1.0R	SHUFFLED_DAYSIDE	ALL	385	3570	9.273	-293.81	-407.6	-173.42	-31.69	300	0.3577	1017.86	-0.147
E4	TREND_3600|EXT|TRAIL_1.0R	SHUFFLED_DAYSIDE	MODEL_TOP3	385	623	1.618	16.96	-27.62	64.18	10.48	337.5	0.4173	192.56	0.008
E4	TREND_3600|EXT|TRAIL_1.0R	GATE_TOP5	ALL	192	332	1.729	14.08	-155.25	176.55	8.14	803.12	0.4187	481.05	0.007
E4	TREND_3600|EXT|TRAIL_1.0R	GATE_TOP5	MODEL_TOP3	192	230	1.198	131.38	8.88	262.59	109.67	825	0.4478	272.12	0.066
E4	TREND_3600|EXT|TRAIL_1.0R	GATE_TOP5+VETO_K	ALL	132	175	1.326	-4.21	-205.43	179.86	-3.18	850	0.3943	408.47	-0.002
E4	TREND_3600|EXT|TRAIL_1.0R	GATE_TOP5+VETO_K	MODEL_TOP3	132	156	1.182	50.34	-113.51	212.7	42.6	846.88	0.4167	328.35	0.025
E4	TREND_3600|EXT|TRAIL_1.0R	GATE_TOP5+DAYSIDE	ALL	134	190	1.418	6.25	-141.51	165.9	4.41	756.25	0.3947	365.19	0.003
E4	TREND_3600|EXT|TRAIL_1.0R	GATE_TOP5+DAYSIDE	MODEL_TOP3	134	152	1.134	45.35	-99.66	188.76	39.98	768.75	0.4145	284.15	0.023
E4	TREND_3600|EXT|TRAIL_1.0R	SHUFFLED_GATE_TOP5	ALL	384	1732	4.51	-94.38	-214.33	22.55	-20.92	450	0.388	738.58	-0.047
E4	TREND_3600|EXT|TRAIL_1.0R	SHUFFLED_GATE_TOP5	MODEL_TOP3	384	894	2.328	21.51	-53.43	105.33	9.24	409.38	0.4027	352.55	0.011
E4	TREND_3600|EXT|TRAIL_1.0R	GATE_TOP10	ALL	294	764	2.599	-38.08	-168.41	102.35	-14.65	643.75	0.3861	613.77	-0.019
E4	TREND_3600|EXT|TRAIL_1.0R	GATE_TOP10	MODEL_TOP3	294	413	1.405	1.25	-79.5	84.41	0.89	650	0.3971	318.86	0.001
E4	TREND_3600|EXT|TRAIL_1.0R	GATE_TOP10+VETO_K	ALL	250	492	1.968	-55.24	-172.87	62.71	-28.07	650	0.3943	470.47	-0.028
E4	TREND_3600|EXT|TRAIL_1.0R	GATE_TOP10+VETO_K	MODEL_TOP3	250	337	1.348	1.71	-80.76	90.97	1.27	687.5	0.4421	310.06	0.001
E4	TREND_3600|EXT|TRAIL_1.0R	GATE_TOP10+DAYSIDE	ALL	246	438	1.78	-35.35	-130.96	60.84	-19.85	618.75	0.3881	411.68	-0.018
E4	TREND_3600|EXT|TRAIL_1.0R	GATE_TOP10+DAYSIDE	MODEL_TOP3	246	303	1.232	-12.13	-99.07	77.33	-9.85	650	0.3927	288.01	-0.006
E4	TREND_3600|EXT|TRAIL_1.0R	SHUFFLED_GATE_TOP10	ALL	385	2436	6.327	-142.76	-277.77	-5.04	-22.56	446.88	0.3867	957.6	-0.071
E4	TREND_3600|EXT|TRAIL_1.0R	SHUFFLED_GATE_TOP10	MODEL_TOP3	385	871	2.262	-10.14	-81.64	65.44	-4.48	400	0.3835	342.7	-0.005
E4	TREND_3600|EXT|TRAIL_1.0R	GATE_TOP30	ALL	381	2248	5.9	-129.67	-265.44	7.79	-21.98	475	0.3781	906.25	-0.065
E4	TREND_3600|EXT|TRAIL_1.0R	GATE_TOP30	MODEL_TOP3	381	614	1.612	-41.64	-93.82	10.17	-25.84	450	0.4055	253.48	-0.021
E4	TREND_3600|EXT|TRAIL_1.0R	GATE_TOP30+VETO_K	ALL	379	1821	4.805	-122.7	-228.22	-12.29	-25.54	475	0.3855	742.48	-0.061
E4	TREND_3600|EXT|TRAIL_1.0R	GATE_TOP30+VETO_K	MODEL_TOP3	379	659	1.739	-33.31	-81.93	19.38	-19.16	437.5	0.4097	263.63	-0.017
E4	TREND_3600|EXT|TRAIL_1.0R	GATE_TOP30+DAYSIDE	ALL	369	1472	3.989	-73.49	-161.34	17.06	-18.42	412.5	0.3777	583.61	-0.037
E4	TREND_3600|EXT|TRAIL_1.0R	GATE_TOP30+DAYSIDE	MODEL_TOP3	369	547	1.482	17.93	-37.16	77.26	12.09	462.5	0.4004	236.68	0.009
E4	TREND_3600|EXT|TRAIL_1.0R	SHUFFLED_GATE_TOP30	ALL	385	3530	9.169	-279.37	-428.42	-108.57	-30.47	412.5	0.3765	1241.77	-0.14
E4	TREND_3600|EXT|TRAIL_1.0R	SHUFFLED_GATE_TOP30	MODEL_TOP3	385	785	2.039	-36.17	-80.83	9.16	-17.74	350	0.4038	271.53	-0.018
E4	TREND_3600|RECLAIM|TRAIL_1.0R	NONE	ALL	385	7870	20.442	-515.08	-675.03	-354.58	-25.2	200	0.3273	1511.78	-0.258
E4	TREND_3600|RECLAIM|TRAIL_1.0R	NONE	MODEL_TOP3	385	720	1.87	-49.03	-80.49	-18.04	-26.22	187.5	0.3458	175.29	-0.025
E4	TREND_3600|RECLAIM|TRAIL_1.0R	VETO_K	ALL	385	6385	16.584	-446.38	-584.25	-306.38	-26.92	212.5	0.3233	1319.3	-0.223
E4	TREND_3600|RECLAIM|TRAIL_1.0R	VETO_K	MODEL_TOP3	385	759	1.971	-47.26	-81.27	-15.19	-23.97	193.75	0.3294	184.73	-0.024
E4	TREND_3600|RECLAIM|TRAIL_1.0R	VETO_2K	ALL	385	5024	13.049	-352.44	-470.35	-235.37	-27.01	212.5	0.3328	1056.22	-0.176
E4	TREND_3600|RECLAIM|TRAIL_1.0R	VETO_2K	MODEL_TOP3	385	776	2.016	-57.58	-91.79	-23.98	-28.57	187.5	0.3376	189.49	-0.029
E4	TREND_3600|RECLAIM|TRAIL_1.0R	DAYSIDE	ALL	385	5255	13.649	-303.04	-401.88	-202.82	-22.2	175	0.3197	991.78	-0.152
E4	TREND_3600|RECLAIM|TRAIL_1.0R	DAYSIDE	MODEL_TOP3	385	679	1.764	10.89	-28.53	50.23	6.17	225	0.3918	166.42	0.005
E4	TREND_3600|RECLAIM|TRAIL_1.0R	VETO_K+DAYSIDE	ALL	385	4014	10.426	-250.26	-345.75	-155.53	-24	187.5	0.3199	840.33	-0.125
E4	TREND_3600|RECLAIM|TRAIL_1.0R	VETO_K+DAYSIDE	MODEL_TOP3	385	712	1.849	-3.78	-39.63	33.61	-2.04	218.75	0.3848	172.17	-0.002
E4	TREND_3600|RECLAIM|TRAIL_1.0R	SHUFFLED_VETO	ALL	385	5498	14.281	-368.2	-500.56	-230.71	-25.78	225	0.3321	1244.94	-0.184
E4	TREND_3600|RECLAIM|TRAIL_1.0R	SHUFFLED_VETO	MODEL_TOP3	385	857	2.226	-45.43	-83.55	-6.2	-20.41	200	0.3302	217.84	-0.023
E4	TREND_3600|RECLAIM|TRAIL_1.0R	SHUFFLED_DAYSIDE	ALL	385	5216	13.548	-394.33	-499.82	-288.32	-29.11	168.75	0.314	1023.05	-0.197
E4	TREND_3600|RECLAIM|TRAIL_1.0R	SHUFFLED_DAYSIDE	MODEL_TOP3	385	696	1.808	-18.41	-55.96	20.28	-10.18	200	0.375	175.39	-0.009
E4	TREND_3600|RECLAIM|TRAIL_1.0R	GATE_TOP5	ALL	204	384	1.882	-47	-225.44	124.92	-24.97	675	0.3672	500.95	-0.024
E4	TREND_3600|RECLAIM|TRAIL_1.0R	GATE_TOP5	MODEL_TOP3	204	256	1.255	50.83	-64.89	170.34	40.51	675	0.4023	301.67	0.025
E4	TREND_3600|RECLAIM|TRAIL_1.0R	GATE_TOP5+VETO_K	ALL	142	191	1.345	25.01	-138.39	196.13	18.59	718.75	0.4188	371.33	0.013
E4	TREND_3600|RECLAIM|TRAIL_1.0R	GATE_TOP5+VETO_K	MODEL_TOP3	142	169	1.19	56.68	-84.81	214.71	47.63	712.5	0.432	311.17	0.028
E4	TREND_3600|RECLAIM|TRAIL_1.0R	GATE_TOP5+DAYSIDE	ALL	140	203	1.45	-44.79	-193.04	112.47	-30.89	656.25	0.3793	383.49	-0.022
E4	TREND_3600|RECLAIM|TRAIL_1.0R	GATE_TOP5+DAYSIDE	MODEL_TOP3	140	163	1.164	-43.28	-180.92	97.14	-37.17	693.75	0.3988	329.62	-0.022
E4	TREND_3600|RECLAIM|TRAIL_1.0R	SHUFFLED_GATE_TOP5	ALL	384	2091	5.445	-158.26	-261.78	-51.61	-29.06	275	0.3453	662.04	-0.079
E4	TREND_3600|RECLAIM|TRAIL_1.0R	SHUFFLED_GATE_TOP5	MODEL_TOP3	384	959	2.497	-18.54	-78.68	41.12	-7.42	250	0.3566	287.54	-0.009
E4	TREND_3600|RECLAIM|TRAIL_1.0R	GATE_TOP10	ALL	283	822	2.905	-8.23	-145.39	128.38	-2.83	543.75	0.3929	572.1	-0.004
E4	TREND_3600|RECLAIM|TRAIL_1.0R	GATE_TOP10	MODEL_TOP3	283	407	1.438	96.52	10.28	185.95	67.11	562.5	0.4275	249.56	0.048
E4	TREND_3600|RECLAIM|TRAIL_1.0R	GATE_TOP10+VETO_K	ALL	234	503	2.15	-19.46	-134.68	105.15	-9.05	543.75	0.4056	433.86	-0.01
E4	TREND_3600|RECLAIM|TRAIL_1.0R	GATE_TOP10+VETO_K	MODEL_TOP3	234	334	1.427	63.67	-30.97	165.51	44.61	562.5	0.4461	274.38	0.032
E4	TREND_3600|RECLAIM|TRAIL_1.0R	GATE_TOP10+DAYSIDE	ALL	248	455	1.835	-14.92	-105.43	78.96	-8.13	531.25	0.3978	368.21	-0.007
E4	TREND_3600|RECLAIM|TRAIL_1.0R	GATE_TOP10+DAYSIDE	MODEL_TOP3	248	314	1.266	13.93	-67.42	95.59	11	562.5	0.4108	257.01	0.007
E4	TREND_3600|RECLAIM|TRAIL_1.0R	SHUFFLED_GATE_TOP10	ALL	385	3190	8.286	-222.19	-341.93	-101.96	-26.82	262.5	0.3445	892.23	-0.111
E4	TREND_3600|RECLAIM|TRAIL_1.0R	SHUFFLED_GATE_TOP10	MODEL_TOP3	385	938	2.436	-28.77	-88.12	35.88	-11.81	237.5	0.3529	277.31	-0.014
E4	TREND_3600|RECLAIM|TRAIL_1.0R	GATE_TOP30	ALL	371	2885	7.776	-164.17	-291.78	-39.97	-21.11	318.75	0.3584	877.04	-0.082
E4	TREND_3600|RECLAIM|TRAIL_1.0R	GATE_TOP30	MODEL_TOP3	371	636	1.714	-61.17	-108.94	-12.18	-35.68	337.5	0.3443	244.45	-0.031
E4	TREND_3600|RECLAIM|TRAIL_1.0R	GATE_TOP30+VETO_K	ALL	367	2239	6.101	-140.02	-237.7	-47.15	-22.95	312.5	0.3586	693.9	-0.07
E4	TREND_3600|RECLAIM|TRAIL_1.0R	GATE_TOP30+VETO_K	MODEL_TOP3	367	663	1.807	-57.09	-110.16	-3.47	-31.6	325	0.3288	252.88	-0.029
E4	TREND_3600|RECLAIM|TRAIL_1.0R	GATE_TOP30+DAYSIDE	ALL	354	1778	5.023	-106.8	-187.65	-22.75	-21.26	275	0.3549	588.47	-0.053
E4	TREND_3600|RECLAIM|TRAIL_1.0R	GATE_TOP30+DAYSIDE	MODEL_TOP3	354	578	1.633	8.13	-49.51	64.87	4.98	359.38	0.3806	224.55	0.004
E4	TREND_3600|RECLAIM|TRAIL_1.0R	SHUFFLED_GATE_TOP30	ALL	385	5308	13.787	-390.15	-537.28	-238.37	-28.3	225	0.3348	1247.06	-0.195
E4	TREND_3600|RECLAIM|TRAIL_1.0R	SHUFFLED_GATE_TOP30	MODEL_TOP3	385	851	2.21	-47.56	-85.13	-7.09	-21.52	206.25	0.3467	218.32	-0.024
E4	TREND_3600|SWING|TRAIL_1.0R	NONE	ALL	385	18834	48.919	-1305.67	-1445.32	-1174.64	-26.69	87.5	0.2798	1906.39	-0.653
E4	TREND_3600|SWING|TRAIL_1.0R	NONE	MODEL_TOP3	385	818	2.125	-40.96	-64.3	-18.98	-19.28	90.62	0.2885	126.23	-0.02
E4	TREND_3600|SWING|TRAIL_1.0R	VETO_K	ALL	385	13591	35.301	-966.18	-1066.11	-865.83	-27.37	87.5	0.2742	1441.33	-0.483
E4	TREND_3600|SWING|TRAIL_1.0R	VETO_K	MODEL_TOP3	385	833	2.164	-33.68	-55.83	-9.99	-15.56	87.5	0.2929	125.62	-0.017
E4	TREND_3600|SWING|TRAIL_1.0R	VETO_2K	ALL	385	9188	23.865	-629.18	-707.85	-549.92	-26.36	87.5	0.2755	1011.13	-0.315
E4	TREND_3600|SWING|TRAIL_1.0R	VETO_2K	MODEL_TOP3	385	849	2.205	-45.31	-66.87	-21.67	-20.55	87.5	0.2815	127.61	-0.023
E4	TREND_3600|SWING|TRAIL_1.0R	DAYSIDE	ALL	385	9833	25.54	-633.03	-719.15	-539.55	-24.79	93.75	0.2855	1083.54	-0.317
E4	TREND_3600|SWING|TRAIL_1.0R	DAYSIDE	MODEL_TOP3	385	766	1.99	-19.8	-47.38	8.81	-9.95	100	0.3042	119.15	-0.01
E4	TREND_3600|SWING|TRAIL_1.0R	VETO_K+DAYSIDE	ALL	385	7063	18.345	-472.56	-547.88	-391.61	-25.76	87.5	0.2805	839.41	-0.236
E4	TREND_3600|SWING|TRAIL_1.0R	VETO_K+DAYSIDE	MODEL_TOP3	385	804	2.088	-34.91	-57.18	-12.1	-16.71	87.5	0.291	118.43	-0.017
E4	TREND_3600|SWING|TRAIL_1.0R	SHUFFLED_VETO	ALL	385	11057	28.719	-786.13	-892.89	-681.85	-27.37	100	0.2782	1336.06	-0.393
E4	TREND_3600|SWING|TRAIL_1.0R	SHUFFLED_VETO	MODEL_TOP3	385	927	2.408	-59.81	-85.72	-33.85	-24.84	93.75	0.2934	157.13	-0.03
E4	TREND_3600|SWING|TRAIL_1.0R	SHUFFLED_DAYSIDE	ALL	385	9791	25.431	-721.75	-812.05	-634.41	-28.38	93.75	0.2811	1135.75	-0.361
E4	TREND_3600|SWING|TRAIL_1.0R	SHUFFLED_DAYSIDE	MODEL_TOP3	385	786	2.042	-26.21	-49.07	-2.82	-12.84	87.5	0.2964	118.12	-0.013
E4	TREND_3600|SWING|TRAIL_1.0R	GATE_TOP5	ALL	270	1172	4.341	-143.65	-216.43	-68.44	-33.09	200	0.3106	454.12	-0.072
E4	TREND_3600|SWING|TRAIL_1.0R	GATE_TOP5	MODEL_TOP3	270	475	1.759	-55.95	-103.27	-9.17	-31.8	237.5	0.3179	214.41	-0.028
E4	TREND_3600|SWING|TRAIL_1.0R	GATE_TOP5+VETO_K	ALL	210	380	1.81	-60.68	-113.91	-4.8	-33.54	240.62	0.3158	216.38	-0.03
E4	TREND_3600|SWING|TRAIL_1.0R	GATE_TOP5+VETO_K	MODEL_TOP3	210	317	1.51	-28.59	-78.64	25.74	-18.94	237.5	0.3438	174.24	-0.014
E4	TREND_3600|SWING|TRAIL_1.0R	GATE_TOP5+DAYSIDE	ALL	234	689	2.944	-73.62	-140.9	-3.62	-25	200	0.3033	310.61	-0.037
E4	TREND_3600|SWING|TRAIL_1.0R	GATE_TOP5+DAYSIDE	MODEL_TOP3	234	377	1.611	-34.23	-82.34	13.32	-21.25	237.5	0.3183	183.68	-0.017
E4	TREND_3600|SWING|TRAIL_1.0R	SHUFFLED_GATE_TOP5	ALL	381	2848	7.475	-212.8	-266.5	-162.05	-28.47	100	0.2876	461.13	-0.106
E4	TREND_3600|SWING|TRAIL_1.0R	SHUFFLED_GATE_TOP5	MODEL_TOP3	381	1036	2.719	-72.01	-100.1	-43.72	-26.48	100	0.2905	188.08	-0.036
E4	TREND_3600|SWING|TRAIL_1.0R	GATE_TOP10	ALL	347	2447	7.052	-176.72	-244.66	-113.51	-25.06	156.25	0.3183	552	-0.088
E4	TREND_3600|SWING|TRAIL_1.0R	GATE_TOP10	MODEL_TOP3	347	677	1.951	-57.81	-94.22	-20.47	-29.63	175	0.2999	191.38	-0.029
E4	TREND_3600|SWING|TRAIL_1.0R	GATE_TOP10+VETO_K	ALL	323	1171	3.625	-85.31	-134.44	-36.85	-23.53	168.75	0.316	304.52	-0.043
E4	TREND_3600|SWING|TRAIL_1.0R	GATE_TOP10+VETO_K	MODEL_TOP3	323	615	1.904	-27.36	-60.17	7.66	-14.37	175	0.3415	164.98	-0.014
E4	TREND_3600|SWING|TRAIL_1.0R	GATE_TOP10+DAYSIDE	ALL	317	1418	4.473	-91.77	-155.9	-31.1	-20.51	162.5	0.311	371.59	-0.046
E4	TREND_3600|SWING|TRAIL_1.0R	GATE_TOP10+DAYSIDE	MODEL_TOP3	317	610	1.924	-32.63	-67.89	1.15	-16.96	175	0.3279	173.79	-0.016
E4	TREND_3600|SWING|TRAIL_1.0R	SHUFFLED_GATE_TOP10	ALL	385	4873	12.657	-342.64	-413.2	-273.51	-27.07	100	0.2834	719.22	-0.171
E4	TREND_3600|SWING|TRAIL_1.0R	SHUFFLED_GATE_TOP10	MODEL_TOP3	385	1032	2.681	-66.58	-98.88	-32.49	-24.84	100	0.2655	189.03	-0.033
E4	TREND_3600|SWING|TRAIL_1.0R	GATE_TOP30	ALL	376	7490	19.92	-501.65	-584.38	-423.6	-25.18	93.75	0.2864	941.71	-0.251
E4	TREND_3600|SWING|TRAIL_1.0R	GATE_TOP30	MODEL_TOP3	376	775	2.061	-38.85	-67.57	-10.47	-18.85	112.5	0.3123	151.36	-0.019
E4	TREND_3600|SWING|TRAIL_1.0R	GATE_TOP30+VETO_K	ALL	365	4835	13.247	-324.71	-388.88	-266.42	-24.51	93.75	0.2817	651.15	-0.162
E4	TREND_3600|SWING|TRAIL_1.0R	GATE_TOP30+VETO_K	MODEL_TOP3	365	770	2.11	-56.4	-81.99	-29.61	-26.74	112.5	0.2857	152.83	-0.028
E4	TREND_3600|SWING|TRAIL_1.0R	GATE_TOP30+DAYSIDE	ALL	360	3993	11.092	-238.17	-300.09	-178.33	-21.47	100	0.293	578.84	-0.119
E4	TREND_3600|SWING|TRAIL_1.0R	GATE_TOP30+DAYSIDE	MODEL_TOP3	360	707	1.964	-12.72	-40.71	14.82	-6.48	112.5	0.3168	131.63	-0.006
E4	TREND_3600|SWING|TRAIL_1.0R	SHUFFLED_GATE_TOP30	ALL	385	10204	26.504	-726.07	-814.71	-637.75	-27.4	100	0.2857	1240.15	-0.363
E4	TREND_3600|SWING|TRAIL_1.0R	SHUFFLED_GATE_TOP30	MODEL_TOP3	385	937	2.434	-48.47	-80.95	-18.46	-19.91	100	0.2967	156.68	-0.024
E5	LEG_0.75|RECLAIM|TRAIL_1.0R	NONE	ALL	269	398	1.48	-23.43	-131.71	92.77	-15.84	1468.75	0.4296	394.5	-0.012
E5	LEG_0.75|RECLAIM|TRAIL_1.0R	NONE	MODEL_TOP3	269	329	1.223	49.04	-49.79	152.31	40.1	1475	0.4498	281.8	0.025
E5	LEG_0.75|RECLAIM|TRAIL_1.0R	VETO_K	ALL	225	298	1.324	74.32	-30.55	188.25	56.12	1368.75	0.4463	274.62	0.037
E5	LEG_0.75|RECLAIM|TRAIL_1.0R	VETO_K	MODEL_TOP3	225	273	1.213	87.43	-11.89	198.49	72.06	1350	0.4542	241.96	0.044
E5	LEG_0.75|RECLAIM|TRAIL_1.0R	VETO_2K	ALL	154	185	1.201	4.79	-99.68	115.39	3.99	1312.5	0.4378	241.65	0.002
E5	LEG_0.75|RECLAIM|TRAIL_1.0R	VETO_2K	MODEL_TOP3	154	172	1.117	26.92	-75.71	135.88	24.11	1281.25	0.4535	214.21	0.013
E5	LEG_0.75|RECLAIM|TRAIL_1.0R	DAYSIDE	ALL	168	191	1.137	-9.89	-154.37	138.31	-8.7	1475	0.4555	328.5	-0.005
E5	LEG_0.75|RECLAIM|TRAIL_1.0R	DAYSIDE	MODEL_TOP3	168	179	1.065	-2.28	-141.36	143.73	-2.14	1475	0.4637	302.45	-0.001
E5	LEG_0.75|RECLAIM|TRAIL_1.0R	VETO_K+DAYSIDE	ALL	128	142	1.109	109.64	-44.94	288.82	98.83	1362.5	0.4859	244.7	0.055
E5	LEG_0.75|RECLAIM|TRAIL_1.0R	VETO_K+DAYSIDE	MODEL_TOP3	128	137	1.07	93.62	-59.96	268.36	87.47	1350	0.4818	242.86	0.047
E5	LEG_0.75|RECLAIM|TRAIL_1.0R	SHUFFLED_VETO	ALL	231	319	1.381	-28.36	-146.65	87.49	-20.54	1450	0.442	390.74	-0.014
E5	LEG_0.75|RECLAIM|TRAIL_1.0R	SHUFFLED_VETO	MODEL_TOP3	231	302	1.307	6.83	-106.4	119.48	5.22	1443.75	0.4536	342.35	0.003
E5	LEG_0.75|RECLAIM|TRAIL_1.0R	SHUFFLED_DAYSIDE	ALL	161	185	1.149	32.18	-107.36	171.16	28.01	1450	0.4541	291.11	0.016
E5	LEG_0.75|RECLAIM|TRAIL_1.0R	SHUFFLED_DAYSIDE	MODEL_TOP3	161	175	1.087	43.59	-80.27	180.4	40.11	1450	0.4629	266.58	0.022
E5	LEG_0.75|EXT|TRAIL_1.0R	NONE	ALL	269	384	1.428	-28.33	-132.91	80.1	-19.84	1575	0.4375	381.78	-0.014
E5	LEG_0.75|EXT|TRAIL_1.0R	NONE	MODEL_TOP3	269	321	1.193	52.35	-46.8	155.04	43.87	1587.5	0.4548	273.12	0.026
E5	LEG_0.75|EXT|TRAIL_1.0R	VETO_K	ALL	225	293	1.302	79.04	-23.14	193.32	60.7	1525	0.4539	267.87	0.04
E5	LEG_0.75|EXT|TRAIL_1.0R	VETO_K	MODEL_TOP3	225	269	1.196	99.05	3.23	208.65	82.85	1525	0.4647	229.98	0.05
E5	LEG_0.75|EXT|TRAIL_1.0R	VETO_2K	ALL	154	183	1.188	19.22	-78.42	127.89	16.17	1475	0.4481	229.98	0.01
E5	LEG_0.75|EXT|TRAIL_1.0R	VETO_2K	MODEL_TOP3	154	171	1.11	42.05	-58.62	149.53	37.87	1450	0.462	201.85	0.021
E5	LEG_0.75|EXT|TRAIL_1.0R	DAYSIDE	ALL	168	191	1.137	-28.3	-176.07	123.13	-24.9	1600	0.4607	347.04	-0.014
E5	LEG_0.75|EXT|TRAIL_1.0R	DAYSIDE	MODEL_TOP3	168	178	1.06	-16.57	-157.57	129.82	-15.64	1600	0.4719	316.86	-0.008
E5	LEG_0.75|EXT|TRAIL_1.0R	VETO_K+DAYSIDE	ALL	128	142	1.109	116.23	-37.1	291.31	104.77	1525	0.493	238.26	0.058
E5	LEG_0.75|EXT|TRAIL_1.0R	VETO_K+DAYSIDE	MODEL_TOP3	128	137	1.07	107.39	-43.23	281.51	100.34	1525	0.4964	230.33	0.054
E5	LEG_0.75|EXT|TRAIL_1.0R	SHUFFLED_VETO	ALL	231	307	1.329	-38.11	-153.15	77.22	-28.68	1600	0.4495	384.08	-0.019
E5	LEG_0.75|EXT|TRAIL_1.0R	SHUFFLED_VETO	MODEL_TOP3	231	290	1.255	1.57	-104.37	114.2	1.25	1600	0.4586	332.59	0.001
E5	LEG_0.75|EXT|TRAIL_1.0R	SHUFFLED_DAYSIDE	ALL	161	185	1.149	13.43	-125.8	156.83	11.69	1575	0.4595	312.93	0.007
E5	LEG_0.75|EXT|TRAIL_1.0R	SHUFFLED_DAYSIDE	MODEL_TOP3	161	174	1.081	28.29	-99.67	166.1	26.18	1581.25	0.4713	284.96	0.014
E5	LEG_0.75|RECLAIM|TRAIL_1.5R	NONE	ALL	269	370	1.375	-1.84	-108.16	112.24	-1.33	1450	0.4432	357.6	-0.001
E5	LEG_0.75|RECLAIM|TRAIL_1.5R	NONE	MODEL_TOP3	269	319	1.186	86.36	-11.27	195.04	72.82	1475	0.4671	253.14	0.043
E5	LEG_0.75|RECLAIM|TRAIL_1.5R	VETO_K	ALL	225	291	1.293	76.48	-26.26	189.57	59.13	1375	0.4639	272.69	0.038
E5	LEG_0.75|RECLAIM|TRAIL_1.5R	VETO_K	MODEL_TOP3	225	267	1.187	102.65	3.36	213.8	86.5	1375	0.4757	229.36	0.051
E5	LEG_0.75|RECLAIM|TRAIL_1.5R	VETO_2K	ALL	154	183	1.188	25.27	-74.52	137.28	21.26	1312.5	0.459	226.47	0.013
E5	LEG_0.75|RECLAIM|TRAIL_1.5R	VETO_2K	MODEL_TOP3	154	171	1.11	48.34	-53.83	155.56	43.54	1287.5	0.4737	197.69	0.024
E5	LEG_0.75|RECLAIM|TRAIL_1.5R	DAYSIDE	ALL	168	189	1.125	-2.09	-151.39	142.72	-1.86	1475	0.4709	328.83	-0.001
E5	LEG_0.75|RECLAIM|TRAIL_1.5R	DAYSIDE	MODEL_TOP3	168	179	1.065	5.76	-142.25	151.63	5.41	1475	0.4804	307.05	0.003
E5	LEG_0.75|RECLAIM|TRAIL_1.5R	VETO_K+DAYSIDE	ALL	128	142	1.109	113.79	-38.38	292.42	102.57	1362.5	0.5	241.05	0.057
E5	LEG_0.75|RECLAIM|TRAIL_1.5R	VETO_K+DAYSIDE	MODEL_TOP3	128	137	1.07	104.95	-49.5	280.03	98.06	1350	0.5036	233.12	0.052
E5	LEG_0.75|RECLAIM|TRAIL_1.5R	SHUFFLED_VETO	ALL	231	296	1.281	-15.06	-128.59	101.22	-11.76	1437.5	0.4628	362.4	-0.008
E5	LEG_0.75|RECLAIM|TRAIL_1.5R	SHUFFLED_VETO	MODEL_TOP3	231	281	1.216	38.15	-67.14	149.18	31.37	1437.5	0.4769	305.13	0.019
E5	LEG_0.75|RECLAIM|TRAIL_1.5R	SHUFFLED_DAYSIDE	ALL	161	182	1.13	57.16	-83.1	199.11	50.56	1450	0.4725	289.13	0.029
E5	LEG_0.75|RECLAIM|TRAIL_1.5R	SHUFFLED_DAYSIDE	MODEL_TOP3	161	174	1.081	67.03	-67.5	209.25	62.03	1443.75	0.4885	268.87	0.034
E5	LEG_0.75|RECLAIM|PHASE	NONE	ALL	269	369	1.372	-9.55	-113.99	105.4	-6.96	1450	0.4417	362.85	-0.005
E5	LEG_0.75|RECLAIM|PHASE	NONE	MODEL_TOP3	269	319	1.186	82.5	-16.09	191.79	69.57	1475	0.4671	256.99	0.041
E5	LEG_0.75|RECLAIM|PHASE	VETO_K	ALL	225	291	1.293	76.51	-25.22	189.66	59.15	1375	0.4639	272.66	0.038
E5	LEG_0.75|RECLAIM|PHASE	VETO_K	MODEL_TOP3	225	267	1.187	101.23	1.16	212.38	85.31	1375	0.4757	230.78	0.051
E5	LEG_0.75|RECLAIM|PHASE	VETO_2K	ALL	154	183	1.188	23.2	-76.64	136.03	19.52	1312.5	0.459	228.54	0.012
E5	LEG_0.75|RECLAIM|PHASE	VETO_2K	MODEL_TOP3	154	171	1.11	46.27	-57.71	154.27	41.67	1287.5	0.4737	199.76	0.023
E5	LEG_0.75|RECLAIM|PHASE	DAYSIDE	ALL	168	189	1.125	-7.78	-155.67	137.17	-6.92	1475	0.4709	334.52	-0.004
E5	LEG_0.75|RECLAIM|PHASE	DAYSIDE	MODEL_TOP3	168	179	1.065	0.07	-148.92	146.48	0.06	1475	0.4804	312.74	0
E5	LEG_0.75|RECLAIM|PHASE	VETO_K+DAYSIDE	ALL	128	142	1.109	111.3	-41.32	290.19	100.33	1362.5	0.5	243.54	0.056
E5	LEG_0.75|RECLAIM|PHASE	VETO_K+DAYSIDE	MODEL_TOP3	128	137	1.07	102.46	-54.53	275.87	95.73	1350	0.5036	235.62	0.051
E5	LEG_0.75|RECLAIM|PHASE	SHUFFLED_VETO	ALL	231	296	1.281	-19.37	-130.11	95.36	-15.11	1431.25	0.4628	364.53	-0.01
E5	LEG_0.75|RECLAIM|PHASE	SHUFFLED_VETO	MODEL_TOP3	231	281	1.216	38.18	-67.04	148.22	31.39	1437.5	0.4769	305.1	0.019
E5	LEG_0.75|RECLAIM|PHASE	SHUFFLED_DAYSIDE	ALL	161	182	1.13	51.06	-91.11	195.94	45.17	1450	0.4725	295.23	0.026
E5	LEG_0.75|RECLAIM|PHASE	SHUFFLED_DAYSIDE	MODEL_TOP3	161	174	1.081	60.94	-73.97	204.02	56.39	1443.75	0.4885	274.97	0.03
E5	LEG_0.75|EXT|PHASE	NONE	ALL	269	366	1.361	-27.62	-137.28	87.69	-20.3	1550	0.4426	371.83	-0.014
E5	LEG_0.75|EXT|PHASE	NONE	MODEL_TOP3	269	318	1.182	69.34	-34.22	179.24	58.66	1581.25	0.4654	265.99	0.035
E5	LEG_0.75|EXT|PHASE	VETO_K	ALL	225	290	1.289	74.28	-28.53	187.61	57.63	1525	0.4621	271.58	0.037
E5	LEG_0.75|EXT|PHASE	VETO_K	MODEL_TOP3	225	267	1.187	102.65	0.96	214.06	86.5	1525	0.4757	229.36	0.051
E5	LEG_0.75|EXT|PHASE	VETO_2K	ALL	154	182	1.182	18.6	-82.99	132.02	15.74	1462.5	0.456	228.3	0.009
E5	LEG_0.75|EXT|PHASE	VETO_2K	MODEL_TOP3	154	171	1.11	47.98	-56.26	157.7	43.21	1450	0.4737	198.05	0.024
E5	LEG_0.75|EXT|PHASE	DAYSIDE	ALL	168	189	1.125	-23.37	-176.19	122.59	-20.77	1600	0.4709	350.11	-0.012
E5	LEG_0.75|EXT|PHASE	DAYSIDE	MODEL_TOP3	168	178	1.06	-11.99	-162.68	135.61	-11.32	1600	0.4831	324.8	-0.006
E5	LEG_0.75|EXT|PHASE	VETO_K+DAYSIDE	ALL	128	142	1.109	107	-47.58	287.36	96.45	1525	0.5	247.84	0.054
E5	LEG_0.75|EXT|PHASE	VETO_K+DAYSIDE	MODEL_TOP3	128	137	1.07	98.16	-61.63	275.32	91.72	1525	0.5036	239.91	0.049
E5	LEG_0.75|EXT|PHASE	SHUFFLED_VETO	ALL	231	294	1.273	-20.68	-130.54	94.93	-16.25	1587.5	0.466	364.98	-0.01
E5	LEG_0.75|EXT|PHASE	SHUFFLED_VETO	MODEL_TOP3	231	279	1.208	39.79	-64.29	153.33	32.95	1600	0.4803	303.49	0.02
E5	LEG_0.75|EXT|PHASE	SHUFFLED_DAYSIDE	ALL	161	182	1.13	34.8	-110.1	182.77	30.78	1575	0.4725	311.49	0.017
E5	LEG_0.75|EXT|PHASE	SHUFFLED_DAYSIDE	MODEL_TOP3	161	173	1.075	48.2	-86.42	193.05	44.86	1575	0.4913	287.71	0.024
E5	LEG_0.75|EXT|TRAIL_1.5R	NONE	ALL	269	367	1.364	-19.95	-129.75	94.36	-14.62	1550	0.4441	366.79	-0.01
E5	LEG_0.75|EXT|TRAIL_1.5R	NONE	MODEL_TOP3	269	318	1.182	72.04	-31.08	180.1	60.94	1581.25	0.4654	263.29	0.036
E5	LEG_0.75|EXT|TRAIL_1.5R	VETO_K	ALL	225	290	1.289	75.47	-28.35	187.65	58.56	1525	0.4621	270.38	0.038
E5	LEG_0.75|EXT|TRAIL_1.5R	VETO_K	MODEL_TOP3	225	267	1.187	103.84	3.02	214.22	87.51	1525	0.4757	228.17	0.052
E5	LEG_0.75|EXT|TRAIL_1.5R	VETO_2K	ALL	154	182	1.182	20.35	-80.19	132.02	17.22	1462.5	0.456	226.55	0.01
E5	LEG_0.75|EXT|TRAIL_1.5R	VETO_2K	MODEL_TOP3	154	171	1.11	49.72	-53.75	159.01	44.78	1450	0.4737	196.31	0.025
E5	LEG_0.75|EXT|TRAIL_1.5R	DAYSIDE	ALL	168	189	1.125	-19.06	-172.55	126.55	-16.94	1600	0.4709	345.8	-0.01
E5	LEG_0.75|EXT|TRAIL_1.5R	DAYSIDE	MODEL_TOP3	168	178	1.06	-7.68	-156.79	139.69	-7.25	1600	0.4831	320.48	-0.004
E5	LEG_0.75|EXT|TRAIL_1.5R	VETO_K+DAYSIDE	ALL	128	142	1.109	109.1	-45.77	289.6	98.35	1525	0.5	245.74	0.055
E5	LEG_0.75|EXT|TRAIL_1.5R	VETO_K+DAYSIDE	MODEL_TOP3	128	137	1.07	100.26	-58.22	276.83	93.68	1525	0.5036	237.81	0.05
E5	LEG_0.75|EXT|TRAIL_1.5R	SHUFFLED_VETO	ALL	231	294	1.273	-16.02	-126.66	99.2	-12.59	1587.5	0.466	361.95	-0.008
E5	LEG_0.75|EXT|TRAIL_1.5R	SHUFFLED_VETO	MODEL_TOP3	231	279	1.208	40.96	-63.14	153.63	33.91	1600	0.4803	302.33	0.02
E5	LEG_0.75|EXT|TRAIL_1.5R	SHUFFLED_DAYSIDE	ALL	161	182	1.13	40.04	-103.8	185.51	35.42	1575	0.4725	306.25	0.02
E5	LEG_0.75|EXT|TRAIL_1.5R	SHUFFLED_DAYSIDE	MODEL_TOP3	161	173	1.075	53.44	-83.24	197.63	49.73	1575	0.4913	282.47	0.027
E5	LEG_0.5|RECLAIM|TRAIL_1.5R	NONE	ALL	375	809	2.157	10.06	-100.31	126.18	4.66	950	0.4611	528.35	0.005
E5	LEG_0.5|RECLAIM|TRAIL_1.5R	NONE	MODEL_TOP3	375	523	1.395	124.23	27.7	224.01	89.07	962.5	0.5048	285.18	0.062
E5	LEG_0.5|RECLAIM|TRAIL_1.5R	VETO_K	ALL	361	690	1.911	37.46	-60.8	142.48	19.6	900	0.458	424.87	0.019
E5	LEG_0.5|RECLAIM|TRAIL_1.5R	VETO_K	MODEL_TOP3	361	497	1.377	126.17	37.58	215.08	91.64	912.5	0.5111	263.16	0.063
E5	LEG_0.5|RECLAIM|TRAIL_1.5R	VETO_2K	ALL	300	486	1.62	0.64	-82.77	90.86	0.39	862.5	0.4712	333.63	0
E5	LEG_0.5|RECLAIM|TRAIL_1.5R	VETO_2K	MODEL_TOP3	300	392	1.307	46.87	-30.09	127.31	35.87	862.5	0.4872	252.56	0.023
E5	LEG_0.5|RECLAIM|TRAIL_1.5R	DAYSIDE	ALL	311	449	1.444	6.42	-102.87	121.87	4.44	975	0.4677	372.39	0.003
E5	LEG_0.5|RECLAIM|TRAIL_1.5R	DAYSIDE	MODEL_TOP3	311	376	1.209	26.16	-79.05	138.76	21.64	962.5	0.4894	305.6	0.013
E5	LEG_0.5|RECLAIM|TRAIL_1.5R	VETO_K+DAYSIDE	ALL	269	356	1.323	58.6	-42.46	170.94	44.28	912.5	0.4719	292.38	0.029
E5	LEG_0.5|RECLAIM|TRAIL_1.5R	VETO_K+DAYSIDE	MODEL_TOP3	269	315	1.171	48.71	-49.15	159.66	41.6	912.5	0.4762	256.46	0.024
E5	LEG_0.5|RECLAIM|TRAIL_1.5R	SHUFFLED_VETO	ALL	352	677	1.923	-19.5	-127.23	94.28	-10.14	925	0.4343	500.43	-0.01
E5	LEG_0.5|RECLAIM|TRAIL_1.5R	SHUFFLED_VETO	MODEL_TOP3	352	532	1.511	140.68	38.34	243.69	93.08	912.5	0.4925	311.97	0.07
E5	LEG_0.5|RECLAIM|TRAIL_1.5R	SHUFFLED_DAYSIDE	ALL	307	449	1.463	12.32	-90.28	123.38	8.43	962.5	0.4677	364.3	0.006
E5	LEG_0.5|RECLAIM|TRAIL_1.5R	SHUFFLED_DAYSIDE	MODEL_TOP3	307	379	1.235	40.82	-55.26	144.06	33.07	950	0.4881	297.56	0.02
E5	LEG_0.5|EXT|TRAIL_1.5R	NONE	ALL	375	783	2.088	-19.32	-135.21	103.65	-9.25	1075	0.4713	549.5	-0.01
E5	LEG_0.5|EXT|TRAIL_1.5R	NONE	MODEL_TOP3	375	511	1.363	95.58	3.11	200.01	70.14	1075	0.5088	295.44	0.048
E5	LEG_0.5|EXT|TRAIL_1.5R	VETO_K	ALL	361	668	1.85	46.84	-51.32	157.59	25.31	1037.5	0.4716	420.72	0.023
E5	LEG_0.5|EXT|TRAIL_1.5R	VETO_K	MODEL_TOP3	361	489	1.355	128.84	43.09	218.08	95.12	1062.5	0.5112	263.4	0.064
E5	LEG_0.5|EXT|TRAIL_1.5R	VETO_2K	ALL	300	475	1.583	8.88	-77.85	99.23	5.61	1012.5	0.4821	334.12	0.004
E5	LEG_0.5|EXT|TRAIL_1.5R	VETO_2K	MODEL_TOP3	300	386	1.287	54.38	-24.44	136.46	42.26	1012.5	0.4896	251.16	0.027
E5	LEG_0.5|EXT|TRAIL_1.5R	DAYSIDE	ALL	311	447	1.437	-27.07	-141.48	89.52	-18.84	1087.5	0.4676	405.06	-0.014
E5	LEG_0.5|EXT|TRAIL_1.5R	DAYSIDE	MODEL_TOP3	311	375	1.206	9.76	-98.49	122.56	8.09	1087.5	0.4907	321.57	0.005
E5	LEG_0.5|EXT|TRAIL_1.5R	VETO_K+DAYSIDE	ALL	269	354	1.316	62.23	-41.64	179.29	47.29	1075	0.4802	294.79	0.031
E5	LEG_0.5|EXT|TRAIL_1.5R	VETO_K+DAYSIDE	MODEL_TOP3	269	315	1.171	47.57	-51.58	161.09	40.62	1075	0.4794	263.14	0.024
E5	LEG_0.5|EXT|TRAIL_1.5R	SHUFFLED_VETO	ALL	352	648	1.841	-52.53	-165.13	63.77	-28.53	1075	0.4383	505.87	-0.026
E5	LEG_0.5|EXT|TRAIL_1.5R	SHUFFLED_VETO	MODEL_TOP3	352	519	1.474	107.12	10.05	210.15	72.65	1062.5	0.4933	327.31	0.054
E5	LEG_0.5|EXT|TRAIL_1.5R	SHUFFLED_DAYSIDE	ALL	307	446	1.453	-14.39	-119.21	99.35	-9.9	1075	0.4664	391.91	-0.007
E5	LEG_0.5|EXT|TRAIL_1.5R	SHUFFLED_DAYSIDE	MODEL_TOP3	307	375	1.221	27.52	-71.29	133.18	22.53	1075	0.4907	312.39	0.014
E5	LEG_0.5|RECLAIM|PHASE	NONE	ALL	375	783	2.088	14.14	-94.46	126.96	6.77	950	0.4674	524.32	0.007
E5	LEG_0.5|RECLAIM|PHASE	NONE	MODEL_TOP3	375	521	1.389	136.52	39.08	242.83	98.26	962.5	0.5086	289.55	0.068
E5	LEG_0.5|RECLAIM|PHASE	VETO_K	ALL	361	682	1.889	50.72	-44.65	157.34	26.85	900	0.4677	427.12	0.025
E5	LEG_0.5|RECLAIM|PHASE	VETO_K	MODEL_TOP3	361	496	1.374	132.55	46.02	219.33	96.47	912.5	0.5161	269.36	0.066
E5	LEG_0.5|RECLAIM|PHASE	VETO_2K	ALL	300	483	1.61	9.18	-76.73	98.06	5.7	862.5	0.4803	337.07	0.005
E5	LEG_0.5|RECLAIM|PHASE	VETO_2K	MODEL_TOP3	300	391	1.303	53.94	-25.36	134.77	41.39	862.5	0.4936	255.34	0.027
E5	LEG_0.5|RECLAIM|PHASE	DAYSIDE	ALL	311	445	1.431	2.27	-110.79	114.43	1.59	975	0.4697	382.21	0.001
E5	LEG_0.5|RECLAIM|PHASE	DAYSIDE	MODEL_TOP3	311	376	1.209	21.63	-86.11	131.61	17.89	962.5	0.4894	318.08	0.011
E5	LEG_0.5|RECLAIM|PHASE	VETO_K+DAYSIDE	ALL	269	355	1.32	65.26	-35.05	178.64	49.45	912.5	0.4873	295.48	0.033
E5	LEG_0.5|RECLAIM|PHASE	VETO_K+DAYSIDE	MODEL_TOP3	269	315	1.171	50.42	-50.84	162.31	43.06	912.5	0.4857	261.63	0.025
E5	LEG_0.5|RECLAIM|PHASE	SHUFFLED_VETO	ALL	352	659	1.872	-7.67	-118.03	107.91	-4.1	925	0.4401	494.31	-0.004
E5	LEG_0.5|RECLAIM|PHASE	SHUFFLED_VETO	MODEL_TOP3	352	529	1.503	150.74	47.73	257.4	100.3	912.5	0.4991	319.01	0.075
E5	LEG_0.5|RECLAIM|PHASE	SHUFFLED_DAYSIDE	ALL	307	443	1.443	15.89	-85.65	127.95	11.01	962.5	0.4673	373.63	0.008
E5	LEG_0.5|RECLAIM|PHASE	SHUFFLED_DAYSIDE	MODEL_TOP3	307	377	1.228	45.16	-52.94	153	36.78	950	0.4881	309.35	0.023
E5	LEG_0.5|RECLAIM|TRAIL_1.0R	NONE	ALL	375	954	2.544	-35.75	-158.65	90.69	-14.05	962.5	0.4392	601.24	-0.018
E5	LEG_0.5|RECLAIM|TRAIL_1.0R	NONE	MODEL_TOP3	375	557	1.485	69.62	-26.95	173.13	46.87	962.5	0.4776	317.02	0.035
E5	LEG_0.5|RECLAIM|TRAIL_1.0R	VETO_K	ALL	361	754	2.089	32.93	-67.61	140.16	15.76	900	0.4589	434.15	0.016
E5	LEG_0.5|RECLAIM|TRAIL_1.0R	VETO_K	MODEL_TOP3	361	519	1.438	104.5	18.97	197.49	72.69	912.5	0.499	269.41	0.052
E5	LEG_0.5|RECLAIM|TRAIL_1.0R	VETO_2K	ALL	300	522	1.74	-10.49	-90.14	78.1	-6.03	862.5	0.4617	342.11	-0.005
E5	LEG_0.5|RECLAIM|TRAIL_1.0R	VETO_2K	MODEL_TOP3	300	409	1.363	24	-51.09	105.9	17.6	862.5	0.4694	258.93	0.012
E5	LEG_0.5|RECLAIM|TRAIL_1.0R	DAYSIDE	ALL	311	474	1.524	-20.76	-124.69	92.67	-13.62	968.75	0.4304	376.88	-0.01
E5	LEG_0.5|RECLAIM|TRAIL_1.0R	DAYSIDE	MODEL_TOP3	311	383	1.232	15.02	-86.79	127.35	12.2	962.5	0.4569	293.47	0.008
E5	LEG_0.5|RECLAIM|TRAIL_1.0R	VETO_K+DAYSIDE	ALL	269	360	1.338	48.49	-53.34	162.25	36.23	912.5	0.4556	283.83	0.024
E5	LEG_0.5|RECLAIM|TRAIL_1.0R	VETO_K+DAYSIDE	MODEL_TOP3	269	316	1.175	51.21	-49.71	162.01	43.6	912.5	0.462	244.05	0.026
E5	LEG_0.5|RECLAIM|TRAIL_1.0R	SHUFFLED_VETO	ALL	352	776	2.205	-37.9	-157.94	85.19	-17.19	925	0.4265	525.52	-0.019
E5	LEG_0.5|RECLAIM|TRAIL_1.0R	SHUFFLED_VETO	MODEL_TOP3	352	584	1.659	79.72	-18.34	184.48	48.05	912.5	0.4675	348.39	0.04
E5	LEG_0.5|RECLAIM|TRAIL_1.0R	SHUFFLED_DAYSIDE	ALL	307	468	1.524	-3.92	-99.59	103.9	-2.57	962.5	0.4402	358.73	-0.002
E5	LEG_0.5|RECLAIM|TRAIL_1.0R	SHUFFLED_DAYSIDE	MODEL_TOP3	307	381	1.241	31.36	-59.14	130.45	25.27	962.5	0.4672	280.77	0.016
E5	LEG_0.5|EXT|PHASE	NONE	ALL	375	768	2.048	-22.96	-128.57	93.18	-11.21	1062.5	0.4714	545.42	-0.011
E5	LEG_0.5|EXT|PHASE	NONE	MODEL_TOP3	375	511	1.363	104.89	7.61	214.88	76.97	1075	0.5108	298.3	0.052
E5	LEG_0.5|EXT|PHASE	VETO_K	ALL	361	665	1.842	54.81	-43.25	167.7	29.76	1037.5	0.4782	420.79	0.027
E5	LEG_0.5|EXT|PHASE	VETO_K	MODEL_TOP3	361	489	1.355	135.47	49.99	224.41	100.01	1062.5	0.5174	264.35	0.068
E5	LEG_0.5|EXT|PHASE	VETO_2K	ALL	300	474	1.58	11.83	-73.86	102.3	7.49	1012.5	0.4895	336.95	0.006
E5	LEG_0.5|EXT|PHASE	VETO_2K	MODEL_TOP3	300	386	1.287	55.44	-24.44	137.6	43.09	1012.5	0.4974	253.69	0.028
E5	LEG_0.5|EXT|PHASE	DAYSIDE	ALL	311	443	1.424	-26.6	-145.09	93.52	-18.67	1087.5	0.4718	410.88	-0.013
E5	LEG_0.5|EXT|PHASE	DAYSIDE	MODEL_TOP3	311	375	1.206	5	-103.35	119.75	4.15	1087.5	0.4907	334.7	0.003
E5	LEG_0.5|EXT|PHASE	VETO_K+DAYSIDE	ALL	269	354	1.316	58.52	-46.44	175.42	44.47	1075	0.4887	301.99	0.029
E5	LEG_0.5|EXT|PHASE	VETO_K+DAYSIDE	MODEL_TOP3	269	315	1.171	40.82	-62.18	154.02	34.86	1075	0.4857	271.23	0.02
E5	LEG_0.5|EXT|PHASE	SHUFFLED_VETO	ALL	352	638	1.812	-56.04	-167.49	58.5	-30.92	1062.5	0.4389	507	-0.028
E5	LEG_0.5|EXT|PHASE	SHUFFLED_VETO	MODEL_TOP3	352	518	1.472	121.16	19.58	225.68	82.33	1062.5	0.5019	328.02	0.061
E5	LEG_0.5|EXT|PHASE	SHUFFLED_DAYSIDE	ALL	307	440	1.433	-3.48	-110.49	112.79	-2.43	1075	0.4705	393.05	-0.002
E5	LEG_0.5|EXT|PHASE	SHUFFLED_DAYSIDE	MODEL_TOP3	307	374	1.218	34.73	-67.87	150.81	28.51	1075	0.492	319.83	0.017
E5	TREND_1800|EXT|TRAIL_1.5R	NONE	ALL	387	3675	9.496	-313.69	-498.74	-130.76	-33.03	325	0.3546	1377.98	-0.157
E5	TREND_1800|EXT|TRAIL_1.5R	NONE	MODEL_TOP3	387	635	1.641	6.15	-47.26	57.18	3.75	275	0.4079	210.37	0.003
E5	TREND_1800|EXT|TRAIL_1.5R	VETO_K	ALL	387	3316	8.568	-239.68	-395.92	-80.9	-27.97	337.5	0.37	1223.29	-0.12
E5	TREND_1800|EXT|TRAIL_1.5R	VETO_K	MODEL_TOP3	387	672	1.736	-8.01	-65.16	50.31	-4.61	262.5	0.3914	221.73	-0.004
E5	TREND_1800|EXT|TRAIL_1.5R	VETO_2K	ALL	387	2930	7.571	-135.05	-276.87	-2.57	-17.84	325	0.3826	995.35	-0.068
E5	TREND_1800|EXT|TRAIL_1.5R	VETO_2K	MODEL_TOP3	387	708	1.829	-17.43	-66.93	29.71	-9.53	262.5	0.387	219.48	-0.009
E5	TREND_1800|EXT|TRAIL_1.5R	DAYSIDE	ALL	387	3409	8.809	-282.33	-415.96	-150.45	-32.05	250	0.3382	1100.05	-0.141
E5	TREND_1800|EXT|TRAIL_1.5R	DAYSIDE	MODEL_TOP3	387	645	1.667	74.14	11.25	134.21	44.48	275	0.4326	210.38	0.037
E5	TREND_1800|EXT|TRAIL_1.5R	VETO_K+DAYSIDE	ALL	387	2778	7.178	-220.62	-338.92	-92.37	-30.73	271.88	0.3517	942.52	-0.11
E5	TREND_1800|EXT|TRAIL_1.5R	VETO_K+DAYSIDE	MODEL_TOP3	387	690	1.783	65.03	-0.26	128.91	36.47	262.5	0.4188	214.65	0.033
E5	TREND_1800|EXT|TRAIL_1.5R	SHUFFLED_VETO	ALL	387	3172	8.196	-332.68	-501.98	-168.22	-40.59	350	0.3591	1298.3	-0.166
E5	TREND_1800|EXT|TRAIL_1.5R	SHUFFLED_VETO	MODEL_TOP3	387	753	1.946	-62.89	-120.41	-5.07	-32.32	287.5	0.3612	299.01	-0.031
E5	TREND_1800|EXT|TRAIL_1.5R	SHUFFLED_DAYSIDE	ALL	387	3424	8.848	-251.4	-388.93	-118.59	-28.41	250	0.3435	1075.69	-0.126
E5	TREND_1800|EXT|TRAIL_1.5R	SHUFFLED_DAYSIDE	MODEL_TOP3	387	611	1.579	47.02	-10.3	106.15	29.78	275	0.4223	210.23	0.024
E5	TREND_900|EXT|TRAIL_1.0R	NONE	ALL	387	6381	16.488	-443.05	-616.37	-278.05	-26.87	287.5	0.352	1542.12	-0.222
E5	TREND_900|EXT|TRAIL_1.0R	NONE	MODEL_TOP3	387	708	1.829	-25.94	-59.87	13.29	-14.18	250	0.387	189.95	-0.013
E5	TREND_900|EXT|TRAIL_1.0R	VETO_K	ALL	387	5400	13.953	-306.41	-450.85	-165.39	-21.96	293.75	0.3609	1282.68	-0.153
E5	TREND_900|EXT|TRAIL_1.0R	VETO_K	MODEL_TOP3	387	744	1.922	-42.82	-76.07	-9.19	-22.27	250	0.3723	197.13	-0.021
E5	TREND_900|EXT|TRAIL_1.0R	VETO_2K	ALL	387	4387	11.336	-249.75	-365.65	-135.39	-22.03	275	0.367	1030.73	-0.125
E5	TREND_900|EXT|TRAIL_1.0R	VETO_2K	MODEL_TOP3	387	789	2.039	-59.58	-98.65	-21.64	-29.22	250	0.3625	215.08	-0.03
E5	TREND_900|EXT|TRAIL_1.0R	DAYSIDE	ALL	387	5409	13.977	-373.32	-495.5	-245.99	-26.71	237.5	0.3429	1177.12	-0.187
E5	TREND_900|EXT|TRAIL_1.0R	DAYSIDE	MODEL_TOP3	387	716	1.85	44.09	-1.85	94.99	23.83	250	0.3925	184.16	0.022
E5	TREND_900|EXT|TRAIL_1.0R	VETO_K+DAYSIDE	ALL	387	4212	10.884	-314.64	-420.92	-206.79	-28.91	250	0.3471	993.68	-0.157
E5	TREND_900|EXT|TRAIL_1.0R	VETO_K+DAYSIDE	MODEL_TOP3	387	757	1.956	13.33	-31.65	59.82	6.81	237.5	0.3818	191.19	0.007
E5	TREND_900|EXT|TRAIL_1.0R	SHUFFLED_VETO	ALL	387	5083	13.134	-419.18	-583.89	-264.3	-31.91	306.25	0.3435	1380.9	-0.21
E5	TREND_900|EXT|TRAIL_1.0R	SHUFFLED_VETO	MODEL_TOP3	387	845	2.183	-62.42	-102.38	-19.75	-28.59	262.5	0.3515	248.96	-0.031
E5	TREND_900|EXT|TRAIL_1.0R	SHUFFLED_DAYSIDE	ALL	387	5385	13.915	-375.13	-498.66	-247.18	-26.96	237.5	0.3387	1166.95	-0.188
E5	TREND_900|EXT|TRAIL_1.0R	SHUFFLED_DAYSIDE	MODEL_TOP3	387	682	1.762	18.89	-24.6	63.11	10.72	262.5	0.3798	182.42	0.009
E5	TREND_900|EXT|TRAIL_1.0R	GATE_TOP5	ALL	225	526	2.338	-77.61	-229.63	80.82	-33.2	712.5	0.3669	601.66	-0.039
E5	TREND_900|EXT|TRAIL_1.0R	GATE_TOP5	MODEL_TOP3	225	303	1.347	-19.4	-118.98	88.23	-14.41	700	0.4026	351.14	-0.01
E5	TREND_900|EXT|TRAIL_1.0R	GATE_TOP5+VETO_K	ALL	138	183	1.326	13.84	-112.32	140.17	10.44	750	0.4317	323.92	0.007
E5	TREND_900|EXT|TRAIL_1.0R	GATE_TOP5+VETO_K	MODEL_TOP3	138	171	1.239	26.78	-96.76	153.29	21.61	762.5	0.4503	300.64	0.013
E5	TREND_900|EXT|TRAIL_1.0R	GATE_TOP5+DAYSIDE	ALL	183	321	1.754	-52.28	-187.47	86.14	-29.81	662.5	0.3427	439.56	-0.026
E5	TREND_900|EXT|TRAIL_1.0R	GATE_TOP5+DAYSIDE	MODEL_TOP3	183	229	1.251	34.39	-83.69	161.58	27.48	675	0.4105	316.97	0.017
E5	TREND_900|EXT|TRAIL_1.0R	SHUFFLED_GATE_TOP5	ALL	387	2248	5.809	-162.31	-272.76	-51.12	-27.94	306.25	0.351	723.28	-0.081
E5	TREND_900|EXT|TRAIL_1.0R	SHUFFLED_GATE_TOP5	MODEL_TOP3	387	995	2.571	-78.34	-137.16	-16.88	-30.47	300	0.3638	359.29	-0.039
E5	TREND_900|EXT|TRAIL_1.0R	GATE_TOP10	ALL	328	1006	3.067	-81.44	-199.45	43.05	-26.55	562.5	0.3738	636.4	-0.041
E5	TREND_900|EXT|TRAIL_1.0R	GATE_TOP10	MODEL_TOP3	328	488	1.488	3.46	-73.83	90.8	2.33	525	0.4016	305.77	0.002
E5	TREND_900|EXT|TRAIL_1.0R	GATE_TOP10+VETO_K	ALL	268	476	1.776	-51.53	-132.9	30.73	-29.02	587.5	0.4181	393.27	-0.026
E5	TREND_900|EXT|TRAIL_1.0R	GATE_TOP10+VETO_K	MODEL_TOP3	268	387	1.444	-0.27	-75.92	80.67	-0.19	575	0.4522	302.06	-0
E5	TREND_900|EXT|TRAIL_1.0R	GATE_TOP10+DAYSIDE	ALL	283	638	2.254	-10.43	-119.83	105.61	-4.63	500	0.3746	443.48	-0.005
E5	TREND_900|EXT|TRAIL_1.0R	GATE_TOP10+DAYSIDE	MODEL_TOP3	283	395	1.396	60.07	-35.35	163.15	43.04	512.5	0.4076	274.99	0.03
E5	TREND_900|EXT|TRAIL_1.0R	SHUFFLED_GATE_TOP10	ALL	387	3324	8.589	-270.32	-393.19	-145.84	-31.47	306.25	0.3484	1005.92	-0.135
E5	TREND_900|EXT|TRAIL_1.0R	SHUFFLED_GATE_TOP10	MODEL_TOP3	387	951	2.457	-122.27	-171.52	-76.46	-49.76	287.5	0.3312	341.45	-0.061
E5	TREND_900|EXT|TRAIL_1.0R	GATE_TOP30	ALL	386	2906	7.528	-254.98	-377.98	-123.85	-33.87	350	0.3555	975.44	-0.127
E5	TREND_900|EXT|TRAIL_1.0R	GATE_TOP30	MODEL_TOP3	386	687	1.78	-37.15	-93.42	16	-20.88	387.5	0.3843	281.78	-0.019
E5	TREND_900|EXT|TRAIL_1.0R	GATE_TOP30+VETO_K	ALL	384	2118	5.516	-128.42	-215.61	-36.68	-23.28	337.5	0.3782	682.6	-0.064
E5	TREND_900|EXT|TRAIL_1.0R	GATE_TOP30+VETO_K	MODEL_TOP3	384	710	1.849	-16.31	-75.6	38.95	-8.82	393.75	0.3986	289.08	-0.008
E5	TREND_900|EXT|TRAIL_1.0R	GATE_TOP30+DAYSIDE	ALL	376	1999	5.316	-89.9	-190.22	13.55	-16.91	300	0.3592	646	-0.045
E5	TREND_900|EXT|TRAIL_1.0R	GATE_TOP30+DAYSIDE	MODEL_TOP3	376	650	1.729	49.88	-13.95	109.43	28.86	371.88	0.4046	241.31	0.025
E5	TREND_900|EXT|TRAIL_1.0R	SHUFFLED_GATE_TOP30	ALL	387	4910	12.687	-271.53	-436.32	-111.25	-21.4	300	0.355	1291.11	-0.136
E5	TREND_900|EXT|TRAIL_1.0R	SHUFFLED_GATE_TOP30	MODEL_TOP3	387	850	2.196	-61.87	-104.23	-16	-28.17	275	0.3471	258.77	-0.031
E5	TREND_900|RECLAIM|TRAIL_1.0R	NONE	ALL	387	13050	33.721	-935.29	-1101.16	-772.4	-27.74	137.5	0.3041	1808.09	-0.468
E5	TREND_900|RECLAIM|TRAIL_1.0R	NONE	MODEL_TOP3	387	799	2.065	-44.03	-69.91	-16.79	-21.33	125	0.3191	151.83	-0.022
E5	TREND_900|RECLAIM|TRAIL_1.0R	VETO_K	ALL	387	10199	26.354	-689.83	-833.71	-546.11	-26.18	137.5	0.3021	1422.24	-0.345
E5	TREND_900|RECLAIM|TRAIL_1.0R	VETO_K	MODEL_TOP3	387	815	2.106	-54.75	-79.66	-28.71	-26	125	0.3215	151.62	-0.027
E5	TREND_900|RECLAIM|TRAIL_1.0R	VETO_2K	ALL	387	7582	19.592	-530.52	-622.2	-445.06	-27.08	125	0.2953	1056.69	-0.265
E5	TREND_900|RECLAIM|TRAIL_1.0R	VETO_2K	MODEL_TOP3	387	839	2.168	-79.85	-106.21	-52.65	-36.83	125	0.2968	164.61	-0.04
E5	TREND_900|RECLAIM|TRAIL_1.0R	DAYSIDE	ALL	387	8422	21.762	-626.33	-733.86	-512.65	-28.78	125	0.2936	1241.87	-0.313
E5	TREND_900|RECLAIM|TRAIL_1.0R	DAYSIDE	MODEL_TOP3	387	795	2.054	-13.05	-49.94	30.5	-6.35	125	0.3195	151.09	-0.007
E5	TREND_900|RECLAIM|TRAIL_1.0R	VETO_K+DAYSIDE	ALL	387	6159	15.915	-447.29	-541.19	-344.69	-28.11	125	0.2918	950.99	-0.224
E5	TREND_900|RECLAIM|TRAIL_1.0R	VETO_K+DAYSIDE	MODEL_TOP3	387	821	2.121	-30.81	-69.22	12.47	-14.52	125	0.3118	154.37	-0.015
E5	TREND_900|RECLAIM|TRAIL_1.0R	SHUFFLED_VETO	ALL	387	8760	22.636	-620.14	-752.15	-484	-27.4	150	0.3024	1365.18	-0.31
E5	TREND_900|RECLAIM|TRAIL_1.0R	SHUFFLED_VETO	MODEL_TOP3	387	913	2.359	-47.87	-80.94	-13.08	-20.29	137.5	0.31	186.4	-0.024
E5	TREND_900|RECLAIM|TRAIL_1.0R	SHUFFLED_DAYSIDE	ALL	387	8337	21.543	-593.84	-705	-476.5	-27.57	125	0.2947	1204.56	-0.297
E5	TREND_900|RECLAIM|TRAIL_1.0R	SHUFFLED_DAYSIDE	MODEL_TOP3	387	766	1.979	-21.46	-51.45	11.16	-10.84	125	0.3185	149.28	-0.011
E5	TREND_900|RECLAIM|TRAIL_1.0R	GATE_TOP5	ALL	234	625	2.671	-35.02	-177.67	116.12	-13.11	587.5	0.392	537.04	-0.018
E5	TREND_900|RECLAIM|TRAIL_1.0R	GATE_TOP5	MODEL_TOP3	234	322	1.376	51.91	-57.09	178.58	37.72	587.5	0.413	280.59	0.026
E5	TREND_900|RECLAIM|TRAIL_1.0R	GATE_TOP5+VETO_K	ALL	150	197	1.313	37.31	-75.87	157.45	28.41	625	0.4315	272.14	0.019
E5	TREND_900|RECLAIM|TRAIL_1.0R	GATE_TOP5+VETO_K	MODEL_TOP3	150	184	1.227	41.08	-73.11	162.18	33.49	625	0.4348	255.96	0.021
E5	TREND_900|RECLAIM|TRAIL_1.0R	GATE_TOP5+DAYSIDE	ALL	170	344	2.024	-23.17	-162.48	131.47	-11.45	562.5	0.375	408.49	-0.012
E5	TREND_900|RECLAIM|TRAIL_1.0R	GATE_TOP5+DAYSIDE	MODEL_TOP3	170	220	1.294	34.45	-92.14	178.2	26.62	587.5	0.4045	289.49	0.017
E5	TREND_900|RECLAIM|TRAIL_1.0R	SHUFFLED_GATE_TOP5	ALL	387	2734	7.065	-188.04	-272.12	-96.14	-26.62	156.25	0.3072	589.33	-0.094
E5	TREND_900|RECLAIM|TRAIL_1.0R	SHUFFLED_GATE_TOP5	MODEL_TOP3	387	1051	2.716	-77.87	-122.98	-32.76	-28.67	150	0.314	257.86	-0.039
E5	TREND_900|RECLAIM|TRAIL_1.0R	GATE_TOP10	ALL	339	1284	3.788	-105.74	-218.17	13.24	-27.92	421.88	0.3583	612.57	-0.053
E5	TREND_900|RECLAIM|TRAIL_1.0R	GATE_TOP10	MODEL_TOP3	339	538	1.587	27	-44.65	104.68	17.01	400	0.4033	246.05	0.014
E5	TREND_900|RECLAIM|TRAIL_1.0R	GATE_TOP10+VETO_K	ALL	282	572	2.028	-34.48	-108.57	48.13	-17	425	0.3689	339.88	-0.017
E5	TREND_900|RECLAIM|TRAIL_1.0R	GATE_TOP10+VETO_K	MODEL_TOP3	282	441	1.564	-3.5	-70.2	77.68	-2.24	425	0.3741	265.55	-0.002
E5	TREND_900|RECLAIM|TRAIL_1.0R	GATE_TOP10+DAYSIDE	ALL	297	750	2.525	-35.14	-132.43	60.38	-13.92	387.5	0.348	389.22	-0.018
E5	TREND_900|RECLAIM|TRAIL_1.0R	GATE_TOP10+DAYSIDE	MODEL_TOP3	297	420	1.414	45.2	-33.63	130.88	31.96	375	0.3881	219.33	0.023
E5	TREND_900|RECLAIM|TRAIL_1.0R	SHUFFLED_GATE_TOP10	ALL	387	4530	11.705	-313.52	-414.41	-205.04	-26.78	150	0.3126	869.63	-0.157
E5	TREND_900|RECLAIM|TRAIL_1.0R	SHUFFLED_GATE_TOP10	MODEL_TOP3	387	1017	2.628	-83.1	-121.09	-44.85	-31.62	150	0.2999	234.31	-0.042
E5	TREND_900|RECLAIM|TRAIL_1.0R	GATE_TOP30	ALL	365	4656	12.756	-228.71	-348	-107.91	-17.93	143.75	0.3222	890.32	-0.114
E5	TREND_900|RECLAIM|TRAIL_1.0R	GATE_TOP30	MODEL_TOP3	365	666	1.825	0.28	-62.72	67.28	0.15	250	0.3483	220	0
E5	TREND_900|RECLAIM|TRAIL_1.0R	GATE_TOP30+VETO_K	ALL	349	3342	9.576	-157.62	-236.32	-70.21	-16.46	125	0.3235	594.21	-0.079
E5	TREND_900|RECLAIM|TRAIL_1.0R	GATE_TOP30+VETO_K	MODEL_TOP3	349	665	1.905	-24.89	-81.26	40.02	-13.06	250	0.3233	234.48	-0.012
E5	TREND_900|RECLAIM|TRAIL_1.0R	GATE_TOP30+DAYSIDE	ALL	347	2812	8.104	-123.59	-216.42	-24.76	-15.25	131.25	0.3151	580.35	-0.062
E5	TREND_900|RECLAIM|TRAIL_1.0R	GATE_TOP30+DAYSIDE	MODEL_TOP3	347	616	1.775	35.97	-27.2	109.22	20.26	237.5	0.3409	198.57	0.018
E5	TREND_900|RECLAIM|TRAIL_1.0R	SHUFFLED_GATE_TOP30	ALL	387	8312	21.478	-562.14	-693.48	-423.31	-26.17	150	0.3069	1318.81	-0.281
E5	TREND_900|RECLAIM|TRAIL_1.0R	SHUFFLED_GATE_TOP30	MODEL_TOP3	387	930	2.403	-58.11	-90.46	-24.21	-24.18	137.5	0.2978	190.94	-0.029
E5	TREND_900|SWING|TRAIL_1.0R	NONE	ALL	387	26695	68.979	-1892.64	-2029	-1757.67	-27.44	75	0.2569	2322.24	-0.946
E5	TREND_900|SWING|TRAIL_1.0R	NONE	MODEL_TOP3	387	869	2.245	-58.27	-72.84	-42.97	-25.95	68.75	0.2647	113.32	-0.029
E5	TREND_900|SWING|TRAIL_1.0R	VETO_K	ALL	387	17522	45.276	-1278.32	-1373.93	-1185.98	-28.23	62.5	0.2496	1573.98	-0.639
E5	TREND_900|SWING|TRAIL_1.0R	VETO_K	MODEL_TOP3	387	881	2.276	-61.11	-74.93	-46.46	-26.84	62.5	0.2736	114.19	-0.031
E5	TREND_900|SWING|TRAIL_1.0R	VETO_2K	ALL	387	11231	29.021	-853.29	-914.89	-790.36	-29.4	62.5	0.2433	1054.27	-0.427
E5	TREND_900|SWING|TRAIL_1.0R	VETO_2K	MODEL_TOP3	387	894	2.31	-67.9	-81	-54.09	-29.39	62.5	0.2517	114.41	-0.034
E5	TREND_900|SWING|TRAIL_1.0R	DAYSIDE	ALL	387	13665	35.31	-961.97	-1053.75	-872.25	-27.24	75	0.2598	1330.46	-0.481
E5	TREND_900|SWING|TRAIL_1.0R	DAYSIDE	MODEL_TOP3	387	864	2.233	-38.23	-54.95	-20.93	-17.12	62.5	0.2801	110.27	-0.019
E5	TREND_900|SWING|TRAIL_1.0R	VETO_K+DAYSIDE	ALL	387	8901	23	-674.61	-730.72	-617.55	-29.33	62.5	0.253	900.36	-0.337
E5	TREND_900|SWING|TRAIL_1.0R	VETO_K+DAYSIDE	MODEL_TOP3	387	875	2.261	-47.22	-63.21	-30.52	-20.89	62.5	0.2823	111.93	-0.024
E5	TREND_900|SWING|TRAIL_1.0R	SHUFFLED_VETO	ALL	387	14594	37.711	-1052.02	-1146.03	-961.23	-27.9	75	0.262	1427.03	-0.526
E5	TREND_900|SWING|TRAIL_1.0R	SHUFFLED_VETO	MODEL_TOP3	387	989	2.556	-56.79	-74.55	-39.33	-22.22	68.75	0.2861	129.1	-0.028
E5	TREND_900|SWING|TRAIL_1.0R	SHUFFLED_DAYSIDE	ALL	387	13670	35.323	-982.27	-1068.58	-889.24	-27.81	75	0.2598	1318.81	-0.491
E5	TREND_900|SWING|TRAIL_1.0R	SHUFFLED_DAYSIDE	MODEL_TOP3	387	838	2.165	-44.82	-59.55	-28.99	-20.7	62.5	0.278	106.7	-0.022
E5	TREND_900|SWING|TRAIL_1.0R	GATE_TOP5	ALL	261	1347	5.161	-105.16	-187.22	-18.1	-20.38	137.5	0.297	386.04	-0.053
E5	TREND_900|SWING|TRAIL_1.0R	GATE_TOP5	MODEL_TOP3	261	485	1.858	-40.9	-83.2	4.92	-22.01	125	0.301	156.81	-0.02
E5	TREND_900|SWING|TRAIL_1.0R	GATE_TOP5+VETO_K	ALL	150	201	1.34	-66.24	-100.19	-29.18	-49.43	150	0.2488	125.78	-0.033
E5	TREND_900|SWING|TRAIL_1.0R	GATE_TOP5+VETO_K	MODEL_TOP3	150	195	1.3	-59.04	-91	-23.45	-45.42	137.5	0.2513	117.45	-0.03
E5	TREND_900|SWING|TRAIL_1.0R	GATE_TOP5+DAYSIDE	ALL	203	712	3.507	-54.91	-138.68	32.9	-15.66	150	0.3048	294.45	-0.027
E5	TREND_900|SWING|TRAIL_1.0R	GATE_TOP5+DAYSIDE	MODEL_TOP3	203	356	1.754	-10.03	-60.28	45.46	-5.72	137.5	0.323	147.83	-0.005
E5	TREND_900|SWING|TRAIL_1.0R	SHUFFLED_GATE_TOP5	ALL	386	3085	7.992	-202.01	-244.42	-159.23	-25.28	75	0.2726	382.71	-0.101
E5	TREND_900|SWING|TRAIL_1.0R	SHUFFLED_GATE_TOP5	MODEL_TOP3	386	1098	2.845	-75.91	-93.74	-56.91	-26.69	68.75	0.2778	152.33	-0.038
E5	TREND_900|SWING|TRAIL_1.0R	GATE_TOP10	ALL	327	3376	10.324	-176.95	-247.36	-105.04	-17.14	81.25	0.2962	500.7	-0.088
E5	TREND_900|SWING|TRAIL_1.0R	GATE_TOP10	MODEL_TOP3	327	754	2.306	-28.71	-61.75	8.13	-12.45	81.25	0.305	147.56	-0.014
E5	TREND_900|SWING|TRAIL_1.0R	GATE_TOP10+VETO_K	ALL	273	1211	4.436	-103.77	-131.38	-74.02	-23.39	62.5	0.2907	202.68	-0.052
E5	TREND_900|SWING|TRAIL_1.0R	GATE_TOP10+VETO_K	MODEL_TOP3	273	587	2.15	-64.12	-86.92	-38.53	-29.82	75	0.2828	127.5	-0.032
E5	TREND_900|SWING|TRAIL_1.0R	GATE_TOP10+DAYSIDE	ALL	299	1764	5.9	-86.58	-142.97	-25.6	-14.68	87.5	0.2993	320.14	-0.043
E5	TREND_900|SWING|TRAIL_1.0R	GATE_TOP10+DAYSIDE	MODEL_TOP3	299	662	2.214	-8.48	-41.84	28.73	-3.83	75	0.3127	128.93	-0.004
E5	TREND_900|SWING|TRAIL_1.0R	SHUFFLED_GATE_TOP10	ALL	387	5739	14.829	-394.24	-445.52	-340.22	-26.58	75	0.2678	641.75	-0.197
E5	TREND_900|SWING|TRAIL_1.0R	SHUFFLED_GATE_TOP10	MODEL_TOP3	387	1078	2.786	-69	-89.83	-48.1	-24.77	75	0.2774	150.09	-0.034
E5	TREND_900|SWING|TRAIL_1.0R	GATE_TOP30	ALL	362	9604	26.53	-452.8	-525.27	-379.9	-17.07	62.5	0.2825	815.73	-0.226
E5	TREND_900|SWING|TRAIL_1.0R	GATE_TOP30	MODEL_TOP3	362	809	2.235	-25.47	-54.87	7.27	-11.4	75	0.3115	127.97	-0.013
E5	TREND_900|SWING|TRAIL_1.0R	GATE_TOP30+VETO_K	ALL	339	5292	15.611	-308.6	-344.44	-271.36	-19.77	50	0.2683	459.62	-0.154
E5	TREND_900|SWING|TRAIL_1.0R	GATE_TOP30+VETO_K	MODEL_TOP3	339	759	2.239	-51.85	-70.49	-32.74	-23.16	68.75	0.2846	117.88	-0.026
E5	TREND_900|SWING|TRAIL_1.0R	GATE_TOP30+DAYSIDE	ALL	335	4917	14.678	-230.35	-294.29	-162.94	-15.69	62.5	0.2874	525.51	-0.115
E5	TREND_900|SWING|TRAIL_1.0R	GATE_TOP30+DAYSIDE	MODEL_TOP3	335	746	2.227	-13.93	-41.72	13.94	-6.26	68.75	0.3137	120.28	-0.007
E5	TREND_900|SWING|TRAIL_1.0R	SHUFFLED_GATE_TOP30	ALL	387	13523	34.943	-950.28	-1052.07	-849.05	-27.2	75	0.2616	1329.07	-0.475
E5	TREND_900|SWING|TRAIL_1.0R	SHUFFLED_GATE_TOP30	MODEL_TOP3	387	999	2.581	-65.89	-84.1	-47.97	-25.53	68.75	0.2693	133.97	-0.033
E5	TREND_1800|EXT|TRAIL_1.0R	NONE	ALL	387	5669	14.649	-440.68	-603.72	-270.47	-30.08	312.5	0.3576	1471.58	-0.22
E5	TREND_1800|EXT|TRAIL_1.0R	NONE	MODEL_TOP3	387	662	1.711	-50.98	-90.15	-9.49	-29.8	268.75	0.3595	199.03	-0.025
E5	TREND_1800|EXT|TRAIL_1.0R	VETO_K	ALL	387	4728	12.217	-333.15	-483.76	-181.15	-27.27	325	0.3661	1261.69	-0.167
E5	TREND_1800|EXT|TRAIL_1.0R	VETO_K	MODEL_TOP3	387	697	1.801	-56.49	-100.08	-9.72	-31.36	262.5	0.3486	205.05	-0.028
E5	TREND_1800|EXT|TRAIL_1.0R	VETO_2K	ALL	387	3889	10.049	-231.79	-350.89	-115.3	-23.07	312.5	0.3749	1003.52	-0.116
E5	TREND_1800|EXT|TRAIL_1.0R	VETO_2K	MODEL_TOP3	387	740	1.912	-49.71	-89.36	-7.83	-26	262.5	0.3554	205.5	-0.025
E5	TREND_1800|EXT|TRAIL_1.0R	DAYSIDE	ALL	387	4518	11.674	-397.83	-520.19	-277.22	-34.08	256.25	0.3409	1122.06	-0.199
E5	TREND_1800|EXT|TRAIL_1.0R	DAYSIDE	MODEL_TOP3	387	671	1.734	15.17	-43.38	73.05	8.75	275	0.3964	195.79	0.008
E5	TREND_1800|EXT|TRAIL_1.0R	VETO_K+DAYSIDE	ALL	387	3527	9.114	-290.14	-398.84	-178.45	-31.84	268.75	0.3504	930.45	-0.145
E5	TREND_1800|EXT|TRAIL_1.0R	VETO_K+DAYSIDE	MODEL_TOP3	387	709	1.832	20.14	-35.98	74.68	10.99	262.5	0.4118	187.57	0.01
E5	TREND_1800|EXT|TRAIL_1.0R	SHUFFLED_VETO	ALL	387	4445	11.486	-415.42	-588.71	-247.5	-36.17	331.25	0.346	1317.03	-0.208
E5	TREND_1800|EXT|TRAIL_1.0R	SHUFFLED_VETO	MODEL_TOP3	387	790	2.041	-75.57	-125.81	-22.8	-37.02	290.62	0.3342	269.67	-0.038
E5	TREND_1800|EXT|TRAIL_1.0R	SHUFFLED_DAYSIDE	ALL	387	4573	11.817	-386.42	-507.83	-267.82	-32.7	250	0.3405	1111.11	-0.193
E5	TREND_1800|EXT|TRAIL_1.0R	SHUFFLED_DAYSIDE	MODEL_TOP3	387	634	1.638	-3.14	-55.08	49.54	-1.91	275	0.3785	188.45	-0.002
E5	TREND_1800|EXT|TRAIL_1.0R	GATE_TOP5	ALL	241	558	2.315	-105.25	-265.71	50.51	-45.46	687.5	0.3835	600.59	-0.053
E5	TREND_1800|EXT|TRAIL_1.0R	GATE_TOP5	MODEL_TOP3	241	324	1.344	10.65	-110.49	143.35	7.92	690.62	0.4074	352.84	0.005
E5	TREND_1800|EXT|TRAIL_1.0R	GATE_TOP5+VETO_K	ALL	154	204	1.325	-29.23	-178.2	116.77	-22.06	725	0.402	369.02	-0.015
E5	TREND_1800|EXT|TRAIL_1.0R	GATE_TOP5+VETO_K	MODEL_TOP3	154	190	1.234	-1.66	-146.86	140.58	-1.35	725	0.4158	337.33	-0.001
E5	TREND_1800|EXT|TRAIL_1.0R	GATE_TOP5+DAYSIDE	ALL	196	329	1.679	-78.07	-218.06	68.14	-46.51	675	0.3891	432.76	-0.039
E5	TREND_1800|EXT|TRAIL_1.0R	GATE_TOP5+DAYSIDE	MODEL_TOP3	196	244	1.245	-25.17	-158.15	111.15	-20.22	700	0.3975	339.52	-0.013
E5	TREND_1800|EXT|TRAIL_1.0R	SHUFFLED_GATE_TOP5	ALL	387	2056	5.313	-135.85	-239.68	-34.8	-25.57	340.62	0.3633	723.65	-0.068
E5	TREND_1800|EXT|TRAIL_1.0R	SHUFFLED_GATE_TOP5	MODEL_TOP3	387	949	2.452	-28.51	-93.37	41.51	-11.63	325	0.372	347.3	-0.014
E5	TREND_1800|EXT|TRAIL_1.0R	GATE_TOP10	ALL	328	1024	3.122	-91.81	-212.09	28.9	-29.41	600	0.3848	627.85	-0.046
E5	TREND_1800|EXT|TRAIL_1.0R	GATE_TOP10	MODEL_TOP3	328	468	1.427	52.18	-33.44	137.64	36.57	600	0.4231	280.73	0.026
E5	TREND_1800|EXT|TRAIL_1.0R	GATE_TOP10+VETO_K	ALL	274	500	1.825	-78.22	-186.03	39.7	-42.86	662.5	0.37	443.08	-0.039
E5	TREND_1800|EXT|TRAIL_1.0R	GATE_TOP10+VETO_K	MODEL_TOP3	274	405	1.478	-0.09	-96.52	109.36	-0.06	662.5	0.3975	346.01	-0
E5	TREND_1800|EXT|TRAIL_1.0R	GATE_TOP10+DAYSIDE	ALL	292	636	2.178	-52.76	-148.11	46.22	-24.22	537.5	0.3789	423.09	-0.026
E5	TREND_1800|EXT|TRAIL_1.0R	GATE_TOP10+DAYSIDE	MODEL_TOP3	292	400	1.37	42.32	-46.81	139.66	30.89	600	0.4275	271.76	0.021
E5	TREND_1800|EXT|TRAIL_1.0R	SHUFFLED_GATE_TOP10	ALL	387	2964	7.659	-240.38	-371.07	-113.5	-31.39	343.75	0.3627	967.83	-0.12
E5	TREND_1800|EXT|TRAIL_1.0R	SHUFFLED_GATE_TOP10	MODEL_TOP3	387	929	2.401	-56.08	-110.92	-2.72	-23.36	325	0.3584	332.61	-0.028
E5	TREND_1800|EXT|TRAIL_1.0R	GATE_TOP30	ALL	385	2757	7.161	-188.84	-315.29	-59.41	-26.37	350	0.3667	916.32	-0.094
E5	TREND_1800|EXT|TRAIL_1.0R	GATE_TOP30	MODEL_TOP3	385	646	1.678	-18.41	-72.96	33.49	-10.97	331.25	0.3762	245.52	-0.009
E5	TREND_1800|EXT|TRAIL_1.0R	GATE_TOP30+VETO_K	ALL	380	1990	5.237	-118.31	-216.23	-11.35	-22.59	337.5	0.3799	687.99	-0.059
E5	TREND_1800|EXT|TRAIL_1.0R	GATE_TOP30+VETO_K	MODEL_TOP3	380	696	1.832	-7.86	-74.08	58.55	-4.29	337.5	0.3937	277.33	-0.004
E5	TREND_1800|EXT|TRAIL_1.0R	GATE_TOP30+DAYSIDE	ALL	372	1866	5.016	-140.86	-234.66	-49.17	-28.08	300	0.3516	638.06	-0.07
E5	TREND_1800|EXT|TRAIL_1.0R	GATE_TOP30+DAYSIDE	MODEL_TOP3	372	610	1.64	58.82	-10.56	135	35.87	343.75	0.4262	230.65	0.029
E5	TREND_1800|EXT|TRAIL_1.0R	SHUFFLED_GATE_TOP30	ALL	387	4316	11.152	-291.39	-437.64	-148.59	-26.13	337.5	0.3649	1227.24	-0.146
E5	TREND_1800|EXT|TRAIL_1.0R	SHUFFLED_GATE_TOP30	MODEL_TOP3	387	818	2.114	-85.97	-134.87	-32.57	-40.67	300	0.3289	280.39	-0.043
E5	TREND_1800|RECLAIM|TRAIL_1.0R	NONE	ALL	387	10208	26.377	-726.93	-896.26	-565.52	-27.56	162.5	0.3089	1624.6	-0.363
E5	TREND_1800|RECLAIM|TRAIL_1.0R	NONE	MODEL_TOP3	387	743	1.92	-68.89	-99.03	-38.49	-35.88	150	0.2974	169.64	-0.034
E5	TREND_1800|RECLAIM|TRAIL_1.0R	VETO_K	ALL	387	7839	20.256	-550.08	-677.3	-418.02	-27.16	162.5	0.3148	1314.41	-0.275
E5	TREND_1800|RECLAIM|TRAIL_1.0R	VETO_K	MODEL_TOP3	387	775	2.003	-78.71	-108.44	-49.31	-39.31	143.75	0.2942	172.01	-0.039
E5	TREND_1800|RECLAIM|TRAIL_1.0R	VETO_2K	ALL	387	6074	15.695	-448.95	-548.53	-356.32	-28.6	162.5	0.3074	1019.19	-0.224
E5	TREND_1800|RECLAIM|TRAIL_1.0R	VETO_2K	MODEL_TOP3	387	792	2.047	-60.33	-92.57	-26.12	-29.48	140.62	0.2879	164.07	-0.03
E5	TREND_1800|RECLAIM|TRAIL_1.0R	DAYSIDE	ALL	387	6783	17.527	-539.56	-660.26	-416.86	-30.78	137.5	0.2975	1145.58	-0.27
E5	TREND_1800|RECLAIM|TRAIL_1.0R	DAYSIDE	MODEL_TOP3	387	742	1.917	-2.71	-45.5	40.99	-1.41	150	0.3383	162.02	-0.001
E5	TREND_1800|RECLAIM|TRAIL_1.0R	VETO_K+DAYSIDE	ALL	387	4996	12.91	-405.89	-503.76	-303.25	-31.44	150	0.2934	911.8	-0.203
E5	TREND_1800|RECLAIM|TRAIL_1.0R	VETO_K+DAYSIDE	MODEL_TOP3	387	781	2.018	-17.66	-61.49	27.7	-8.75	150	0.3329	161.78	-0.009
E5	TREND_1800|RECLAIM|TRAIL_1.0R	SHUFFLED_VETO	ALL	387	7156	18.491	-561.08	-708.32	-423.95	-30.34	175	0.3112	1333.5	-0.281
E5	TREND_1800|RECLAIM|TRAIL_1.0R	SHUFFLED_VETO	MODEL_TOP3	387	858	2.217	-76.2	-112.81	-39.85	-34.37	162.5	0.3007	214.25	-0.038
E5	TREND_1800|RECLAIM|TRAIL_1.0R	SHUFFLED_DAYSIDE	ALL	387	6857	17.718	-511.23	-623.86	-398.96	-28.85	137.5	0.3007	1110.74	-0.256
E5	TREND_1800|RECLAIM|TRAIL_1.0R	SHUFFLED_DAYSIDE	MODEL_TOP3	387	721	1.863	-23.61	-62.39	15.01	-12.67	150	0.337	158.3	-0.012
E5	TREND_1800|RECLAIM|TRAIL_1.0R	GATE_TOP5	ALL	208	573	2.755	-125.13	-290.15	43.21	-45.42	600	0.349	634.98	-0.063
E5	TREND_1800|RECLAIM|TRAIL_1.0R	GATE_TOP5	MODEL_TOP3	208	287	1.38	23.87	-100.59	153.72	17.3	612.5	0.4042	331.7	0.012
E5	TREND_1800|RECLAIM|TRAIL_1.0R	GATE_TOP5+VETO_K	ALL	138	193	1.399	-2.51	-152.16	165.17	-1.79	675	0.3886	368.06	-0.001
E5	TREND_1800|RECLAIM|TRAIL_1.0R	GATE_TOP5+VETO_K	MODEL_TOP3	138	178	1.29	37.89	-104.45	200.06	29.38	675	0.4101	326.74	0.019
E5	TREND_1800|RECLAIM|TRAIL_1.0R	GATE_TOP5+DAYSIDE	ALL	168	337	2.006	-97.08	-234.91	55.16	-48.4	562.5	0.3412	450.74	-0.049
E5	TREND_1800|RECLAIM|TRAIL_1.0R	GATE_TOP5+DAYSIDE	MODEL_TOP3	168	214	1.274	-41.79	-156.48	96.91	-32.8	600	0.3785	329.33	-0.021
E5	TREND_1800|RECLAIM|TRAIL_1.0R	SHUFFLED_GATE_TOP5	ALL	387	2473	6.39	-171.6	-254.18	-85.65	-26.85	200	0.3101	607.93	-0.086
E5	TREND_1800|RECLAIM|TRAIL_1.0R	SHUFFLED_GATE_TOP5	MODEL_TOP3	387	1008	2.605	-47.97	-104.68	12.12	-18.42	187.5	0.3065	269.16	-0.024
E5	TREND_1800|RECLAIM|TRAIL_1.0R	GATE_TOP10	ALL	334	1230	3.683	-134.41	-249.58	-15.76	-36.5	487.5	0.3496	617.95	-0.067
E5	TREND_1800|RECLAIM|TRAIL_1.0R	GATE_TOP10	MODEL_TOP3	334	495	1.482	5.65	-69.2	88.16	3.81	468.75	0.3838	269.45	0.003
E5	TREND_1800|RECLAIM|TRAIL_1.0R	GATE_TOP10+VETO_K	ALL	288	593	2.059	-65.92	-158.88	37.84	-32.01	537.5	0.3524	399.9	-0.033
E5	TREND_1800|RECLAIM|TRAIL_1.0R	GATE_TOP10+VETO_K	MODEL_TOP3	288	434	1.507	-1.2	-79.89	85.69	-0.79	525	0.3733	290.12	-0.001
E5	TREND_1800|RECLAIM|TRAIL_1.0R	GATE_TOP10+DAYSIDE	ALL	289	678	2.346	-61.25	-155.14	36.88	-26.11	475	0.351	395.9	-0.031
E5	TREND_1800|RECLAIM|TRAIL_1.0R	GATE_TOP10+DAYSIDE	MODEL_TOP3	289	393	1.36	-4.42	-90.24	85.94	-3.25	500	0.3791	260.52	-0.002
E5	TREND_1800|RECLAIM|TRAIL_1.0R	SHUFFLED_GATE_TOP10	ALL	387	3928	10.15	-271.42	-386.22	-159.21	-26.74	187.5	0.3147	864.39	-0.136
E5	TREND_1800|RECLAIM|TRAIL_1.0R	SHUFFLED_GATE_TOP10	MODEL_TOP3	387	995	2.571	-29.22	-75.14	18.38	-11.36	175	0.3327	246.88	-0.015
E5	TREND_1800|RECLAIM|TRAIL_1.0R	GATE_TOP30	ALL	381	4089	10.732	-227.09	-349.22	-101.18	-21.16	212.5	0.3402	916.51	-0.114
E5	TREND_1800|RECLAIM|TRAIL_1.0R	GATE_TOP30	MODEL_TOP3	381	666	1.748	-9.69	-67.3	48.99	-5.54	275	0.3604	223.97	-0.005
E5	TREND_1800|RECLAIM|TRAIL_1.0R	GATE_TOP30+VETO_K	ALL	374	2790	7.46	-164.07	-255.07	-68.56	-21.99	212.5	0.3394	664.52	-0.082
E5	TREND_1800|RECLAIM|TRAIL_1.0R	GATE_TOP30+VETO_K	MODEL_TOP3	374	712	1.904	-1.3	-65.18	68.27	-0.68	275	0.361	238.94	-0.001
E5	TREND_1800|RECLAIM|TRAIL_1.0R	GATE_TOP30+DAYSIDE	ALL	366	2453	6.702	-133.73	-222.5	-36.95	-19.95	187.5	0.3441	592.22	-0.067
E5	TREND_1800|RECLAIM|TRAIL_1.0R	GATE_TOP30+DAYSIDE	MODEL_TOP3	366	634	1.732	34.06	-30.61	100.85	19.66	262.5	0.3754	206.21	0.017
E5	TREND_1800|RECLAIM|TRAIL_1.0R	SHUFFLED_GATE_TOP30	ALL	387	6890	17.804	-484.06	-628.89	-343.45	-27.19	175	0.3141	1274.71	-0.242
E5	TREND_1800|RECLAIM|TRAIL_1.0R	SHUFFLED_GATE_TOP30	MODEL_TOP3	387	889	2.297	-90.44	-128.22	-50.92	-39.37	162.5	0.2902	224.26	-0.045
E5	TREND_1800|SWING|TRAIL_1.0R	NONE	ALL	387	22056	56.992	-1554.49	-1690.35	-1423.1	-27.28	75	0.2656	2086.04	-0.777
E5	TREND_1800|SWING|TRAIL_1.0R	NONE	MODEL_TOP3	387	835	2.158	-59.48	-76.86	-41.4	-27.57	75	0.2503	116.19	-0.03
E5	TREND_1800|SWING|TRAIL_1.0R	VETO_K	ALL	387	15491	40.028	-1139.89	-1230.06	-1052.86	-28.48	75	0.2604	1511.53	-0.57
E5	TREND_1800|SWING|TRAIL_1.0R	VETO_K	MODEL_TOP3	387	854	2.207	-59.98	-76.91	-41.87	-27.18	75	0.2424	118.16	-0.03
E5	TREND_1800|SWING|TRAIL_1.0R	VETO_2K	ALL	387	10156	26.243	-732.17	-808.44	-665.99	-27.9	75	0.2536	1032.56	-0.366
E5	TREND_1800|SWING|TRAIL_1.0R	VETO_2K	MODEL_TOP3	387	870	2.248	-59.12	-75.03	-43.43	-26.3	75	0.2414	117.37	-0.03
E5	TREND_1800|SWING|TRAIL_1.0R	DAYSIDE	ALL	387	11478	29.659	-837.28	-933.18	-738.17	-28.23	75	0.2629	1253.24	-0.419
E5	TREND_1800|SWING|TRAIL_1.0R	DAYSIDE	MODEL_TOP3	387	837	2.163	-39.48	-58.61	-18.42	-18.25	75	0.27	114.01	-0.02
E5	TREND_1800|SWING|TRAIL_1.0R	VETO_K+DAYSIDE	ALL	387	7992	20.651	-619.26	-686.51	-554.98	-29.99	75	0.2551	897.86	-0.31
E5	TREND_1800|SWING|TRAIL_1.0R	VETO_K+DAYSIDE	MODEL_TOP3	387	856	2.212	-45.04	-62.36	-26.41	-20.36	75	0.264	113.32	-0.023
E5	TREND_1800|SWING|TRAIL_1.0R	SHUFFLED_VETO	ALL	387	12651	32.69	-901.39	-1007.54	-800.3	-27.57	75	0.2642	1342.01	-0.451
E5	TREND_1800|SWING|TRAIL_1.0R	SHUFFLED_VETO	MODEL_TOP3	387	942	2.434	-63.51	-83.18	-41.48	-26.09	75	0.2548	136.7	-0.032
E5	TREND_1800|SWING|TRAIL_1.0R	SHUFFLED_DAYSIDE	ALL	387	11356	29.344	-828.08	-914.52	-743.44	-28.22	75	0.2652	1229.6	-0.414
E5	TREND_1800|SWING|TRAIL_1.0R	SHUFFLED_DAYSIDE	MODEL_TOP3	387	824	2.129	-47.16	-66.29	-28.16	-22.15	75	0.2828	114.36	-0.024
E5	TREND_1800|SWING|TRAIL_1.0R	GATE_TOP5	ALL	327	1381	4.223	-66.93	-141.2	7.86	-15.85	187.5	0.3092	384.61	-0.033
E5	TREND_1800|SWING|TRAIL_1.0R	GATE_TOP5	MODEL_TOP3	327	582	1.78	-25.41	-62.9	13.29	-14.28	200	0.323	178.61	-0.013
E5	TREND_1800|SWING|TRAIL_1.0R	GATE_TOP5+VETO_K	ALL	235	414	1.762	-63.52	-102.01	-24	-36.05	175	0.3116	171.47	-0.032
E5	TREND_1800|SWING|TRAIL_1.0R	GATE_TOP5+VETO_K	MODEL_TOP3	235	356	1.515	-55.05	-91.68	-17.15	-36.34	175	0.3118	151.12	-0.028
E5	TREND_1800|SWING|TRAIL_1.0R	GATE_TOP5+DAYSIDE	ALL	267	765	2.865	-48.5	-119.95	25.97	-16.93	200	0.3203	286.8	-0.024
E5	TREND_1800|SWING|TRAIL_1.0R	GATE_TOP5+DAYSIDE	MODEL_TOP3	267	422	1.581	-14.95	-57.91	28.09	-9.46	225	0.3412	160.9	-0.007
E5	TREND_1800|SWING|TRAIL_1.0R	SHUFFLED_GATE_TOP5	ALL	381	2971	7.798	-223.98	-269.24	-176.45	-28.72	81.25	0.2773	435.52	-0.112
E5	TREND_1800|SWING|TRAIL_1.0R	SHUFFLED_GATE_TOP5	MODEL_TOP3	381	1054	2.766	-79.53	-102.2	-55.7	-28.75	75	0.2789	171.7	-0.04
E5	TREND_1800|SWING|TRAIL_1.0R	GATE_TOP10	ALL	368	2572	6.989	-89.48	-165.95	-10.24	-12.8	137.5	0.3169	484.86	-0.045
E5	TREND_1800|SWING|TRAIL_1.0R	GATE_TOP10	MODEL_TOP3	368	738	2.005	-42.91	-77.38	-7.22	-21.4	168.75	0.3144	184.96	-0.021
E5	TREND_1800|SWING|TRAIL_1.0R	GATE_TOP10+VETO_K	ALL	321	1035	3.224	-69.31	-113.14	-22.83	-21.5	137.5	0.3072	243.46	-0.035
E5	TREND_1800|SWING|TRAIL_1.0R	GATE_TOP10+VETO_K	MODEL_TOP3	321	636	1.981	-39.07	-74.63	-3.14	-19.72	150	0.2909	162.57	-0.02
E5	TREND_1800|SWING|TRAIL_1.0R	GATE_TOP10+DAYSIDE	ALL	327	1378	4.214	-59.05	-121.57	7.39	-14.01	150	0.3186	327.35	-0.03
E5	TREND_1800|SWING|TRAIL_1.0R	GATE_TOP10+DAYSIDE	MODEL_TOP3	327	599	1.832	-27.18	-62.15	9.29	-14.84	162.5	0.3139	159.03	-0.014
E5	TREND_1800|SWING|TRAIL_1.0R	SHUFFLED_GATE_TOP10	ALL	387	5332	13.778	-400.04	-448.56	-348.4	-29.04	81.25	0.2736	682.75	-0.2
E5	TREND_1800|SWING|TRAIL_1.0R	SHUFFLED_GATE_TOP10	MODEL_TOP3	387	1053	2.721	-87.62	-107.12	-67.39	-32.2	75	0.2612	167.44	-0.044
E5	TREND_1800|SWING|TRAIL_1.0R	GATE_TOP30	ALL	383	7618	19.89	-339.56	-416.59	-259.1	-17.07	81.25	0.2961	825.74	-0.17
E5	TREND_1800|SWING|TRAIL_1.0R	GATE_TOP30	MODEL_TOP3	383	847	2.211	-60.98	-86.76	-32.52	-27.57	118.75	0.2751	168.27	-0.03
E5	TREND_1800|SWING|TRAIL_1.0R	GATE_TOP30+VETO_K	ALL	366	4548	12.426	-203.08	-255.75	-153.11	-16.34	75	0.2964	493.89	-0.102
E5	TREND_1800|SWING|TRAIL_1.0R	GATE_TOP30+VETO_K	MODEL_TOP3	366	802	2.191	-38.26	-66.48	-9.73	-17.46	100	0.293	144.72	-0.019
E5	TREND_1800|SWING|TRAIL_1.0R	GATE_TOP30+DAYSIDE	ALL	368	3959	10.758	-177.99	-243.22	-109.15	-16.54	87.5	0.3023	525.99	-0.089
E5	TREND_1800|SWING|TRAIL_1.0R	GATE_TOP30+DAYSIDE	MODEL_TOP3	368	763	2.073	-32.7	-59.62	-4.57	-15.77	100	0.2896	138.44	-0.016
E5	TREND_1800|SWING|TRAIL_1.0R	SHUFFLED_GATE_TOP30	ALL	387	11990	30.982	-898.43	-981.65	-818.11	-29	75	0.2647	1299.05	-0.449
E5	TREND_1800|SWING|TRAIL_1.0R	SHUFFLED_GATE_TOP30	MODEL_TOP3	387	982	2.537	-87.07	-105.33	-68.66	-34.32	75	0.2464	147.51	-0.044
E5	TREND_3600|EXT|TRAIL_1.0R	NONE	ALL	387	4755	12.287	-306.17	-478.7	-144.27	-24.92	337.5	0.3626	1363.42	-0.153
E5	TREND_3600|EXT|TRAIL_1.0R	NONE	MODEL_TOP3	387	613	1.584	-37.02	-78.54	4.13	-23.37	312.5	0.3589	189.55	-0.019
E5	TREND_3600|EXT|TRAIL_1.0R	VETO_K	ALL	387	4096	10.584	-255.23	-397.9	-121.15	-24.11	350	0.3618	1214.01	-0.128
E5	TREND_3600|EXT|TRAIL_1.0R	VETO_K	MODEL_TOP3	387	659	1.703	-41.01	-82.94	-0.81	-24.08	300	0.352	206.88	-0.021
E5	TREND_3600|EXT|TRAIL_1.0R	VETO_2K	ALL	387	3452	8.92	-259.33	-371.95	-155.92	-29.07	350	0.3598	1032.56	-0.13
E5	TREND_3600|EXT|TRAIL_1.0R	VETO_2K	MODEL_TOP3	387	717	1.853	-76.54	-112.73	-41.4	-41.31	300	0.3501	227.96	-0.038
E5	TREND_3600|EXT|TRAIL_1.0R	DAYSIDE	ALL	387	3631	9.382	-277.23	-392.95	-161.46	-29.55	275	0.3495	982.34	-0.139
E5	TREND_3600|EXT|TRAIL_1.0R	DAYSIDE	MODEL_TOP3	387	624	1.612	17.26	-33.08	67.79	10.71	325	0.4006	195.76	0.009
E5	TREND_3600|EXT|TRAIL_1.0R	VETO_K+DAYSIDE	ALL	387	2953	7.63	-253.69	-354.15	-151.12	-33.25	287.5	0.3481	873.45	-0.127
E5	TREND_3600|EXT|TRAIL_1.0R	VETO_K+DAYSIDE	MODEL_TOP3	387	661	1.708	-14.53	-64.28	29.56	-8.51	312.5	0.3752	220.07	-0.007
E5	TREND_3600|EXT|TRAIL_1.0R	SHUFFLED_VETO	ALL	387	3781	9.77	-284.85	-436.18	-133.27	-29.16	362.5	0.3642	1222.53	-0.142
E5	TREND_3600|EXT|TRAIL_1.0R	SHUFFLED_VETO	MODEL_TOP3	387	745	1.925	-73.89	-124.95	-22.22	-38.38	337.5	0.3557	261.27	-0.037
E5	TREND_3600|EXT|TRAIL_1.0R	SHUFFLED_DAYSIDE	ALL	387	3615	9.341	-305.1	-416.02	-195.37	-32.66	275	0.3516	992.48	-0.153
E5	TREND_3600|EXT|TRAIL_1.0R	SHUFFLED_DAYSIDE	MODEL_TOP3	387	603	1.558	-22.03	-68.04	24.79	-14.14	325	0.3847	194.93	-0.011
E5	TREND_3600|EXT|TRAIL_1.0R	GATE_TOP5	ALL	266	497	1.868	10.09	-110.02	126.83	5.4	675	0.4085	414.3	0.005
E5	TREND_3600|EXT|TRAIL_1.0R	GATE_TOP5	MODEL_TOP3	266	348	1.308	32.25	-70.12	133.25	24.65	712.5	0.4339	278.4	0.016
E5	TREND_3600|EXT|TRAIL_1.0R	GATE_TOP5+VETO_K	ALL	191	290	1.518	26.87	-93.6	150.59	17.69	671.88	0.4207	289.87	0.013
E5	TREND_3600|EXT|TRAIL_1.0R	GATE_TOP5+VETO_K	MODEL_TOP3	191	246	1.288	48.66	-65.01	171.14	37.78	687.5	0.4268	247.67	0.024
E5	TREND_3600|EXT|TRAIL_1.0R	GATE_TOP5+DAYSIDE	ALL	189	285	1.508	2.81	-128.93	145	1.86	650	0.3895	343.06	0.001
E5	TREND_3600|EXT|TRAIL_1.0R	GATE_TOP5+DAYSIDE	MODEL_TOP3	189	225	1.19	-27.71	-149.59	107.28	-23.28	675	0.3867	308.18	-0.014
E5	TREND_3600|EXT|TRAIL_1.0R	SHUFFLED_GATE_TOP5	ALL	386	1829	4.738	-212.29	-315.1	-105.4	-44.8	400	0.3707	746.43	-0.106
E5	TREND_3600|EXT|TRAIL_1.0R	SHUFFLED_GATE_TOP5	MODEL_TOP3	386	902	2.337	21.09	-59.2	100.09	9.02	387.5	0.4058	347.94	0.011
E5	TREND_3600|EXT|TRAIL_1.0R	GATE_TOP10	ALL	328	878	2.677	-45.45	-163.22	67.42	-16.98	587.5	0.3759	519.05	-0.023
E5	TREND_3600|EXT|TRAIL_1.0R	GATE_TOP10	MODEL_TOP3	328	460	1.402	40	-32.46	115.76	28.52	600	0.4261	250.05	0.02
E5	TREND_3600|EXT|TRAIL_1.0R	GATE_TOP10+VETO_K	ALL	275	533	1.938	-10.99	-111.12	95.44	-5.67	600	0.3865	343.33	-0.005
E5	TREND_3600|EXT|TRAIL_1.0R	GATE_TOP10+VETO_K	MODEL_TOP3	275	393	1.429	17.08	-71.75	104.8	11.95	612.5	0.3919	266.45	0.009
E5	TREND_3600|EXT|TRAIL_1.0R	GATE_TOP10+DAYSIDE	ALL	278	529	1.903	-39.46	-133.04	57.4	-20.74	562.5	0.3648	366.96	-0.02
E5	TREND_3600|EXT|TRAIL_1.0R	GATE_TOP10+DAYSIDE	MODEL_TOP3	278	352	1.266	-20.83	-108.42	72.58	-16.45	606.25	0.3722	274.23	-0.01
E5	TREND_3600|EXT|TRAIL_1.0R	SHUFFLED_GATE_TOP10	ALL	387	2517	6.504	-178.26	-301.23	-60	-27.41	387.5	0.3866	897.28	-0.089
E5	TREND_3600|EXT|TRAIL_1.0R	SHUFFLED_GATE_TOP10	MODEL_TOP3	387	871	2.251	-1.92	-68.94	66.4	-0.85	375	0.3904	304.51	-0.001
E5	TREND_3600|EXT|TRAIL_1.0R	GATE_TOP30	ALL	355	2241	6.313	-128.48	-262.08	7.09	-20.35	400	0.3655	867.84	-0.064
E5	TREND_3600|EXT|TRAIL_1.0R	GATE_TOP30	MODEL_TOP3	355	544	1.532	-48.54	-96.11	1.54	-31.68	400	0.3566	240.35	-0.024
E5	TREND_3600|EXT|TRAIL_1.0R	GATE_TOP30+VETO_K	ALL	345	1725	5	-97.5	-197.66	7.35	-19.5	400	0.3733	683.18	-0.049
E5	TREND_3600|EXT|TRAIL_1.0R	GATE_TOP30+VETO_K	MODEL_TOP3	345	606	1.757	-14.14	-74.23	45.41	-8.05	400	0.3828	257.36	-0.007
E5	TREND_3600|EXT|TRAIL_1.0R	GATE_TOP30+DAYSIDE	ALL	342	1496	4.374	-71.49	-165.66	25.64	-16.34	337.5	0.3616	585.99	-0.036
E5	TREND_3600|EXT|TRAIL_1.0R	GATE_TOP30+DAYSIDE	MODEL_TOP3	342	517	1.512	1.38	-60.21	65.7	0.91	400	0.3868	240.27	0.001
E5	TREND_3600|EXT|TRAIL_1.0R	SHUFFLED_GATE_TOP30	ALL	387	3616	9.344	-205.1	-351.57	-55.83	-21.95	375	0.3744	1151.64	-0.103
E5	TREND_3600|EXT|TRAIL_1.0R	SHUFFLED_GATE_TOP30	MODEL_TOP3	387	759	1.961	-25.78	-77.91	26.83	-13.14	325	0.3742	250.61	-0.013
E5	TREND_3600|RECLAIM|TRAIL_1.0R	NONE	ALL	387	7895	20.401	-571.33	-733.75	-411.05	-28.01	187.5	0.326	1484.17	-0.286
E5	TREND_3600|RECLAIM|TRAIL_1.0R	NONE	MODEL_TOP3	387	693	1.791	-48.21	-81.5	-15.33	-26.92	187.5	0.3218	166.92	-0.024
E5	TREND_3600|RECLAIM|TRAIL_1.0R	VETO_K	ALL	387	6314	16.315	-427.97	-560.67	-294.98	-26.23	200	0.3261	1246.41	-0.214
E5	TREND_3600|RECLAIM|TRAIL_1.0R	VETO_K	MODEL_TOP3	387	736	1.902	-56.42	-91.95	-21.67	-29.67	175	0.303	180.45	-0.028
E5	TREND_3600|RECLAIM|TRAIL_1.0R	VETO_2K	ALL	387	5020	12.972	-390.12	-483.67	-292.74	-30.07	200	0.3311	1020.06	-0.195
E5	TREND_3600|RECLAIM|TRAIL_1.0R	VETO_2K	MODEL_TOP3	387	767	1.982	-81.26	-109.19	-54.81	-41	175	0.3012	190.15	-0.041
E5	TREND_3600|RECLAIM|TRAIL_1.0R	DAYSIDE	ALL	387	5301	13.698	-387.58	-491.05	-283.08	-28.3	162.5	0.3194	999.43	-0.194
E5	TREND_3600|RECLAIM|TRAIL_1.0R	DAYSIDE	MODEL_TOP3	387	689	1.78	-5.61	-50.74	39.62	-3.15	200	0.3454	171.21	-0.003
E5	TREND_3600|RECLAIM|TRAIL_1.0R	VETO_K+DAYSIDE	ALL	387	4038	10.434	-307.5	-396.54	-215.21	-29.47	162.5	0.3212	827.23	-0.154
E5	TREND_3600|RECLAIM|TRAIL_1.0R	VETO_K+DAYSIDE	MODEL_TOP3	387	721	1.863	-34.65	-76.86	4.14	-18.6	200	0.3356	193.44	-0.017
E5	TREND_3600|RECLAIM|TRAIL_1.0R	SHUFFLED_VETO	ALL	387	5668	14.646	-404.79	-538.76	-274.32	-27.64	212.5	0.3264	1229.98	-0.202
E5	TREND_3600|RECLAIM|TRAIL_1.0R	SHUFFLED_VETO	MODEL_TOP3	387	820	2.119	-65.86	-107.7	-27.15	-31.08	200	0.3256	221.22	-0.033
E5	TREND_3600|RECLAIM|TRAIL_1.0R	SHUFFLED_DAYSIDE	ALL	387	5282	13.649	-384.18	-489.05	-287.18	-28.15	162.5	0.3247	978.22	-0.192
E5	TREND_3600|RECLAIM|TRAIL_1.0R	SHUFFLED_DAYSIDE	MODEL_TOP3	387	692	1.788	-33.25	-71.54	4.65	-18.59	187.5	0.3439	174.42	-0.017
E5	TREND_3600|RECLAIM|TRAIL_1.0R	GATE_TOP5	ALL	225	423	1.88	-57.21	-192.49	73.52	-30.43	662.5	0.3664	457.59	-0.029
E5	TREND_3600|RECLAIM|TRAIL_1.0R	GATE_TOP5	MODEL_TOP3	225	272	1.209	67.73	-47.25	182.88	56.03	687.5	0.4191	248.71	0.034
E5	TREND_3600|RECLAIM|TRAIL_1.0R	GATE_TOP5+VETO_K	ALL	161	218	1.354	86.67	-45.92	216.9	64.01	675	0.4495	258.31	0.043
E5	TREND_3600|RECLAIM|TRAIL_1.0R	GATE_TOP5+VETO_K	MODEL_TOP3	161	195	1.211	85.52	-36.87	211.36	70.61	700	0.4615	222.48	0.043
E5	TREND_3600|RECLAIM|TRAIL_1.0R	GATE_TOP5+DAYSIDE	ALL	153	227	1.484	-22.78	-174.11	137.49	-15.35	631.25	0.3612	347.29	-0.011
E5	TREND_3600|RECLAIM|TRAIL_1.0R	GATE_TOP5+DAYSIDE	MODEL_TOP3	153	176	1.15	12.34	-133.91	165.87	10.73	653.12	0.3807	275.34	0.006
E5	TREND_3600|RECLAIM|TRAIL_1.0R	SHUFFLED_GATE_TOP5	ALL	386	2182	5.653	-214.39	-300.81	-121.77	-37.93	250	0.3332	656.65	-0.107
E5	TREND_3600|RECLAIM|TRAIL_1.0R	SHUFFLED_GATE_TOP5	MODEL_TOP3	386	976	2.528	8.34	-59.12	77.46	3.3	237.5	0.3678	287.77	0.004
E5	TREND_3600|RECLAIM|TRAIL_1.0R	GATE_TOP10	ALL	284	901	3.173	-57.48	-171.08	64.32	-18.12	450	0.3818	537.28	-0.029
E5	TREND_3600|RECLAIM|TRAIL_1.0R	GATE_TOP10	MODEL_TOP3	284	397	1.398	50.8	-24.49	132.5	36.34	462.5	0.4307	216.94	0.025
E5	TREND_3600|RECLAIM|TRAIL_1.0R	GATE_TOP10+VETO_K	ALL	250	542	2.168	17.68	-80.3	117.97	8.16	456.25	0.4077	329.39	0.009
E5	TREND_3600|RECLAIM|TRAIL_1.0R	GATE_TOP10+VETO_K	MODEL_TOP3	250	365	1.46	34.65	-56.93	128.14	23.73	462.5	0.4192	238.26	0.017
E5	TREND_3600|RECLAIM|TRAIL_1.0R	GATE_TOP10+DAYSIDE	ALL	239	524	2.192	-39.86	-150	76.56	-18.18	418.75	0.3607	362.02	-0.02
E5	TREND_3600|RECLAIM|TRAIL_1.0R	GATE_TOP10+DAYSIDE	MODEL_TOP3	239	323	1.351	-24.44	-121.33	79.95	-18.08	456.25	0.3406	257.58	-0.012
E5	TREND_3600|RECLAIM|TRAIL_1.0R	SHUFFLED_GATE_TOP10	ALL	387	3256	8.413	-273.72	-386.3	-155.2	-32.53	237.5	0.3434	867.29	-0.137
E5	TREND_3600|RECLAIM|TRAIL_1.0R	SHUFFLED_GATE_TOP10	MODEL_TOP3	387	936	2.419	-8.14	-62.88	51.3	-3.36	234.38	0.36	256.67	-0.004
E5	TREND_3600|RECLAIM|TRAIL_1.0R	GATE_TOP30	ALL	367	2822	7.689	-90.97	-204.11	20	-11.83	225	0.3544	720.89	-0.045
E5	TREND_3600|RECLAIM|TRAIL_1.0R	GATE_TOP30	MODEL_TOP3	367	585	1.594	12.3	-35.24	62.47	7.71	275	0.3761	178.05	0.006
E5	TREND_3600|RECLAIM|TRAIL_1.0R	GATE_TOP30+VETO_K	ALL	344	2077	6.038	-57.35	-157.63	44.85	-9.5	237.5	0.35	560.43	-0.029
E5	TREND_3600|RECLAIM|TRAIL_1.0R	GATE_TOP30+VETO_K	MODEL_TOP3	344	586	1.703	-0.76	-54.29	52.31	-0.45	275	0.3754	198.28	-0
E5	TREND_3600|RECLAIM|TRAIL_1.0R	GATE_TOP30+DAYSIDE	ALL	335	1812	5.409	-90.31	-170.52	-4.63	-16.7	200	0.3499	513.66	-0.045
E5	TREND_3600|RECLAIM|TRAIL_1.0R	GATE_TOP30+DAYSIDE	MODEL_TOP3	335	529	1.579	-3.36	-60.82	62.69	-2.13	262.5	0.3762	208.88	-0.002
E5	TREND_3600|RECLAIM|TRAIL_1.0R	SHUFFLED_GATE_TOP30	ALL	387	5379	13.899	-318.98	-450.17	-183.12	-22.95	212.5	0.3363	1137.01	-0.159
E5	TREND_3600|RECLAIM|TRAIL_1.0R	SHUFFLED_GATE_TOP30	MODEL_TOP3	387	821	2.121	-43.96	-87.06	2.45	-20.72	200	0.3203	215.35	-0.022
E5	TREND_3600|SWING|TRAIL_1.0R	NONE	ALL	387	17682	45.69	-1242.68	-1365.3	-1119.78	-27.2	87.5	0.2795	1813.39	-0.621
E5	TREND_3600|SWING|TRAIL_1.0R	NONE	MODEL_TOP3	387	791	2.044	-69.83	-88.99	-50.94	-34.16	87.5	0.2503	130.93	-0.035
E5	TREND_3600|SWING|TRAIL_1.0R	VETO_K	ALL	387	12952	33.468	-941.93	-1037.02	-847.72	-28.14	87.5	0.276	1417.04	-0.471
E5	TREND_3600|SWING|TRAIL_1.0R	VETO_K	MODEL_TOP3	387	803	2.075	-66.08	-85.06	-48.16	-31.84	87.5	0.269	129.64	-0.033
E5	TREND_3600|SWING|TRAIL_1.0R	VETO_2K	ALL	387	8886	22.961	-636.46	-707.83	-565.41	-27.72	81.25	0.2785	979.85	-0.318
E5	TREND_3600|SWING|TRAIL_1.0R	VETO_2K	MODEL_TOP3	387	844	2.181	-75.18	-90.43	-60.69	-34.47	75	0.2737	131.34	-0.038
E5	TREND_3600|SWING|TRAIL_1.0R	DAYSIDE	ALL	387	9101	23.517	-619.78	-701.94	-538.91	-26.35	87.5	0.2833	1071.34	-0.31
E5	TREND_3600|SWING|TRAIL_1.0R	DAYSIDE	MODEL_TOP3	387	797	2.059	-52.69	-73.82	-31.92	-25.59	87.5	0.2798	128.4	-0.026
E5	TREND_3600|SWING|TRAIL_1.0R	VETO_K+DAYSIDE	ALL	387	6656	17.199	-451.29	-516.49	-384.58	-26.24	87.5	0.2837	819.69	-0.226
E5	TREND_3600|SWING|TRAIL_1.0R	VETO_K+DAYSIDE	MODEL_TOP3	387	793	2.049	-54.72	-74.77	-35.19	-26.71	87.5	0.2926	127.01	-0.027
E5	TREND_3600|SWING|TRAIL_1.0R	SHUFFLED_VETO	ALL	387	10740	27.752	-802.6	-905.31	-699.59	-28.92	87.5	0.2783	1298.92	-0.401
E5	TREND_3600|SWING|TRAIL_1.0R	SHUFFLED_VETO	MODEL_TOP3	387	926	2.393	-78.1	-103.02	-52.62	-32.64	87.5	0.2646	163.29	-0.039
E5	TREND_3600|SWING|TRAIL_1.0R	SHUFFLED_DAYSIDE	ALL	387	9205	23.786	-673.55	-760.01	-588.47	-28.32	87.5	0.282	1108.14	-0.337
E5	TREND_3600|SWING|TRAIL_1.0R	SHUFFLED_DAYSIDE	MODEL_TOP3	387	780	2.016	-52.71	-74.51	-32.91	-26.15	87.5	0.2923	124.32	-0.026
E5	TREND_3600|SWING|TRAIL_1.0R	GATE_TOP5	ALL	275	1125	4.091	-84.77	-168.14	-4.28	-20.72	150	0.3227	366.29	-0.042
E5	TREND_3600|SWING|TRAIL_1.0R	GATE_TOP5	MODEL_TOP3	275	481	1.749	-25.81	-69.65	20.69	-14.76	156.25	0.3119	165.87	-0.013
E5	TREND_3600|SWING|TRAIL_1.0R	GATE_TOP5+VETO_K	ALL	203	394	1.941	-68.2	-117.17	-19.46	-35.14	143.75	0.297	182.08	-0.034
E5	TREND_3600|SWING|TRAIL_1.0R	GATE_TOP5+VETO_K	MODEL_TOP3	203	325	1.601	-42.12	-87.52	5.79	-26.31	150	0.3046	145.72	-0.021
E5	TREND_3600|SWING|TRAIL_1.0R	GATE_TOP5+DAYSIDE	ALL	210	605	2.881	-47.65	-108.24	13.38	-16.54	156.25	0.3339	262.92	-0.024
E5	TREND_3600|SWING|TRAIL_1.0R	GATE_TOP5+DAYSIDE	MODEL_TOP3	210	342	1.629	-13.32	-57.63	31.14	-8.18	162.5	0.3275	149.97	-0.007
E5	TREND_3600|SWING|TRAIL_1.0R	SHUFFLED_GATE_TOP5	ALL	386	2877	7.453	-217.09	-268.68	-166.8	-29.13	100	0.2864	471.12	-0.109
E5	TREND_3600|SWING|TRAIL_1.0R	SHUFFLED_GATE_TOP5	MODEL_TOP3	386	1059	2.744	-56.14	-84.48	-27.21	-20.46	100	0.3097	184.77	-0.028
E5	TREND_3600|SWING|TRAIL_1.0R	GATE_TOP10	ALL	320	2480	7.75	-151.62	-233.24	-77.31	-19.56	106.25	0.3161	495.26	-0.076
E5	TREND_3600|SWING|TRAIL_1.0R	GATE_TOP10	MODEL_TOP3	320	630	1.969	-35.59	-71.47	2.81	-18.08	137.5	0.3238	161.03	-0.018
E5	TREND_3600|SWING|TRAIL_1.0R	GATE_TOP10+VETO_K	ALL	280	1212	4.329	-110.33	-154.87	-62.66	-25.49	100	0.2937	275.06	-0.055
E5	TREND_3600|SWING|TRAIL_1.0R	GATE_TOP10+VETO_K	MODEL_TOP3	280	565	2.018	-62.19	-95.3	-24.19	-30.82	118.75	0.2956	162.92	-0.031
E5	TREND_3600|SWING|TRAIL_1.0R	GATE_TOP10+DAYSIDE	ALL	285	1333	4.677	-87.86	-143.89	-31.36	-18.78	112.5	0.3173	310.95	-0.044
E5	TREND_3600|SWING|TRAIL_1.0R	GATE_TOP10+DAYSIDE	MODEL_TOP3	285	519	1.821	-20.09	-52.64	18.49	-11.03	125	0.3198	138.7	-0.01
E5	TREND_3600|SWING|TRAIL_1.0R	SHUFFLED_GATE_TOP10	ALL	387	4926	12.729	-375.47	-441.22	-303.44	-29.5	100	0.283	729.59	-0.188
E5	TREND_3600|SWING|TRAIL_1.0R	SHUFFLED_GATE_TOP10	MODEL_TOP3	387	1019	2.633	-73.99	-101.04	-46.92	-28.1	87.5	0.2944	175.37	-0.037
E5	TREND_3600|SWING|TRAIL_1.0R	GATE_TOP30	ALL	360	7215	20.042	-375.31	-458.23	-295.21	-18.73	75	0.2981	799.16	-0.188
E5	TREND_3600|SWING|TRAIL_1.0R	GATE_TOP30	MODEL_TOP3	360	723	2.008	-38.38	-68.24	-9.2	-19.11	100	0.3043	149.86	-0.019
E5	TREND_3600|SWING|TRAIL_1.0R	GATE_TOP30+VETO_K	ALL	342	4711	13.775	-297.07	-348.58	-243.83	-21.57	75	0.2912	548.07	-0.149
E5	TREND_3600|SWING|TRAIL_1.0R	GATE_TOP30+VETO_K	MODEL_TOP3	342	696	2.035	-48.35	-75.64	-22.36	-23.76	100	0.2974	143.3	-0.024
E5	TREND_3600|SWING|TRAIL_1.0R	GATE_TOP30+DAYSIDE	ALL	327	3869	11.832	-185.46	-255.04	-115.23	-15.67	75	0.3086	515.55	-0.093
E5	TREND_3600|SWING|TRAIL_1.0R	GATE_TOP30+DAYSIDE	MODEL_TOP3	327	647	1.979	-7.31	-35.04	23.55	-3.7	100	0.3586	126.73	-0.004
E5	TREND_3600|SWING|TRAIL_1.0R	SHUFFLED_GATE_TOP30	ALL	387	10032	25.922	-740.43	-837.89	-648.75	-28.56	87.5	0.279	1235.89	-0.37
E5	TREND_3600|SWING|TRAIL_1.0R	SHUFFLED_GATE_TOP30	MODEL_TOP3	387	926	2.393	-80.81	-103.02	-58.97	-33.77	87.5	0.2883	157.24	-0.04
E6	LEG_0.75|RECLAIM|TRAIL_1.0R	NONE	ALL	258	401	1.554	38.55	-136.53	217.35	24.8	1700	0.4688	560.48	0.019
E6	LEG_0.75|RECLAIM|TRAIL_1.0R	NONE	MODEL_TOP3	258	316	1.225	158.34	16.21	309.23	129.28	1693.75	0.5032	356	0.079
E6	LEG_0.75|RECLAIM|TRAIL_1.0R	VETO_K	ALL	223	299	1.341	-8.69	-139.91	150.84	-6.48	1637.5	0.4649	441.22	-0.004
E6	LEG_0.75|RECLAIM|TRAIL_1.0R	VETO_K	MODEL_TOP3	223	269	1.206	9.22	-117.01	157.51	7.64	1675	0.4684	386.17	0.005
E6	LEG_0.75|RECLAIM|TRAIL_1.0R	VETO_2K	ALL	162	186	1.148	-7.98	-166.88	169.09	-6.95	1631.25	0.4516	355.62	-0.004
E6	LEG_0.75|RECLAIM|TRAIL_1.0R	VETO_2K	MODEL_TOP3	162	180	1.111	-27.31	-181.91	148.24	-24.58	1643.75	0.4444	349	-0.014
E6	LEG_0.75|RECLAIM|TRAIL_1.0R	DAYSIDE	ALL	154	190	1.234	-56.05	-257.03	156.51	-45.43	1700	0.4421	528.28	-0.028
E6	LEG_0.75|RECLAIM|TRAIL_1.0R	DAYSIDE	MODEL_TOP3	154	171	1.11	-85.5	-275.05	106.85	-77	1700	0.4327	483.34	-0.043
E6	LEG_0.75|RECLAIM|TRAIL_1.0R	VETO_K+DAYSIDE	ALL	124	141	1.137	13.62	-191.03	218.91	11.98	1675	0.461	406.19	0.007
E6	LEG_0.75|RECLAIM|TRAIL_1.0R	VETO_K+DAYSIDE	MODEL_TOP3	124	138	1.113	-1.53	-201.36	200.1	-1.38	1675	0.4565	401.46	-0.001
E6	LEG_0.75|RECLAIM|TRAIL_1.0R	SHUFFLED_VETO	ALL	217	302	1.392	130.63	-40.66	327.03	93.86	1650	0.4801	460.64	0.065
E6	LEG_0.75|RECLAIM|TRAIL_1.0R	SHUFFLED_VETO	MODEL_TOP3	217	272	1.253	189.38	24.44	381.5	151.09	1637.5	0.4963	382.04	0.095
E6	LEG_0.75|RECLAIM|TRAIL_1.0R	SHUFFLED_DAYSIDE	ALL	161	201	1.248	54.39	-159.83	269.04	43.57	1712.5	0.4826	461.11	0.027
E6	LEG_0.75|RECLAIM|TRAIL_1.0R	SHUFFLED_DAYSIDE	MODEL_TOP3	161	183	1.137	5.61	-179.65	203.71	4.94	1712.5	0.4754	424.06	0.003
E6	LEG_0.75|EXT|TRAIL_1.0R	NONE	ALL	258	386	1.496	8.8	-168.96	188.79	5.88	1850	0.4534	559.39	0.004
E6	LEG_0.75|EXT|TRAIL_1.0R	NONE	MODEL_TOP3	258	309	1.198	162.13	12.26	317.27	135.37	1825	0.4984	345.3	0.081
E6	LEG_0.75|EXT|TRAIL_1.0R	VETO_K	ALL	223	291	1.305	-33.43	-167.53	129.81	-25.62	1825	0.4639	452.9	-0.017
E6	LEG_0.75|EXT|TRAIL_1.0R	VETO_K	MODEL_TOP3	223	265	1.188	3.73	-124.76	157.37	3.14	1825	0.4717	388.06	0.002
E6	LEG_0.75|EXT|TRAIL_1.0R	VETO_2K	ALL	162	184	1.136	-12.66	-178.11	171.65	-11.15	1818.75	0.462	358.57	-0.006
E6	LEG_0.75|EXT|TRAIL_1.0R	VETO_2K	MODEL_TOP3	162	179	1.105	-32.99	-192.54	146.34	-29.86	1825	0.4525	352.95	-0.016
E6	LEG_0.75|EXT|TRAIL_1.0R	DAYSIDE	ALL	154	190	1.234	-91.92	-301.76	128.78	-74.51	1843.75	0.4368	558.63	-0.046
E6	LEG_0.75|EXT|TRAIL_1.0R	DAYSIDE	MODEL_TOP3	154	171	1.11	-112.86	-306.99	83.76	-101.64	1825	0.4327	508.51	-0.056
E6	LEG_0.75|EXT|TRAIL_1.0R	VETO_K+DAYSIDE	ALL	124	141	1.137	-10.93	-220.38	198.36	-9.61	1800	0.461	427.26	-0.005
E6	LEG_0.75|EXT|TRAIL_1.0R	VETO_K+DAYSIDE	MODEL_TOP3	124	138	1.113	-24.82	-230.27	178.33	-22.3	1800	0.4565	421.27	-0.012
E6	LEG_0.75|EXT|TRAIL_1.0R	SHUFFLED_VETO	ALL	217	291	1.341	108.44	-64.49	299.59	80.87	1825	0.4708	467.63	0.054
E6	LEG_0.75|EXT|TRAIL_1.0R	SHUFFLED_VETO	MODEL_TOP3	217	263	1.212	179.08	16.36	365.56	147.76	1825	0.4905	382.55	0.09
E6	LEG_0.75|EXT|TRAIL_1.0R	SHUFFLED_DAYSIDE	ALL	161	201	1.248	38.17	-174.92	262.11	30.57	1868.75	0.4776	472.17	0.019
E6	LEG_0.75|EXT|TRAIL_1.0R	SHUFFLED_DAYSIDE	MODEL_TOP3	161	183	1.137	-5.18	-193.51	196.78	-4.56	1837.5	0.4699	431.62	-0.003
E6	LEG_0.75|RECLAIM|TRAIL_1.5R	NONE	ALL	258	374	1.45	-63.12	-257.93	124.89	-43.54	1700	0.4545	602.02	-0.032
E6	LEG_0.75|RECLAIM|TRAIL_1.5R	NONE	MODEL_TOP3	258	305	1.182	159.7	7.6	313.34	135.09	1700	0.4951	345.52	0.08
E6	LEG_0.75|RECLAIM|TRAIL_1.5R	VETO_K	ALL	223	292	1.309	-41.71	-183.97	121.34	-31.85	1643.75	0.4589	464.24	-0.021
E6	LEG_0.75|RECLAIM|TRAIL_1.5R	VETO_K	MODEL_TOP3	223	266	1.193	-10.01	-141.27	141.34	-8.4	1671.88	0.4662	397.91	-0.005
E6	LEG_0.75|RECLAIM|TRAIL_1.5R	VETO_2K	ALL	162	184	1.136	-29.41	-194.54	151.44	-25.89	1631.25	0.4511	368.63	-0.015
E6	LEG_0.75|RECLAIM|TRAIL_1.5R	VETO_2K	MODEL_TOP3	162	179	1.105	-51.2	-208.8	125.9	-46.34	1637.5	0.4413	364.47	-0.026
E6	LEG_0.75|RECLAIM|TRAIL_1.5R	DAYSIDE	ALL	154	188	1.221	-115.54	-342.96	120.87	-94.64	1700	0.4362	576.7	-0.058
E6	LEG_0.75|RECLAIM|TRAIL_1.5R	DAYSIDE	MODEL_TOP3	154	170	1.104	-117.84	-325.95	84.33	-106.75	1700	0.4294	511.19	-0.059
E6	LEG_0.75|RECLAIM|TRAIL_1.5R	VETO_K+DAYSIDE	ALL	124	140	1.129	0.53	-207.99	209.31	0.47	1675	0.4571	414.68	0
E6	LEG_0.75|RECLAIM|TRAIL_1.5R	VETO_K+DAYSIDE	MODEL_TOP3	124	137	1.105	-11.7	-215.81	191.81	-10.59	1675	0.4526	407.03	-0.006
E6	LEG_0.75|RECLAIM|TRAIL_1.5R	SHUFFLED_VETO	ALL	217	288	1.327	35.52	-144.25	230.58	26.76	1656.25	0.4688	517.73	0.018
E6	LEG_0.75|RECLAIM|TRAIL_1.5R	SHUFFLED_VETO	MODEL_TOP3	217	261	1.203	163.38	-7.77	351.53	135.84	1662.5	0.4943	396.26	0.082
E6	LEG_0.75|RECLAIM|TRAIL_1.5R	SHUFFLED_DAYSIDE	ALL	161	199	1.236	4.63	-226.85	237.09	3.75	1712.5	0.4774	502.76	0.002
E6	LEG_0.75|RECLAIM|TRAIL_1.5R	SHUFFLED_DAYSIDE	MODEL_TOP3	161	182	1.13	-29.04	-227.54	174.84	-25.69	1712.5	0.467	455.54	-0.015
E6	LEG_0.75|RECLAIM|PHASE	NONE	ALL	258	371	1.438	-65.38	-254.17	115.63	-45.46	1700	0.4582	599.95	-0.033
E6	LEG_0.75|RECLAIM|PHASE	NONE	MODEL_TOP3	258	305	1.182	156.9	4.23	310.24	132.73	1700	0.4951	345.72	0.078
E6	LEG_0.75|RECLAIM|PHASE	VETO_K	ALL	223	292	1.309	-48.14	-193.91	117.79	-36.76	1643.75	0.4589	463.46	-0.024
E6	LEG_0.75|RECLAIM|PHASE	VETO_K	MODEL_TOP3	223	266	1.193	-13.31	-147.19	138.47	-11.16	1671.88	0.4662	396.35	-0.007
E6	LEG_0.75|RECLAIM|PHASE	VETO_2K	ALL	162	184	1.136	-40.67	-208.1	142.93	-35.81	1631.25	0.4457	379.34	-0.02
E6	LEG_0.75|RECLAIM|PHASE	VETO_2K	MODEL_TOP3	162	179	1.105	-62.47	-225.29	118.07	-56.54	1637.5	0.4358	375.19	-0.031
E6	LEG_0.75|RECLAIM|PHASE	DAYSIDE	ALL	154	188	1.221	-120.55	-354.06	115.84	-98.75	1700	0.4362	585.34	-0.06
E6	LEG_0.75|RECLAIM|PHASE	DAYSIDE	MODEL_TOP3	154	170	1.104	-123.13	-329.01	78.78	-111.54	1700	0.4294	512.12	-0.062
E6	LEG_0.75|RECLAIM|PHASE	VETO_K+DAYSIDE	ALL	124	140	1.129	-3.38	-212.66	205.98	-2.99	1675	0.4571	411.43	-0.002
E6	LEG_0.75|RECLAIM|PHASE	VETO_K+DAYSIDE	MODEL_TOP3	124	137	1.105	-15.6	-218.38	190.32	-14.12	1675	0.4526	403.78	-0.008
E6	LEG_0.75|RECLAIM|PHASE	SHUFFLED_VETO	ALL	217	286	1.318	43.21	-134.78	237.57	32.78	1656.25	0.472	506.64	0.022
E6	LEG_0.75|RECLAIM|PHASE	SHUFFLED_VETO	MODEL_TOP3	217	260	1.198	166.73	-4.72	356.14	139.16	1662.5	0.4962	389.51	0.083
E6	LEG_0.75|RECLAIM|PHASE	SHUFFLED_DAYSIDE	ALL	161	199	1.236	1.12	-230.56	234.02	0.9	1712.5	0.4774	509.75	0.001
E6	LEG_0.75|RECLAIM|PHASE	SHUFFLED_DAYSIDE	MODEL_TOP3	161	182	1.13	-32.83	-229.87	171.78	-29.04	1712.5	0.467	455.15	-0.016
E6	LEG_0.75|EXT|PHASE	NONE	ALL	258	367	1.422	-72.23	-254.47	114.19	-50.78	1850	0.4578	598.46	-0.036
E6	LEG_0.75|EXT|PHASE	NONE	MODEL_TOP3	258	303	1.174	157.98	3.55	311.75	134.52	1825	0.4983	344.64	0.079
E6	LEG_0.75|EXT|PHASE	VETO_K	ALL	223	290	1.3	-52.3	-201.24	113.45	-40.22	1818.75	0.4621	458.99	-0.026
E6	LEG_0.75|EXT|PHASE	VETO_K	MODEL_TOP3	223	264	1.184	-2.53	-138.41	152.23	-2.14	1825	0.4697	383.88	-0.001
E6	LEG_0.75|EXT|PHASE	VETO_2K	ALL	162	183	1.13	-36.94	-203.28	143.83	-32.7	1812.5	0.4481	375.61	-0.018
E6	LEG_0.75|EXT|PHASE	VETO_2K	MODEL_TOP3	162	178	1.099	-58.73	-220.16	119.9	-53.46	1825	0.4382	371.45	-0.029
E6	LEG_0.75|EXT|PHASE	DAYSIDE	ALL	154	188	1.221	-132.32	-371.6	105.48	-108.39	1843.75	0.4362	597.11	-0.066
E6	LEG_0.75|EXT|PHASE	DAYSIDE	MODEL_TOP3	154	170	1.104	-133.16	-342.14	71.91	-120.62	1825	0.4294	522.14	-0.067
E6	LEG_0.75|EXT|PHASE	VETO_K+DAYSIDE	ALL	124	140	1.129	-8.22	-217.54	202.85	-7.28	1800	0.4571	416.27	-0.004
E6	LEG_0.75|EXT|PHASE	VETO_K+DAYSIDE	MODEL_TOP3	124	137	1.105	-19.18	-223.08	186.34	-17.36	1800	0.4526	407.36	-0.01
E6	LEG_0.75|EXT|PHASE	SHUFFLED_VETO	ALL	217	284	1.309	33.55	-143.15	227.96	25.63	1825	0.4718	514.48	0.017
E6	LEG_0.75|EXT|PHASE	SHUFFLED_VETO	MODEL_TOP3	217	260	1.198	158.58	-15.55	351.22	132.36	1825	0.4962	397.66	0.079
E6	LEG_0.75|EXT|PHASE	SHUFFLED_DAYSIDE	ALL	161	199	1.236	-1.6	-235.57	234.73	-1.29	1868.75	0.4774	512.47	-0.001
E6	LEG_0.75|EXT|PHASE	SHUFFLED_DAYSIDE	MODEL_TOP3	161	182	1.13	-33.99	-230.06	172.92	-30.07	1837.5	0.467	456.31	-0.017
E6	LEG_0.75|EXT|TRAIL_1.5R	NONE	ALL	258	369	1.43	-72.74	-260.57	116.96	-50.86	1850	0.4553	600.19	-0.036
E6	LEG_0.75|EXT|TRAIL_1.5R	NONE	MODEL_TOP3	258	303	1.174	157.37	3.61	313.22	134	1825	0.4983	347.2	0.079
E6	LEG_0.75|EXT|TRAIL_1.5R	VETO_K	ALL	223	290	1.3	-51.25	-201.73	114.47	-39.41	1818.75	0.4621	459.35	-0.026
E6	LEG_0.75|EXT|TRAIL_1.5R	VETO_K	MODEL_TOP3	223	264	1.184	-1.59	-136.8	154.85	-1.34	1825	0.4697	384.36	-0.001
E6	LEG_0.75|EXT|TRAIL_1.5R	VETO_2K	ALL	162	183	1.13	-34.27	-199.49	145.96	-30.34	1812.5	0.4481	372.95	-0.017
E6	LEG_0.75|EXT|TRAIL_1.5R	VETO_2K	MODEL_TOP3	162	178	1.099	-56.07	-216.36	121.91	-51.03	1825	0.4382	368.79	-0.028
E6	LEG_0.75|EXT|TRAIL_1.5R	DAYSIDE	ALL	154	188	1.221	-133.36	-369	105.14	-109.24	1843.75	0.4362	591.59	-0.067
E6	LEG_0.75|EXT|TRAIL_1.5R	DAYSIDE	MODEL_TOP3	154	170	1.104	-130.58	-342.81	74.36	-118.29	1825	0.4294	522.83	-0.065
E6	LEG_0.75|EXT|TRAIL_1.5R	VETO_K+DAYSIDE	ALL	124	140	1.129	-5.02	-213.39	204.54	-4.44	1800	0.4571	417.13	-0.003
E6	LEG_0.75|EXT|TRAIL_1.5R	VETO_K+DAYSIDE	MODEL_TOP3	124	137	1.105	-15.98	-219.88	188.44	-14.47	1800	0.4526	408.22	-0.008
E6	LEG_0.75|EXT|TRAIL_1.5R	SHUFFLED_VETO	ALL	217	285	1.313	34.33	-142.9	226.46	26.14	1825	0.4667	515.67	0.017
E6	LEG_0.75|EXT|TRAIL_1.5R	SHUFFLED_VETO	MODEL_TOP3	217	261	1.203	159.19	-14.74	350.02	132.36	1825	0.4904	399.02	0.08
E6	LEG_0.75|EXT|TRAIL_1.5R	SHUFFLED_DAYSIDE	ALL	161	199	1.236	-6.2	-240.62	230.88	-5.02	1868.75	0.4774	510.8	-0.003
E6	LEG_0.75|EXT|TRAIL_1.5R	SHUFFLED_DAYSIDE	MODEL_TOP3	161	182	1.13	-35.14	-230.21	170.34	-31.08	1837.5	0.467	460.58	-0.018
E6	LEG_0.5|RECLAIM|TRAIL_1.5R	NONE	ALL	365	862	2.362	15	-135.23	177.38	6.35	1112.5	0.4513	748.4	0.007
E6	LEG_0.5|RECLAIM|TRAIL_1.5R	NONE	MODEL_TOP3	365	505	1.384	177.35	62.64	309.37	128.19	1125	0.5129	379.45	0.089
E6	LEG_0.5|RECLAIM|TRAIL_1.5R	VETO_K	ALL	349	720	2.063	-24.48	-135.97	102.44	-11.87	1075	0.4389	611.07	-0.012
E6	LEG_0.5|RECLAIM|TRAIL_1.5R	VETO_K	MODEL_TOP3	349	501	1.436	76.29	-28.17	193.54	53.15	1093.75	0.485	387.1	0.038
E6	LEG_0.5|RECLAIM|TRAIL_1.5R	VETO_2K	ALL	302	500	1.656	-35.43	-151.24	93.31	-21.4	1050	0.446	469.14	-0.018
E6	LEG_0.5|RECLAIM|TRAIL_1.5R	VETO_2K	MODEL_TOP3	302	413	1.368	-0.55	-109.22	126.56	-0.4	1075	0.4649	383.55	-0
E6	LEG_0.5|RECLAIM|TRAIL_1.5R	DAYSIDE	ALL	304	473	1.556	-81.84	-210.4	59.36	-52.6	1087.5	0.4482	561.15	-0.041
E6	LEG_0.5|RECLAIM|TRAIL_1.5R	DAYSIDE	MODEL_TOP3	304	374	1.23	-65.25	-180.49	56.78	-53.04	1093.75	0.4465	442.06	-0.033
E6	LEG_0.5|RECLAIM|TRAIL_1.5R	VETO_K+DAYSIDE	ALL	259	363	1.402	-20.06	-140.33	105.79	-14.31	1075	0.4656	438.33	-0.01
E6	LEG_0.5|RECLAIM|TRAIL_1.5R	VETO_K+DAYSIDE	MODEL_TOP3	259	314	1.212	-23.57	-134.83	98.33	-19.44	1087.5	0.4522	380.35	-0.012
E6	LEG_0.5|RECLAIM|TRAIL_1.5R	SHUFFLED_VETO	ALL	341	685	2.009	19.67	-127.96	180.77	9.79	1075	0.4204	666.97	0.01
E6	LEG_0.5|RECLAIM|TRAIL_1.5R	SHUFFLED_VETO	MODEL_TOP3	341	534	1.566	173.24	39.75	319.39	110.62	1075	0.4625	448.11	0.087
E6	LEG_0.5|RECLAIM|TRAIL_1.5R	SHUFFLED_DAYSIDE	ALL	307	492	1.603	40.87	-112.25	201.2	25.5	1087.5	0.4614	503.43	0.02
E6	LEG_0.5|RECLAIM|TRAIL_1.5R	SHUFFLED_DAYSIDE	MODEL_TOP3	307	400	1.303	30.24	-105.31	165.22	23.21	1090.62	0.46	398.66	0.015
E6	LEG_0.5|EXT|TRAIL_1.5R	NONE	ALL	365	821	2.249	-4.73	-164.81	165	-2.1	1250	0.458	755.58	-0.002
E6	LEG_0.5|EXT|TRAIL_1.5R	NONE	MODEL_TOP3	365	497	1.362	172.03	50.44	306.75	126.34	1275	0.5111	388.08	0.086
E6	LEG_0.5|EXT|TRAIL_1.5R	VETO_K	ALL	349	689	1.974	17.97	-111.48	162.8	9.1	1225	0.4557	587.14	0.009
E6	LEG_0.5|EXT|TRAIL_1.5R	VETO_K	MODEL_TOP3	349	486	1.393	109.18	-0.56	227.47	78.4	1250	0.5	377.77	0.055
E6	LEG_0.5|EXT|TRAIL_1.5R	VETO_2K	ALL	302	482	1.596	-11.64	-142.15	127.25	-7.3	1212.5	0.4647	466.36	-0.006
E6	LEG_0.5|EXT|TRAIL_1.5R	VETO_2K	MODEL_TOP3	302	404	1.338	13.65	-104.68	146.38	10.21	1231.25	0.4777	388.39	0.007
E6	LEG_0.5|EXT|TRAIL_1.5R	DAYSIDE	ALL	304	465	1.53	-111.17	-249.87	37.62	-72.68	1237.5	0.4495	594.15	-0.056
E6	LEG_0.5|EXT|TRAIL_1.5R	DAYSIDE	MODEL_TOP3	304	370	1.217	-91.66	-212.43	33.55	-75.31	1250	0.4459	477.8	-0.046
E6	LEG_0.5|EXT|TRAIL_1.5R	VETO_K+DAYSIDE	ALL	259	360	1.39	-5.27	-130.24	124.4	-3.79	1212.5	0.4694	439.32	-0.003
E6	LEG_0.5|EXT|TRAIL_1.5R	VETO_K+DAYSIDE	MODEL_TOP3	259	313	1.208	-30.32	-150.28	96.12	-25.09	1225	0.4473	399.72	-0.015
E6	LEG_0.5|EXT|TRAIL_1.5R	SHUFFLED_VETO	ALL	341	654	1.918	-27.27	-171.63	124.83	-14.22	1237.5	0.4235	670.49	-0.014
E6	LEG_0.5|EXT|TRAIL_1.5R	SHUFFLED_VETO	MODEL_TOP3	341	514	1.507	133.24	-7.42	281.84	88.4	1237.5	0.463	462.46	0.067
E6	LEG_0.5|EXT|TRAIL_1.5R	SHUFFLED_DAYSIDE	ALL	307	484	1.577	22.26	-135.38	178.78	14.12	1225	0.4669	525.75	0.011
E6	LEG_0.5|EXT|TRAIL_1.5R	SHUFFLED_DAYSIDE	MODEL_TOP3	307	395	1.287	18.56	-113.78	156.86	14.42	1237.5	0.4658	418.24	0.009
E6	LEG_0.5|RECLAIM|PHASE	NONE	ALL	365	827	2.266	-43.18	-204.64	120.72	-19.06	1100	0.4547	778.71	-0.022
E6	LEG_0.5|RECLAIM|PHASE	NONE	MODEL_TOP3	365	504	1.381	182.34	64.45	315.08	132.05	1125	0.5159	380.98	0.091
E6	LEG_0.5|RECLAIM|PHASE	VETO_K	ALL	349	706	2.023	-16.79	-137.25	117.6	-8.3	1075	0.4504	606	-0.008
E6	LEG_0.5|RECLAIM|PHASE	VETO_K	MODEL_TOP3	349	497	1.424	81.99	-21.23	201.39	57.58	1087.5	0.4889	391.43	0.041
E6	LEG_0.5|RECLAIM|PHASE	VETO_2K	ALL	302	494	1.636	-43.69	-163.47	88.62	-26.71	1050	0.4494	480.64	-0.022
E6	LEG_0.5|RECLAIM|PHASE	VETO_2K	MODEL_TOP3	302	409	1.354	-2.24	-109.96	122.98	-1.65	1075	0.467	390.55	-0.001
E6	LEG_0.5|RECLAIM|PHASE	DAYSIDE	ALL	304	466	1.533	-103.06	-241.82	42.74	-67.23	1087.5	0.4485	583.89	-0.052
E6	LEG_0.5|RECLAIM|PHASE	DAYSIDE	MODEL_TOP3	304	373	1.227	-73.18	-194.38	49.95	-59.64	1100	0.4424	453.38	-0.037
E6	LEG_0.5|RECLAIM|PHASE	VETO_K+DAYSIDE	ALL	259	360	1.39	-9.27	-136.01	119.18	-6.67	1075	0.4667	431.67	-0.005
E6	LEG_0.5|RECLAIM|PHASE	VETO_K+DAYSIDE	MODEL_TOP3	259	313	1.208	-19.29	-138.23	104.98	-15.96	1087.5	0.4473	386.83	-0.01
E6	LEG_0.5|RECLAIM|PHASE	SHUFFLED_VETO	ALL	341	660	1.935	-26.87	-179.77	135.68	-13.88	1075	0.4212	686.73	-0.013
E6	LEG_0.5|RECLAIM|PHASE	SHUFFLED_VETO	MODEL_TOP3	341	526	1.543	161.95	23.54	310.65	104.99	1084.38	0.4658	457.1	0.081
E6	LEG_0.5|RECLAIM|PHASE	SHUFFLED_DAYSIDE	ALL	307	486	1.583	14.38	-144.58	176.1	9.08	1087.5	0.4609	529.99	0.007
E6	LEG_0.5|RECLAIM|PHASE	SHUFFLED_DAYSIDE	MODEL_TOP3	307	398	1.296	16.62	-121.17	156.21	12.82	1090.62	0.4598	412.5	0.008
E6	LEG_0.5|RECLAIM|TRAIL_1.0R	NONE	ALL	365	1013	2.775	75.13	-61.12	228.22	27.07	1100	0.463	750.93	0.038
E6	LEG_0.5|RECLAIM|TRAIL_1.0R	NONE	MODEL_TOP3	365	546	1.496	154.01	46.04	274.39	102.96	1125	0.5	380.93	0.077
E6	LEG_0.5|RECLAIM|TRAIL_1.0R	VETO_K	ALL	349	801	2.295	-11.44	-110.58	90.15	-4.98	1062.5	0.4357	585.86	-0.006
E6	LEG_0.5|RECLAIM|TRAIL_1.0R	VETO_K	MODEL_TOP3	349	534	1.53	65.83	-30.33	168.92	43.02	1087.5	0.4757	376.33	0.033
E6	LEG_0.5|RECLAIM|TRAIL_1.0R	VETO_2K	ALL	302	528	1.748	-10.42	-109.88	103.53	-5.96	1037.5	0.447	421.16	-0.005
E6	LEG_0.5|RECLAIM|TRAIL_1.0R	VETO_2K	MODEL_TOP3	302	429	1.421	13.05	-84.39	125.27	9.19	1068.75	0.4592	345.67	0.007
E6	LEG_0.5|RECLAIM|TRAIL_1.0R	DAYSIDE	ALL	304	497	1.635	-44.46	-150.28	70.23	-27.2	1087.5	0.4648	495.51	-0.022
E6	LEG_0.5|RECLAIM|TRAIL_1.0R	DAYSIDE	MODEL_TOP3	304	376	1.237	-35.09	-132.67	68.25	-28.37	1093.75	0.4654	381.6	-0.018
E6	LEG_0.5|RECLAIM|TRAIL_1.0R	VETO_K+DAYSIDE	ALL	259	374	1.444	-7.1	-101.89	87.14	-4.92	1075	0.4652	390.15	-0.004
E6	LEG_0.5|RECLAIM|TRAIL_1.0R	VETO_K+DAYSIDE	MODEL_TOP3	259	315	1.216	-11.46	-104.97	82.53	-9.42	1087.5	0.4571	330.52	-0.006
E6	LEG_0.5|RECLAIM|TRAIL_1.0R	SHUFFLED_VETO	ALL	341	778	2.282	26.48	-109.68	178.37	11.61	1075	0.4229	665.81	0.013
E6	LEG_0.5|RECLAIM|TRAIL_1.0R	SHUFFLED_VETO	MODEL_TOP3	341	576	1.689	84.99	-23.52	199.96	50.32	1075	0.4271	477.02	0.042
E6	LEG_0.5|RECLAIM|TRAIL_1.0R	SHUFFLED_DAYSIDE	ALL	307	516	1.681	60.45	-67.78	198.91	35.96	1087.5	0.4612	451.35	0.03
E6	LEG_0.5|RECLAIM|TRAIL_1.0R	SHUFFLED_DAYSIDE	MODEL_TOP3	307	404	1.316	49.04	-70.28	174.66	37.26	1096.88	0.4728	351.86	0.025
E6	LEG_0.5|EXT|PHASE	NONE	ALL	365	798	2.186	-55.04	-221.35	110.77	-25.18	1250	0.4612	778.89	-0.028
E6	LEG_0.5|EXT|PHASE	NONE	MODEL_TOP3	365	496	1.359	168.24	51.08	300.72	123.81	1275	0.5141	388.61	0.084
E6	LEG_0.5|EXT|PHASE	VETO_K	ALL	349	681	1.951	23.07	-109.94	165.54	11.82	1225	0.4626	573.79	0.012
E6	LEG_0.5|EXT|PHASE	VETO_K	MODEL_TOP3	349	486	1.393	104.39	-1.35	215.88	74.96	1250	0.5	380.13	0.052
E6	LEG_0.5|EXT|PHASE	VETO_2K	ALL	302	481	1.593	-19.76	-150.99	121.3	-12.41	1212.5	0.4615	469.32	-0.01
E6	LEG_0.5|EXT|PHASE	VETO_2K	MODEL_TOP3	302	404	1.338	10.8	-106.2	142.53	8.07	1231.25	0.4752	389.29	0.005
E6	LEG_0.5|EXT|PHASE	DAYSIDE	ALL	304	461	1.516	-128.63	-272.41	25.1	-84.83	1237.5	0.4534	608.12	-0.064
E6	LEG_0.5|EXT|PHASE	DAYSIDE	MODEL_TOP3	304	370	1.217	-102.08	-224.52	23.75	-83.87	1250	0.4459	482.34	-0.051
E6	LEG_0.5|EXT|PHASE	VETO_K+DAYSIDE	ALL	259	359	1.386	-3.58	-132.68	127.48	-2.58	1212.5	0.4735	431.23	-0.002
E6	LEG_0.5|EXT|PHASE	VETO_K+DAYSIDE	MODEL_TOP3	259	313	1.208	-29.14	-147.28	97.8	-24.11	1225	0.4505	397.17	-0.015
E6	LEG_0.5|EXT|PHASE	SHUFFLED_VETO	ALL	341	636	1.865	-48.05	-202.93	110.72	-25.76	1237.5	0.4277	684.37	-0.024
E6	LEG_0.5|EXT|PHASE	SHUFFLED_VETO	MODEL_TOP3	341	510	1.496	122.73	-21.58	272.24	82.06	1225	0.4627	467.36	0.061
E6	LEG_0.5|EXT|PHASE	SHUFFLED_DAYSIDE	ALL	307	481	1.567	4.34	-156.78	167.82	2.77	1225	0.4657	538.3	0.002
E6	LEG_0.5|EXT|PHASE	SHUFFLED_DAYSIDE	MODEL_TOP3	307	394	1.283	8.36	-123.47	147.71	6.52	1237.5	0.4645	420.9	0.004
E6	TREND_1800|EXT|TRAIL_1.5R	NONE	ALL	384	3793	9.878	-120.11	-324.96	91.18	-12.16	387.5	0.3754	1640.08	-0.06
E6	TREND_1800|EXT|TRAIL_1.5R	NONE	MODEL_TOP3	384	651	1.695	1.03	-61.68	73.51	0.61	325	0.3763	271.07	0.001
E6	TREND_1800|EXT|TRAIL_1.5R	VETO_K	ALL	384	3366	8.766	-59.37	-228	121.09	-6.77	393.75	0.38	1474.01	-0.03
E6	TREND_1800|EXT|TRAIL_1.5R	VETO_K	MODEL_TOP3	384	681	1.773	-49.37	-105.75	10.64	-27.84	325	0.37	290.03	-0.025
E6	TREND_1800|EXT|TRAIL_1.5R	VETO_2K	ALL	384	3044	7.927	-156.45	-310.43	-3.07	-19.74	375	0.3742	1275.77	-0.078
E6	TREND_1800|EXT|TRAIL_1.5R	VETO_2K	MODEL_TOP3	384	716	1.865	-57.86	-114.85	-1.46	-31.03	325	0.3659	305.34	-0.029
E6	TREND_1800|EXT|TRAIL_1.5R	DAYSIDE	ALL	384	3671	9.56	-337.49	-498.96	-180.4	-35.3	300	0.3424	1395.91	-0.169
E6	TREND_1800|EXT|TRAIL_1.5R	DAYSIDE	MODEL_TOP3	384	619	1.612	90.03	18.49	167	55.85	331.25	0.4297	249.56	0.045
E6	TREND_1800|EXT|TRAIL_1.5R	VETO_K+DAYSIDE	ALL	384	2925	7.617	-216.79	-376.29	-63.33	-28.46	318.75	0.3535	1184.73	-0.108
E6	TREND_1800|EXT|TRAIL_1.5R	VETO_K+DAYSIDE	MODEL_TOP3	384	645	1.68	60.62	-11.93	131.7	36.09	325	0.4186	248.12	0.03
E6	TREND_1800|EXT|TRAIL_1.5R	SHUFFLED_VETO	ALL	384	3245	8.451	-130.79	-316.85	59.18	-15.48	400	0.3855	1501.01	-0.065
E6	TREND_1800|EXT|TRAIL_1.5R	SHUFFLED_VETO	MODEL_TOP3	384	755	1.966	-25.35	-103.71	58.52	-12.89	350	0.3748	354.82	-0.013
E6	TREND_1800|EXT|TRAIL_1.5R	SHUFFLED_DAYSIDE	ALL	384	3637	9.471	-261.48	-428.63	-77.54	-27.61	300	0.342	1410.25	-0.131
E6	TREND_1800|EXT|TRAIL_1.5R	SHUFFLED_DAYSIDE	MODEL_TOP3	384	631	1.643	135.28	64.88	213.94	82.33	325	0.4358	239.21	0.068
E6	TREND_900|EXT|TRAIL_1.0R	NONE	ALL	384	6967	18.143	-304.31	-492.57	-94.02	-16.77	350	0.367	1850.52	-0.152
E6	TREND_900|EXT|TRAIL_1.0R	NONE	MODEL_TOP3	384	725	1.888	-1.99	-60.56	59.32	-1.05	275	0.349	240.17	-0.001
E6	TREND_900|EXT|TRAIL_1.0R	VETO_K	ALL	384	5704	14.854	-280.67	-458.58	-104.05	-18.89	350	0.3645	1583.03	-0.14
E6	TREND_900|EXT|TRAIL_1.0R	VETO_K	MODEL_TOP3	384	773	2.013	-63.48	-116.01	-5.4	-31.54	287.5	0.326	263.19	-0.032
E6	TREND_900|EXT|TRAIL_1.0R	VETO_2K	ALL	384	4652	12.115	-273.19	-393.88	-142.59	-22.55	337.5	0.3648	1281.94	-0.137
E6	TREND_900|EXT|TRAIL_1.0R	VETO_2K	MODEL_TOP3	384	780	2.031	-54.93	-103.79	-3.74	-27.04	287.5	0.3256	267.11	-0.027
E6	TREND_900|EXT|TRAIL_1.0R	DAYSIDE	ALL	384	5995	15.612	-486.62	-644.23	-318.85	-31.17	287.5	0.3475	1493.84	-0.243
E6	TREND_900|EXT|TRAIL_1.0R	DAYSIDE	MODEL_TOP3	384	725	1.888	38.92	-16.2	94.31	20.61	293.75	0.3821	218.36	0.019
E6	TREND_900|EXT|TRAIL_1.0R	VETO_K+DAYSIDE	ALL	384	4514	11.755	-383.66	-511.38	-245.85	-32.64	287.5	0.3407	1231.16	-0.192
E6	TREND_900|EXT|TRAIL_1.0R	VETO_K+DAYSIDE	MODEL_TOP3	384	734	1.911	-19.19	-69.31	30	-10.04	287.5	0.361	229.49	-0.01
E6	TREND_900|EXT|TRAIL_1.0R	SHUFFLED_VETO	ALL	384	5502	14.328	-172.26	-337.64	7.05	-12.02	362.5	0.3642	1540.52	-0.086
E6	TREND_900|EXT|TRAIL_1.0R	SHUFFLED_VETO	MODEL_TOP3	384	856	2.229	10.32	-64.29	93.5	4.63	325	0.3481	292.98	0.005
E6	TREND_900|EXT|TRAIL_1.0R	SHUFFLED_DAYSIDE	ALL	384	5950	15.495	-406.27	-582.56	-214.99	-26.22	281.25	0.3418	1510.95	-0.203
E6	TREND_900|EXT|TRAIL_1.0R	SHUFFLED_DAYSIDE	MODEL_TOP3	384	728	1.896	77.57	18.62	141.33	40.91	287.5	0.3956	223.65	0.039
E6	TREND_900|EXT|TRAIL_1.0R	GATE_TOP5	ALL	211	584	2.768	127.48	-117	364.6	46.06	850	0.3921	798.74	0.064
E6	TREND_900|EXT|TRAIL_1.0R	GATE_TOP5	MODEL_TOP3	211	292	1.384	119.15	-27.63	277.53	86.1	775	0.3801	398.99	0.06
E6	TREND_900|EXT|TRAIL_1.0R	GATE_TOP5+VETO_K	ALL	120	179	1.492	201.5	-20.32	431.35	135.08	1000	0.4972	421.03	0.101
E6	TREND_900|EXT|TRAIL_1.0R	GATE_TOP5+VETO_K	MODEL_TOP3	120	155	1.292	193.33	-5.38	403.75	149.68	1000	0.4968	362.52	0.097
E6	TREND_900|EXT|TRAIL_1.0R	GATE_TOP5+DAYSIDE	ALL	166	375	2.259	-28.54	-236.09	186.15	-12.63	762.5	0.3733	661.16	-0.014
E6	TREND_900|EXT|TRAIL_1.0R	GATE_TOP5+DAYSIDE	MODEL_TOP3	166	230	1.386	80.38	-77.33	238.07	58.02	775	0.387	409.58	0.04
E6	TREND_900|EXT|TRAIL_1.0R	SHUFFLED_GATE_TOP5	ALL	382	2403	6.291	-107.19	-232	26.33	-17.04	362.5	0.3608	900.12	-0.054
E6	TREND_900|EXT|TRAIL_1.0R	SHUFFLED_GATE_TOP5	MODEL_TOP3	382	974	2.55	-52.21	-134.1	30.94	-20.48	350	0.3563	421.45	-0.026
E6	TREND_900|EXT|TRAIL_1.0R	GATE_TOP10	ALL	307	1149	3.743	59.48	-153.5	281.53	15.89	700	0.3786	885.62	0.03
E6	TREND_900|EXT|TRAIL_1.0R	GATE_TOP10	MODEL_TOP3	307	465	1.515	111.87	-2.14	232.56	73.86	650	0.4086	341.12	0.056
E6	TREND_900|EXT|TRAIL_1.0R	GATE_TOP10+VETO_K	ALL	238	502	2.109	74.98	-75.05	228.12	35.55	762.5	0.4124	541.62	0.037
E6	TREND_900|EXT|TRAIL_1.0R	GATE_TOP10+VETO_K	MODEL_TOP3	238	359	1.508	55.22	-54.55	175.89	36.61	762.5	0.4123	388.95	0.028
E6	TREND_900|EXT|TRAIL_1.0R	GATE_TOP10+DAYSIDE	ALL	257	744	2.895	-65.5	-235.98	106.62	-22.62	625	0.3508	695.09	-0.033
E6	TREND_900|EXT|TRAIL_1.0R	GATE_TOP10+DAYSIDE	MODEL_TOP3	257	376	1.463	85.46	-30.21	204.75	58.41	628.12	0.3936	334.97	0.043
E6	TREND_900|EXT|TRAIL_1.0R	SHUFFLED_GATE_TOP10	ALL	384	3489	9.086	-110.44	-249.66	40.19	-12.15	362.5	0.3608	1164.45	-0.055
E6	TREND_900|EXT|TRAIL_1.0R	SHUFFLED_GATE_TOP10	MODEL_TOP3	384	960	2.5	-56.15	-128.01	14.15	-22.46	337.5	0.3552	382.52	-0.028
E6	TREND_900|EXT|TRAIL_1.0R	GATE_TOP30	ALL	380	3264	8.589	30.8	-140.74	210.83	3.59	400	0.3845	1158.24	0.015
E6	TREND_900|EXT|TRAIL_1.0R	GATE_TOP30	MODEL_TOP3	380	675	1.776	28.78	-46.77	107.57	16.2	400	0.3659	294.01	0.014
E6	TREND_900|EXT|TRAIL_1.0R	GATE_TOP30+VETO_K	ALL	373	2324	6.231	-54.96	-173.79	74.46	-8.82	368.75	0.3795	843.45	-0.027
E6	TREND_900|EXT|TRAIL_1.0R	GATE_TOP30+VETO_K	MODEL_TOP3	373	695	1.863	-24.92	-101.18	54.99	-13.37	425	0.354	328.05	-0.012
E6	TREND_900|EXT|TRAIL_1.0R	GATE_TOP30+DAYSIDE	ALL	369	2369	6.42	-90.16	-220.85	46.5	-14.04	337.5	0.3605	848.57	-0.045
E6	TREND_900|EXT|TRAIL_1.0R	GATE_TOP30+DAYSIDE	MODEL_TOP3	369	647	1.753	48.74	-32.39	130.69	27.8	412.5	0.3694	290.24	0.024
E6	TREND_900|EXT|TRAIL_1.0R	SHUFFLED_GATE_TOP30	ALL	384	5306	13.818	-214.37	-379	-36.29	-15.51	362.5	0.36	1557.56	-0.107
E6	TREND_900|EXT|TRAIL_1.0R	SHUFFLED_GATE_TOP30	MODEL_TOP3	384	840	2.188	-2.52	-67.44	66.12	-1.15	300	0.3548	284.59	-0.001
E6	TREND_900|RECLAIM|TRAIL_1.0R	NONE	ALL	384	14338	37.339	-925.49	-1123.69	-724.17	-24.79	159.38	0.308	2148.9	-0.463
E6	TREND_900|RECLAIM|TRAIL_1.0R	NONE	MODEL_TOP3	384	820	2.135	-35.47	-79.82	11.41	-16.61	137.5	0.2988	180.82	-0.018
E6	TREND_900|RECLAIM|TRAIL_1.0R	VETO_K	ALL	384	10996	28.635	-757.94	-914.18	-604.81	-26.47	150	0.3101	1697.83	-0.379
E6	TREND_900|RECLAIM|TRAIL_1.0R	VETO_K	MODEL_TOP3	384	845	2.201	-67.74	-106.84	-31.22	-30.78	137.5	0.2817	194.17	-0.034
E6	TREND_900|RECLAIM|TRAIL_1.0R	VETO_2K	ALL	384	8018	20.88	-592.37	-701.92	-475.86	-28.37	150	0.3053	1266.66	-0.296
E6	TREND_900|RECLAIM|TRAIL_1.0R	VETO_2K	MODEL_TOP3	384	832	2.167	-82.79	-113.82	-50.3	-38.21	143.75	0.2885	193.94	-0.041
E6	TREND_900|RECLAIM|TRAIL_1.0R	DAYSIDE	ALL	384	9375	24.414	-684.94	-831.69	-540.7	-28.06	137.5	0.3011	1476.16	-0.342
E6	TREND_900|RECLAIM|TRAIL_1.0R	DAYSIDE	MODEL_TOP3	384	812	2.115	-10.04	-48.06	32.63	-4.75	137.5	0.3313	168.7	-0.005
E6	TREND_900|RECLAIM|TRAIL_1.0R	VETO_K+DAYSIDE	ALL	384	6676	17.385	-518.21	-632.92	-405.06	-29.81	137.5	0.2972	1130.12	-0.259
E6	TREND_900|RECLAIM|TRAIL_1.0R	VETO_K+DAYSIDE	MODEL_TOP3	384	811	2.112	-67.3	-103.6	-29.98	-31.86	137.5	0.3058	182.05	-0.034
E6	TREND_900|RECLAIM|TRAIL_1.0R	SHUFFLED_VETO	ALL	384	9725	25.326	-639.16	-809.98	-471.01	-25.24	162.5	0.3152	1697.07	-0.32
E6	TREND_900|RECLAIM|TRAIL_1.0R	SHUFFLED_VETO	MODEL_TOP3	384	933	2.43	-27.56	-74.38	25.59	-11.34	150	0.3087	213.34	-0.014
E6	TREND_900|RECLAIM|TRAIL_1.0R	SHUFFLED_DAYSIDE	ALL	384	9328	24.292	-653.16	-814.71	-494.88	-26.89	137.5	0.3022	1500.56	-0.327
E6	TREND_900|RECLAIM|TRAIL_1.0R	SHUFFLED_DAYSIDE	MODEL_TOP3	384	815	2.122	28.04	-21.01	78.88	13.21	137.5	0.3546	172.44	0.014
E6	TREND_900|RECLAIM|TRAIL_1.0R	GATE_TOP5	ALL	248	800	3.226	82.54	-85.26	260.59	25.59	650	0.3912	682.2	0.041
E6	TREND_900|RECLAIM|TRAIL_1.0R	GATE_TOP5	MODEL_TOP3	248	359	1.448	127.99	8.35	259.53	88.42	637.5	0.4067	325.06	0.064
E6	TREND_900|RECLAIM|TRAIL_1.0R	GATE_TOP5+VETO_K	ALL	149	235	1.577	90.18	-55.38	236.46	57.18	725	0.4426	371.63	0.045
E6	TREND_900|RECLAIM|TRAIL_1.0R	GATE_TOP5+VETO_K	MODEL_TOP3	149	205	1.376	56.17	-74.24	191.86	40.82	725	0.4341	335.82	0.028
E6	TREND_900|RECLAIM|TRAIL_1.0R	GATE_TOP5+DAYSIDE	ALL	189	462	2.444	-14.44	-169.68	147	-5.91	615.62	0.3745	523.02	-0.007
E6	TREND_900|RECLAIM|TRAIL_1.0R	GATE_TOP5+DAYSIDE	MODEL_TOP3	189	262	1.386	51.96	-62.25	170.53	37.49	631.25	0.3893	310.99	0.026
E6	TREND_900|RECLAIM|TRAIL_1.0R	SHUFFLED_GATE_TOP5	ALL	382	2889	7.563	-175.41	-270.99	-73.12	-23.19	181.25	0.3178	683.66	-0.088
E6	TREND_900|RECLAIM|TRAIL_1.0R	SHUFFLED_GATE_TOP5	MODEL_TOP3	382	1029	2.694	-90.45	-141.25	-34.68	-33.58	168.75	0.3003	298.08	-0.045
E6	TREND_900|RECLAIM|TRAIL_1.0R	GATE_TOP10	ALL	329	1548	4.705	7.61	-145.11	161.66	1.62	556.25	0.3721	789.94	0.004
E6	TREND_900|RECLAIM|TRAIL_1.0R	GATE_TOP10	MODEL_TOP3	329	540	1.641	59.8	-28.54	150.67	36.44	537.5	0.4056	291.16	0.03
E6	TREND_900|RECLAIM|TRAIL_1.0R	GATE_TOP10+VETO_K	ALL	260	566	2.177	35.22	-73.83	147.39	16.18	600	0.3975	440.6	0.018
E6	TREND_900|RECLAIM|TRAIL_1.0R	GATE_TOP10+VETO_K	MODEL_TOP3	260	404	1.554	-0.82	-84.15	82.64	-0.53	587.5	0.3812	331.5	-0
E6	TREND_900|RECLAIM|TRAIL_1.0R	GATE_TOP10+DAYSIDE	ALL	282	911	3.23	-29.36	-158.15	95.94	-9.09	512.5	0.3776	544.57	-0.015
E6	TREND_900|RECLAIM|TRAIL_1.0R	GATE_TOP10+DAYSIDE	MODEL_TOP3	282	432	1.532	29.29	-62.01	134.29	19.12	550	0.3866	287.28	0.015
E6	TREND_900|RECLAIM|TRAIL_1.0R	SHUFFLED_GATE_TOP10	ALL	384	4772	12.427	-281.7	-396.77	-161.41	-22.67	175	0.315	1011.59	-0.141
E6	TREND_900|RECLAIM|TRAIL_1.0R	SHUFFLED_GATE_TOP10	MODEL_TOP3	384	1018	2.651	-81	-126.73	-33.35	-30.55	162.5	0.2967	272.24	-0.04
E6	TREND_900|RECLAIM|TRAIL_1.0R	GATE_TOP30	ALL	372	4900	13.172	-128.33	-277.54	22.6	-9.74	181.25	0.342	1076.78	-0.064
E6	TREND_900|RECLAIM|TRAIL_1.0R	GATE_TOP30	MODEL_TOP3	372	712	1.914	2.83	-70.12	77.46	1.48	287.5	0.3441	271.3	0.001
E6	TREND_900|RECLAIM|TRAIL_1.0R	GATE_TOP30+VETO_K	ALL	342	3235	9.459	-107.99	-210.99	0.09	-11.42	156.25	0.3444	705.78	-0.054
E6	TREND_900|RECLAIM|TRAIL_1.0R	GATE_TOP30+VETO_K	MODEL_TOP3	342	659	1.927	-60.66	-126.69	8.86	-31.48	325	0.3171	292.81	-0.03
E6	TREND_900|RECLAIM|TRAIL_1.0R	GATE_TOP30+DAYSIDE	ALL	354	3038	8.582	-149.04	-270.11	-27.99	-17.37	150	0.3308	717.99	-0.075
E6	TREND_900|RECLAIM|TRAIL_1.0R	GATE_TOP30+DAYSIDE	MODEL_TOP3	354	668	1.887	16.82	-46.98	84.23	8.91	262.5	0.3428	254.67	0.008
E6	TREND_900|RECLAIM|TRAIL_1.0R	SHUFFLED_GATE_TOP30	ALL	384	9222	24.016	-565.37	-715.97	-413.4	-23.54	162.5	0.3118	1554.38	-0.283
E6	TREND_900|RECLAIM|TRAIL_1.0R	SHUFFLED_GATE_TOP30	MODEL_TOP3	384	917	2.388	-18.79	-67.67	31.94	-7.87	150	0.313	205.12	-0.009
E6	TREND_900|SWING|TRAIL_1.0R	NONE	ALL	384	31072	80.917	-2209.27	-2397.5	-2025.17	-27.3	75	0.2664	2842.78	-1.105
E6	TREND_900|SWING|TRAIL_1.0R	NONE	MODEL_TOP3	384	901	2.346	-62.71	-85.84	-37.41	-26.73	75	0.2453	136.59	-0.031
E6	TREND_900|SWING|TRAIL_1.0R	VETO_K	ALL	384	19675	51.237	-1510.9	-1617.36	-1400.85	-29.49	75	0.2565	1881.09	-0.755
E6	TREND_900|SWING|TRAIL_1.0R	VETO_K	MODEL_TOP3	384	920	2.396	-87.34	-105.96	-67.14	-36.45	75	0.2326	140.8	-0.044
E6	TREND_900|SWING|TRAIL_1.0R	VETO_2K	ALL	384	12266	31.943	-976.59	-1051.07	-905.45	-30.57	62.5	0.2495	1234.15	-0.488
E6	TREND_900|SWING|TRAIL_1.0R	VETO_2K	MODEL_TOP3	384	896	2.333	-78.2	-95.63	-60.81	-33.52	62.5	0.25	132.17	-0.039
E6	TREND_900|SWING|TRAIL_1.0R	DAYSIDE	ALL	384	15760	41.042	-1148.67	-1274.68	-1030.72	-27.99	75	0.2668	1628.16	-0.574
E6	TREND_900|SWING|TRAIL_1.0R	DAYSIDE	MODEL_TOP3	384	892	2.323	-37.49	-63.13	-9.63	-16.14	62.5	0.2735	124.88	-0.019
E6	TREND_900|SWING|TRAIL_1.0R	VETO_K+DAYSIDE	ALL	384	9939	25.883	-759.25	-836.18	-687.8	-29.33	75	0.2575	1056.7	-0.38
E6	TREND_900|SWING|TRAIL_1.0R	VETO_K+DAYSIDE	MODEL_TOP3	384	883	2.299	-63.09	-81.15	-45.62	-27.44	62.5	0.248	124.53	-0.032
E6	TREND_900|SWING|TRAIL_1.0R	SHUFFLED_VETO	ALL	384	16503	42.977	-1188.91	-1311.47	-1067.84	-27.66	75	0.2661	1694.51	-0.594
E6	TREND_900|SWING|TRAIL_1.0R	SHUFFLED_VETO	MODEL_TOP3	384	1016	2.646	-76.56	-102.32	-50.13	-28.94	75	0.2539	156.23	-0.038
E6	TREND_900|SWING|TRAIL_1.0R	SHUFFLED_DAYSIDE	ALL	384	15820	41.198	-1133.64	-1252.21	-1006.41	-27.52	75	0.2676	1643.46	-0.567
E6	TREND_900|SWING|TRAIL_1.0R	SHUFFLED_DAYSIDE	MODEL_TOP3	384	893	2.326	-40.81	-67.69	-9.33	-17.55	75	0.2699	132.03	-0.02
E6	TREND_900|SWING|TRAIL_1.0R	GATE_TOP5	ALL	241	1689	7.008	-61.68	-175.91	46.9	-8.8	175	0.3375	547.83	-0.031
E6	TREND_900|SWING|TRAIL_1.0R	GATE_TOP5	MODEL_TOP3	241	441	1.83	-7.49	-71.69	65.87	-4.09	181.25	0.3424	193.78	-0.004
E6	TREND_900|SWING|TRAIL_1.0R	GATE_TOP5+VETO_K	ALL	128	220	1.719	-41.02	-94.29	19.34	-23.86	212.5	0.3455	175.99	-0.021
E6	TREND_900|SWING|TRAIL_1.0R	GATE_TOP5+VETO_K	MODEL_TOP3	128	188	1.469	-47.63	-97.55	11.05	-32.43	212.5	0.3351	160.94	-0.024
E6	TREND_900|SWING|TRAIL_1.0R	GATE_TOP5+DAYSIDE	ALL	193	893	4.627	-145.77	-234.08	-58.87	-31.5	193.75	0.3113	441.78	-0.073
E6	TREND_900|SWING|TRAIL_1.0R	GATE_TOP5+DAYSIDE	MODEL_TOP3	193	342	1.772	-16.15	-69	41.47	-9.11	187.5	0.348	186.28	-0.008
E6	TREND_900|SWING|TRAIL_1.0R	SHUFFLED_GATE_TOP5	ALL	384	3409	8.878	-257	-313.49	-199.75	-28.95	75	0.2649	486.95	-0.129
E6	TREND_900|SWING|TRAIL_1.0R	SHUFFLED_GATE_TOP5	MODEL_TOP3	384	1106	2.88	-84.01	-109.1	-57.17	-29.17	75	0.2514	177.81	-0.042
E6	TREND_900|SWING|TRAIL_1.0R	GATE_TOP10	ALL	324	3649	11.262	-149.85	-242.84	-51.12	-13.31	100	0.3119	620.9	-0.075
E6	TREND_900|SWING|TRAIL_1.0R	GATE_TOP10	MODEL_TOP3	324	718	2.216	-15.23	-67.36	47.5	-6.87	112.5	0.3092	179.47	-0.008
E6	TREND_900|SWING|TRAIL_1.0R	GATE_TOP10+VETO_K	ALL	238	958	4.025	-95.68	-134.12	-55.61	-23.77	75	0.2766	237.41	-0.048
E6	TREND_900|SWING|TRAIL_1.0R	GATE_TOP10+VETO_K	MODEL_TOP3	238	497	2.088	-63.59	-96.88	-26.72	-30.45	87.5	0.2596	157.27	-0.032
E6	TREND_900|SWING|TRAIL_1.0R	GATE_TOP10+DAYSIDE	ALL	292	1915	6.558	-136	-204.99	-60.88	-20.74	112.5	0.3097	428.95	-0.068
E6	TREND_900|SWING|TRAIL_1.0R	GATE_TOP10+DAYSIDE	MODEL_TOP3	292	603	2.065	-24.05	-63.82	20.28	-11.64	112.5	0.3068	164.7	-0.012
E6	TREND_900|SWING|TRAIL_1.0R	SHUFFLED_GATE_TOP10	ALL	384	6320	16.458	-444.22	-529.17	-361.69	-26.99	75	0.2655	788.98	-0.222
E6	TREND_900|SWING|TRAIL_1.0R	SHUFFLED_GATE_TOP10	MODEL_TOP3	384	1091	2.841	-89.38	-111.89	-65.84	-31.46	75	0.2493	171.69	-0.045
E6	TREND_900|SWING|TRAIL_1.0R	GATE_TOP30	ALL	344	10140	29.477	-455.7	-555.76	-355	-15.46	62.5	0.2927	990.09	-0.228
E6	TREND_900|SWING|TRAIL_1.0R	GATE_TOP30	MODEL_TOP3	344	784	2.279	-33.78	-79.42	21.76	-14.82	87.5	0.2844	167.32	-0.017
E6	TREND_900|SWING|TRAIL_1.0R	GATE_TOP30+VETO_K	ALL	295	5146	17.444	-291.22	-342.78	-238.13	-16.69	50	0.274	530.84	-0.146
E6	TREND_900|SWING|TRAIL_1.0R	GATE_TOP30+VETO_K	MODEL_TOP3	295	660	2.237	-55.47	-84.39	-24.89	-24.79	75	0.2576	144.19	-0.028
E6	TREND_900|SWING|TRAIL_1.0R	GATE_TOP30+DAYSIDE	ALL	327	5146	15.737	-295.06	-370.77	-221.87	-18.75	62.5	0.2874	631.88	-0.148
E6	TREND_900|SWING|TRAIL_1.0R	GATE_TOP30+DAYSIDE	MODEL_TOP3	327	719	2.199	-18.3	-58.85	23.96	-8.32	87.5	0.3143	154.82	-0.009
E6	TREND_900|SWING|TRAIL_1.0R	SHUFFLED_GATE_TOP30	ALL	384	15025	39.128	-1002.8	-1124.49	-881.37	-25.63	75	0.2694	1528.77	-0.501
E6	TREND_900|SWING|TRAIL_1.0R	SHUFFLED_GATE_TOP30	MODEL_TOP3	384	1011	2.633	-51.77	-81.46	-14.34	-19.66	75	0.272	149.33	-0.026
E6	TREND_1800|EXT|TRAIL_1.0R	NONE	ALL	384	5953	15.503	-249.27	-441.44	-54.02	-16.08	375	0.3623	1752.76	-0.125
E6	TREND_1800|EXT|TRAIL_1.0R	NONE	MODEL_TOP3	384	679	1.768	13.57	-47.33	79.67	7.67	325	0.3623	231.42	0.007
E6	TREND_1800|EXT|TRAIL_1.0R	VETO_K	ALL	384	4788	12.469	-178.26	-342.74	-17.45	-14.3	381.25	0.3745	1496.05	-0.089
E6	TREND_1800|EXT|TRAIL_1.0R	VETO_K	MODEL_TOP3	384	711	1.852	-67.3	-116.47	-17.7	-36.35	325	0.346	260.45	-0.034
E6	TREND_1800|EXT|TRAIL_1.0R	VETO_2K	ALL	384	4001	10.419	-218.73	-360.58	-81.05	-20.99	375	0.3689	1231.92	-0.109
E6	TREND_1800|EXT|TRAIL_1.0R	VETO_2K	MODEL_TOP3	384	748	1.948	-72.45	-123.25	-20.7	-37.19	325	0.3503	272.17	-0.036
E6	TREND_1800|EXT|TRAIL_1.0R	DAYSIDE	ALL	384	4862	12.661	-374.94	-528.14	-229.24	-29.61	300	0.3418	1383.56	-0.187
E6	TREND_1800|EXT|TRAIL_1.0R	DAYSIDE	MODEL_TOP3	384	648	1.688	49.18	-10.97	109.62	29.14	331.25	0.4059	220.9	0.025
E6	TREND_1800|EXT|TRAIL_1.0R	VETO_K+DAYSIDE	ALL	384	3696	9.625	-264.04	-398.68	-127.46	-27.43	312.5	0.3477	1147.41	-0.132
E6	TREND_1800|EXT|TRAIL_1.0R	VETO_K+DAYSIDE	MODEL_TOP3	384	673	1.753	-1.75	-59.5	53.95	-1	325	0.3893	229.64	-0.001
E6	TREND_1800|EXT|TRAIL_1.0R	SHUFFLED_VETO	ALL	384	4573	11.909	-197.26	-380.29	-14.23	-16.56	400	0.3761	1529.96	-0.099
E6	TREND_1800|EXT|TRAIL_1.0R	SHUFFLED_VETO	MODEL_TOP3	384	799	2.081	-17.09	-83.47	50.82	-8.21	350	0.3467	315.89	-0.009
E6	TREND_1800|EXT|TRAIL_1.0R	SHUFFLED_DAYSIDE	ALL	384	4820	12.552	-298.37	-443.56	-146.96	-23.77	300	0.3454	1380.02	-0.149
E6	TREND_1800|EXT|TRAIL_1.0R	SHUFFLED_DAYSIDE	MODEL_TOP3	384	660	1.719	130.79	65.85	202.11	76.1	325	0.4258	207.96	0.065
E6	TREND_1800|EXT|TRAIL_1.0R	GATE_TOP5	ALL	171	444	2.596	50.03	-172.03	290.77	19.27	1012.5	0.4054	853.11	0.025
E6	TREND_1800|EXT|TRAIL_1.0R	GATE_TOP5	MODEL_TOP3	171	232	1.357	132.51	-20.05	302.25	97.67	987.5	0.4009	418.95	0.066
E6	TREND_1800|EXT|TRAIL_1.0R	GATE_TOP5+VETO_K	ALL	94	148	1.574	116.33	-141.52	381.58	73.89	1250	0.4932	507.53	0.058
E6	TREND_1800|EXT|TRAIL_1.0R	GATE_TOP5+VETO_K	MODEL_TOP3	94	126	1.34	109.52	-115.49	365.37	81.71	1284.38	0.4841	432.25	0.055
E6	TREND_1800|EXT|TRAIL_1.0R	GATE_TOP5+DAYSIDE	ALL	135	291	2.156	-108.32	-313.1	99.26	-50.25	862.5	0.3986	704.69	-0.054
E6	TREND_1800|EXT|TRAIL_1.0R	GATE_TOP5+DAYSIDE	MODEL_TOP3	135	174	1.289	-29.45	-176.32	112.76	-22.85	1006.25	0.4195	437.68	-0.015
E6	TREND_1800|EXT|TRAIL_1.0R	SHUFFLED_GATE_TOP5	ALL	383	2159	5.637	-84.52	-206.61	49.63	-14.99	412.5	0.3678	890.32	-0.042
E6	TREND_1800|EXT|TRAIL_1.0R	SHUFFLED_GATE_TOP5	MODEL_TOP3	383	945	2.467	-76.52	-166.05	16.29	-31.01	387.5	0.3344	447.41	-0.038
E6	TREND_1800|EXT|TRAIL_1.0R	GATE_TOP10	ALL	334	1051	3.147	-63.17	-190.33	76.57	-20.07	700	0.3825	792.65	-0.032
E6	TREND_1800|EXT|TRAIL_1.0R	GATE_TOP10	MODEL_TOP3	334	493	1.476	9.93	-84.13	108.01	6.73	668.75	0.3854	369.66	0.005
E6	TREND_1800|EXT|TRAIL_1.0R	GATE_TOP10+VETO_K	ALL	250	476	1.904	18.78	-107.53	141.14	9.86	750	0.4244	506.51	0.009
E6	TREND_1800|EXT|TRAIL_1.0R	GATE_TOP10+VETO_K	MODEL_TOP3	250	361	1.444	-10.2	-119.86	98.21	-7.06	725	0.4183	383.19	-0.005
E6	TREND_1800|EXT|TRAIL_1.0R	GATE_TOP10+DAYSIDE	ALL	273	654	2.396	-127.8	-259.82	4.71	-53.35	650	0.3624	633.09	-0.064
E6	TREND_1800|EXT|TRAIL_1.0R	GATE_TOP10+DAYSIDE	MODEL_TOP3	273	379	1.388	-52.68	-157.34	59.88	-37.95	662.5	0.372	379.89	-0.026
E6	TREND_1800|EXT|TRAIL_1.0R	SHUFFLED_GATE_TOP10	ALL	384	3106	8.089	-102.15	-246.5	43.79	-12.63	403.12	0.3709	1122.68	-0.051
E6	TREND_1800|EXT|TRAIL_1.0R	SHUFFLED_GATE_TOP10	MODEL_TOP3	384	923	2.404	-91.79	-173.76	-8.51	-38.19	387.5	0.3348	427.34	-0.046
E6	TREND_1800|EXT|TRAIL_1.0R	GATE_TOP30	ALL	383	3060	7.99	-134.77	-282.19	19.04	-16.87	412.5	0.3709	1193.87	-0.067
E6	TREND_1800|EXT|TRAIL_1.0R	GATE_TOP30	MODEL_TOP3	383	681	1.778	42.84	-43.66	133.62	24.09	450	0.4068	317.06	0.021
E6	TREND_1800|EXT|TRAIL_1.0R	GATE_TOP30+VETO_K	ALL	377	2184	5.793	-53.82	-171.4	63.69	-9.29	400	0.3869	874.12	-0.027
E6	TREND_1800|EXT|TRAIL_1.0R	GATE_TOP30+VETO_K	MODEL_TOP3	377	727	1.928	-7.35	-86.16	73.08	-3.81	450	0.3728	351.83	-0.004
E6	TREND_1800|EXT|TRAIL_1.0R	GATE_TOP30+DAYSIDE	ALL	373	2160	5.791	-162.15	-288.56	-32.53	-28	337.5	0.3556	848.41	-0.081
E6	TREND_1800|EXT|TRAIL_1.0R	GATE_TOP30+DAYSIDE	MODEL_TOP3	373	661	1.772	44.91	-31.72	124.74	25.34	412.5	0.41	291.59	0.022
E6	TREND_1800|EXT|TRAIL_1.0R	SHUFFLED_GATE_TOP30	ALL	384	4447	11.581	-108.8	-304.07	92.6	-9.39	400	0.3742	1484.41	-0.054
E6	TREND_1800|EXT|TRAIL_1.0R	SHUFFLED_GATE_TOP30	MODEL_TOP3	384	828	2.156	-15.55	-90.26	67.53	-7.21	362.5	0.3611	338.32	-0.008
E6	TREND_1800|RECLAIM|TRAIL_1.0R	NONE	ALL	384	10958	28.536	-625.27	-823.48	-436.05	-21.91	181.25	0.3171	1897.32	-0.313
E6	TREND_1800|RECLAIM|TRAIL_1.0R	NONE	MODEL_TOP3	384	760	1.979	-22.46	-65.8	25.4	-11.35	162.5	0.3224	196.49	-0.011
E6	TREND_1800|RECLAIM|TRAIL_1.0R	VETO_K	ALL	384	8415	21.914	-501.2	-644.96	-357.24	-22.87	187.5	0.318	1585.23	-0.251
E6	TREND_1800|RECLAIM|TRAIL_1.0R	VETO_K	MODEL_TOP3	384	784	2.042	-90.82	-125.48	-55.28	-44.49	162.5	0.3151	215.47	-0.045
E6	TREND_1800|RECLAIM|TRAIL_1.0R	VETO_2K	ALL	384	6410	16.693	-455.58	-565.53	-338.41	-27.29	175	0.3112	1244.79	-0.228
E6	TREND_1800|RECLAIM|TRAIL_1.0R	VETO_2K	MODEL_TOP3	384	813	2.117	-89.33	-124.06	-53.66	-42.19	162.5	0.3186	216.62	-0.045
E6	TREND_1800|RECLAIM|TRAIL_1.0R	DAYSIDE	ALL	384	7455	19.414	-595.83	-732.89	-452.1	-30.69	162.5	0.3013	1372.56	-0.298
E6	TREND_1800|RECLAIM|TRAIL_1.0R	DAYSIDE	MODEL_TOP3	384	735	1.914	-6.56	-54.6	44.93	-3.43	175	0.3388	202.07	-0.003
E6	TREND_1800|RECLAIM|TRAIL_1.0R	VETO_K+DAYSIDE	ALL	384	5299	13.799	-390.53	-502.21	-278.43	-28.3	162.5	0.3076	1059.22	-0.195
E6	TREND_1800|RECLAIM|TRAIL_1.0R	VETO_K+DAYSIDE	MODEL_TOP3	384	747	1.945	-50.5	-89.56	-11.03	-25.96	175	0.3199	202.2	-0.025
E6	TREND_1800|RECLAIM|TRAIL_1.0R	SHUFFLED_VETO	ALL	384	7588	19.76	-424.32	-588.96	-258.92	-21.47	200	0.321	1534.31	-0.212
E6	TREND_1800|RECLAIM|TRAIL_1.0R	SHUFFLED_VETO	MODEL_TOP3	384	880	2.292	-42.11	-91.55	9.89	-18.37	175	0.3227	247.65	-0.021
E6	TREND_1800|RECLAIM|TRAIL_1.0R	SHUFFLED_DAYSIDE	ALL	384	7327	19.081	-495.88	-643.12	-347.14	-25.99	162.5	0.3005	1386.48	-0.248
E6	TREND_1800|RECLAIM|TRAIL_1.0R	SHUFFLED_DAYSIDE	MODEL_TOP3	384	742	1.932	51.46	-1.48	106.87	26.63	175	0.3612	186.33	0.026
E6	TREND_1800|RECLAIM|TRAIL_1.0R	GATE_TOP5	ALL	174	556	3.195	-23.38	-224.46	225.85	-7.32	762.5	0.3867	842.21	-0.012
E6	TREND_1800|RECLAIM|TRAIL_1.0R	GATE_TOP5	MODEL_TOP3	174	244	1.402	164.65	9.28	334.44	117.41	775	0.4139	359.29	0.082
E6	TREND_1800|RECLAIM|TRAIL_1.0R	GATE_TOP5+VETO_K	ALL	91	134	1.473	97.1	-156.4	357.04	65.94	1100	0.4328	467.69	0.049
E6	TREND_1800|RECLAIM|TRAIL_1.0R	GATE_TOP5+VETO_K	MODEL_TOP3	91	120	1.319	81.8	-145.02	315.3	62.03	1118.75	0.425	431.73	0.041
E6	TREND_1800|RECLAIM|TRAIL_1.0R	GATE_TOP5+DAYSIDE	ALL	140	335	2.393	-124.24	-310.13	61.14	-51.92	662.5	0.3701	656.87	-0.062
E6	TREND_1800|RECLAIM|TRAIL_1.0R	GATE_TOP5+DAYSIDE	MODEL_TOP3	140	178	1.271	-2.74	-156.64	166.96	-2.16	737.5	0.3933	376.98	-0.001
E6	TREND_1800|RECLAIM|TRAIL_1.0R	SHUFFLED_GATE_TOP5	ALL	383	2644	6.903	-204.33	-312.05	-94.27	-29.6	225	0.3169	789.17	-0.102
E6	TREND_1800|RECLAIM|TRAIL_1.0R	SHUFFLED_GATE_TOP5	MODEL_TOP3	383	1002	2.616	-91.74	-163.1	-16.67	-35.06	218.75	0.3064	351.81	-0.046
E6	TREND_1800|RECLAIM|TRAIL_1.0R	GATE_TOP10	ALL	281	1165	4.146	-83.16	-246.12	91.59	-20.06	575	0.3614	824.33	-0.042
E6	TREND_1800|RECLAIM|TRAIL_1.0R	GATE_TOP10	MODEL_TOP3	281	432	1.537	24.52	-82.6	139.43	15.95	575	0.3727	362.89	0.012
E6	TREND_1800|RECLAIM|TRAIL_1.0R	GATE_TOP10+VETO_K	ALL	212	421	1.986	8.64	-130.32	155.04	4.35	637.5	0.3967	474.07	0.004
E6	TREND_1800|RECLAIM|TRAIL_1.0R	GATE_TOP10+VETO_K	MODEL_TOP3	212	312	1.472	1.07	-122.58	130.52	0.73	643.75	0.3878	384.05	0.001
E6	TREND_1800|RECLAIM|TRAIL_1.0R	GATE_TOP10+DAYSIDE	ALL	230	700	3.043	-153.02	-294.61	-12.06	-50.28	500	0.3286	623.39	-0.077
E6	TREND_1800|RECLAIM|TRAIL_1.0R	GATE_TOP10+DAYSIDE	MODEL_TOP3	230	320	1.391	-33.37	-134.2	77.12	-23.98	575	0.3625	344.84	-0.017
E6	TREND_1800|RECLAIM|TRAIL_1.0R	SHUFFLED_GATE_TOP10	ALL	384	4104	10.688	-222.58	-344.59	-94.77	-20.83	212.5	0.3302	1021.69	-0.111
E6	TREND_1800|RECLAIM|TRAIL_1.0R	SHUFFLED_GATE_TOP10	MODEL_TOP3	384	984	2.562	-91.72	-148.05	-31.89	-35.79	200	0.313	317.43	-0.046
E6	TREND_1800|RECLAIM|TRAIL_1.0R	GATE_TOP30	ALL	379	4196	11.071	-188.73	-319.06	-48.3	-17.05	250	0.3472	1099.8	-0.094
E6	TREND_1800|RECLAIM|TRAIL_1.0R	GATE_TOP30	MODEL_TOP3	379	696	1.836	5.28	-67.84	83.63	2.88	350	0.3506	288.02	0.003
E6	TREND_1800|RECLAIM|TRAIL_1.0R	GATE_TOP30+VETO_K	ALL	360	2690	7.472	-101.77	-216.99	17.12	-13.62	250	0.3561	772.66	-0.051
E6	TREND_1800|RECLAIM|TRAIL_1.0R	GATE_TOP30+VETO_K	MODEL_TOP3	360	722	2.006	-42.63	-108.96	23.27	-21.26	325	0.3601	312.88	-0.021
E6	TREND_1800|RECLAIM|TRAIL_1.0R	GATE_TOP30+DAYSIDE	ALL	359	2566	7.148	-199.86	-311.79	-85.9	-27.96	212.5	0.3192	747.72	-0.1
E6	TREND_1800|RECLAIM|TRAIL_1.0R	GATE_TOP30+DAYSIDE	MODEL_TOP3	359	630	1.755	15.53	-52.34	85.42	8.85	325	0.3476	262.76	0.008
E6	TREND_1800|RECLAIM|TRAIL_1.0R	SHUFFLED_GATE_TOP30	ALL	384	7250	18.88	-433.71	-594.28	-270.32	-22.97	200	0.3229	1529.53	-0.217
E6	TREND_1800|RECLAIM|TRAIL_1.0R	SHUFFLED_GATE_TOP30	MODEL_TOP3	384	909	2.367	-44.83	-102.55	21.58	-18.94	200	0.3135	265.57	-0.022
E6	TREND_1800|SWING|TRAIL_1.0R	NONE	ALL	384	25457	66.294	-1739.12	-1915.26	-1560.33	-26.23	87.5	0.2796	2513.43	-0.87
E6	TREND_1800|SWING|TRAIL_1.0R	NONE	MODEL_TOP3	384	839	2.185	-63.15	-84.7	-37.84	-28.9	75	0.2634	134.99	-0.032
E6	TREND_1800|SWING|TRAIL_1.0R	VETO_K	ALL	384	16939	44.112	-1173.05	-1290.26	-1058.99	-26.59	75	0.276	1706.5	-0.587
E6	TREND_1800|SWING|TRAIL_1.0R	VETO_K	MODEL_TOP3	384	863	2.247	-75.51	-95.18	-55.38	-33.6	75	0.2433	140.62	-0.038
E6	TREND_1800|SWING|TRAIL_1.0R	VETO_2K	ALL	384	10822	28.182	-790.49	-865.81	-713.7	-28.05	75	0.2648	1154.46	-0.395
E6	TREND_1800|SWING|TRAIL_1.0R	VETO_2K	MODEL_TOP3	384	887	2.31	-69.48	-89.42	-47.27	-30.08	75	0.2401	140.25	-0.035
E6	TREND_1800|SWING|TRAIL_1.0R	DAYSIDE	ALL	384	13034	33.943	-921.98	-1056.76	-786.49	-27.16	87.5	0.2787	1504.4	-0.461
E6	TREND_1800|SWING|TRAIL_1.0R	DAYSIDE	MODEL_TOP3	384	828	2.156	-54.14	-76.64	-28.86	-25.11	75	0.2778	134.35	-0.027
E6	TREND_1800|SWING|TRAIL_1.0R	VETO_K+DAYSIDE	ALL	384	8558	22.286	-577.89	-670.1	-490.04	-25.93	87.5	0.2752	991.06	-0.289
E6	TREND_1800|SWING|TRAIL_1.0R	VETO_K+DAYSIDE	MODEL_TOP3	384	833	2.169	-61.6	-80.43	-40.36	-28.39	75	0.2689	134.7	-0.031
E6	TREND_1800|SWING|TRAIL_1.0R	SHUFFLED_VETO	ALL	384	14280	37.188	-942.81	-1065.09	-807.14	-25.35	87.5	0.2869	1578.17	-0.471
E6	TREND_1800|SWING|TRAIL_1.0R	SHUFFLED_VETO	MODEL_TOP3	384	970	2.526	-68.99	-95.57	-36.74	-27.31	87.5	0.2711	161.06	-0.034
E6	TREND_1800|SWING|TRAIL_1.0R	SHUFFLED_DAYSIDE	ALL	384	13204	34.385	-937.21	-1053.65	-815.37	-27.26	87.5	0.2767	1517.87	-0.469
E6	TREND_1800|SWING|TRAIL_1.0R	SHUFFLED_DAYSIDE	MODEL_TOP3	384	828	2.156	-35.37	-60.28	-9.85	-16.41	75	0.2874	127.48	-0.018
E6	TREND_1800|SWING|TRAIL_1.0R	GATE_TOP5	ALL	283	1695	5.989	-65.08	-170.85	56.2	-10.87	225	0.3298	556	-0.033
E6	TREND_1800|SWING|TRAIL_1.0R	GATE_TOP5	MODEL_TOP3	283	511	1.806	-48.32	-111.34	15.92	-26.76	262.5	0.3366	230.06	-0.024
E6	TREND_1800|SWING|TRAIL_1.0R	GATE_TOP5+VETO_K	ALL	187	354	1.893	-22.53	-88.2	42.79	-11.9	250	0.3418	213.68	-0.011
E6	TREND_1800|SWING|TRAIL_1.0R	GATE_TOP5+VETO_K	MODEL_TOP3	187	278	1.487	-38.11	-95.64	19.4	-25.64	256.25	0.3345	183.22	-0.019
E6	TREND_1800|SWING|TRAIL_1.0R	GATE_TOP5+DAYSIDE	ALL	226	859	3.801	-65.46	-162.25	24.01	-17.22	231.25	0.319	408.64	-0.033
E6	TREND_1800|SWING|TRAIL_1.0R	GATE_TOP5+DAYSIDE	MODEL_TOP3	226	381	1.686	-37.96	-92.64	19.43	-22.52	250	0.336	209.38	-0.019
E6	TREND_1800|SWING|TRAIL_1.0R	SHUFFLED_GATE_TOP5	ALL	382	3337	8.736	-233.14	-287.85	-173.25	-26.69	93.75	0.2805	506.54	-0.117
E6	TREND_1800|SWING|TRAIL_1.0R	SHUFFLED_GATE_TOP5	MODEL_TOP3	382	1091	2.856	-113.09	-136.13	-90.24	-39.6	87.5	0.2484	204.46	-0.057
E6	TREND_1800|SWING|TRAIL_1.0R	GATE_TOP10	ALL	351	3126	8.906	-132.1	-230.74	-35.24	-14.83	175	0.3202	677.65	-0.066
E6	TREND_1800|SWING|TRAIL_1.0R	GATE_TOP10	MODEL_TOP3	351	731	2.083	-61.5	-110.23	-8.54	-29.53	200	0.316	231.78	-0.031
E6	TREND_1800|SWING|TRAIL_1.0R	GATE_TOP10+VETO_K	ALL	298	1046	3.51	-60.63	-111.09	-5.49	-17.27	162.5	0.326	288.67	-0.03
E6	TREND_1800|SWING|TRAIL_1.0R	GATE_TOP10+VETO_K	MODEL_TOP3	298	595	1.997	-49.64	-90.71	-4.31	-24.86	175	0.3244	196.85	-0.025
E6	TREND_1800|SWING|TRAIL_1.0R	GATE_TOP10+DAYSIDE	ALL	313	1630	5.208	-106.03	-181.06	-31.41	-20.36	175	0.3153	460.29	-0.053
E6	TREND_1800|SWING|TRAIL_1.0R	GATE_TOP10+DAYSIDE	MODEL_TOP3	313	616	1.968	-78.41	-122.62	-31.95	-39.84	200	0.3149	221.08	-0.039
E6	TREND_1800|SWING|TRAIL_1.0R	SHUFFLED_GATE_TOP10	ALL	384	5960	15.521	-342.89	-424.4	-248.47	-22.09	87.5	0.2829	803.32	-0.171
E6	TREND_1800|SWING|TRAIL_1.0R	SHUFFLED_GATE_TOP10	MODEL_TOP3	384	1062	2.766	-70.06	-99.32	-36.85	-25.33	81.25	0.2759	186.94	-0.035
E6	TREND_1800|SWING|TRAIL_1.0R	GATE_TOP30	ALL	371	8503	22.919	-395.9	-510.04	-275.96	-17.27	87.5	0.3064	1025.22	-0.198
E6	TREND_1800|SWING|TRAIL_1.0R	GATE_TOP30	MODEL_TOP3	371	812	2.189	-64.63	-104.53	-20.2	-29.53	150	0.2956	204.7	-0.032
E6	TREND_1800|SWING|TRAIL_1.0R	GATE_TOP30+VETO_K	ALL	348	4445	12.773	-218.71	-278.04	-156.88	-17.12	75	0.3071	540.4	-0.109
E6	TREND_1800|SWING|TRAIL_1.0R	GATE_TOP30+VETO_K	MODEL_TOP3	348	744	2.138	-76.62	-110.52	-40.75	-35.84	137.5	0.3011	188.74	-0.038
E6	TREND_1800|SWING|TRAIL_1.0R	GATE_TOP30+DAYSIDE	ALL	344	4408	12.814	-239.65	-332.89	-144.2	-18.7	93.75	0.2995	675.42	-0.12
E6	TREND_1800|SWING|TRAIL_1.0R	GATE_TOP30+DAYSIDE	MODEL_TOP3	344	724	2.105	-50.2	-88.94	-8.26	-23.85	137.5	0.3204	190.97	-0.025
E6	TREND_1800|SWING|TRAIL_1.0R	SHUFFLED_GATE_TOP30	ALL	384	13306	34.651	-890.52	-1013.11	-771.56	-25.7	87.5	0.2836	1533.78	-0.445
E6	TREND_1800|SWING|TRAIL_1.0R	SHUFFLED_GATE_TOP30	MODEL_TOP3	384	997	2.596	-65.36	-91.94	-35.73	-25.17	81.25	0.2648	164.24	-0.033
E6	TREND_3600|EXT|TRAIL_1.0R	NONE	ALL	384	5003	13.029	-310.62	-495.19	-130.35	-23.84	400	0.3606	1658.79	-0.155
E6	TREND_3600|EXT|TRAIL_1.0R	NONE	MODEL_TOP3	384	619	1.612	-43.75	-96.79	18.36	-27.14	375	0.391	256.03	-0.022
E6	TREND_3600|EXT|TRAIL_1.0R	VETO_K	ALL	384	4266	11.109	-221.99	-381.79	-64.84	-19.98	406.25	0.365	1466.25	-0.111
E6	TREND_3600|EXT|TRAIL_1.0R	VETO_K	MODEL_TOP3	384	646	1.682	-93.23	-146.83	-41.63	-55.42	362.5	0.37	281.35	-0.047
E6	TREND_3600|EXT|TRAIL_1.0R	VETO_2K	ALL	384	3545	9.232	-202.38	-337.36	-65.12	-21.92	412.5	0.3622	1256.74	-0.101
E6	TREND_3600|EXT|TRAIL_1.0R	VETO_2K	MODEL_TOP3	384	705	1.836	-82.98	-139.07	-27.67	-45.2	368.75	0.3589	290.87	-0.041
E6	TREND_3600|EXT|TRAIL_1.0R	DAYSIDE	ALL	384	3798	9.891	-414.12	-557.7	-264.06	-41.87	337.5	0.3444	1289.11	-0.207
E6	TREND_3600|EXT|TRAIL_1.0R	DAYSIDE	MODEL_TOP3	384	602	1.568	-25.03	-79.62	28.18	-15.96	387.5	0.412	248.8	-0.013
E6	TREND_3600|EXT|TRAIL_1.0R	VETO_K+DAYSIDE	ALL	384	3048	7.938	-304.73	-438.08	-163.38	-38.39	350	0.3543	1112.9	-0.152
E6	TREND_3600|EXT|TRAIL_1.0R	VETO_K+DAYSIDE	MODEL_TOP3	384	641	1.669	-17.04	-78	44.69	-10.21	387.5	0.4009	251.84	-0.009
E6	TREND_3600|EXT|TRAIL_1.0R	SHUFFLED_VETO	ALL	384	3903	10.164	-158.94	-329.68	14.92	-15.64	437.5	0.3828	1452.29	-0.079
E6	TREND_3600|EXT|TRAIL_1.0R	SHUFFLED_VETO	MODEL_TOP3	384	738	1.922	7.45	-62.55	82.34	3.88	387.5	0.4051	293.63	0.004
E6	TREND_3600|EXT|TRAIL_1.0R	SHUFFLED_DAYSIDE	ALL	384	3793	9.878	-207.46	-353.54	-48.78	-21	325	0.3559	1213.48	-0.104
E6	TREND_3600|EXT|TRAIL_1.0R	SHUFFLED_DAYSIDE	MODEL_TOP3	384	611	1.591	55.44	4.24	106.55	34.84	368.75	0.4321	219.66	0.028
E6	TREND_3600|EXT|TRAIL_1.0R	GATE_TOP5	ALL	137	312	2.277	101.75	-201.23	415.95	44.68	1275	0.4455	845.69	0.051
E6	TREND_3600|EXT|TRAIL_1.0R	GATE_TOP5	MODEL_TOP3	137	166	1.212	308.54	60.23	560.29	254.64	1506.25	0.5361	403.77	0.154
E6	TREND_3600|EXT|TRAIL_1.0R	GATE_TOP5+VETO_K	ALL	99	150	1.515	171.21	-130.29	516.12	113	1506.25	0.4667	572.35	0.086
E6	TREND_3600|EXT|TRAIL_1.0R	GATE_TOP5+VETO_K	MODEL_TOP3	99	129	1.303	161.1	-129.64	483.19	123.63	1500	0.4574	500.06	0.081
E6	TREND_3600|EXT|TRAIL_1.0R	GATE_TOP5+DAYSIDE	ALL	101	177	1.752	-172.87	-453.41	129.7	-98.64	1100	0.4068	783.82	-0.086
E6	TREND_3600|EXT|TRAIL_1.0R	GATE_TOP5+DAYSIDE	MODEL_TOP3	101	118	1.168	-128.8	-365.41	143.61	-110.24	1350	0.4153	582.87	-0.064
E6	TREND_3600|EXT|TRAIL_1.0R	SHUFFLED_GATE_TOP5	ALL	384	1935	5.039	-97.38	-255.09	52.57	-19.32	475	0.3855	895.32	-0.049
E6	TREND_3600|EXT|TRAIL_1.0R	SHUFFLED_GATE_TOP5	MODEL_TOP3	384	889	2.315	16.09	-76.34	111.58	6.95	450	0.3825	413.3	0.008
E6	TREND_3600|EXT|TRAIL_1.0R	GATE_TOP10	ALL	260	727	2.796	-73.72	-273.46	127.29	-26.36	825	0.3851	834.1	-0.037
E6	TREND_3600|EXT|TRAIL_1.0R	GATE_TOP10	MODEL_TOP3	260	352	1.354	4.6	-108.49	104.92	3.4	834.38	0.4205	406.76	0.002
E6	TREND_3600|EXT|TRAIL_1.0R	GATE_TOP10+VETO_K	ALL	211	415	1.967	34.8	-170.6	255.32	17.7	900	0.4217	599.95	0.017
E6	TREND_3600|EXT|TRAIL_1.0R	GATE_TOP10+VETO_K	MODEL_TOP3	211	303	1.436	74.84	-84.93	248.7	52.12	875	0.429	408	0.037
E6	TREND_3600|EXT|TRAIL_1.0R	GATE_TOP10+DAYSIDE	ALL	205	415	2.024	-183.9	-343	-19.95	-90.84	762.5	0.3566	656.6	-0.092
E6	TREND_3600|EXT|TRAIL_1.0R	GATE_TOP10+DAYSIDE	MODEL_TOP3	205	254	1.239	-167.14	-281.51	-36.55	-134.9	818.75	0.3543	461.4	-0.084
E6	TREND_3600|EXT|TRAIL_1.0R	SHUFFLED_GATE_TOP10	ALL	384	2635	6.862	-146.74	-313.47	22.16	-21.39	475	0.3894	1136.97	-0.073
E6	TREND_3600|EXT|TRAIL_1.0R	SHUFFLED_GATE_TOP10	MODEL_TOP3	384	862	2.245	-38.91	-111.74	37.22	-17.33	425	0.3817	381.67	-0.019
E6	TREND_3600|EXT|TRAIL_1.0R	GATE_TOP30	ALL	379	2414	6.369	-98.24	-241.38	48.47	-15.42	468.75	0.3741	1071.91	-0.049
E6	TREND_3600|EXT|TRAIL_1.0R	GATE_TOP30	MODEL_TOP3	379	596	1.573	45.32	-32.78	125.75	28.82	537.5	0.3993	305.22	0.023
E6	TREND_3600|EXT|TRAIL_1.0R	GATE_TOP30+VETO_K	ALL	371	1825	4.919	7.36	-110.87	126.42	1.5	462.5	0.3912	785.25	0.004
E6	TREND_3600|EXT|TRAIL_1.0R	GATE_TOP30+VETO_K	MODEL_TOP3	371	650	1.752	-9.47	-81.83	63.2	-5.4	562.5	0.3877	352.07	-0.005
E6	TREND_3600|EXT|TRAIL_1.0R	GATE_TOP30+DAYSIDE	ALL	362	1576	4.354	-170.84	-290.47	-54.93	-39.24	400	0.3617	752.7	-0.085
E6	TREND_3600|EXT|TRAIL_1.0R	GATE_TOP30+DAYSIDE	MODEL_TOP3	362	532	1.47	-15.84	-88.93	62.09	-10.78	550	0.391	312.59	-0.008
E6	TREND_3600|EXT|TRAIL_1.0R	SHUFFLED_GATE_TOP30	ALL	384	3742	9.745	-206.98	-386.1	-28.27	-21.24	450	0.3765	1443.17	-0.103
E6	TREND_3600|EXT|TRAIL_1.0R	SHUFFLED_GATE_TOP30	MODEL_TOP3	384	759	1.977	-55.08	-130.66	27.29	-27.87	387.5	0.3597	340.61	-0.028
E6	TREND_3600|RECLAIM|TRAIL_1.0R	NONE	ALL	384	8212	21.385	-439.82	-626.96	-259.8	-20.57	212.5	0.3374	1707.02	-0.22
E6	TREND_3600|RECLAIM|TRAIL_1.0R	NONE	MODEL_TOP3	384	702	1.828	-55.3	-100.66	-0.87	-30.25	225	0.3376	227.33	-0.028
E6	TREND_3600|RECLAIM|TRAIL_1.0R	VETO_K	ALL	384	6478	16.87	-321.25	-472.52	-173.45	-19.04	225	0.3484	1453.11	-0.161
E6	TREND_3600|RECLAIM|TRAIL_1.0R	VETO_K	MODEL_TOP3	384	712	1.854	-105.15	-148.72	-60.04	-56.71	225	0.3216	239.55	-0.053
E6	TREND_3600|RECLAIM|TRAIL_1.0R	VETO_2K	ALL	384	5067	13.195	-282.43	-418.69	-151.26	-21.4	231.25	0.3426	1194.22	-0.141
E6	TREND_3600|RECLAIM|TRAIL_1.0R	VETO_2K	MODEL_TOP3	384	756	1.969	-93.58	-135.2	-52.02	-47.53	225	0.3201	241.77	-0.047
E6	TREND_3600|RECLAIM|TRAIL_1.0R	DAYSIDE	ALL	384	5583	14.539	-487.39	-633.72	-343.42	-33.52	187.5	0.3181	1263.64	-0.244
E6	TREND_3600|RECLAIM|TRAIL_1.0R	DAYSIDE	MODEL_TOP3	384	680	1.771	-35.48	-88.45	16.3	-20.04	234.38	0.3559	220.61	-0.018
E6	TREND_3600|RECLAIM|TRAIL_1.0R	VETO_K+DAYSIDE	ALL	384	4173	10.867	-336.01	-457.25	-209.33	-30.92	200	0.3264	1029.47	-0.168
E6	TREND_3600|RECLAIM|TRAIL_1.0R	VETO_K+DAYSIDE	MODEL_TOP3	384	705	1.836	-22.49	-81.47	37.82	-12.25	237.5	0.3504	213.61	-0.011
E6	TREND_3600|RECLAIM|TRAIL_1.0R	SHUFFLED_VETO	ALL	384	5882	15.318	-322.05	-480.53	-166.37	-21.02	250	0.3441	1452.36	-0.161
E6	TREND_3600|RECLAIM|TRAIL_1.0R	SHUFFLED_VETO	MODEL_TOP3	384	812	2.115	-54.7	-109.19	5.25	-25.87	225	0.3214	265.51	-0.027
E6	TREND_3600|RECLAIM|TRAIL_1.0R	SHUFFLED_DAYSIDE	ALL	384	5628	14.656	-346.54	-487.78	-204.23	-23.64	184.38	0.3262	1212.38	-0.173
E6	TREND_3600|RECLAIM|TRAIL_1.0R	SHUFFLED_DAYSIDE	MODEL_TOP3	384	685	1.784	25.55	-16.99	71.29	14.32	225	0.3796	196.17	0.013
E6	TREND_3600|RECLAIM|TRAIL_1.0R	GATE_TOP5	ALL	153	365	2.386	45.75	-221.42	337.86	19.18	1075	0.3945	797.9	0.023
E6	TREND_3600|RECLAIM|TRAIL_1.0R	GATE_TOP5	MODEL_TOP3	153	184	1.203	199.54	2.69	418.41	165.92	1268.75	0.5	384.96	0.1
E6	TREND_3600|RECLAIM|TRAIL_1.0R	GATE_TOP5+VETO_K	ALL	105	176	1.676	84.06	-173.02	355.16	50.15	1240.62	0.4148	596.95	0.042
E6	TREND_3600|RECLAIM|TRAIL_1.0R	GATE_TOP5+VETO_K	MODEL_TOP3	105	143	1.362	83.49	-149.21	337.33	61.3	1325	0.4406	494.69	0.042
E6	TREND_3600|RECLAIM|TRAIL_1.0R	GATE_TOP5+DAYSIDE	ALL	113	208	1.841	-182.43	-419.91	88.78	-99.11	912.5	0.3365	716.34	-0.091
E6	TREND_3600|RECLAIM|TRAIL_1.0R	GATE_TOP5+DAYSIDE	MODEL_TOP3	113	131	1.159	-173	-365.79	43.22	-149.23	1175	0.3435	512.16	-0.086
E6	TREND_3600|RECLAIM|TRAIL_1.0R	SHUFFLED_GATE_TOP5	ALL	384	2287	5.956	-134.4	-271.93	-8.79	-22.57	300	0.3454	805.19	-0.067
E6	TREND_3600|RECLAIM|TRAIL_1.0R	SHUFFLED_GATE_TOP5	MODEL_TOP3	384	965	2.513	-20.44	-101.17	61.85	-8.13	275	0.3399	367.4	-0.01
E6	TREND_3600|RECLAIM|TRAIL_1.0R	GATE_TOP10	ALL	291	905	3.11	8.96	-166.05	185.43	2.88	587.5	0.3845	672.64	0.004
E6	TREND_3600|RECLAIM|TRAIL_1.0R	GATE_TOP10	MODEL_TOP3	291	387	1.33	105.51	-9.56	216.99	79.33	675	0.4212	310.7	0.053
E6	TREND_3600|RECLAIM|TRAIL_1.0R	GATE_TOP10+VETO_K	ALL	231	473	2.048	34.38	-125.23	190.75	16.79	650	0.4207	484.04	0.017
E6	TREND_3600|RECLAIM|TRAIL_1.0R	GATE_TOP10+VETO_K	MODEL_TOP3	231	322	1.394	85.45	-29.98	203.83	61.3	640.62	0.4503	311.66	0.043
E6	TREND_3600|RECLAIM|TRAIL_1.0R	GATE_TOP10+DAYSIDE	ALL	216	505	2.338	-109.66	-262.31	52.29	-46.91	562.5	0.3465	561.5	-0.055
E6	TREND_3600|RECLAIM|TRAIL_1.0R	GATE_TOP10+DAYSIDE	MODEL_TOP3	216	272	1.259	-61.19	-182.85	62.41	-48.59	675	0.364	359.27	-0.031
E6	TREND_3600|RECLAIM|TRAIL_1.0R	SHUFFLED_GATE_TOP10	ALL	384	3424	8.917	-227.04	-371.76	-96.02	-25.46	287.5	0.3461	1058.62	-0.114
E6	TREND_3600|RECLAIM|TRAIL_1.0R	SHUFFLED_GATE_TOP10	MODEL_TOP3	384	940	2.448	-67.95	-129.55	-4.42	-27.76	262.5	0.3351	324.1	-0.034
E6	TREND_3600|RECLAIM|TRAIL_1.0R	GATE_TOP30	ALL	371	3286	8.857	-130.51	-283.29	19.98	-14.73	237.5	0.3554	975.35	-0.065
E6	TREND_3600|RECLAIM|TRAIL_1.0R	GATE_TOP30	MODEL_TOP3	371	615	1.658	25.35	-52.06	108.22	15.29	350	0.3642	274.6	0.013
E6	TREND_3600|RECLAIM|TRAIL_1.0R	GATE_TOP30+VETO_K	ALL	351	2267	6.459	-64.18	-186	51.37	-9.94	243.75	0.3727	715.61	-0.032
E6	TREND_3600|RECLAIM|TRAIL_1.0R	GATE_TOP30+VETO_K	MODEL_TOP3	351	617	1.758	-1.15	-73.78	77.75	-0.65	362.5	0.363	294.77	-0.001
E6	TREND_3600|RECLAIM|TRAIL_1.0R	GATE_TOP30+DAYSIDE	ALL	347	2027	5.841	-155.65	-280.65	-33.63	-26.65	193.75	0.3389	663.59	-0.078
E6	TREND_3600|RECLAIM|TRAIL_1.0R	GATE_TOP30+DAYSIDE	MODEL_TOP3	347	563	1.622	-36.44	-111.42	35.5	-22.46	312.5	0.3464	283.86	-0.018
E6	TREND_3600|RECLAIM|TRAIL_1.0R	SHUFFLED_GATE_TOP30	ALL	384	5576	14.521	-362.43	-537.45	-199.15	-24.96	250	0.3404	1450.33	-0.181
E6	TREND_3600|RECLAIM|TRAIL_1.0R	SHUFFLED_GATE_TOP30	MODEL_TOP3	384	829	2.159	-55	-120	18.71	-25.48	225	0.3233	277.43	-0.028
E6	TREND_3600|SWING|TRAIL_1.0R	NONE	ALL	384	20635	53.737	-1503.21	-1682.46	-1323.14	-27.97	87.5	0.2837	2318.63	-0.752
E6	TREND_3600|SWING|TRAIL_1.0R	NONE	MODEL_TOP3	384	816	2.125	-56.75	-84.65	-26.44	-26.71	100	0.2659	157.39	-0.028
E6	TREND_3600|SWING|TRAIL_1.0R	VETO_K	ALL	384	14337	37.336	-1046.36	-1175.93	-919.52	-28.03	87.5	0.2857	1709.59	-0.523
E6	TREND_3600|SWING|TRAIL_1.0R	VETO_K	MODEL_TOP3	384	821	2.138	-65.39	-90.49	-39.76	-30.59	100	0.2716	154.22	-0.033
E6	TREND_3600|SWING|TRAIL_1.0R	VETO_2K	ALL	384	9417	24.523	-670.44	-763.4	-577.23	-27.34	87.5	0.2847	1167.34	-0.335
E6	TREND_3600|SWING|TRAIL_1.0R	VETO_2K	MODEL_TOP3	384	851	2.216	-80.38	-102.09	-58.56	-36.27	87.5	0.2656	157.86	-0.04
E6	TREND_3600|SWING|TRAIL_1.0R	DAYSIDE	ALL	384	10619	27.654	-822.27	-953.94	-690.51	-29.73	100	0.2736	1415.81	-0.411
E6	TREND_3600|SWING|TRAIL_1.0R	DAYSIDE	MODEL_TOP3	384	797	2.076	-64.59	-91.48	-38.15	-31.12	100	0.2848	157.93	-0.032
E6	TREND_3600|SWING|TRAIL_1.0R	VETO_K+DAYSIDE	ALL	384	7381	19.221	-561.34	-659.53	-456.32	-29.2	93.75	0.2776	1033.7	-0.281
E6	TREND_3600|SWING|TRAIL_1.0R	VETO_K+DAYSIDE	MODEL_TOP3	384	805	2.096	-57.03	-85.38	-27.36	-27.2	100	0.287	149.38	-0.029
E6	TREND_3600|SWING|TRAIL_1.0R	SHUFFLED_VETO	ALL	384	11998	31.245	-839.38	-983.43	-692.72	-26.86	100	0.2927	1570.01	-0.42
E6	TREND_3600|SWING|TRAIL_1.0R	SHUFFLED_VETO	MODEL_TOP3	384	944	2.458	-72.15	-106.54	-34.17	-29.35	100	0.2754	186.57	-0.036
E6	TREND_3600|SWING|TRAIL_1.0R	SHUFFLED_DAYSIDE	ALL	384	10716	27.906	-752.63	-872.56	-625.49	-26.97	100	0.2907	1374.22	-0.376
E6	TREND_3600|SWING|TRAIL_1.0R	SHUFFLED_DAYSIDE	MODEL_TOP3	384	801	2.086	-24.98	-55.42	6.85	-11.98	100	0.3009	145.25	-0.012
E6	TREND_3600|SWING|TRAIL_1.0R	GATE_TOP5	ALL	226	1305	5.774	-27.3	-146.78	87.31	-4.73	162.5	0.3395	481.26	-0.014
E6	TREND_3600|SWING|TRAIL_1.0R	GATE_TOP5	MODEL_TOP3	226	376	1.664	-3.78	-64.8	60.83	-2.27	212.5	0.3431	197.37	-0.002
E6	TREND_3600|SWING|TRAIL_1.0R	GATE_TOP5+VETO_K	ALL	151	294	1.947	-46.78	-113.68	22.32	-24.03	187.5	0.3367	215.31	-0.023
E6	TREND_3600|SWING|TRAIL_1.0R	GATE_TOP5+VETO_K	MODEL_TOP3	151	237	1.57	-37.98	-101.69	30.37	-24.2	187.5	0.346	179.65	-0.019
E6	TREND_3600|SWING|TRAIL_1.0R	GATE_TOP5+DAYSIDE	ALL	173	674	3.896	-100.01	-198.37	8.81	-25.67	168.75	0.3249	393.29	-0.05
E6	TREND_3600|SWING|TRAIL_1.0R	GATE_TOP5+DAYSIDE	MODEL_TOP3	173	266	1.538	-60.87	-117.4	-5.7	-39.59	190.62	0.3158	193.5	-0.03
E6	TREND_3600|SWING|TRAIL_1.0R	SHUFFLED_GATE_TOP5	ALL	383	3108	8.115	-229.56	-301.18	-159.79	-28.29	112.5	0.2934	561.98	-0.115
E6	TREND_3600|SWING|TRAIL_1.0R	SHUFFLED_GATE_TOP5	MODEL_TOP3	383	1053	2.749	-67.58	-111.12	-23.16	-24.58	106.25	0.2944	217.6	-0.034
E6	TREND_3600|SWING|TRAIL_1.0R	GATE_TOP10	ALL	295	2555	8.661	-100.64	-200.43	0.96	-11.62	131.25	0.3241	582.62	-0.05
E6	TREND_3600|SWING|TRAIL_1.0R	GATE_TOP10	MODEL_TOP3	295	552	1.871	-48.74	-92.16	0.47	-26.05	150	0.3279	194.74	-0.024
E6	TREND_3600|SWING|TRAIL_1.0R	GATE_TOP10+VETO_K	ALL	242	838	3.463	-52.41	-118.76	10.41	-15.14	137.5	0.321	279	-0.026
E6	TREND_3600|SWING|TRAIL_1.0R	GATE_TOP10+VETO_K	MODEL_TOP3	242	453	1.872	-2.77	-56.88	50.91	-1.48	137.5	0.3267	170.21	-0.001
E6	TREND_3600|SWING|TRAIL_1.0R	GATE_TOP10+DAYSIDE	ALL	255	1319	5.173	-89.74	-164.13	-7.68	-17.35	137.5	0.3215	400.56	-0.045
E6	TREND_3600|SWING|TRAIL_1.0R	GATE_TOP10+DAYSIDE	MODEL_TOP3	255	452	1.773	-66	-106.78	-19.21	-37.23	137.5	0.3142	177.68	-0.033
E6	TREND_3600|SWING|TRAIL_1.0R	SHUFFLED_GATE_TOP10	ALL	384	5341	13.909	-379	-474.68	-285.15	-27.25	100	0.2945	858.2	-0.19
E6	TREND_3600|SWING|TRAIL_1.0R	SHUFFLED_GATE_TOP10	MODEL_TOP3	384	1015	2.643	-68.33	-110.58	-23.16	-25.85	100	0.2975	209.75	-0.034
E6	TREND_3600|SWING|TRAIL_1.0R	GATE_TOP30	ALL	338	7503	22.198	-330.37	-448.07	-207.88	-14.88	81.25	0.3117	919.06	-0.165
E6	TREND_3600|SWING|TRAIL_1.0R	GATE_TOP30	MODEL_TOP3	338	692	2.047	-33.44	-71.45	7.58	-16.33	112.5	0.3078	173.86	-0.017
E6	TREND_3600|SWING|TRAIL_1.0R	GATE_TOP30+VETO_K	ALL	312	4343	13.92	-228.21	-307.7	-145.16	-16.39	75	0.3201	583.16	-0.114
E6	TREND_3600|SWING|TRAIL_1.0R	GATE_TOP30+VETO_K	MODEL_TOP3	312	661	2.119	-36.15	-73.23	5.22	-17.07	100	0.3011	162.04	-0.018
E6	TREND_3600|SWING|TRAIL_1.0R	GATE_TOP30+DAYSIDE	ALL	317	3938	12.423	-229.9	-315.22	-137.19	-18.51	87.5	0.2989	618.23	-0.115
E6	TREND_3600|SWING|TRAIL_1.0R	GATE_TOP30+DAYSIDE	MODEL_TOP3	317	644	2.032	-50.89	-82.46	-19.61	-25.05	103.12	0.3043	161.98	-0.025
E6	TREND_3600|SWING|TRAIL_1.0R	SHUFFLED_GATE_TOP30	ALL	384	11306	29.443	-775.18	-892.36	-652.91	-26.33	100	0.2946	1466.04	-0.388
E6	TREND_3600|SWING|TRAIL_1.0R	SHUFFLED_GATE_TOP30	MODEL_TOP3	384	933	2.43	-52.56	-89.51	-10.21	-21.63	100	0.2797	186.93	-0.026
