# PORT M2 port m2 NEW DECISION OBJECTS — joint (member x delay) ranking, rank-then-gate-verify, optimal stopping (E3-E7 develop, E8 one blind read) (lane=port-m2-newobj; version=PORT-M2-NEWOBJ-V1; seed=20260813)
# E8 QUARANTINE: every fit, threshold and selection in this file is made on E3-E7 only; E8 rows are ONE labeled blind read and were never an input to any choice.
# H1 = the champion's OWN ranking objective regrouped from CELL to (asset, DAY), labels = within-day certificate grades.  The rule that wins compares within DAY while the champion is trained within CELL — mismatched by exactly one level of the hierarchy.
# H2 = S_XGB_DAYZ, the folded score standardised causally against the DAY'S OWN PAST arrivals (expanding mean/sd, warmup 10).  TAUZ is the absolute-threshold level rule that a z-score makes possible without any training-block reference.
# ORACLE_DAYRANK is the HINDSIGHT ceiling probe: the true within-day certificate rank.  It separates 'the rule needs the day-RANK' from 'the rule needs the dollar LEVEL'.
# H1_DAYRANK is fitted HERE and therefore predicted over tr | ev, so it carries TRAINING-BLOCK COVERAGE and can run the LEVEL families that the deployed column structurally cannot.
# NOT_RUN rows are policies that could not execute because an input was absent.  They are never $0.00, and they are excluded from both the selection and the search-adjusted null.
mode	era	score_column	family	policy	status	usd_per_session_ALL	sd_usd	ci_lo	ci_hi	n_trades_total	n_firing_sessions	n_era_sessions	top5_trade_share_of_pnl	shuffled_null	causal_oracle	capture_of_causal_oracle	not_run_reason
eval	E3	ORACLE_DAYRANK	CELLSOFAR	CELLSOFAR_0.8	ran	1537.4	0.0	1388.96	1685.84	1074.0	390.0	390	0.038	-114.11	2348.0	0.6548	
eval	E3	ORACLE_DAYRANK	CELLSOFAR	CELLSOFAR_0.9	ran	1548.29	0.0	1404.1	1692.48	1021.0	389.0	390	0.039	-182.18	2348.0	0.6594	
eval	E3	ORACLE_DAYRANK	CELLSOFAR	CELLSOFAR_0.95	ran	1492.69	0.0	1362.08	1623.3	980.0	388.0	390	0.038	-136.08	2348.0	0.6357	
eval	E3	ORACLE_DAYRANK	CELLSOFAR	CELLSOFAR_0.99	ran	1443.49	0.0	1322.79	1564.2	930.0	385.0	390	0.039	-82.79	2348.0	0.6148	
eval	E3	ORACLE_DAYRANK	DAYSOFAR	DAYSOFAR_0.5	ran	1725.33	0.0	1561.53	1889.14	1069.0	390.0	390	0.036	-139.77	2348.0	0.7348	
eval	E3	ORACLE_DAYRANK	DAYSOFAR	DAYSOFAR_0.7	ran	2065.26	0.0	1909.95	2220.57	1097.0	390.0	390	0.031	-85.2	2348.0	0.8796	
eval	E3	ORACLE_DAYRANK	DAYSOFAR	DAYSOFAR_0.9	ran	2019.48	0.0	1871.2	2167.76	893.0	385.0	390	0.032	-99.44	2348.0	0.8601	
eval	E3	ORACLE_DAYRANK	OCC_LEVEL	OCCUPANCY_0.5	ran	1721.93	0.0	1601.89	1841.96	576.0	389.0	390	0.04	-43.0	2348.0	0.7334	
eval	E3	ORACLE_DAYRANK	OCC_LEVEL	OCCUPANCY_1	ran	1613.97	0.0	1504.19	1723.75	584.0	389.0	390	0.037	-44.61	2348.0	0.6874	
eval	E3	ORACLE_DAYRANK	OCC_LEVEL	OCCUPANCY_2	ran	1725.27	0.0	1607.97	1842.57	619.0	389.0	390	0.038	-84.54	2348.0	0.7348	
eval	E3	ORACLE_DAYRANK	SECTIME	SECTIME_0.05	ran	1390.53	0.0	1257.43	1523.64	886.0	381.0	390	0.037	-125.99	2348.0	0.5922	
eval	E3	ORACLE_DAYRANK	SECTIME	SECTIME_0.1	ran	1415.54	0.0	1282.23	1548.86	830.0	377.0	390	0.037	-89.93	2348.0	0.6029	
eval	E3	ORACLE_DAYRANK	SECTIME	SECTIME_0.15	ran	1388.2	0.0	1257.79	1518.61	754.0	371.0	390	0.038	-41.34	2348.0	0.5912	
eval	E3	ORACLE_DAYRANK	SECTIME	SECTIME_0.25	ran	1027.63	0.0	917.92	1137.33	585.0	338.0	390	0.049	20.44	2348.0	0.4377	
eval	E3	ORACLE_DAYRANK	SECTIME	SECTIME_0.4	ran	461.88	0.0	384.96	538.8	287.0	225.0	390	0.071	-109.79	2348.0	0.1967	
eval	E3	ORACLE_DAYRANK	SECTIME	SECTIME_0.6	ran	149.44	0.0	97.62	201.26	89.0	83.0	390	0.194	-22.85	2348.0	0.0636	
eval	E3	ORACLE_DAYRANK	TAUZ	TAUZ_0.5	ran	2011.39	0.0	1851.41	2171.38	1125.0	390.0	390	0.032	-58.8	2348.0	0.8566	
eval	E3	ORACLE_DAYRANK	TAUZ	TAUZ_1	ran	1515.82	0.0	1411.98	1619.66	375.0	375.0	390	0.044	-33.39	2348.0	0.6456	
eval	E3	ORACLE_DAYRANK	TAUZ	TAUZ_1.5	ran	0.0	0.0	0.0	0.0	0.0	0.0	390		0.0	2348.0	0.0	
eval	E3	ORACLE_DAYRANK	TAUZ	TAUZ_2	ran	0.0	0.0	0.0	0.0	0.0	0.0	390		0.0	2348.0	0.0	
eval	E3	ORACLE_DAYRANK	TAUZ	TAUZ_2.5	ran	0.0	0.0	0.0	0.0	0.0	0.0	390		0.0	2348.0	0.0	
eval	E3	ORACLE_DAYRANK	TAU_LEVEL	TAU_0.5	ran	2012.93	0.0	1853.18	2172.69	1125.0	390.0	390	0.032	-45.09	2348.0	0.8573	
eval	E3	ORACLE_DAYRANK	TAU_LEVEL	TAU_0.7	ran	2287.17	0.0	2135.68	2438.67	1108.0	390.0	390	0.028	-114.56	2348.0	0.9741	
eval	E3	ORACLE_DAYRANK	TAU_LEVEL	TAU_0.8	ran	2236.8	0.0	2103.08	2370.53	963.0	390.0	390	0.029	-116.76	2348.0	0.9526	
eval	E3	ORACLE_DAYRANK	TAU_LEVEL	TAU_0.9	ran	2065.34	0.0	1944.04	2186.64	731.0	390.0	390	0.031	-85.67	2348.0	0.8796	
eval	E3	ORACLE_DAYRANK	TAU_LEVEL	TAU_0.95	ran	1883.2	0.0	1775.5	1990.89	583.0	390.0	390	0.035	-25.59	2348.0	0.802	
eval	E3	ORACLE_DAYRANK	TAU_LEVEL	TAU_0.975	ran	1776.12	0.0	1672.33	1879.9	498.0	386.0	390	0.038	-114.47	2348.0	0.7564	
eval	E3	ORACLE_DAYRANK	TAU_LEVEL	TAU_0.99	ran	1682.04	0.0	1578.25	1785.84	438.0	384.0	390	0.04	-44.62	2348.0	0.7164	
eval	E3	S_XGB	CELLSOFAR	CELLSOFAR_0.8	ran	-17.03	19.77	-138.11	104.06	744.8	390.0	390	0.089	-88.87	2348.0	-0.0073	
eval	E3	S_XGB	CELLSOFAR	CELLSOFAR_0.9	ran	-7.49	27.9	-124.19	109.2	718.4	389.8	390	0.092	-83.23	2348.0	-0.0032	
eval	E3	S_XGB	CELLSOFAR	CELLSOFAR_0.95	ran	-22.27	32.3	-135.79	91.25	701.8	389.2	390	0.092	-68.58	2348.0	-0.0095	
eval	E3	S_XGB	CELLSOFAR	CELLSOFAR_0.99	ran	-12.44	35.31	-126.62	101.73	680.8	387.4	390	0.096	-89.93	2348.0	-0.0053	
eval	E3	S_XGB	DAYSOFAR	DAYSOFAR_0.5	ran	-42.05	32.87	-154.7	70.6	786.6	390.0	390	0.078	-95.02	2348.0	-0.0179	
eval	E3	S_XGB	DAYSOFAR	DAYSOFAR_0.7	ran	8.94	24.19	-109.65	127.53	779.8	390.0	390	0.074	-86.37	2348.0	0.0038	
eval	E3	S_XGB	DAYSOFAR	DAYSOFAR_0.9	ran	31.33	29.3	-92.92	155.59	721.0	390.0	390	0.09	-125.94	2348.0	0.0133	
eval	E3	S_XGB	OCC_LEVEL	OCCUPANCY_0.5	NOT_RUN							390			2348.0		seats_occupancy: the TRAINING BLOCK carries no finite score (406468 rows), so the quantile reference cannot be built.  T
eval	E3	S_XGB	OCC_LEVEL	OCCUPANCY_1	NOT_RUN							390			2348.0		seats_occupancy: the TRAINING BLOCK carries no finite score (406468 rows), so the quantile reference cannot be built.  T
eval	E3	S_XGB	OCC_LEVEL	OCCUPANCY_2	NOT_RUN							390			2348.0		seats_occupancy: the TRAINING BLOCK carries no finite score (406468 rows), so the quantile reference cannot be built.  T
eval	E3	S_XGB	SECTIME	SECTIME_0.05	ran	-36.45	41.13	-139.31	66.41	672.8	386.2	390	0.08	-70.88	2348.0	-0.0155	
eval	E3	S_XGB	SECTIME	SECTIME_0.1	ran	-37.53	49.35	-135.11	60.06	638.0	384.0	390	0.085	-82.8	2348.0	-0.016	
eval	E3	S_XGB	SECTIME	SECTIME_0.15	ran	-24.15	21.8	-119.63	71.32	596.0	378.0	390	0.084	-63.53	2348.0	-0.0103	
eval	E3	S_XGB	SECTIME	SECTIME_0.25	ran	-14.37	18.7	-100.95	72.21	509.2	356.8	390	0.099	-61.61	2348.0	-0.0061	
eval	E3	S_XGB	SECTIME	SECTIME_0.4	ran	-21.87	14.38	-82.33	38.59	334.4	269.8	390	0.142	-45.03	2348.0	-0.0093	
eval	E3	S_XGB	SECTIME	SECTIME_0.6	ran	-21.59	4.72	-48.44	5.25	145.4	135.8	390	0.258	-8.89	2348.0	-0.0092	
eval	E3	S_XGB	TAUZ	TAUZ_0.5	ran	-19.14	36.6	-124.64	86.37	535.4	358.0	390	0.108	-95.18	2348.0	-0.0082	
eval	E3	S_XGB	TAUZ	TAUZ_1	ran	-3.75	5.13	-9.29	1.79	3.4	3.4	390	-5.131	-12.26	2348.0	-0.0016	
eval	E3	S_XGB	TAUZ	TAUZ_1.5	ran	0.0	0.0	0.0	0.0	0.0	0.0	390		0.0	2348.0	0.0	
eval	E3	S_XGB	TAUZ	TAUZ_2	ran	0.0	0.0	0.0	0.0	0.0	0.0	390		0.0	2348.0	0.0	
eval	E3	S_XGB	TAUZ	TAUZ_2.5	ran	0.0	0.0	0.0	0.0	0.0	0.0	390		0.0	2348.0	0.0	
eval	E3	S_XGB	TAU_LEVEL	TAU_0.5	NOT_RUN							390			2348.0		seats_tau: the TRAINING BLOCK carries no finite score (406468 rows), so tau cannot be set.  This is the defect that hid 
eval	E3	S_XGB	TAU_LEVEL	TAU_0.7	NOT_RUN							390			2348.0		seats_tau: the TRAINING BLOCK carries no finite score (406468 rows), so tau cannot be set.  This is the defect that hid 
eval	E3	S_XGB	TAU_LEVEL	TAU_0.8	NOT_RUN							390			2348.0		seats_tau: the TRAINING BLOCK carries no finite score (406468 rows), so tau cannot be set.  This is the defect that hid 
eval	E3	S_XGB	TAU_LEVEL	TAU_0.9	NOT_RUN							390			2348.0		seats_tau: the TRAINING BLOCK carries no finite score (406468 rows), so tau cannot be set.  This is the defect that hid 
eval	E3	S_XGB	TAU_LEVEL	TAU_0.95	NOT_RUN							390			2348.0		seats_tau: the TRAINING BLOCK carries no finite score (406468 rows), so tau cannot be set.  This is the defect that hid 
eval	E3	S_XGB	TAU_LEVEL	TAU_0.975	NOT_RUN							390			2348.0		seats_tau: the TRAINING BLOCK carries no finite score (406468 rows), so tau cannot be set.  This is the defect that hid 
eval	E3	S_XGB	TAU_LEVEL	TAU_0.99	NOT_RUN							390			2348.0		seats_tau: the TRAINING BLOCK carries no finite score (406468 rows), so tau cannot be set.  This is the defect that hid 
eval	E4	H1_DAYRANK	CELLSOFAR	CELLSOFAR_0.8	ran	-6.29	14.9	-104.02	91.44	735.4	384.8	385	0.09	-30.48	2133.0	-0.0029	
eval	E4	H1_DAYRANK	CELLSOFAR	CELLSOFAR_0.9	ran	14.82	24.18	-80.1	109.74	728.2	384.2	385	0.077	-40.6	2133.0	0.0069	
eval	E4	H1_DAYRANK	CELLSOFAR	CELLSOFAR_0.95	ran	11.03	24.69	-81.87	103.92	712.8	383.6	385	0.08	-35.98	2133.0	0.0052	
eval	E4	H1_DAYRANK	CELLSOFAR	CELLSOFAR_0.99	ran	20.68	18.03	-74.85	116.2	691.0	382.6	385	0.083	-74.94	2133.0	0.0097	
eval	E4	H1_DAYRANK	DAYSOFAR	DAYSOFAR_0.5	ran	40.09	24.51	-61.87	142.05	784.2	385.0	385	0.086	-27.6	2133.0	0.0188	
eval	E4	H1_DAYRANK	DAYSOFAR	DAYSOFAR_0.7	ran	59.73	57.84	-47.05	166.51	772.0	385.0	385	0.09	-58.59	2133.0	0.028	
eval	E4	H1_DAYRANK	DAYSOFAR	DAYSOFAR_0.9	ran	75.68	52.23	-30.13	181.48	727.8	384.8	385	0.086	-31.03	2133.0	0.0355	
eval	E4	H1_DAYRANK	OCC_LEVEL	OCCUPANCY_0.5	ran	31.6	25.78	-49.36	112.55	301.8	276.4	385	0.165	-52.19	2133.0	0.0148	
eval	E4	H1_DAYRANK	OCC_LEVEL	OCCUPANCY_1	ran	42.69	38.85	-41.99	127.36	380.2	326.8	385	0.142	-7.13	2133.0	0.02	
eval	E4	H1_DAYRANK	OCC_LEVEL	OCCUPANCY_2	ran	102.41	29.92	6.04	198.79	391.4	334.2	385	0.121	-37.72	2133.0	0.048	
eval	E4	H1_DAYRANK	SECTIME	SECTIME_0.05	ran	-11.07	31.58	-108.86	86.71	681.0	382.6	385	0.078	-87.27	2133.0	-0.0052	
eval	E4	H1_DAYRANK	SECTIME	SECTIME_0.1	ran	-3.16	32.69	-105.12	98.81	649.2	380.6	385	0.087	-53.96	2133.0	-0.0015	
eval	E4	H1_DAYRANK	SECTIME	SECTIME_0.15	ran	30.79	28.43	-63.59	125.17	600.8	374.6	385	0.093	-27.68	2133.0	0.0144	
eval	E4	H1_DAYRANK	SECTIME	SECTIME_0.25	ran	43.53	19.14	-30.29	117.35	486.2	337.6	385	0.085	-38.73	2133.0	0.0204	
eval	E4	H1_DAYRANK	SECTIME	SECTIME_0.4	ran	23.07	21.35	-21.25	67.39	254.6	215.6	385	0.142	-23.35	2133.0	0.0108	
eval	E4	H1_DAYRANK	SECTIME	SECTIME_0.6	ran	-1.39	4.08	-22.09	19.3	98.8	93.8	385	0.37	-17.29	2133.0	-0.0007	
eval	E4	H1_DAYRANK	TAUZ	TAUZ_0.5	ran	76.69	16.81	-20.66	174.04	297.0	268.2	385	0.131	-58.62	2133.0	0.036	
eval	E4	H1_DAYRANK	TAUZ	TAUZ_1	ran	34.0	20.39	-21.74	89.74	80.6	78.8	385	0.362	-21.46	2133.0	0.0159	
eval	E4	H1_DAYRANK	TAUZ	TAUZ_1.5	ran	-7.68	6.61	-21.88	6.51	6.8	6.8	385	-91.32	6.16	2133.0	-0.0036	
eval	E4	H1_DAYRANK	TAUZ	TAUZ_2	ran	0.99	1.99	-0.97	2.96	0.4	0.4	385	0.667	-0.48	2133.0	0.0005	
eval	E4	H1_DAYRANK	TAUZ	TAUZ_2.5	ran	0.0	0.0	0.0	0.0	0.0	0.0	385		0.0	2133.0	0.0	
eval	E4	H1_DAYRANK	TAU_LEVEL	TAU_0.5	ran	-35.72	13.75	-130.19	58.75	761.0	385.0	385	0.091	-90.57	2133.0	-0.0167	
eval	E4	H1_DAYRANK	TAU_LEVEL	TAU_0.7	ran	8.34	29.38	-90.8	107.48	702.6	385.0	385	0.098	-74.53	2133.0	0.0039	
eval	E4	H1_DAYRANK	TAU_LEVEL	TAU_0.8	ran	68.58	15.84	-43.62	180.79	663.0	384.6	385	0.101	-99.77	2133.0	0.0322	
eval	E4	H1_DAYRANK	TAU_LEVEL	TAU_0.9	ran	69.65	30.24	-34.12	173.41	540.2	375.4	385	0.095	-11.77	2133.0	0.0327	
eval	E4	H1_DAYRANK	TAU_LEVEL	TAU_0.95	ran	65.19	20.33	-33.84	164.23	349.0	302.4	385	0.119	-32.76	2133.0	0.0306	
eval	E4	H1_DAYRANK	TAU_LEVEL	TAU_0.975	ran	66.95	7.2	-20.16	154.07	211.8	197.6	385	0.162	-31.19	2133.0	0.0314	
eval	E4	H1_DAYRANK	TAU_LEVEL	TAU_0.99	ran	42.71	10.53	-18.76	104.18	100.2	97.4	385	0.299	-22.28	2133.0	0.02	
eval	E4	ORACLE_DAYRANK	CELLSOFAR	CELLSOFAR_0.8	ran	1411.84	0.0	1287.63	1536.04	1041.0	385.0	385	0.04	-25.78	2133.0	0.6619	
eval	E4	ORACLE_DAYRANK	CELLSOFAR	CELLSOFAR_0.9	ran	1395.19	0.0	1279.95	1510.42	972.0	384.0	385	0.038	-92.38	2133.0	0.6541	
eval	E4	ORACLE_DAYRANK	CELLSOFAR	CELLSOFAR_0.95	ran	1357.53	0.0	1242.95	1472.1	928.0	381.0	385	0.039	-49.18	2133.0	0.6364	
eval	E4	ORACLE_DAYRANK	CELLSOFAR	CELLSOFAR_0.99	ran	1333.04	0.0	1227.32	1438.76	882.0	380.0	385	0.04	-68.48	2133.0	0.625	
eval	E4	ORACLE_DAYRANK	DAYSOFAR	DAYSOFAR_0.5	ran	1588.6	0.0	1451.94	1725.26	1064.0	385.0	385	0.04	-9.15	2133.0	0.7448	
eval	E4	ORACLE_DAYRANK	DAYSOFAR	DAYSOFAR_0.7	ran	1874.54	0.0	1744.58	2004.5	1059.0	385.0	385	0.035	-32.3	2133.0	0.8788	
eval	E4	ORACLE_DAYRANK	DAYSOFAR	DAYSOFAR_0.9	ran	1789.53	0.0	1660.05	1919.01	830.0	380.0	385	0.037	-49.77	2133.0	0.839	
eval	E4	ORACLE_DAYRANK	OCC_LEVEL	OCCUPANCY_0.5	ran	1508.83	0.0	1406.66	1611.0	534.0	385.0	385	0.046	-46.54	2133.0	0.7074	
eval	E4	ORACLE_DAYRANK	OCC_LEVEL	OCCUPANCY_1	ran	1422.74	0.0	1316.84	1528.64	534.0	385.0	385	0.047	-0.88	2133.0	0.667	
eval	E4	ORACLE_DAYRANK	OCC_LEVEL	OCCUPANCY_2	ran	1553.68	0.0	1438.33	1669.02	568.0	385.0	385	0.043	-34.62	2133.0	0.7284	
eval	E4	ORACLE_DAYRANK	SECTIME	SECTIME_0.05	ran	1305.99	0.0	1187.12	1424.87	886.0	384.0	385	0.041	-96.83	2133.0	0.6123	
eval	E4	ORACLE_DAYRANK	SECTIME	SECTIME_0.1	ran	1322.8	0.0	1208.05	1437.55	808.0	379.0	385	0.039	-63.97	2133.0	0.6202	
eval	E4	ORACLE_DAYRANK	SECTIME	SECTIME_0.15	ran	1220.02	0.0	1104.91	1335.14	722.0	370.0	385	0.044	-155.19	2133.0	0.572	
eval	E4	ORACLE_DAYRANK	SECTIME	SECTIME_0.25	ran	962.39	0.0	865.26	1059.53	552.0	337.0	385	0.05	-47.66	2133.0	0.4512	
eval	E4	ORACLE_DAYRANK	SECTIME	SECTIME_0.4	ran	380.95	0.0	321.21	440.69	263.0	211.0	385	0.07	-23.93	2133.0	0.1786	
eval	E4	ORACLE_DAYRANK	SECTIME	SECTIME_0.6	ran	131.52	0.0	94.6	168.44	93.0	89.0	385	0.155	-36.82	2133.0	0.0617	
eval	E4	ORACLE_DAYRANK	TAUZ	TAUZ_0.5	ran	1840.28	0.0	1710.79	1969.76	1120.0	385.0	385	0.036	-70.33	2133.0	0.8628	
eval	E4	ORACLE_DAYRANK	TAUZ	TAUZ_1	ran	1441.11	0.0	1344.1	1538.12	371.0	371.0	385	0.049	61.83	2133.0	0.6756	
eval	E4	ORACLE_DAYRANK	TAUZ	TAUZ_1.5	ran	0.0	0.0	0.0	0.0	0.0	0.0	385		0.0	2133.0	0.0	
eval	E4	ORACLE_DAYRANK	TAUZ	TAUZ_2	ran	0.0	0.0	0.0	0.0	0.0	0.0	385		0.0	2133.0	0.0	
eval	E4	ORACLE_DAYRANK	TAUZ	TAUZ_2.5	ran	0.0	0.0	0.0	0.0	0.0	0.0	385		0.0	2133.0	0.0	
eval	E4	ORACLE_DAYRANK	TAU_LEVEL	TAU_0.5	ran	1843.12	0.0	1713.06	1973.18	1121.0	385.0	385	0.036	-29.11	2133.0	0.8641	
eval	E4	ORACLE_DAYRANK	TAU_LEVEL	TAU_0.7	ran	2079.87	0.0	1957.78	2201.96	1090.0	385.0	385	0.032	-46.69	2133.0	0.9751	
eval	E4	ORACLE_DAYRANK	TAU_LEVEL	TAU_0.8	ran	2010.98	0.0	1897.78	2124.18	907.0	385.0	385	0.033	-88.55	2133.0	0.9428	
eval	E4	ORACLE_DAYRANK	TAU_LEVEL	TAU_0.9	ran	1837.11	0.0	1742.34	1931.87	684.0	385.0	385	0.037	36.6	2133.0	0.8613	
eval	E4	ORACLE_DAYRANK	TAU_LEVEL	TAU_0.95	ran	1707.11	0.0	1613.53	1800.68	554.0	381.0	385	0.039	-105.17	2133.0	0.8003	
eval	E4	ORACLE_DAYRANK	TAU_LEVEL	TAU_0.975	ran	1598.11	0.0	1503.28	1692.95	469.0	380.0	385	0.043	24.04	2133.0	0.7492	
eval	E4	ORACLE_DAYRANK	TAU_LEVEL	TAU_0.99	ran	1497.63	0.0	1400.14	1595.12	405.0	376.0	385	0.047	-14.73	2133.0	0.7021	
eval	E4	S_XGB	CELLSOFAR	CELLSOFAR_0.8	ran	-4.52	25.52	-110.28	101.24	740.4	384.6	385	0.091	-46.29	2133.0	-0.0021	
eval	E4	S_XGB	CELLSOFAR	CELLSOFAR_0.9	ran	-1.88	36.19	-100.81	97.04	722.6	384.4	385	0.078	-61.51	2133.0	-0.0009	
eval	E4	S_XGB	CELLSOFAR	CELLSOFAR_0.95	ran	15.85	44.05	-85.24	116.94	713.6	384.0	385	0.076	2.21	2133.0	0.0074	
eval	E4	S_XGB	CELLSOFAR	CELLSOFAR_0.99	ran	25.92	34.82	-73.51	125.35	685.0	383.4	385	0.079	-60.6	2133.0	0.0122	
eval	E4	S_XGB	DAYSOFAR	DAYSOFAR_0.5	ran	-5.89	29.51	-112.61	100.84	776.2	385.0	385	0.086	-55.71	2133.0	-0.0028	
eval	E4	S_XGB	DAYSOFAR	DAYSOFAR_0.7	ran	-12.16	16.97	-113.87	89.56	751.8	385.0	385	0.085	-57.33	2133.0	-0.0057	
eval	E4	S_XGB	DAYSOFAR	DAYSOFAR_0.9	ran	44.35	22.61	-61.04	149.75	693.2	384.8	385	0.09	-50.09	2133.0	0.0208	
eval	E4	S_XGB	OCC_LEVEL	OCCUPANCY_0.5	NOT_RUN							385			2133.0		seats_occupancy: the TRAINING BLOCK carries no finite score (558352 rows), so the quantile reference cannot be built.  T
eval	E4	S_XGB	OCC_LEVEL	OCCUPANCY_1	NOT_RUN							385			2133.0		seats_occupancy: the TRAINING BLOCK carries no finite score (558352 rows), so the quantile reference cannot be built.  T
eval	E4	S_XGB	OCC_LEVEL	OCCUPANCY_2	NOT_RUN							385			2133.0		seats_occupancy: the TRAINING BLOCK carries no finite score (558352 rows), so the quantile reference cannot be built.  T
eval	E4	S_XGB	SECTIME	SECTIME_0.05	ran	18.21	44.79	-83.19	119.61	691.2	384.4	385	0.077	-94.71	2133.0	0.0085	
eval	E4	S_XGB	SECTIME	SECTIME_0.1	ran	24.92	24.03	-73.35	123.19	654.0	382.0	385	0.086	-58.27	2133.0	0.0117	
eval	E4	S_XGB	SECTIME	SECTIME_0.15	ran	17.91	11.12	-72.53	108.36	612.6	377.0	385	0.087	-58.81	2133.0	0.0084	
eval	E4	S_XGB	SECTIME	SECTIME_0.25	ran	23.75	16.6	-48.63	96.14	516.0	349.0	385	0.091	-44.72	2133.0	0.0111	
eval	E4	S_XGB	SECTIME	SECTIME_0.4	ran	-19.43	5.13	-62.61	23.76	322.0	261.2	385	0.133	-31.93	2133.0	-0.0091	
eval	E4	S_XGB	SECTIME	SECTIME_0.6	ran	-13.08	3.16	-38.24	12.09	151.0	137.8	385	0.251	-19.39	2133.0	-0.0061	
eval	E4	S_XGB	TAUZ	TAUZ_0.5	ran	54.5	24.71	-46.77	155.77	576.8	363.4	385	0.1	-61.08	2133.0	0.0256	
eval	E4	S_XGB	TAUZ	TAUZ_1	ran	21.75	7.99	-14.74	58.24	91.6	81.6	385	0.462	-48.54	2133.0	0.0102	
eval	E4	S_XGB	TAUZ	TAUZ_1.5	ran	0.0	0.0	0.0	0.0	0.0	0.0	385		0.0	2133.0	0.0	
eval	E4	S_XGB	TAUZ	TAUZ_2	ran	0.0	0.0	0.0	0.0	0.0	0.0	385		0.0	2133.0	0.0	
eval	E4	S_XGB	TAUZ	TAUZ_2.5	ran	0.0	0.0	0.0	0.0	0.0	0.0	385		0.0	2133.0	0.0	
eval	E4	S_XGB	TAU_LEVEL	TAU_0.5	NOT_RUN							385			2133.0		seats_tau: the TRAINING BLOCK carries no finite score (558352 rows), so tau cannot be set.  This is the defect that hid 
eval	E4	S_XGB	TAU_LEVEL	TAU_0.7	NOT_RUN							385			2133.0		seats_tau: the TRAINING BLOCK carries no finite score (558352 rows), so tau cannot be set.  This is the defect that hid 
eval	E4	S_XGB	TAU_LEVEL	TAU_0.8	NOT_RUN							385			2133.0		seats_tau: the TRAINING BLOCK carries no finite score (558352 rows), so tau cannot be set.  This is the defect that hid 
eval	E4	S_XGB	TAU_LEVEL	TAU_0.9	NOT_RUN							385			2133.0		seats_tau: the TRAINING BLOCK carries no finite score (558352 rows), so tau cannot be set.  This is the defect that hid 
eval	E4	S_XGB	TAU_LEVEL	TAU_0.95	NOT_RUN							385			2133.0		seats_tau: the TRAINING BLOCK carries no finite score (558352 rows), so tau cannot be set.  This is the defect that hid 
eval	E4	S_XGB	TAU_LEVEL	TAU_0.975	NOT_RUN							385			2133.0		seats_tau: the TRAINING BLOCK carries no finite score (558352 rows), so tau cannot be set.  This is the defect that hid 
eval	E4	S_XGB	TAU_LEVEL	TAU_0.99	NOT_RUN							385			2133.0		seats_tau: the TRAINING BLOCK carries no finite score (558352 rows), so tau cannot be set.  This is the defect that hid 
eval	E4	S_XGB_DAYZ	CELLSOFAR	CELLSOFAR_0.8	ran	12.08	10.2	-87.76	111.92	761.2	385.0	385	0.093	-6.19	2133.0	0.0057	
eval	E4	S_XGB_DAYZ	CELLSOFAR	CELLSOFAR_0.9	ran	13.19	20.15	-80.28	106.66	729.4	384.6	385	0.083	-25.39	2133.0	0.0062	
eval	E4	S_XGB_DAYZ	CELLSOFAR	CELLSOFAR_0.95	ran	14.39	18.33	-78.51	107.28	705.8	382.8	385	0.087	-54.1	2133.0	0.0067	
eval	E4	S_XGB_DAYZ	CELLSOFAR	CELLSOFAR_0.99	ran	32.84	30.08	-56.64	122.32	658.6	379.8	385	0.089	-94.93	2133.0	0.0154	
eval	E4	S_XGB_DAYZ	DAYSOFAR	DAYSOFAR_0.5	ran	31.36	28.39	-68.1	130.81	790.6	385.0	385	0.085	-19.62	2133.0	0.0147	
eval	E4	S_XGB_DAYZ	DAYSOFAR	DAYSOFAR_0.7	ran	4.8	10.3	-95.34	104.94	782.4	385.0	385	0.088	-11.8	2133.0	0.0022	
eval	E4	S_XGB_DAYZ	DAYSOFAR	DAYSOFAR_0.9	ran	18.81	19.88	-85.95	123.56	688.0	384.0	385	0.095	-36.52	2133.0	0.0088	
eval	E4	S_XGB_DAYZ	OCC_LEVEL	OCCUPANCY_0.5	NOT_RUN							385			2133.0		seats_occupancy: the TRAINING BLOCK carries no finite score (558352 rows), so the quantile reference cannot be built.  T
eval	E4	S_XGB_DAYZ	OCC_LEVEL	OCCUPANCY_1	NOT_RUN							385			2133.0		seats_occupancy: the TRAINING BLOCK carries no finite score (558352 rows), so the quantile reference cannot be built.  T
eval	E4	S_XGB_DAYZ	OCC_LEVEL	OCCUPANCY_2	NOT_RUN							385			2133.0		seats_occupancy: the TRAINING BLOCK carries no finite score (558352 rows), so the quantile reference cannot be built.  T
eval	E4	S_XGB_DAYZ	SECTIME	SECTIME_0.05	ran	-16.74	28.02	-104.04	70.56	635.8	377.0	385	0.092	-88.57	2133.0	-0.0078	
eval	E4	S_XGB_DAYZ	SECTIME	SECTIME_0.1	ran	37.83	25.0	-44.93	120.58	584.2	362.2	385	0.105	-49.87	2133.0	0.0177	
eval	E4	S_XGB_DAYZ	SECTIME	SECTIME_0.15	ran	-17.97	16.5	-89.83	53.89	520.2	348.0	385	0.116	-21.53	2133.0	-0.0084	
eval	E4	S_XGB_DAYZ	SECTIME	SECTIME_0.25	ran	-12.39	24.36	-67.18	42.39	395.6	297.8	385	0.15	-41.35	2133.0	-0.0058	
eval	E4	S_XGB_DAYZ	SECTIME	SECTIME_0.4	ran	-16.28	13.45	-49.21	16.65	220.2	189.8	385	0.192	-27.0	2133.0	-0.0076	
eval	E4	S_XGB_DAYZ	SECTIME	SECTIME_0.6	ran	-4.41	5.39	-22.77	13.96	95.0	90.8	385	0.341	-10.5	2133.0	-0.0021	
eval	E4	S_XGB_DAYZ	TAUZ	TAUZ_0.5	ran	-10.49	23.42	-114.62	93.65	751.0	385.0	385	0.083	-33.95	2133.0	-0.0049	
eval	E4	S_XGB_DAYZ	TAUZ	TAUZ_1	ran	19.74	36.34	-84.33	123.8	736.8	385.0	385	0.084	-62.34	2133.0	0.0093	
eval	E4	S_XGB_DAYZ	TAUZ	TAUZ_1.5	ran	36.51	18.21	-64.25	137.27	620.0	382.4	385	0.093	-11.1	2133.0	0.0171	
eval	E4	S_XGB_DAYZ	TAUZ	TAUZ_2	ran	-20.3	12.18	-91.92	51.32	326.0	283.6	385	0.152	-55.39	2133.0	-0.0095	
eval	E4	S_XGB_DAYZ	TAUZ	TAUZ_2.5	ran	-18.3	7.9	-58.05	21.45	125.4	121.6	385	0.276	-27.74	2133.0	-0.0086	
eval	E4	S_XGB_DAYZ	TAU_LEVEL	TAU_0.5	NOT_RUN							385			2133.0		seats_tau: the TRAINING BLOCK carries no finite score (558352 rows), so tau cannot be set.  This is the defect that hid 
eval	E4	S_XGB_DAYZ	TAU_LEVEL	TAU_0.7	NOT_RUN							385			2133.0		seats_tau: the TRAINING BLOCK carries no finite score (558352 rows), so tau cannot be set.  This is the defect that hid 
eval	E4	S_XGB_DAYZ	TAU_LEVEL	TAU_0.8	NOT_RUN							385			2133.0		seats_tau: the TRAINING BLOCK carries no finite score (558352 rows), so tau cannot be set.  This is the defect that hid 
eval	E4	S_XGB_DAYZ	TAU_LEVEL	TAU_0.9	NOT_RUN							385			2133.0		seats_tau: the TRAINING BLOCK carries no finite score (558352 rows), so tau cannot be set.  This is the defect that hid 
eval	E4	S_XGB_DAYZ	TAU_LEVEL	TAU_0.95	NOT_RUN							385			2133.0		seats_tau: the TRAINING BLOCK carries no finite score (558352 rows), so tau cannot be set.  This is the defect that hid 
eval	E4	S_XGB_DAYZ	TAU_LEVEL	TAU_0.975	NOT_RUN							385			2133.0		seats_tau: the TRAINING BLOCK carries no finite score (558352 rows), so tau cannot be set.  This is the defect that hid 
eval	E4	S_XGB_DAYZ	TAU_LEVEL	TAU_0.99	NOT_RUN							385			2133.0		seats_tau: the TRAINING BLOCK carries no finite score (558352 rows), so tau cannot be set.  This is the defect that hid 
eval	E5	H1_DAYRANK	CELLSOFAR	CELLSOFAR_0.8	ran	9.98	41.08	-90.37	110.33	748.2	387.0	387	0.07	-74.74	2021.0	0.0049	
eval	E5	H1_DAYRANK	CELLSOFAR	CELLSOFAR_0.9	ran	7.21	22.62	-94.18	108.6	720.2	387.0	387	0.077	-57.17	2021.0	0.0036	
eval	E5	H1_DAYRANK	CELLSOFAR	CELLSOFAR_0.95	ran	7.13	27.77	-93.62	107.89	700.8	386.8	387	0.078	-86.41	2021.0	0.0035	
eval	E5	H1_DAYRANK	CELLSOFAR	CELLSOFAR_0.99	ran	-2.63	33.41	-102.87	97.62	675.2	385.8	387	0.081	-36.12	2021.0	-0.0013	
eval	E5	H1_DAYRANK	DAYSOFAR	DAYSOFAR_0.5	ran	-100.85	38.74	-199.73	-1.98	766.6	387.0	387	0.065	4.45	2021.0	-0.0499	
eval	E5	H1_DAYRANK	DAYSOFAR	DAYSOFAR_0.7	ran	-91.01	9.82	-187.99	5.96	744.8	387.0	387	0.068	13.82	2021.0	-0.045	
eval	E5	H1_DAYRANK	DAYSOFAR	DAYSOFAR_0.9	ran	-31.16	20.59	-132.3	69.98	696.6	387.0	387	0.076	-72.32	2021.0	-0.0154	
eval	E5	H1_DAYRANK	OCC_LEVEL	OCCUPANCY_0.5	ran	-19.53	21.62	-90.62	51.56	320.8	298.6	387	0.197	-32.9	2021.0	-0.0097	
eval	E5	H1_DAYRANK	OCC_LEVEL	OCCUPANCY_1	ran	-39.15	34.2	-112.98	34.67	436.0	368.6	387	0.17	-49.29	2021.0	-0.0194	
eval	E5	H1_DAYRANK	OCC_LEVEL	OCCUPANCY_2	ran	-52.34	15.08	-132.08	27.41	439.8	371.6	387	0.16	-60.85	2021.0	-0.0259	
eval	E5	H1_DAYRANK	SECTIME	SECTIME_0.05	ran	-23.64	37.61	-123.09	75.81	665.2	385.0	387	0.081	-71.18	2021.0	-0.0117	
eval	E5	H1_DAYRANK	SECTIME	SECTIME_0.1	ran	-37.8	19.74	-129.09	53.49	616.6	381.4	387	0.09	-28.68	2021.0	-0.0187	
eval	E5	H1_DAYRANK	SECTIME	SECTIME_0.15	ran	-27.5	19.42	-109.6	54.61	565.2	372.0	387	0.081	-48.47	2021.0	-0.0136	
eval	E5	H1_DAYRANK	SECTIME	SECTIME_0.25	ran	-36.12	33.42	-104.93	32.69	432.6	328.6	387	0.131	-53.06	2021.0	-0.0179	
eval	E5	H1_DAYRANK	SECTIME	SECTIME_0.4	ran	1.38	17.82	-46.45	49.21	205.2	183.0	387	0.303	-30.13	2021.0	0.0007	
eval	E5	H1_DAYRANK	SECTIME	SECTIME_0.6	ran	3.62	2.52	-15.53	22.77	61.8	59.2	387	0.505	-26.74	2021.0	0.0018	
eval	E5	H1_DAYRANK	TAUZ	TAUZ_0.5	ran	-26.67	7.79	-101.95	48.6	249.0	222.6	387	0.149	-39.31	2021.0	-0.0132	
eval	E5	H1_DAYRANK	TAUZ	TAUZ_1	ran	-2.35	15.6	-41.97	37.27	78.6	75.6	387	0.385	-45.25	2021.0	-0.0012	
eval	E5	H1_DAYRANK	TAUZ	TAUZ_1.5	ran	6.91	4.1	-21.05	34.87	19.8	19.8	387	0.835	-45.67	2021.0	0.0034	
eval	E5	H1_DAYRANK	TAUZ	TAUZ_2	ran	-0.54	1.57	-4.53	3.46	1.0	1.0	387	0.661	-2.27	2021.0	-0.0003	
eval	E5	H1_DAYRANK	TAUZ	TAUZ_2.5	ran	0.0	0.0	0.0	0.0	0.0	0.0	387		-0.43	2021.0	0.0	
eval	E5	H1_DAYRANK	TAU_LEVEL	TAU_0.5	ran	-55.77	33.87	-156.36	44.82	727.0	387.0	387	0.083	-43.4	2021.0	-0.0276	
eval	E5	H1_DAYRANK	TAU_LEVEL	TAU_0.7	ran	73.24	61.76	-36.21	182.69	639.2	387.0	387	0.084	-32.54	2021.0	0.0362	
eval	E5	H1_DAYRANK	TAU_LEVEL	TAU_0.8	ran	21.75	38.22	-85.4	128.91	560.0	385.2	387	0.092	-3.32	2021.0	0.0108	
eval	E5	H1_DAYRANK	TAU_LEVEL	TAU_0.9	ran	-21.46	24.39	-116.62	73.7	398.2	321.0	387	0.124	-46.89	2021.0	-0.0106	
eval	E5	H1_DAYRANK	TAU_LEVEL	TAU_0.95	ran	-23.19	19.48	-95.83	49.45	227.8	207.0	387	0.166	-69.37	2021.0	-0.0115	
eval	E5	H1_DAYRANK	TAU_LEVEL	TAU_0.975	ran	-17.8	15.8	-67.04	31.43	119.0	111.8	387	0.263	-33.49	2021.0	-0.0088	
eval	E5	H1_DAYRANK	TAU_LEVEL	TAU_0.99	ran	-3.29	14.91	-40.53	33.95	57.0	56.0	387	0.519	-56.93	2021.0	-0.0016	
eval	E5	ORACLE_DAYRANK	CELLSOFAR	CELLSOFAR_0.8	ran	1384.48	0.0	1275.84	1493.13	1066.0	387.0	387	0.033	-11.69	2021.0	0.685	
eval	E5	ORACLE_DAYRANK	CELLSOFAR	CELLSOFAR_0.9	ran	1330.91	0.0	1222.28	1439.55	1001.0	386.0	387	0.035	-37.38	2021.0	0.6585	
eval	E5	ORACLE_DAYRANK	CELLSOFAR	CELLSOFAR_0.95	ran	1313.92	0.0	1199.95	1427.89	964.0	384.0	387	0.036	-37.33	2021.0	0.6501	
eval	E5	ORACLE_DAYRANK	CELLSOFAR	CELLSOFAR_0.99	ran	1300.03	0.0	1182.7	1417.36	919.0	383.0	387	0.036	-58.02	2021.0	0.6433	
eval	E5	ORACLE_DAYRANK	DAYSOFAR	DAYSOFAR_0.5	ran	1534.27	0.0	1409.32	1659.22	1089.0	387.0	387	0.041	12.16	2021.0	0.7592	
eval	E5	ORACLE_DAYRANK	DAYSOFAR	DAYSOFAR_0.7	ran	1746.96	0.0	1632.1	1861.83	1064.0	387.0	387	0.037	37.5	2021.0	0.8644	
eval	E5	ORACLE_DAYRANK	DAYSOFAR	DAYSOFAR_0.9	ran	1622.6	0.0	1513.08	1732.12	812.0	378.0	387	0.04	24.64	2021.0	0.8029	
eval	E5	ORACLE_DAYRANK	OCC_LEVEL	OCCUPANCY_0.5	ran	1423.41	0.0	1330.21	1516.61	572.0	387.0	387	0.048	-71.41	2021.0	0.7043	
eval	E5	ORACLE_DAYRANK	OCC_LEVEL	OCCUPANCY_1	ran	1366.95	0.0	1263.58	1470.31	582.0	387.0	387	0.048	-34.4	2021.0	0.6764	
eval	E5	ORACLE_DAYRANK	OCC_LEVEL	OCCUPANCY_2	ran	1513.04	0.0	1409.42	1616.65	616.0	387.0	387	0.044	-77.13	2021.0	0.7487	
eval	E5	ORACLE_DAYRANK	SECTIME	SECTIME_0.05	ran	1233.98	0.0	1119.96	1347.99	894.0	385.0	387	0.035	1.25	2021.0	0.6106	
eval	E5	ORACLE_DAYRANK	SECTIME	SECTIME_0.1	ran	1227.41	0.0	1108.94	1345.89	827.0	382.0	387	0.037	-37.37	2021.0	0.6073	
eval	E5	ORACLE_DAYRANK	SECTIME	SECTIME_0.15	ran	1142.0	0.0	1037.01	1246.99	743.0	374.0	387	0.043	-56.52	2021.0	0.5651	
eval	E5	ORACLE_DAYRANK	SECTIME	SECTIME_0.25	ran	872.3	0.0	795.86	948.74	559.0	338.0	387	0.049	-3.23	2021.0	0.4316	
eval	E5	ORACLE_DAYRANK	SECTIME	SECTIME_0.4	ran	394.92	0.0	331.91	457.93	273.0	219.0	387	0.102	-50.19	2021.0	0.1954	
eval	E5	ORACLE_DAYRANK	SECTIME	SECTIME_0.6	ran	151.47	0.0	119.48	183.46	116.0	108.0	387	0.142	-20.19	2021.0	0.0749	
eval	E5	ORACLE_DAYRANK	TAUZ	TAUZ_0.5	ran	1729.89	0.0	1616.55	1843.22	1128.0	387.0	387	0.033	-74.94	2021.0	0.856	
eval	E5	ORACLE_DAYRANK	TAUZ	TAUZ_1	ran	1341.5	0.0	1254.54	1428.45	372.0	372.0	387	0.053	-7.48	2021.0	0.6638	
eval	E5	ORACLE_DAYRANK	TAUZ	TAUZ_1.5	ran	0.0	0.0	0.0	0.0	0.0	0.0	387		0.0	2021.0	0.0	
eval	E5	ORACLE_DAYRANK	TAUZ	TAUZ_2	ran	0.0	0.0	0.0	0.0	0.0	0.0	387		0.0	2021.0	0.0	
eval	E5	ORACLE_DAYRANK	TAUZ	TAUZ_2.5	ran	0.0	0.0	0.0	0.0	0.0	0.0	387		0.0	2021.0	0.0	
eval	E5	ORACLE_DAYRANK	TAU_LEVEL	TAU_0.5	ran	1748.41	0.0	1630.84	1865.98	1127.0	387.0	387	0.037	-76.74	2021.0	0.8651	
eval	E5	ORACLE_DAYRANK	TAU_LEVEL	TAU_0.7	ran	1952.94	0.0	1837.45	2068.42	1089.0	387.0	387	0.034	26.91	2021.0	0.9663	
eval	E5	ORACLE_DAYRANK	TAU_LEVEL	TAU_0.8	ran	1910.68	0.0	1806.52	2014.84	923.0	387.0	387	0.034	-75.71	2021.0	0.9454	
eval	E5	ORACLE_DAYRANK	TAU_LEVEL	TAU_0.9	ran	1750.26	0.0	1650.89	1849.64	696.0	387.0	387	0.037	-78.25	2021.0	0.866	
eval	E5	ORACLE_DAYRANK	TAU_LEVEL	TAU_0.95	ran	1630.33	0.0	1538.74	1721.92	571.0	386.0	387	0.041	-2.31	2021.0	0.8067	
eval	E5	ORACLE_DAYRANK	TAU_LEVEL	TAU_0.975	ran	1525.47	0.0	1437.77	1613.18	487.0	382.0	387	0.044	-59.29	2021.0	0.7548	
eval	E5	ORACLE_DAYRANK	TAU_LEVEL	TAU_0.99	ran	1437.92	0.0	1350.69	1525.16	426.0	378.0	387	0.048	-31.86	2021.0	0.7115	
eval	E5	S_XGB	CELLSOFAR	CELLSOFAR_0.8	ran	33.48	8.02	-75.9	142.86	771.4	387.0	387	0.074	-21.06	2021.0	0.0166	
eval	E5	S_XGB	CELLSOFAR	CELLSOFAR_0.9	ran	58.1	14.33	-51.03	167.23	752.8	386.2	387	0.074	-75.85	2021.0	0.0287	
eval	E5	S_XGB	CELLSOFAR	CELLSOFAR_0.95	ran	44.02	4.82	-61.39	149.42	732.2	384.4	387	0.077	-85.39	2021.0	0.0218	
eval	E5	S_XGB	CELLSOFAR	CELLSOFAR_0.99	ran	40.22	15.17	-62.81	143.24	715.4	384.4	387	0.078	-13.47	2021.0	0.0199	
eval	E5	S_XGB	DAYSOFAR	DAYSOFAR_0.5	ran	44.89	17.22	-60.36	150.14	799.6	387.0	387	0.081	3.9	2021.0	0.0222	
eval	E5	S_XGB	DAYSOFAR	DAYSOFAR_0.7	ran	86.2	30.17	-24.42	196.82	793.0	387.0	387	0.072	-20.16	2021.0	0.0427	
eval	E5	S_XGB	DAYSOFAR	DAYSOFAR_0.9	ran	57.76	9.46	-52.5	168.02	725.8	387.0	387	0.08	-3.83	2021.0	0.0286	
eval	E5	S_XGB	OCC_LEVEL	OCCUPANCY_0.5	NOT_RUN							387			2021.0		seats_occupancy: the TRAINING BLOCK carries no finite score (706826 rows), so the quantile reference cannot be built.  T
eval	E5	S_XGB	OCC_LEVEL	OCCUPANCY_1	NOT_RUN							387			2021.0		seats_occupancy: the TRAINING BLOCK carries no finite score (706826 rows), so the quantile reference cannot be built.  T
eval	E5	S_XGB	OCC_LEVEL	OCCUPANCY_2	NOT_RUN							387			2021.0		seats_occupancy: the TRAINING BLOCK carries no finite score (706826 rows), so the quantile reference cannot be built.  T
eval	E5	S_XGB	SECTIME	SECTIME_0.05	ran	41.15	11.21	-62.13	144.42	723.6	386.8	387	0.075	-55.34	2021.0	0.0204	
eval	E5	S_XGB	SECTIME	SECTIME_0.1	ran	6.12	7.48	-90.11	102.34	681.6	384.4	387	0.075	-53.29	2021.0	0.003	
eval	E5	S_XGB	SECTIME	SECTIME_0.15	ran	5.71	8.67	-80.25	91.66	639.6	380.8	387	0.077	-36.84	2021.0	0.0028	
eval	E5	S_XGB	SECTIME	SECTIME_0.25	ran	-25.03	9.51	-101.3	51.24	558.2	366.6	387	0.096	-48.78	2021.0	-0.0124	
eval	E5	S_XGB	SECTIME	SECTIME_0.4	ran	-13.13	9.88	-65.94	39.68	401.8	307.0	387	0.191	-12.3	2021.0	-0.0065	
eval	E5	S_XGB	SECTIME	SECTIME_0.6	ran	4.82	4.37	-27.6	37.25	238.6	203.0	387	0.237	-20.68	2021.0	0.0024	
eval	E5	S_XGB	TAUZ	TAUZ_0.5	ran	42.45	4.56	-59.4	144.3	692.0	383.2	387	0.083	9.77	2021.0	0.021	
eval	E5	S_XGB	TAUZ	TAUZ_1	ran	-30.88	13.88	-77.31	15.55	239.4	186.2	387	0.192	-51.64	2021.0	-0.0153	
eval	E5	S_XGB	TAUZ	TAUZ_1.5	ran	3.85	2.89	-3.93	11.64	3.4	3.4	387	0.721	3.45	2021.0	0.0019	
eval	E5	S_XGB	TAUZ	TAUZ_2	ran	0.0	0.0	0.0	0.0	0.0	0.0	387		0.0	2021.0	0.0	
eval	E5	S_XGB	TAUZ	TAUZ_2.5	ran	0.0	0.0	0.0	0.0	0.0	0.0	387		0.0	2021.0	0.0	
eval	E5	S_XGB	TAU_LEVEL	TAU_0.5	NOT_RUN							387			2021.0		seats_tau: the TRAINING BLOCK carries no finite score (706826 rows), so tau cannot be set.  This is the defect that hid 
eval	E5	S_XGB	TAU_LEVEL	TAU_0.7	NOT_RUN							387			2021.0		seats_tau: the TRAINING BLOCK carries no finite score (706826 rows), so tau cannot be set.  This is the defect that hid 
eval	E5	S_XGB	TAU_LEVEL	TAU_0.8	NOT_RUN							387			2021.0		seats_tau: the TRAINING BLOCK carries no finite score (706826 rows), so tau cannot be set.  This is the defect that hid 
eval	E5	S_XGB	TAU_LEVEL	TAU_0.9	NOT_RUN							387			2021.0		seats_tau: the TRAINING BLOCK carries no finite score (706826 rows), so tau cannot be set.  This is the defect that hid 
eval	E5	S_XGB	TAU_LEVEL	TAU_0.95	NOT_RUN							387			2021.0		seats_tau: the TRAINING BLOCK carries no finite score (706826 rows), so tau cannot be set.  This is the defect that hid 
eval	E5	S_XGB	TAU_LEVEL	TAU_0.975	NOT_RUN							387			2021.0		seats_tau: the TRAINING BLOCK carries no finite score (706826 rows), so tau cannot be set.  This is the defect that hid 
eval	E5	S_XGB	TAU_LEVEL	TAU_0.99	NOT_RUN							387			2021.0		seats_tau: the TRAINING BLOCK carries no finite score (706826 rows), so tau cannot be set.  This is the defect that hid 
eval	E5	S_XGB_DAYZ	CELLSOFAR	CELLSOFAR_0.8	ran	19.44	12.44	-87.22	126.1	772.2	387.0	387	0.077	-46.52	2021.0	0.0096	
eval	E5	S_XGB_DAYZ	CELLSOFAR	CELLSOFAR_0.9	ran	-13.75	18.29	-116.15	88.65	756.2	387.0	387	0.081	-19.24	2021.0	-0.0068	
eval	E5	S_XGB_DAYZ	CELLSOFAR	CELLSOFAR_0.95	ran	53.19	24.64	-53.9	160.28	743.8	386.0	387	0.082	-37.01	2021.0	0.0263	
eval	E5	S_XGB_DAYZ	CELLSOFAR	CELLSOFAR_0.99	ran	55.41	19.17	-52.96	163.78	712.8	383.8	387	0.086	-47.88	2021.0	0.0274	
eval	E5	S_XGB_DAYZ	DAYSOFAR	DAYSOFAR_0.5	ran	-22.95	8.83	-122.6	76.71	786.0	387.0	387	0.062	1.68	2021.0	-0.0114	
eval	E5	S_XGB_DAYZ	DAYSOFAR	DAYSOFAR_0.7	ran	19.77	10.08	-87.51	127.04	772.2	387.0	387	0.068	-34.05	2021.0	0.0098	
eval	E5	S_XGB_DAYZ	DAYSOFAR	DAYSOFAR_0.9	ran	-24.35	8.02	-121.89	73.19	707.6	386.4	387	0.082	-55.95	2021.0	-0.012	
eval	E5	S_XGB_DAYZ	OCC_LEVEL	OCCUPANCY_0.5	NOT_RUN							387			2021.0		seats_occupancy: the TRAINING BLOCK carries no finite score (706826 rows), so the quantile reference cannot be built.  T
eval	E5	S_XGB_DAYZ	OCC_LEVEL	OCCUPANCY_1	NOT_RUN							387			2021.0		seats_occupancy: the TRAINING BLOCK carries no finite score (706826 rows), so the quantile reference cannot be built.  T
eval	E5	S_XGB_DAYZ	OCC_LEVEL	OCCUPANCY_2	NOT_RUN							387			2021.0		seats_occupancy: the TRAINING BLOCK carries no finite score (706826 rows), so the quantile reference cannot be built.  T
eval	E5	S_XGB_DAYZ	SECTIME	SECTIME_0.05	ran	25.19	6.7	-77.05	127.43	688.0	384.0	387	0.094	-36.48	2021.0	0.0125	
eval	E5	S_XGB_DAYZ	SECTIME	SECTIME_0.1	ran	3.7	6.87	-87.48	94.88	627.2	374.2	387	0.096	-93.69	2021.0	0.0018	
eval	E5	S_XGB_DAYZ	SECTIME	SECTIME_0.15	ran	12.91	6.9	-71.4	97.23	562.4	359.6	387	0.111	-89.32	2021.0	0.0064	
eval	E5	S_XGB_DAYZ	SECTIME	SECTIME_0.25	ran	-11.91	7.13	-81.63	57.81	446.4	322.4	387	0.135	-47.94	2021.0	-0.0059	
eval	E5	S_XGB_DAYZ	SECTIME	SECTIME_0.4	ran	-13.22	2.59	-54.11	27.66	256.8	213.2	387	0.188	-47.24	2021.0	-0.0065	
eval	E5	S_XGB_DAYZ	SECTIME	SECTIME_0.6	ran	-2.14	3.53	-26.19	21.9	140.0	127.4	387	0.304	-25.84	2021.0	-0.0011	
eval	E5	S_XGB_DAYZ	TAUZ	TAUZ_0.5	ran	81.04	16.86	-30.15	192.22	790.8	387.0	387	0.073	-1.3	2021.0	0.0401	
eval	E5	S_XGB_DAYZ	TAUZ	TAUZ_1	ran	85.28	7.25	-30.22	200.78	771.2	387.0	387	0.076	-19.77	2021.0	0.0422	
eval	E5	S_XGB_DAYZ	TAUZ	TAUZ_1.5	ran	7.76	10.55	-91.73	107.25	665.6	386.6	387	0.08	-36.59	2021.0	0.0038	
eval	E5	S_XGB_DAYZ	TAUZ	TAUZ_2	ran	-6.68	12.93	-76.0	62.63	388.4	309.2	387	0.162	-66.34	2021.0	-0.0033	
eval	E5	S_XGB_DAYZ	TAUZ	TAUZ_2.5	ran	-7.99	6.25	-34.2	18.22	117.2	110.8	387	0.271	-23.97	2021.0	-0.004	
eval	E5	S_XGB_DAYZ	TAU_LEVEL	TAU_0.5	NOT_RUN							387			2021.0		seats_tau: the TRAINING BLOCK carries no finite score (706826 rows), so tau cannot be set.  This is the defect that hid 
eval	E5	S_XGB_DAYZ	TAU_LEVEL	TAU_0.7	NOT_RUN							387			2021.0		seats_tau: the TRAINING BLOCK carries no finite score (706826 rows), so tau cannot be set.  This is the defect that hid 
eval	E5	S_XGB_DAYZ	TAU_LEVEL	TAU_0.8	NOT_RUN							387			2021.0		seats_tau: the TRAINING BLOCK carries no finite score (706826 rows), so tau cannot be set.  This is the defect that hid 
eval	E5	S_XGB_DAYZ	TAU_LEVEL	TAU_0.9	NOT_RUN							387			2021.0		seats_tau: the TRAINING BLOCK carries no finite score (706826 rows), so tau cannot be set.  This is the defect that hid 
eval	E5	S_XGB_DAYZ	TAU_LEVEL	TAU_0.95	NOT_RUN							387			2021.0		seats_tau: the TRAINING BLOCK carries no finite score (706826 rows), so tau cannot be set.  This is the defect that hid 
eval	E5	S_XGB_DAYZ	TAU_LEVEL	TAU_0.975	NOT_RUN							387			2021.0		seats_tau: the TRAINING BLOCK carries no finite score (706826 rows), so tau cannot be set.  This is the defect that hid 
eval	E5	S_XGB_DAYZ	TAU_LEVEL	TAU_0.99	NOT_RUN							387			2021.0		seats_tau: the TRAINING BLOCK carries no finite score (706826 rows), so tau cannot be set.  This is the defect that hid 
eval	E6	H1_DAYRANK	CELLSOFAR	CELLSOFAR_0.8	ran	101.27	101.44	-31.6	234.14	716.2	384.0	384	0.085	-87.48	2675.0	0.0379	
eval	E6	H1_DAYRANK	CELLSOFAR	CELLSOFAR_0.9	ran	110.62	41.93	-21.32	242.56	687.6	383.4	384	0.081	-68.14	2675.0	0.0414	
eval	E6	H1_DAYRANK	CELLSOFAR	CELLSOFAR_0.95	ran	98.54	41.78	-34.47	231.56	663.6	382.8	384	0.082	-72.41	2675.0	0.0368	
eval	E6	H1_DAYRANK	CELLSOFAR	CELLSOFAR_0.99	ran	81.8	43.66	-52.46	216.06	614.0	379.4	384	0.088	-41.01	2675.0	0.0306	
eval	E6	H1_DAYRANK	DAYSOFAR	DAYSOFAR_0.5	ran	-2.63	45.33	-118.83	113.58	722.0	384.0	384	0.081	-38.61	2675.0	-0.001	
eval	E6	H1_DAYRANK	DAYSOFAR	DAYSOFAR_0.7	ran	21.08	28.68	-102.38	144.54	723.6	384.0	384	0.08	-75.14	2675.0	0.0079	
eval	E6	H1_DAYRANK	DAYSOFAR	DAYSOFAR_0.9	ran	134.64	90.09	-3.55	272.83	678.4	383.8	384	0.086	-75.18	2675.0	0.0503	
eval	E6	H1_DAYRANK	OCC_LEVEL	OCCUPANCY_0.5	ran	5.5	44.47	-83.99	94.98	347.2	307.6	384	0.159	-57.44	2675.0	0.0021	
eval	E6	H1_DAYRANK	OCC_LEVEL	OCCUPANCY_1	ran	-56.37	22.01	-149.18	36.45	439.6	363.8	384	0.138	-25.09	2675.0	-0.0211	
eval	E6	H1_DAYRANK	OCC_LEVEL	OCCUPANCY_2	ran	-68.04	44.63	-165.83	29.75	460.4	368.2	384	0.113	-44.9	2675.0	-0.0254	
eval	E6	H1_DAYRANK	SECTIME	SECTIME_0.05	ran	76.72	36.9	-50.97	204.41	597.0	378.0	384	0.091	-63.31	2675.0	0.0287	
eval	E6	H1_DAYRANK	SECTIME	SECTIME_0.1	ran	38.72	47.52	-81.57	159.0	555.4	372.2	384	0.099	-99.51	2675.0	0.0145	
eval	E6	H1_DAYRANK	SECTIME	SECTIME_0.15	ran	43.7	29.47	-69.43	156.83	511.2	357.2	384	0.109	-71.99	2675.0	0.0163	
eval	E6	H1_DAYRANK	SECTIME	SECTIME_0.25	ran	10.18	30.47	-83.85	104.22	412.6	312.2	384	0.129	-32.54	2675.0	0.0038	
eval	E6	H1_DAYRANK	SECTIME	SECTIME_0.4	ran	-30.3	12.16	-81.7	21.1	196.2	176.8	384	0.235	-29.38	2675.0	-0.0113	
eval	E6	H1_DAYRANK	SECTIME	SECTIME_0.6	ran	-12.28	6.5	-34.31	9.75	77.2	73.6	384	0.553	-17.89	2675.0	-0.0046	
eval	E6	H1_DAYRANK	TAUZ	TAUZ_0.5	ran	27.93	79.81	-78.43	134.3	285.0	254.8	384	0.166	-65.44	2675.0	0.0104	
eval	E6	H1_DAYRANK	TAUZ	TAUZ_1	ran	-2.56	3.69	-19.21	14.1	10.0	9.6	384	0.274	-8.35	2675.0	-0.001	
eval	E6	H1_DAYRANK	TAUZ	TAUZ_1.5	ran	0.0	0.0	0.0	0.0	0.0	0.0	384		0.0	2675.0	0.0	
eval	E6	H1_DAYRANK	TAUZ	TAUZ_2	ran	0.0	0.0	0.0	0.0	0.0	0.0	384		0.0	2675.0	0.0	
eval	E6	H1_DAYRANK	TAUZ	TAUZ_2.5	ran	0.0	0.0	0.0	0.0	0.0	0.0	384		0.0	2675.0	0.0	
eval	E6	H1_DAYRANK	TAU_LEVEL	TAU_0.5	ran	-23.4	18.57	-147.67	100.87	726.6	384.0	384	0.081	-42.58	2675.0	-0.0087	
eval	E6	H1_DAYRANK	TAU_LEVEL	TAU_0.7	ran	-2.46	43.26	-127.95	123.02	700.4	384.0	384	0.084	-56.31	2675.0	-0.0009	
eval	E6	H1_DAYRANK	TAU_LEVEL	TAU_0.8	ran	58.66	58.49	-72.23	189.56	673.6	384.0	384	0.086	-31.5	2675.0	0.0219	
eval	E6	H1_DAYRANK	TAU_LEVEL	TAU_0.9	ran	106.82	58.35	-40.59	254.22	565.0	382.4	384	0.096	-43.53	2675.0	0.0399	
eval	E6	H1_DAYRANK	TAU_LEVEL	TAU_0.95	ran	61.68	65.07	-64.96	188.32	392.4	329.4	384	0.122	-56.39	2675.0	0.0231	
eval	E6	H1_DAYRANK	TAU_LEVEL	TAU_0.975	ran	-31.24	48.46	-114.96	52.48	231.0	211.2	384	0.178	-43.86	2675.0	-0.0117	
eval	E6	H1_DAYRANK	TAU_LEVEL	TAU_0.99	ran	-25.17	31.67	-84.81	34.48	126.4	121.8	384	0.298	-60.72	2675.0	-0.0094	
eval	E6	ORACLE_DAYRANK	CELLSOFAR	CELLSOFAR_0.8	ran	1432.76	0.0	1259.8	1605.73	990.0	384.0	384	0.047	-6.23	2675.0	0.5356	
eval	E6	ORACLE_DAYRANK	CELLSOFAR	CELLSOFAR_0.9	ran	1442.08	0.0	1282.71	1601.44	956.0	384.0	384	0.041	-116.96	2675.0	0.5391	
eval	E6	ORACLE_DAYRANK	CELLSOFAR	CELLSOFAR_0.95	ran	1403.67	0.0	1253.56	1553.78	907.0	383.0	384	0.042	-59.1	2675.0	0.5247	
eval	E6	ORACLE_DAYRANK	CELLSOFAR	CELLSOFAR_0.99	ran	1399.45	0.0	1249.78	1549.13	862.0	382.0	384	0.042	-27.37	2675.0	0.5232	
eval	E6	ORACLE_DAYRANK	DAYSOFAR	DAYSOFAR_0.5	ran	1648.29	0.0	1459.75	1836.84	1006.0	384.0	384	0.043	-123.18	2675.0	0.6162	
eval	E6	ORACLE_DAYRANK	DAYSOFAR	DAYSOFAR_0.7	ran	2077.59	0.0	1898.69	2256.5	1007.0	384.0	384	0.036	103.62	2675.0	0.7767	
eval	E6	ORACLE_DAYRANK	DAYSOFAR	DAYSOFAR_0.9	ran	2002.33	0.0	1821.92	2182.74	785.0	379.0	384	0.045	-64.67	2675.0	0.7485	
eval	E6	ORACLE_DAYRANK	OCC_LEVEL	OCCUPANCY_0.5	ran	1824.92	0.0	1671.02	1978.82	586.0	383.0	384	0.047	-111.59	2675.0	0.6822	
eval	E6	ORACLE_DAYRANK	OCC_LEVEL	OCCUPANCY_1	ran	1796.51	0.0	1651.11	1941.91	593.0	384.0	384	0.047	-14.86	2675.0	0.6716	
eval	E6	ORACLE_DAYRANK	OCC_LEVEL	OCCUPANCY_2	ran	1964.19	0.0	1814.08	2114.3	629.0	384.0	384	0.043	-133.26	2675.0	0.7343	
eval	E6	ORACLE_DAYRANK	SECTIME	SECTIME_0.05	ran	1384.99	0.0	1245.04	1524.95	845.0	381.0	384	0.041	-36.62	2675.0	0.5178	
eval	E6	ORACLE_DAYRANK	SECTIME	SECTIME_0.1	ran	1430.94	0.0	1274.69	1587.2	786.0	374.0	384	0.048	17.75	2675.0	0.5349	
eval	E6	ORACLE_DAYRANK	SECTIME	SECTIME_0.15	ran	1409.37	0.0	1257.21	1561.52	722.0	364.0	384	0.054	-91.06	2675.0	0.5269	
eval	E6	ORACLE_DAYRANK	SECTIME	SECTIME_0.25	ran	1159.93	0.0	1017.92	1301.95	561.0	334.0	384	0.057	-57.14	2675.0	0.4336	
eval	E6	ORACLE_DAYRANK	SECTIME	SECTIME_0.4	ran	470.01	0.0	386.16	553.86	248.0	199.0	384	0.109	-41.2	2675.0	0.1757	
eval	E6	ORACLE_DAYRANK	SECTIME	SECTIME_0.6	ran	147.46	0.0	109.05	185.88	91.0	82.0	384	0.161	-53.79	2675.0	0.0551	
eval	E6	ORACLE_DAYRANK	TAUZ	TAUZ_0.5	ran	2191.48	0.0	2013.42	2369.54	1093.0	384.0	384	0.034	-29.25	2675.0	0.8192	
eval	E6	ORACLE_DAYRANK	TAUZ	TAUZ_1	ran	1776.8	0.0	1639.2	1914.4	368.0	368.0	384	0.055	-41.35	2675.0	0.6642	
eval	E6	ORACLE_DAYRANK	TAUZ	TAUZ_1.5	ran	0.0	0.0	0.0	0.0	0.0	0.0	384		0.0	2675.0	0.0	
eval	E6	ORACLE_DAYRANK	TAUZ	TAUZ_2	ran	0.0	0.0	0.0	0.0	0.0	0.0	384		0.0	2675.0	0.0	
eval	E6	ORACLE_DAYRANK	TAUZ	TAUZ_2.5	ran	0.0	0.0	0.0	0.0	0.0	0.0	384		0.0	2675.0	0.0	
eval	E6	ORACLE_DAYRANK	TAU_LEVEL	TAU_0.5	ran	2192.47	0.0	2014.54	2370.4	1093.0	384.0	384	0.034	-21.76	2675.0	0.8196	
eval	E6	ORACLE_DAYRANK	TAU_LEVEL	TAU_0.7	ran	2618.35	0.0	2426.84	2809.87	1073.0	384.0	384	0.035	-147.72	2675.0	0.9788	
eval	E6	ORACLE_DAYRANK	TAU_LEVEL	TAU_0.8	ran	2591.51	0.0	2402.34	2780.67	911.0	384.0	384	0.036	-106.07	2675.0	0.9688	
eval	E6	ORACLE_DAYRANK	TAU_LEVEL	TAU_0.9	ran	2388.94	0.0	2211.7	2566.18	712.0	384.0	384	0.039	-80.7	2675.0	0.8931	
eval	E6	ORACLE_DAYRANK	TAU_LEVEL	TAU_0.95	ran	2188.65	0.0	2020.32	2356.97	572.0	384.0	384	0.043	-208.7	2675.0	0.8182	
eval	E6	ORACLE_DAYRANK	TAU_LEVEL	TAU_0.975	ran	2024.59	0.0	1873.46	2175.71	488.0	382.0	384	0.047	-84.1	2675.0	0.7569	
eval	E6	ORACLE_DAYRANK	TAU_LEVEL	TAU_0.99	ran	1879.88	0.0	1735.5	2024.26	414.0	375.0	384	0.051	11.45	2675.0	0.7028	
eval	E6	S_XGB	CELLSOFAR	CELLSOFAR_0.8	ran	125.72	25.02	-4.35	255.79	728.0	384.0	384	0.078	-62.52	2675.0	0.047	
eval	E6	S_XGB	CELLSOFAR	CELLSOFAR_0.9	ran	106.42	50.55	-22.17	235.0	708.4	383.4	384	0.079	-34.29	2675.0	0.0398	
eval	E6	S_XGB	CELLSOFAR	CELLSOFAR_0.95	ran	128.25	50.63	-0.08	256.57	697.0	382.8	384	0.078	-82.16	2675.0	0.0479	
eval	E6	S_XGB	CELLSOFAR	CELLSOFAR_0.99	ran	110.85	54.26	-18.28	239.98	677.2	382.6	384	0.081	-78.7	2675.0	0.0414	
eval	E6	S_XGB	DAYSOFAR	DAYSOFAR_0.5	ran	42.3	43.93	-78.95	163.54	726.6	384.0	384	0.08	-65.71	2675.0	0.0158	
eval	E6	S_XGB	DAYSOFAR	DAYSOFAR_0.7	ran	88.96	60.86	-35.58	213.51	730.0	384.0	384	0.076	-83.51	2675.0	0.0333	
eval	E6	S_XGB	DAYSOFAR	DAYSOFAR_0.9	ran	104.08	64.71	-24.87	233.04	701.6	384.0	384	0.077	-40.28	2675.0	0.0389	
eval	E6	S_XGB	OCC_LEVEL	OCCUPANCY_0.5	NOT_RUN							384			2675.0		seats_occupancy: the TRAINING BLOCK carries no finite score (859839 rows), so the quantile reference cannot be built.  T
eval	E6	S_XGB	OCC_LEVEL	OCCUPANCY_1	NOT_RUN							384			2675.0		seats_occupancy: the TRAINING BLOCK carries no finite score (859839 rows), so the quantile reference cannot be built.  T
eval	E6	S_XGB	OCC_LEVEL	OCCUPANCY_2	NOT_RUN							384			2675.0		seats_occupancy: the TRAINING BLOCK carries no finite score (859839 rows), so the quantile reference cannot be built.  T
eval	E6	S_XGB	SECTIME	SECTIME_0.05	ran	113.19	68.92	-15.08	241.46	679.0	383.8	384	0.085	-67.16	2675.0	0.0423	
eval	E6	S_XGB	SECTIME	SECTIME_0.1	ran	127.19	59.73	-5.49	259.88	650.0	382.0	384	0.087	-48.79	2675.0	0.0475	
eval	E6	S_XGB	SECTIME	SECTIME_0.15	ran	119.75	46.07	-2.72	242.22	615.2	377.8	384	0.092	-105.46	2675.0	0.0448	
eval	E6	S_XGB	SECTIME	SECTIME_0.25	ran	85.04	46.04	-14.9	184.98	530.2	358.4	384	0.104	-73.78	2675.0	0.0318	
eval	E6	S_XGB	SECTIME	SECTIME_0.4	ran	0.43	29.98	-57.61	58.47	307.2	249.6	384	0.156	-27.03	2675.0	0.0002	
eval	E6	S_XGB	SECTIME	SECTIME_0.6	ran	3.09	4.55	-27.02	33.19	153.8	135.2	384	0.324	-30.9	2675.0	0.0012	
eval	E6	S_XGB	TAUZ	TAUZ_0.5	ran	86.18	66.28	-9.83	182.19	397.8	236.2	384	0.374	-67.54	2675.0	0.0322	
eval	E6	S_XGB	TAUZ	TAUZ_1	ran	0.0	0.0	0.0	0.0	0.0	0.0	384		0.0	2675.0	0.0	
eval	E6	S_XGB	TAUZ	TAUZ_1.5	ran	0.0	0.0	0.0	0.0	0.0	0.0	384		0.0	2675.0	0.0	
eval	E6	S_XGB	TAUZ	TAUZ_2	ran	0.0	0.0	0.0	0.0	0.0	0.0	384		0.0	2675.0	0.0	
eval	E6	S_XGB	TAUZ	TAUZ_2.5	ran	0.0	0.0	0.0	0.0	0.0	0.0	384		0.0	2675.0	0.0	
eval	E6	S_XGB	TAU_LEVEL	TAU_0.5	NOT_RUN							384			2675.0		seats_tau: the TRAINING BLOCK carries no finite score (859839 rows), so tau cannot be set.  This is the defect that hid 
eval	E6	S_XGB	TAU_LEVEL	TAU_0.7	NOT_RUN							384			2675.0		seats_tau: the TRAINING BLOCK carries no finite score (859839 rows), so tau cannot be set.  This is the defect that hid 
eval	E6	S_XGB	TAU_LEVEL	TAU_0.8	NOT_RUN							384			2675.0		seats_tau: the TRAINING BLOCK carries no finite score (859839 rows), so tau cannot be set.  This is the defect that hid 
eval	E6	S_XGB	TAU_LEVEL	TAU_0.9	NOT_RUN							384			2675.0		seats_tau: the TRAINING BLOCK carries no finite score (859839 rows), so tau cannot be set.  This is the defect that hid 
eval	E6	S_XGB	TAU_LEVEL	TAU_0.95	NOT_RUN							384			2675.0		seats_tau: the TRAINING BLOCK carries no finite score (859839 rows), so tau cannot be set.  This is the defect that hid 
eval	E6	S_XGB	TAU_LEVEL	TAU_0.975	NOT_RUN							384			2675.0		seats_tau: the TRAINING BLOCK carries no finite score (859839 rows), so tau cannot be set.  This is the defect that hid 
eval	E6	S_XGB	TAU_LEVEL	TAU_0.99	NOT_RUN							384			2675.0		seats_tau: the TRAINING BLOCK carries no finite score (859839 rows), so tau cannot be set.  This is the defect that hid 
eval	E6	S_XGB_DAYZ	CELLSOFAR	CELLSOFAR_0.8	ran	22.57	52.71	-101.81	146.96	722.6	384.0	384	0.085	-127.63	2675.0	0.0084	
eval	E6	S_XGB_DAYZ	CELLSOFAR	CELLSOFAR_0.9	ran	36.52	73.39	-82.19	155.23	705.0	383.2	384	0.084	-82.9	2675.0	0.0137	
eval	E6	S_XGB_DAYZ	CELLSOFAR	CELLSOFAR_0.95	ran	54.48	72.07	-61.59	170.55	678.6	381.8	384	0.086	-136.06	2675.0	0.0204	
eval	E6	S_XGB_DAYZ	CELLSOFAR	CELLSOFAR_0.99	ran	56.39	75.35	-58.45	171.23	638.0	376.2	384	0.087	-144.15	2675.0	0.0211	
eval	E6	S_XGB_DAYZ	DAYSOFAR	DAYSOFAR_0.5	ran	23.35	6.47	-88.46	135.16	743.4	384.0	384	0.083	37.6	2675.0	0.0087	
eval	E6	S_XGB_DAYZ	DAYSOFAR	DAYSOFAR_0.7	ran	99.17	35.79	-20.97	219.3	750.6	384.0	384	0.075	-31.58	2675.0	0.0371	
eval	E6	S_XGB_DAYZ	DAYSOFAR	DAYSOFAR_0.9	ran	14.18	96.05	-107.7	136.06	682.0	383.2	384	0.084	-95.97	2675.0	0.0053	
eval	E6	S_XGB_DAYZ	OCC_LEVEL	OCCUPANCY_0.5	NOT_RUN							384			2675.0		seats_occupancy: the TRAINING BLOCK carries no finite score (859839 rows), so the quantile reference cannot be built.  T
eval	E6	S_XGB_DAYZ	OCC_LEVEL	OCCUPANCY_1	NOT_RUN							384			2675.0		seats_occupancy: the TRAINING BLOCK carries no finite score (859839 rows), so the quantile reference cannot be built.  T
eval	E6	S_XGB_DAYZ	OCC_LEVEL	OCCUPANCY_2	NOT_RUN							384			2675.0		seats_occupancy: the TRAINING BLOCK carries no finite score (859839 rows), so the quantile reference cannot be built.  T
eval	E6	S_XGB_DAYZ	SECTIME	SECTIME_0.05	ran	43.69	47.95	-62.96	150.35	614.0	375.0	384	0.094	-66.09	2675.0	0.0163	
eval	E6	S_XGB_DAYZ	SECTIME	SECTIME_0.1	ran	52.51	60.16	-46.57	151.59	565.4	360.8	384	0.105	-44.63	2675.0	0.0196	
eval	E6	S_XGB_DAYZ	SECTIME	SECTIME_0.15	ran	26.88	70.77	-63.52	117.29	503.8	341.6	384	0.126	-41.0	2675.0	0.01	
eval	E6	S_XGB_DAYZ	SECTIME	SECTIME_0.25	ran	0.88	57.87	-70.59	72.35	390.8	290.6	384	0.128	-83.9	2675.0	0.0003	
eval	E6	S_XGB_DAYZ	SECTIME	SECTIME_0.4	ran	-5.46	25.57	-43.38	32.46	199.0	174.4	384	0.241	-63.74	2675.0	-0.002	
eval	E6	S_XGB_DAYZ	SECTIME	SECTIME_0.6	ran	-0.97	11.84	-23.77	21.82	107.6	100.2	384	0.413	-24.69	2675.0	-0.0004	
eval	E6	S_XGB_DAYZ	TAUZ	TAUZ_0.5	ran	63.66	52.23	-59.86	187.18	727.4	384.0	384	0.078	-77.57	2675.0	0.0238	
eval	E6	S_XGB_DAYZ	TAUZ	TAUZ_1	ran	110.06	71.29	-20.25	240.37	722.0	384.0	384	0.075	-58.13	2675.0	0.0411	
eval	E6	S_XGB_DAYZ	TAUZ	TAUZ_1.5	ran	86.51	65.21	-31.11	204.13	606.2	367.4	384	0.092	-52.17	2675.0	0.0323	
eval	E6	S_XGB_DAYZ	TAUZ	TAUZ_2	ran	63.09	41.63	-30.57	156.76	292.6	233.8	384	0.176	-36.71	2675.0	0.0236	
eval	E6	S_XGB_DAYZ	TAUZ	TAUZ_2.5	ran	-4.69	11.3	-47.74	38.36	87.6	83.0	384	0.378	-15.48	2675.0	-0.0018	
eval	E6	S_XGB_DAYZ	TAU_LEVEL	TAU_0.5	NOT_RUN							384			2675.0		seats_tau: the TRAINING BLOCK carries no finite score (859839 rows), so tau cannot be set.  This is the defect that hid 
eval	E6	S_XGB_DAYZ	TAU_LEVEL	TAU_0.7	NOT_RUN							384			2675.0		seats_tau: the TRAINING BLOCK carries no finite score (859839 rows), so tau cannot be set.  This is the defect that hid 
eval	E6	S_XGB_DAYZ	TAU_LEVEL	TAU_0.8	NOT_RUN							384			2675.0		seats_tau: the TRAINING BLOCK carries no finite score (859839 rows), so tau cannot be set.  This is the defect that hid 
eval	E6	S_XGB_DAYZ	TAU_LEVEL	TAU_0.9	NOT_RUN							384			2675.0		seats_tau: the TRAINING BLOCK carries no finite score (859839 rows), so tau cannot be set.  This is the defect that hid 
eval	E6	S_XGB_DAYZ	TAU_LEVEL	TAU_0.95	NOT_RUN							384			2675.0		seats_tau: the TRAINING BLOCK carries no finite score (859839 rows), so tau cannot be set.  This is the defect that hid 
eval	E6	S_XGB_DAYZ	TAU_LEVEL	TAU_0.975	NOT_RUN							384			2675.0		seats_tau: the TRAINING BLOCK carries no finite score (859839 rows), so tau cannot be set.  This is the defect that hid 
eval	E6	S_XGB_DAYZ	TAU_LEVEL	TAU_0.99	NOT_RUN							384			2675.0		seats_tau: the TRAINING BLOCK carries no finite score (859839 rows), so tau cannot be set.  This is the defect that hid 
eval	E7	H1_DAYRANK	CELLSOFAR	CELLSOFAR_0.8	ran	-23.16	38.65	-163.32	117.0	684.2	393.0	393	0.1	-2.87	3360.0	-0.0069	
eval	E7	H1_DAYRANK	CELLSOFAR	CELLSOFAR_0.9	ran	-3.78	17.82	-145.93	138.38	655.6	392.6	393	0.102	-113.99	3360.0	-0.0011	
eval	E7	H1_DAYRANK	CELLSOFAR	CELLSOFAR_0.95	ran	-15.57	32.5	-152.67	121.54	627.0	390.6	393	0.105	-18.58	3360.0	-0.0046	
eval	E7	H1_DAYRANK	CELLSOFAR	CELLSOFAR_0.99	ran	7.99	28.0	-127.58	143.57	599.2	386.0	393	0.112	-7.91	3360.0	0.0024	
eval	E7	H1_DAYRANK	DAYSOFAR	DAYSOFAR_0.5	ran	-80.65	34.1	-217.35	56.06	693.2	393.0	393	0.097	-69.97	3360.0	-0.024	
eval	E7	H1_DAYRANK	DAYSOFAR	DAYSOFAR_0.7	ran	-85.59	34.87	-210.44	39.26	691.8	393.0	393	0.09	-29.86	3360.0	-0.0255	
eval	E7	H1_DAYRANK	DAYSOFAR	DAYSOFAR_0.9	ran	-35.13	26.35	-160.56	90.3	651.4	393.0	393	0.106	18.16	3360.0	-0.0105	
eval	E7	H1_DAYRANK	OCC_LEVEL	OCCUPANCY_0.5	ran	-48.11	30.61	-142.78	46.57	324.4	292.8	393	0.176	-41.46	3360.0	-0.0143	
eval	E7	H1_DAYRANK	OCC_LEVEL	OCCUPANCY_1	ran	-32.28	20.78	-129.7	65.14	418.8	354.0	393	0.145	-15.15	3360.0	-0.0096	
eval	E7	H1_DAYRANK	OCC_LEVEL	OCCUPANCY_2	ran	-86.29	18.64	-192.7	20.12	434.2	362.4	393	0.155	-37.93	3360.0	-0.0257	
eval	E7	H1_DAYRANK	SECTIME	SECTIME_0.05	ran	-23.4	21.25	-154.52	107.72	585.6	383.4	393	0.11	-34.63	3360.0	-0.007	
eval	E7	H1_DAYRANK	SECTIME	SECTIME_0.1	ran	-26.2	15.74	-151.33	98.93	544.4	377.8	393	0.118	-54.23	3360.0	-0.0078	
eval	E7	H1_DAYRANK	SECTIME	SECTIME_0.15	ran	-37.06	28.91	-155.87	81.74	503.0	363.8	393	0.128	7.97	3360.0	-0.011	
eval	E7	H1_DAYRANK	SECTIME	SECTIME_0.25	ran	-71.18	5.65	-170.02	27.65	410.0	317.2	393	0.117	-62.95	3360.0	-0.0212	
eval	E7	H1_DAYRANK	SECTIME	SECTIME_0.4	ran	-22.37	15.76	-94.32	49.58	214.0	195.8	393	0.208	-62.05	3360.0	-0.0067	
eval	E7	H1_DAYRANK	SECTIME	SECTIME_0.6	ran	-24.26	6.62	-53.35	4.83	73.0	71.4	393	0.439	-20.79	3360.0	-0.0072	
eval	E7	H1_DAYRANK	TAUZ	TAUZ_0.5	ran	-80.61	37.08	-196.03	34.81	348.4	297.2	393	0.172	-24.94	3360.0	-0.024	
eval	E7	H1_DAYRANK	TAUZ	TAUZ_1	ran	-28.68	35.42	-81.11	23.75	79.0	76.6	393	0.425	-5.42	3360.0	-0.0085	
eval	E7	H1_DAYRANK	TAUZ	TAUZ_1.5	ran	-0.97	1.94	-2.33	0.38	0.4	0.4	393		2.31	3360.0	-0.0003	
eval	E7	H1_DAYRANK	TAUZ	TAUZ_2	ran	0.0	0.0	0.0	0.0	0.0	0.0	393		0.0	3360.0	0.0	
eval	E7	H1_DAYRANK	TAUZ	TAUZ_2.5	ran	0.0	0.0	0.0	0.0	0.0	0.0	393		0.0	3360.0	0.0	
eval	E7	H1_DAYRANK	TAU_LEVEL	TAU_0.5	ran	-66.9	11.13	-203.87	70.06	688.4	393.0	393	0.097	-57.18	3360.0	-0.0199	
eval	E7	H1_DAYRANK	TAU_LEVEL	TAU_0.7	ran	-30.49	27.0	-165.83	104.85	691.4	393.0	393	0.093	-34.32	3360.0	-0.0091	
eval	E7	H1_DAYRANK	TAU_LEVEL	TAU_0.8	ran	-2.97	29.2	-144.97	139.03	670.0	393.0	393	0.097	-101.57	3360.0	-0.0009	
eval	E7	H1_DAYRANK	TAU_LEVEL	TAU_0.9	ran	19.78	52.94	-131.91	171.48	567.8	389.4	393	0.12	-62.03	3360.0	0.0059	
eval	E7	H1_DAYRANK	TAU_LEVEL	TAU_0.95	ran	-73.53	37.94	-195.18	48.12	407.2	335.2	393	0.151	-17.4	3360.0	-0.0219	
eval	E7	H1_DAYRANK	TAU_LEVEL	TAU_0.975	ran	-75.4	33.66	-179.29	28.49	277.0	242.8	393	0.205	-65.59	3360.0	-0.0224	
eval	E7	H1_DAYRANK	TAU_LEVEL	TAU_0.99	ran	-53.83	13.33	-135.38	27.71	173.2	160.2	393	0.249	-7.06	3360.0	-0.016	
eval	E7	ORACLE_DAYRANK	CELLSOFAR	CELLSOFAR_0.8	ran	1755.58	0.0	1532.45	1978.71	999.0	393.0	393	0.04	-27.06	3360.0	0.5225	
eval	E7	ORACLE_DAYRANK	CELLSOFAR	CELLSOFAR_0.9	ran	1871.83	0.0	1654.9	2088.77	959.0	393.0	393	0.042	-16.61	3360.0	0.5571	
eval	E7	ORACLE_DAYRANK	CELLSOFAR	CELLSOFAR_0.95	ran	1842.17	0.0	1625.0	2059.33	922.0	393.0	393	0.043	125.84	3360.0	0.5483	
eval	E7	ORACLE_DAYRANK	CELLSOFAR	CELLSOFAR_0.99	ran	1737.92	0.0	1520.43	1955.41	867.0	393.0	393	0.045	-115.68	3360.0	0.5172	
eval	E7	ORACLE_DAYRANK	DAYSOFAR	DAYSOFAR_0.5	ran	1845.35	0.0	1593.04	2097.66	988.0	393.0	393	0.057	-0.59	3360.0	0.5492	
eval	E7	ORACLE_DAYRANK	DAYSOFAR	DAYSOFAR_0.7	ran	2598.83	0.0	2297.83	2899.83	1048.0	393.0	393	0.045	-38.15	3360.0	0.7735	
eval	E7	ORACLE_DAYRANK	DAYSOFAR	DAYSOFAR_0.9	ran	2447.88	0.0	2176.16	2719.61	809.0	384.0	393	0.048	23.79	3360.0	0.7285	
eval	E7	ORACLE_DAYRANK	OCC_LEVEL	OCCUPANCY_0.5	ran	2318.81	0.0	2064.28	2573.34	589.0	392.0	393	0.053	-93.23	3360.0	0.6901	
eval	E7	ORACLE_DAYRANK	OCC_LEVEL	OCCUPANCY_1	ran	2221.25	0.0	2040.2	2402.3	606.0	392.0	393	0.049	-87.73	3360.0	0.6611	
eval	E7	ORACLE_DAYRANK	OCC_LEVEL	OCCUPANCY_2	ran	2340.79	0.0	2161.72	2519.85	638.0	393.0	393	0.048	29.82	3360.0	0.6967	
eval	E7	ORACLE_DAYRANK	SECTIME	SECTIME_0.05	ran	1629.34	0.0	1417.12	1841.57	820.0	392.0	393	0.06	-20.65	3360.0	0.4849	
eval	E7	ORACLE_DAYRANK	SECTIME	SECTIME_0.1	ran	1611.09	0.0	1374.3	1847.88	761.0	384.0	393	0.063	-43.69	3360.0	0.4795	
eval	E7	ORACLE_DAYRANK	SECTIME	SECTIME_0.15	ran	1581.05	0.0	1376.06	1786.05	703.0	379.0	393	0.055	-85.51	3360.0	0.4706	
eval	E7	ORACLE_DAYRANK	SECTIME	SECTIME_0.25	ran	1167.91	0.0	1034.52	1301.3	540.0	342.0	393	0.058	-15.01	3360.0	0.3476	
eval	E7	ORACLE_DAYRANK	SECTIME	SECTIME_0.4	ran	553.99	0.0	456.59	651.4	261.0	212.0	393	0.111	-73.8	3360.0	0.1649	
eval	E7	ORACLE_DAYRANK	SECTIME	SECTIME_0.6	ran	207.74	0.0	142.34	273.13	112.0	101.0	393	0.188	-52.53	3360.0	0.0618	
eval	E7	ORACLE_DAYRANK	TAUZ	TAUZ_0.5	ran	2637.17	0.0	2421.12	2853.21	1115.0	393.0	393	0.032	-33.24	3360.0	0.7849	
eval	E7	ORACLE_DAYRANK	TAUZ	TAUZ_1	ran	2052.15	0.0	1889.48	2214.81	375.0	375.0	393	0.057	72.34	3360.0	0.6108	
eval	E7	ORACLE_DAYRANK	TAUZ	TAUZ_1.5	ran	0.0	0.0	0.0	0.0	0.0	0.0	393		0.0	3360.0	0.0	
eval	E7	ORACLE_DAYRANK	TAUZ	TAUZ_2	ran	0.0	0.0	0.0	0.0	0.0	0.0	393		0.0	3360.0	0.0	
eval	E7	ORACLE_DAYRANK	TAUZ	TAUZ_2.5	ran	0.0	0.0	0.0	0.0	0.0	0.0	393		0.0	3360.0	0.0	
eval	E7	ORACLE_DAYRANK	TAU_LEVEL	TAU_0.5	ran	2640.6	0.0	2424.46	2856.75	1116.0	393.0	393	0.032	-91.93	3360.0	0.7859	
eval	E7	ORACLE_DAYRANK	TAU_LEVEL	TAU_0.7	ran	3287.5	0.0	2997.3	3577.7	1141.0	393.0	393	0.037	-72.24	3360.0	0.9784	
eval	E7	ORACLE_DAYRANK	TAU_LEVEL	TAU_0.8	ran	3282.31	0.0	2998.23	3566.38	1022.0	393.0	393	0.037	-112.74	3360.0	0.9769	
eval	E7	ORACLE_DAYRANK	TAU_LEVEL	TAU_0.9	ran	2982.3	0.0	2718.25	3246.36	781.0	393.0	393	0.041	63.21	3360.0	0.8876	
eval	E7	ORACLE_DAYRANK	TAU_LEVEL	TAU_0.95	ran	2700.7	0.0	2466.37	2935.03	615.0	393.0	393	0.045	-47.32	3360.0	0.8038	
eval	E7	ORACLE_DAYRANK	TAU_LEVEL	TAU_0.975	ran	2430.96	0.0	2241.4	2620.51	498.0	389.0	393	0.047	-51.31	3360.0	0.7235	
eval	E7	ORACLE_DAYRANK	TAU_LEVEL	TAU_0.99	ran	2252.58	0.0	2081.31	2423.84	435.0	384.0	393	0.052	63.59	3360.0	0.6704	
eval	E7	S_XGB	CELLSOFAR	CELLSOFAR_0.8	ran	28.84	8.91	-137.32	195.01	693.0	393.0	393	0.1	-43.88	3360.0	0.0086	
eval	E7	S_XGB	CELLSOFAR	CELLSOFAR_0.9	ran	99.95	10.9	-90.71	290.6	690.0	393.0	393	0.113	-44.13	3360.0	0.0297	
eval	E7	S_XGB	CELLSOFAR	CELLSOFAR_0.95	ran	88.53	13.68	-91.61	268.67	670.8	392.8	393	0.116	-40.63	3360.0	0.0263	
eval	E7	S_XGB	CELLSOFAR	CELLSOFAR_0.99	ran	39.96	14.03	-111.47	191.4	649.2	390.2	393	0.104	-54.59	3360.0	0.0119	
eval	E7	S_XGB	DAYSOFAR	DAYSOFAR_0.5	ran	-18.37	23.0	-158.09	121.36	685.8	393.0	393	0.092	-14.33	3360.0	-0.0055	
eval	E7	S_XGB	DAYSOFAR	DAYSOFAR_0.7	ran	-69.5	18.67	-208.6	69.6	683.2	393.0	393	0.084	-33.26	3360.0	-0.0207	
eval	E7	S_XGB	DAYSOFAR	DAYSOFAR_0.9	ran	101.77	11.19	-72.78	276.33	692.4	393.0	393	0.113	-24.15	3360.0	0.0303	
eval	E7	S_XGB	OCC_LEVEL	OCCUPANCY_0.5	NOT_RUN							393			3360.0		seats_occupancy: the TRAINING BLOCK carries no finite score (1023021 rows), so the quantile reference cannot be built.  
eval	E7	S_XGB	OCC_LEVEL	OCCUPANCY_1	NOT_RUN							393			3360.0		seats_occupancy: the TRAINING BLOCK carries no finite score (1023021 rows), so the quantile reference cannot be built.  
eval	E7	S_XGB	OCC_LEVEL	OCCUPANCY_2	NOT_RUN							393			3360.0		seats_occupancy: the TRAINING BLOCK carries no finite score (1023021 rows), so the quantile reference cannot be built.  
eval	E7	S_XGB	SECTIME	SECTIME_0.05	ran	39.35	9.9	-112.28	190.98	638.6	390.0	393	0.103	18.02	3360.0	0.0117	
eval	E7	S_XGB	SECTIME	SECTIME_0.1	ran	8.09	16.87	-138.32	154.5	610.0	386.4	393	0.112	-20.02	3360.0	0.0024	
eval	E7	S_XGB	SECTIME	SECTIME_0.15	ran	-7.18	17.25	-146.07	131.71	580.0	381.6	393	0.124	-25.09	3360.0	-0.0021	
eval	E7	S_XGB	SECTIME	SECTIME_0.25	ran	-33.73	13.45	-145.05	77.6	517.6	362.0	393	0.097	-47.83	3360.0	-0.01	
eval	E7	S_XGB	SECTIME	SECTIME_0.4	ran	-50.3	9.02	-128.47	27.88	366.8	291.4	393	0.148	-46.27	3360.0	-0.015	
eval	E7	S_XGB	SECTIME	SECTIME_0.6	ran	-30.57	8.98	-69.62	8.49	210.2	188.4	393	0.209	-21.26	3360.0	-0.0091	
eval	E7	S_XGB	TAUZ	TAUZ_0.5	ran	27.46	25.82	-107.24	162.15	590.0	380.0	393	0.117	-5.88	3360.0	0.0082	
eval	E7	S_XGB	TAUZ	TAUZ_1	ran	0.54	2.46	-2.57	3.66	4.8	3.8	393	-0.789	2.59	3360.0	0.0002	
eval	E7	S_XGB	TAUZ	TAUZ_1.5	ran	0.0	0.0	0.0	0.0	0.0	0.0	393		0.0	3360.0	0.0	
eval	E7	S_XGB	TAUZ	TAUZ_2	ran	0.0	0.0	0.0	0.0	0.0	0.0	393		0.0	3360.0	0.0	
eval	E7	S_XGB	TAUZ	TAUZ_2.5	ran	0.0	0.0	0.0	0.0	0.0	0.0	393		0.0	3360.0	0.0	
eval	E7	S_XGB	TAU_LEVEL	TAU_0.5	NOT_RUN							393			3360.0		seats_tau: the TRAINING BLOCK carries no finite score (1023021 rows), so tau cannot be set.  This is the defect that hid
eval	E7	S_XGB	TAU_LEVEL	TAU_0.7	NOT_RUN							393			3360.0		seats_tau: the TRAINING BLOCK carries no finite score (1023021 rows), so tau cannot be set.  This is the defect that hid
eval	E7	S_XGB	TAU_LEVEL	TAU_0.8	NOT_RUN							393			3360.0		seats_tau: the TRAINING BLOCK carries no finite score (1023021 rows), so tau cannot be set.  This is the defect that hid
eval	E7	S_XGB	TAU_LEVEL	TAU_0.9	NOT_RUN							393			3360.0		seats_tau: the TRAINING BLOCK carries no finite score (1023021 rows), so tau cannot be set.  This is the defect that hid
eval	E7	S_XGB	TAU_LEVEL	TAU_0.95	NOT_RUN							393			3360.0		seats_tau: the TRAINING BLOCK carries no finite score (1023021 rows), so tau cannot be set.  This is the defect that hid
eval	E7	S_XGB	TAU_LEVEL	TAU_0.975	NOT_RUN							393			3360.0		seats_tau: the TRAINING BLOCK carries no finite score (1023021 rows), so tau cannot be set.  This is the defect that hid
eval	E7	S_XGB	TAU_LEVEL	TAU_0.99	NOT_RUN							393			3360.0		seats_tau: the TRAINING BLOCK carries no finite score (1023021 rows), so tau cannot be set.  This is the defect that hid
eval	E7	S_XGB_DAYZ	CELLSOFAR	CELLSOFAR_0.8	ran	-17.36	24.25	-180.97	146.25	684.6	393.0	393	0.138	-12.31	3360.0	-0.0052	
eval	E7	S_XGB_DAYZ	CELLSOFAR	CELLSOFAR_0.9	ran	-22.33	15.51	-179.3	134.63	670.2	393.0	393	0.14	3.11	3360.0	-0.0066	
eval	E7	S_XGB_DAYZ	CELLSOFAR	CELLSOFAR_0.95	ran	4.21	14.18	-151.43	159.85	649.2	392.6	393	0.14	13.93	3360.0	0.0013	
eval	E7	S_XGB_DAYZ	CELLSOFAR	CELLSOFAR_0.99	ran	7.01	14.56	-143.32	157.34	619.0	389.0	393	0.154	-19.08	3360.0	0.0021	
eval	E7	S_XGB_DAYZ	DAYSOFAR	DAYSOFAR_0.5	ran	-78.6	22.39	-238.72	81.51	695.0	393.0	393	0.135	-82.01	3360.0	-0.0234	
eval	E7	S_XGB_DAYZ	DAYSOFAR	DAYSOFAR_0.7	ran	-108.8	25.86	-260.0	42.39	692.4	393.0	393	0.133	-50.3	3360.0	-0.0324	
eval	E7	S_XGB_DAYZ	DAYSOFAR	DAYSOFAR_0.9	ran	-73.38	18.8	-206.85	60.09	667.4	392.2	393	0.107	-58.79	3360.0	-0.0218	
eval	E7	S_XGB_DAYZ	OCC_LEVEL	OCCUPANCY_0.5	NOT_RUN							393			3360.0		seats_occupancy: the TRAINING BLOCK carries no finite score (1023021 rows), so the quantile reference cannot be built.  
eval	E7	S_XGB_DAYZ	OCC_LEVEL	OCCUPANCY_1	NOT_RUN							393			3360.0		seats_occupancy: the TRAINING BLOCK carries no finite score (1023021 rows), so the quantile reference cannot be built.  
eval	E7	S_XGB_DAYZ	OCC_LEVEL	OCCUPANCY_2	NOT_RUN							393			3360.0		seats_occupancy: the TRAINING BLOCK carries no finite score (1023021 rows), so the quantile reference cannot be built.  
eval	E7	S_XGB_DAYZ	SECTIME	SECTIME_0.05	ran	-60.85	17.62	-178.24	56.54	595.0	379.6	393	0.093	9.09	3360.0	-0.0181	
eval	E7	S_XGB_DAYZ	SECTIME	SECTIME_0.1	ran	-30.59	4.57	-147.67	86.49	562.6	369.6	393	0.119	-75.22	3360.0	-0.0091	
eval	E7	S_XGB_DAYZ	SECTIME	SECTIME_0.15	ran	-33.9	9.88	-143.56	75.76	517.2	356.4	393	0.12	-73.68	3360.0	-0.0101	
eval	E7	S_XGB_DAYZ	SECTIME	SECTIME_0.25	ran	-14.91	10.03	-102.29	72.47	431.4	322.8	393	0.123	-54.7	3360.0	-0.0044	
eval	E7	S_XGB_DAYZ	SECTIME	SECTIME_0.4	ran	-25.03	14.61	-73.51	23.45	251.0	213.6	393	0.18	-44.46	3360.0	-0.0074	
eval	E7	S_XGB_DAYZ	SECTIME	SECTIME_0.6	ran	-5.89	7.72	-35.83	24.04	137.2	126.8	393	0.319	-26.53	3360.0	-0.0018	
eval	E7	S_XGB_DAYZ	TAUZ	TAUZ_0.5	ran	-12.19	9.97	-159.1	134.72	698.6	393.0	393	0.084	-48.08	3360.0	-0.0036	
eval	E7	S_XGB_DAYZ	TAUZ	TAUZ_1	ran	55.62	19.55	-103.91	215.15	702.8	393.0	393	0.107	8.13	3360.0	0.0166	
eval	E7	S_XGB_DAYZ	TAUZ	TAUZ_1.5	ran	73.35	8.33	-87.97	234.67	657.2	391.6	393	0.123	-11.22	3360.0	0.0218	
eval	E7	S_XGB_DAYZ	TAUZ	TAUZ_2	ran	62.85	15.16	-66.89	192.59	426.8	317.4	393	0.174	-40.66	3360.0	0.0187	
eval	E7	S_XGB_DAYZ	TAUZ	TAUZ_2.5	ran	27.24	16.0	-57.8	112.28	154.6	125.0	393	0.367	-46.79	3360.0	0.0081	
eval	E7	S_XGB_DAYZ	TAU_LEVEL	TAU_0.5	NOT_RUN							393			3360.0		seats_tau: the TRAINING BLOCK carries no finite score (1023021 rows), so tau cannot be set.  This is the defect that hid
eval	E7	S_XGB_DAYZ	TAU_LEVEL	TAU_0.7	NOT_RUN							393			3360.0		seats_tau: the TRAINING BLOCK carries no finite score (1023021 rows), so tau cannot be set.  This is the defect that hid
eval	E7	S_XGB_DAYZ	TAU_LEVEL	TAU_0.8	NOT_RUN							393			3360.0		seats_tau: the TRAINING BLOCK carries no finite score (1023021 rows), so tau cannot be set.  This is the defect that hid
eval	E7	S_XGB_DAYZ	TAU_LEVEL	TAU_0.9	NOT_RUN							393			3360.0		seats_tau: the TRAINING BLOCK carries no finite score (1023021 rows), so tau cannot be set.  This is the defect that hid
eval	E7	S_XGB_DAYZ	TAU_LEVEL	TAU_0.95	NOT_RUN							393			3360.0		seats_tau: the TRAINING BLOCK carries no finite score (1023021 rows), so tau cannot be set.  This is the defect that hid
eval	E7	S_XGB_DAYZ	TAU_LEVEL	TAU_0.975	NOT_RUN							393			3360.0		seats_tau: the TRAINING BLOCK carries no finite score (1023021 rows), so tau cannot be set.  This is the defect that hid
eval	E7	S_XGB_DAYZ	TAU_LEVEL	TAU_0.99	NOT_RUN							393			3360.0		seats_tau: the TRAINING BLOCK carries no finite score (1023021 rows), so tau cannot be set.  This is the defect that hid
inner	E4	H1_DAYRANK	CELLSOFAR	CELLSOFAR_0.8	ran	-3.25	42.46	-126.48	119.98	592.0	303.0	303	0.098	-91.85	2133.0	-0.0015	
inner	E4	H1_DAYRANK	CELLSOFAR	CELLSOFAR_0.9	ran	-26.46	29.5	-146.7	93.78	570.2	302.4	303	0.105	-78.71	2133.0	-0.0124	
inner	E4	H1_DAYRANK	CELLSOFAR	CELLSOFAR_0.95	ran	-34.94	23.18	-154.22	84.35	553.6	302.2	303	0.108	-56.49	2133.0	-0.0164	
inner	E4	H1_DAYRANK	CELLSOFAR	CELLSOFAR_0.99	ran	-26.0	29.76	-144.32	92.32	534.2	301.0	303	0.114	-75.57	2133.0	-0.0122	
inner	E4	H1_DAYRANK	DAYSOFAR	DAYSOFAR_0.5	ran	-136.61	21.55	-252.86	-20.36	591.2	303.0	303	0.107	-113.5	2133.0	-0.064	
inner	E4	H1_DAYRANK	DAYSOFAR	DAYSOFAR_0.7	ran	-132.88	49.37	-245.0	-20.77	591.0	303.0	303	0.096	-54.09	2133.0	-0.0623	
inner	E4	H1_DAYRANK	DAYSOFAR	DAYSOFAR_0.9	ran	-97.4	37.66	-204.53	9.73	548.0	302.8	303	0.097	-92.72	2133.0	-0.0457	
inner	E4	H1_DAYRANK	OCC_LEVEL	OCCUPANCY_0.5	ran	10.82	22.76	-96.27	117.91	225.4	214.2	303	0.247	-45.11	2133.0	0.0051	
inner	E4	H1_DAYRANK	OCC_LEVEL	OCCUPANCY_1	ran	14.47	40.27	-105.8	134.74	294.6	264.0	303	0.206	-40.41	2133.0	0.0068	
inner	E4	H1_DAYRANK	OCC_LEVEL	OCCUPANCY_2	ran	31.87	7.29	-99.08	162.82	305.8	269.2	303	0.185	-71.11	2133.0	0.0149	
inner	E4	H1_DAYRANK	SECTIME	SECTIME_0.05	ran	-11.47	27.49	-127.91	104.97	524.8	301.0	303	0.105	-97.99	2133.0	-0.0054	
inner	E4	H1_DAYRANK	SECTIME	SECTIME_0.1	ran	-3.2	37.39	-118.01	111.61	501.8	298.6	303	0.11	-78.92	2133.0	-0.0015	
inner	E4	H1_DAYRANK	SECTIME	SECTIME_0.15	ran	-11.58	39.64	-118.58	95.42	463.6	294.4	303	0.112	-60.68	2133.0	-0.0054	
inner	E4	H1_DAYRANK	SECTIME	SECTIME_0.25	ran	-15.22	43.45	-103.3	72.86	386.8	270.6	303	0.122	-53.63	2133.0	-0.0071	
inner	E4	H1_DAYRANK	SECTIME	SECTIME_0.4	ran	-62.52	16.55	-121.02	-4.01	194.2	169.6	303	0.238	-31.66	2133.0	-0.0293	
inner	E4	H1_DAYRANK	SECTIME	SECTIME_0.6	ran	0.73	11.81	-40.13	41.59	80.2	75.8	303	0.522	-1.18	2133.0	0.0003	
inner	E4	H1_DAYRANK	TAUZ	TAUZ_0.5	ran	63.74	46.32	-63.66	191.14	241.4	212.2	303	0.184	-35.67	2133.0	0.0299	
inner	E4	H1_DAYRANK	TAUZ	TAUZ_1	ran	56.58	15.37	-18.84	132.01	57.8	56.2	303	0.519	-22.92	2133.0	0.0265	
inner	E4	H1_DAYRANK	TAUZ	TAUZ_1.5	ran	-1.26	1.54	-3.76	1.24	0.4	0.4	303		8.29	2133.0	-0.0006	
inner	E4	H1_DAYRANK	TAUZ	TAUZ_2	ran	0.0	0.0	0.0	0.0	0.0	0.0	303		-0.62	2133.0	0.0	
inner	E4	H1_DAYRANK	TAUZ	TAUZ_2.5	ran	0.0	0.0	0.0	0.0	0.0	0.0	303		0.0	2133.0	0.0	
inner	E4	H1_DAYRANK	TAU_LEVEL	TAU_0.5	ran	-38.96	14.25	-155.16	77.23	604.4	303.0	303	0.093	-17.61	2133.0	-0.0183	
inner	E4	H1_DAYRANK	TAU_LEVEL	TAU_0.7	ran	-47.5	39.8	-168.73	73.73	566.0	302.8	303	0.101	-70.21	2133.0	-0.0223	
inner	E4	H1_DAYRANK	TAU_LEVEL	TAU_0.8	ran	-65.59	71.4	-191.04	59.86	523.8	302.8	303	0.111	-24.51	2133.0	-0.0307	
inner	E4	H1_DAYRANK	TAU_LEVEL	TAU_0.9	ran	45.83	38.08	-94.65	186.31	427.4	295.2	303	0.125	-25.95	2133.0	0.0215	
inner	E4	H1_DAYRANK	TAU_LEVEL	TAU_0.95	ran	76.95	51.1	-54.27	208.18	280.4	237.2	303	0.164	-17.29	2133.0	0.0361	
inner	E4	H1_DAYRANK	TAU_LEVEL	TAU_0.975	ran	106.65	21.71	-12.68	225.98	164.2	152.8	303	0.233	-55.83	2133.0	0.05	
inner	E4	H1_DAYRANK	TAU_LEVEL	TAU_0.99	ran	60.98	23.85	-19.06	141.02	70.2	68.4	303	0.46	-27.28	2133.0	0.0286	
inner	E4	ORACLE_DAYRANK	CELLSOFAR	CELLSOFAR_0.8	ran	1554.08	0.0	1382.98	1725.19	840.0	303.0	303	0.049	-77.66	2133.0	0.7286	
inner	E4	ORACLE_DAYRANK	CELLSOFAR	CELLSOFAR_0.9	ran	1566.39	0.0	1397.15	1735.62	797.0	302.0	303	0.05	-160.59	2133.0	0.7344	
inner	E4	ORACLE_DAYRANK	CELLSOFAR	CELLSOFAR_0.95	ran	1505.66	0.0	1351.98	1659.35	763.0	301.0	303	0.049	-145.28	2133.0	0.7059	
inner	E4	ORACLE_DAYRANK	CELLSOFAR	CELLSOFAR_0.99	ran	1441.32	0.0	1295.9	1586.74	721.0	298.0	303	0.051	-67.14	2133.0	0.6757	
inner	E4	ORACLE_DAYRANK	DAYSOFAR	DAYSOFAR_0.5	ran	1782.63	0.0	1591.34	1973.92	840.0	303.0	303	0.045	-149.67	2133.0	0.8357	
inner	E4	ORACLE_DAYRANK	DAYSOFAR	DAYSOFAR_0.7	ran	2100.73	0.0	1921.0	2280.47	857.0	303.0	303	0.039	-57.86	2133.0	0.9849	
inner	E4	ORACLE_DAYRANK	DAYSOFAR	DAYSOFAR_0.9	ran	2055.7	0.0	1880.57	2230.83	697.0	298.0	303	0.04	-98.61	2133.0	0.9638	
inner	E4	ORACLE_DAYRANK	OCC_LEVEL	OCCUPANCY_0.5	ran	1759.47	0.0	1615.26	1903.68	446.0	302.0	303	0.05	-73.43	2133.0	0.8249	
inner	E4	ORACLE_DAYRANK	OCC_LEVEL	OCCUPANCY_1	ran	1636.46	0.0	1505.13	1767.79	453.0	302.0	303	0.047	-39.88	2133.0	0.7672	
inner	E4	ORACLE_DAYRANK	OCC_LEVEL	OCCUPANCY_2	ran	1746.59	0.0	1605.19	1887.99	483.0	302.0	303	0.048	-53.59	2133.0	0.8188	
inner	E4	ORACLE_DAYRANK	SECTIME	SECTIME_0.05	ran	1414.36	0.0	1256.86	1571.85	690.0	297.0	303	0.047	-117.36	2133.0	0.6631	
inner	E4	ORACLE_DAYRANK	SECTIME	SECTIME_0.1	ran	1405.24	0.0	1248.92	1561.55	639.0	293.0	303	0.048	-81.48	2133.0	0.6588	
inner	E4	ORACLE_DAYRANK	SECTIME	SECTIME_0.15	ran	1358.85	0.0	1212.65	1505.05	575.0	290.0	303	0.051	-11.61	2133.0	0.6371	
inner	E4	ORACLE_DAYRANK	SECTIME	SECTIME_0.25	ran	993.2	0.0	870.43	1115.98	447.0	264.0	303	0.065	61.57	2133.0	0.4656	
inner	E4	ORACLE_DAYRANK	SECTIME	SECTIME_0.4	ran	443.55	0.0	359.48	527.62	221.0	176.0	303	0.083	-132.03	2133.0	0.2079	
inner	E4	ORACLE_DAYRANK	SECTIME	SECTIME_0.6	ran	156.23	0.0	91.89	220.58	71.0	66.0	303	0.223	-32.33	2133.0	0.0732	
inner	E4	ORACLE_DAYRANK	TAUZ	TAUZ_0.5	ran	2025.83	0.0	1840.27	2211.38	875.0	303.0	303	0.041	-49.54	2133.0	0.9498	
inner	E4	ORACLE_DAYRANK	TAUZ	TAUZ_1	ran	1510.07	0.0	1384.84	1635.3	290.0	290.0	303	0.057	-35.52	2133.0	0.708	
inner	E4	ORACLE_DAYRANK	TAUZ	TAUZ_1.5	ran	0.0	0.0	0.0	0.0	0.0	0.0	303		0.0	2133.0	0.0	
inner	E4	ORACLE_DAYRANK	TAUZ	TAUZ_2	ran	0.0	0.0	0.0	0.0	0.0	0.0	303		0.0	2133.0	0.0	
inner	E4	ORACLE_DAYRANK	TAUZ	TAUZ_2.5	ran	0.0	0.0	0.0	0.0	0.0	0.0	303		0.0	2133.0	0.0	
inner	E4	ORACLE_DAYRANK	TAU_LEVEL	TAU_0.5	ran	2027.81	0.0	1842.59	2213.02	875.0	303.0	303	0.041	-10.78	2133.0	0.9507	
inner	E4	ORACLE_DAYRANK	TAU_LEVEL	TAU_0.7	ran	2295.61	0.0	2115.74	2475.48	861.0	303.0	303	0.036	-151.13	2133.0	1.0762	
inner	E4	ORACLE_DAYRANK	TAU_LEVEL	TAU_0.8	ran	2248.58	0.0	2088.11	2409.05	751.0	303.0	303	0.037	-109.02	2133.0	1.0542	
inner	E4	ORACLE_DAYRANK	TAU_LEVEL	TAU_0.9	ran	2074.03	0.0	1926.48	2221.58	565.0	303.0	303	0.04	-128.1	2133.0	0.9724	
inner	E4	ORACLE_DAYRANK	TAU_LEVEL	TAU_0.95	ran	1918.19	0.0	1787.68	2048.69	459.0	303.0	303	0.044	-43.92	2133.0	0.8993	
inner	E4	ORACLE_DAYRANK	TAU_LEVEL	TAU_0.975	ran	1799.96	0.0	1675.04	1924.87	390.0	300.0	303	0.048	-60.12	2133.0	0.8439	
inner	E4	ORACLE_DAYRANK	TAU_LEVEL	TAU_0.99	ran	1691.48	0.0	1567.03	1815.93	340.0	298.0	303	0.051	-54.5	2133.0	0.793	
inner	E4	S_XGB	CELLSOFAR	CELLSOFAR_0.8	ran	0.0	0.0	0.0	0.0	0.0	0.0	303		0.0	2133.0	0.0	
inner	E4	S_XGB	CELLSOFAR	CELLSOFAR_0.9	ran	0.0	0.0	0.0	0.0	0.0	0.0	303		0.0	2133.0	0.0	
inner	E4	S_XGB	CELLSOFAR	CELLSOFAR_0.95	ran	0.0	0.0	0.0	0.0	0.0	0.0	303		0.0	2133.0	0.0	
inner	E4	S_XGB	CELLSOFAR	CELLSOFAR_0.99	ran	0.0	0.0	0.0	0.0	0.0	0.0	303		0.0	2133.0	0.0	
inner	E4	S_XGB	DAYSOFAR	DAYSOFAR_0.5	NOT_RUN							303			2133.0		seats_daysofar: 117594 rows were offered and NONE carries a finite score — the column has no coverage on this row set.
inner	E4	S_XGB	DAYSOFAR	DAYSOFAR_0.7	NOT_RUN							303			2133.0		seats_daysofar: 117594 rows were offered and NONE carries a finite score — the column has no coverage on this row set.
inner	E4	S_XGB	DAYSOFAR	DAYSOFAR_0.9	NOT_RUN							303			2133.0		seats_daysofar: 117594 rows were offered and NONE carries a finite score — the column has no coverage on this row set.
inner	E4	S_XGB	OCC_LEVEL	OCCUPANCY_0.5	NOT_RUN							303			2133.0		seats_occupancy: the TRAINING BLOCK carries no finite score (440718 rows), so the quantile reference cannot be built.  T
inner	E4	S_XGB	OCC_LEVEL	OCCUPANCY_1	NOT_RUN							303			2133.0		seats_occupancy: the TRAINING BLOCK carries no finite score (440718 rows), so the quantile reference cannot be built.  T
inner	E4	S_XGB	OCC_LEVEL	OCCUPANCY_2	NOT_RUN							303			2133.0		seats_occupancy: the TRAINING BLOCK carries no finite score (440718 rows), so the quantile reference cannot be built.  T
inner	E4	S_XGB	SECTIME	SECTIME_0.05	ran	0.0	0.0	0.0	0.0	0.0	0.0	303		0.0	2133.0	0.0	
inner	E4	S_XGB	SECTIME	SECTIME_0.1	ran	0.0	0.0	0.0	0.0	0.0	0.0	303		0.0	2133.0	0.0	
inner	E4	S_XGB	SECTIME	SECTIME_0.15	ran	0.0	0.0	0.0	0.0	0.0	0.0	303		0.0	2133.0	0.0	
inner	E4	S_XGB	SECTIME	SECTIME_0.25	ran	0.0	0.0	0.0	0.0	0.0	0.0	303		0.0	2133.0	0.0	
inner	E4	S_XGB	SECTIME	SECTIME_0.4	ran	0.0	0.0	0.0	0.0	0.0	0.0	303		0.0	2133.0	0.0	
inner	E4	S_XGB	SECTIME	SECTIME_0.6	ran	0.0	0.0	0.0	0.0	0.0	0.0	303		0.0	2133.0	0.0	
inner	E4	S_XGB	TAUZ	TAUZ_0.5	ran	0.0	0.0	0.0	0.0	0.0	0.0	303		0.0	2133.0	0.0	
inner	E4	S_XGB	TAUZ	TAUZ_1	ran	0.0	0.0	0.0	0.0	0.0	0.0	303		0.0	2133.0	0.0	
inner	E4	S_XGB	TAUZ	TAUZ_1.5	ran	0.0	0.0	0.0	0.0	0.0	0.0	303		0.0	2133.0	0.0	
inner	E4	S_XGB	TAUZ	TAUZ_2	ran	0.0	0.0	0.0	0.0	0.0	0.0	303		0.0	2133.0	0.0	
inner	E4	S_XGB	TAUZ	TAUZ_2.5	ran	0.0	0.0	0.0	0.0	0.0	0.0	303		0.0	2133.0	0.0	
inner	E4	S_XGB	TAU_LEVEL	TAU_0.5	NOT_RUN							303			2133.0		seats_tau: the TRAINING BLOCK carries no finite score (440718 rows), so tau cannot be set.  This is the defect that hid 
inner	E4	S_XGB	TAU_LEVEL	TAU_0.7	NOT_RUN							303			2133.0		seats_tau: the TRAINING BLOCK carries no finite score (440718 rows), so tau cannot be set.  This is the defect that hid 
inner	E4	S_XGB	TAU_LEVEL	TAU_0.8	NOT_RUN							303			2133.0		seats_tau: the TRAINING BLOCK carries no finite score (440718 rows), so tau cannot be set.  This is the defect that hid 
inner	E4	S_XGB	TAU_LEVEL	TAU_0.9	NOT_RUN							303			2133.0		seats_tau: the TRAINING BLOCK carries no finite score (440718 rows), so tau cannot be set.  This is the defect that hid 
inner	E4	S_XGB	TAU_LEVEL	TAU_0.95	NOT_RUN							303			2133.0		seats_tau: the TRAINING BLOCK carries no finite score (440718 rows), so tau cannot be set.  This is the defect that hid 
inner	E4	S_XGB	TAU_LEVEL	TAU_0.975	NOT_RUN							303			2133.0		seats_tau: the TRAINING BLOCK carries no finite score (440718 rows), so tau cannot be set.  This is the defect that hid 
inner	E4	S_XGB	TAU_LEVEL	TAU_0.99	NOT_RUN							303			2133.0		seats_tau: the TRAINING BLOCK carries no finite score (440718 rows), so tau cannot be set.  This is the defect that hid 
inner	E4	S_XGB_DAYZ	CELLSOFAR	CELLSOFAR_0.8	ran	0.0	0.0	0.0	0.0	0.0	0.0	303		0.0	2133.0	0.0	
inner	E4	S_XGB_DAYZ	CELLSOFAR	CELLSOFAR_0.9	ran	0.0	0.0	0.0	0.0	0.0	0.0	303		0.0	2133.0	0.0	
inner	E4	S_XGB_DAYZ	CELLSOFAR	CELLSOFAR_0.95	ran	0.0	0.0	0.0	0.0	0.0	0.0	303		0.0	2133.0	0.0	
inner	E4	S_XGB_DAYZ	CELLSOFAR	CELLSOFAR_0.99	ran	0.0	0.0	0.0	0.0	0.0	0.0	303		0.0	2133.0	0.0	
inner	E4	S_XGB_DAYZ	DAYSOFAR	DAYSOFAR_0.5	NOT_RUN							303			2133.0		seats_daysofar: 117594 rows were offered and NONE carries a finite score — the column has no coverage on this row set.
inner	E4	S_XGB_DAYZ	DAYSOFAR	DAYSOFAR_0.7	NOT_RUN							303			2133.0		seats_daysofar: 117594 rows were offered and NONE carries a finite score — the column has no coverage on this row set.
inner	E4	S_XGB_DAYZ	DAYSOFAR	DAYSOFAR_0.9	NOT_RUN							303			2133.0		seats_daysofar: 117594 rows were offered and NONE carries a finite score — the column has no coverage on this row set.
inner	E4	S_XGB_DAYZ	OCC_LEVEL	OCCUPANCY_0.5	NOT_RUN							303			2133.0		seats_occupancy: the TRAINING BLOCK carries no finite score (440718 rows), so the quantile reference cannot be built.  T
inner	E4	S_XGB_DAYZ	OCC_LEVEL	OCCUPANCY_1	NOT_RUN							303			2133.0		seats_occupancy: the TRAINING BLOCK carries no finite score (440718 rows), so the quantile reference cannot be built.  T
inner	E4	S_XGB_DAYZ	OCC_LEVEL	OCCUPANCY_2	NOT_RUN							303			2133.0		seats_occupancy: the TRAINING BLOCK carries no finite score (440718 rows), so the quantile reference cannot be built.  T
inner	E4	S_XGB_DAYZ	SECTIME	SECTIME_0.05	ran	0.0	0.0	0.0	0.0	0.0	0.0	303		0.0	2133.0	0.0	
inner	E4	S_XGB_DAYZ	SECTIME	SECTIME_0.1	ran	0.0	0.0	0.0	0.0	0.0	0.0	303		0.0	2133.0	0.0	
inner	E4	S_XGB_DAYZ	SECTIME	SECTIME_0.15	ran	0.0	0.0	0.0	0.0	0.0	0.0	303		0.0	2133.0	0.0	
inner	E4	S_XGB_DAYZ	SECTIME	SECTIME_0.25	ran	0.0	0.0	0.0	0.0	0.0	0.0	303		0.0	2133.0	0.0	
inner	E4	S_XGB_DAYZ	SECTIME	SECTIME_0.4	ran	0.0	0.0	0.0	0.0	0.0	0.0	303		0.0	2133.0	0.0	
inner	E4	S_XGB_DAYZ	SECTIME	SECTIME_0.6	ran	0.0	0.0	0.0	0.0	0.0	0.0	303		0.0	2133.0	0.0	
inner	E4	S_XGB_DAYZ	TAUZ	TAUZ_0.5	ran	0.0	0.0	0.0	0.0	0.0	0.0	303		0.0	2133.0	0.0	
inner	E4	S_XGB_DAYZ	TAUZ	TAUZ_1	ran	0.0	0.0	0.0	0.0	0.0	0.0	303		0.0	2133.0	0.0	
inner	E4	S_XGB_DAYZ	TAUZ	TAUZ_1.5	ran	0.0	0.0	0.0	0.0	0.0	0.0	303		0.0	2133.0	0.0	
inner	E4	S_XGB_DAYZ	TAUZ	TAUZ_2	ran	0.0	0.0	0.0	0.0	0.0	0.0	303		0.0	2133.0	0.0	
inner	E4	S_XGB_DAYZ	TAUZ	TAUZ_2.5	ran	0.0	0.0	0.0	0.0	0.0	0.0	303		0.0	2133.0	0.0	
inner	E4	S_XGB_DAYZ	TAU_LEVEL	TAU_0.5	NOT_RUN							303			2133.0		seats_tau: the TRAINING BLOCK carries no finite score (440718 rows), so tau cannot be set.  This is the defect that hid 
inner	E4	S_XGB_DAYZ	TAU_LEVEL	TAU_0.7	NOT_RUN							303			2133.0		seats_tau: the TRAINING BLOCK carries no finite score (440718 rows), so tau cannot be set.  This is the defect that hid 
inner	E4	S_XGB_DAYZ	TAU_LEVEL	TAU_0.8	NOT_RUN							303			2133.0		seats_tau: the TRAINING BLOCK carries no finite score (440718 rows), so tau cannot be set.  This is the defect that hid 
inner	E4	S_XGB_DAYZ	TAU_LEVEL	TAU_0.9	NOT_RUN							303			2133.0		seats_tau: the TRAINING BLOCK carries no finite score (440718 rows), so tau cannot be set.  This is the defect that hid 
inner	E4	S_XGB_DAYZ	TAU_LEVEL	TAU_0.95	NOT_RUN							303			2133.0		seats_tau: the TRAINING BLOCK carries no finite score (440718 rows), so tau cannot be set.  This is the defect that hid 
inner	E4	S_XGB_DAYZ	TAU_LEVEL	TAU_0.975	NOT_RUN							303			2133.0		seats_tau: the TRAINING BLOCK carries no finite score (440718 rows), so tau cannot be set.  This is the defect that hid 
inner	E4	S_XGB_DAYZ	TAU_LEVEL	TAU_0.99	NOT_RUN							303			2133.0		seats_tau: the TRAINING BLOCK carries no finite score (440718 rows), so tau cannot be set.  This is the defect that hid 
inner	E5	H1_DAYRANK	CELLSOFAR	CELLSOFAR_0.8	ran	27.01	41.37	-73.33	127.35	728.0	379.0	379	0.088	-49.7	2021.0	0.0134	
inner	E5	H1_DAYRANK	CELLSOFAR	CELLSOFAR_0.9	ran	5.76	34.7	-91.03	102.54	701.2	379.0	379	0.086	-58.29	2021.0	0.0028	
inner	E5	H1_DAYRANK	CELLSOFAR	CELLSOFAR_0.95	ran	30.4	42.6	-66.77	127.57	690.6	378.2	379	0.084	-30.2	2021.0	0.015	
inner	E5	H1_DAYRANK	CELLSOFAR	CELLSOFAR_0.99	ran	23.6	35.82	-75.78	122.99	669.0	376.8	379	0.086	-16.37	2021.0	0.0117	
inner	E5	H1_DAYRANK	DAYSOFAR	DAYSOFAR_0.5	ran	8.66	21.6	-92.58	109.89	755.2	379.0	379	0.092	-53.56	2021.0	0.0043	
inner	E5	H1_DAYRANK	DAYSOFAR	DAYSOFAR_0.7	ran	57.94	44.33	-44.15	160.03	742.4	379.0	379	0.086	-52.14	2021.0	0.0287	
inner	E5	H1_DAYRANK	DAYSOFAR	DAYSOFAR_0.9	ran	27.94	59.78	-74.94	130.82	670.2	378.6	379	0.098	-36.31	2021.0	0.0138	
inner	E5	H1_DAYRANK	OCC_LEVEL	OCCUPANCY_0.5	ran	39.46	10.32	-46.78	125.69	296.4	269.6	379	0.164	-29.68	2021.0	0.0195	
inner	E5	H1_DAYRANK	OCC_LEVEL	OCCUPANCY_1	ran	36.74	25.39	-44.38	117.87	370.6	319.6	379	0.145	-39.72	2021.0	0.0182	
inner	E5	H1_DAYRANK	OCC_LEVEL	OCCUPANCY_2	ran	68.6	41.44	-21.5	158.7	380.8	325.2	379	0.129	-109.68	2021.0	0.0339	
inner	E5	H1_DAYRANK	SECTIME	SECTIME_0.05	ran	7.99	20.12	-89.0	104.99	662.8	375.8	379	0.078	-65.99	2021.0	0.004	
inner	E5	H1_DAYRANK	SECTIME	SECTIME_0.1	ran	32.7	15.87	-66.33	131.72	623.4	373.0	379	0.086	-66.07	2021.0	0.0162	
inner	E5	H1_DAYRANK	SECTIME	SECTIME_0.15	ran	47.82	22.4	-42.48	138.12	569.6	365.8	379	0.088	-39.32	2021.0	0.0237	
inner	E5	H1_DAYRANK	SECTIME	SECTIME_0.25	ran	61.23	15.31	-14.41	136.86	440.0	322.6	379	0.095	-32.08	2021.0	0.0303	
inner	E5	H1_DAYRANK	SECTIME	SECTIME_0.4	ran	17.7	7.68	-25.37	60.76	217.8	184.4	379	0.146	-38.65	2021.0	0.0088	
inner	E5	H1_DAYRANK	SECTIME	SECTIME_0.6	ran	-1.81	3.59	-20.22	16.59	72.0	68.6	379	0.449	-16.5	2021.0	-0.0009	
inner	E5	H1_DAYRANK	TAUZ	TAUZ_0.5	ran	58.26	7.78	-37.74	154.25	275.0	244.8	379	0.135	-48.36	2021.0	0.0288	
inner	E5	H1_DAYRANK	TAUZ	TAUZ_1	ran	54.86	17.41	-6.54	116.25	102.4	98.6	379	0.273	-59.0	2021.0	0.0271	
inner	E5	H1_DAYRANK	TAUZ	TAUZ_1.5	ran	-2.36	7.81	-27.19	22.47	19.2	18.6	379	0.86	3.05	2021.0	-0.0012	
inner	E5	H1_DAYRANK	TAUZ	TAUZ_2	ran	-4.77	2.93	-12.45	2.91	3.8	3.8	379	-1.664	-1.92	2021.0	-0.0024	
inner	E5	H1_DAYRANK	TAUZ	TAUZ_2.5	ran	0.0	0.0	0.0	0.0	0.0	0.0	379		-1.88	2021.0	0.0	
inner	E5	H1_DAYRANK	TAU_LEVEL	TAU_0.5	ran	-40.72	11.51	-142.86	61.43	712.2	379.0	379	0.103	-44.71	2021.0	-0.0201	
inner	E5	H1_DAYRANK	TAU_LEVEL	TAU_0.7	ran	25.4	24.49	-79.84	130.63	650.4	378.8	379	0.1	-73.55	2021.0	0.0126	
inner	E5	H1_DAYRANK	TAU_LEVEL	TAU_0.8	ran	87.71	32.06	-18.64	194.05	588.6	377.2	379	0.089	-53.81	2021.0	0.0434	
inner	E5	H1_DAYRANK	TAU_LEVEL	TAU_0.9	ran	51.81	17.9	-48.06	151.69	406.2	326.6	379	0.109	-41.28	2021.0	0.0256	
inner	E5	H1_DAYRANK	TAU_LEVEL	TAU_0.95	ran	55.77	10.32	-39.44	150.98	246.8	220.6	379	0.144	-36.62	2021.0	0.0276	
inner	E5	H1_DAYRANK	TAU_LEVEL	TAU_0.975	ran	84.41	20.6	5.38	163.45	152.0	141.2	379	0.196	-65.43	2021.0	0.0418	
inner	E5	H1_DAYRANK	TAU_LEVEL	TAU_0.99	ran	29.4	15.5	-20.05	78.85	69.6	67.8	379	0.401	-44.77	2021.0	0.0145	
inner	E5	ORACLE_DAYRANK	CELLSOFAR	CELLSOFAR_0.8	ran	1405.64	0.0	1281.89	1529.39	1025.0	379.0	379	0.041	-36.05	2021.0	0.6955	
inner	E5	ORACLE_DAYRANK	CELLSOFAR	CELLSOFAR_0.9	ran	1388.13	0.0	1273.84	1502.42	956.0	378.0	379	0.039	-86.9	2021.0	0.6869	
inner	E5	ORACLE_DAYRANK	CELLSOFAR	CELLSOFAR_0.95	ran	1352.5	0.0	1238.72	1466.29	914.0	375.0	379	0.04	-44.21	2021.0	0.6692	
inner	E5	ORACLE_DAYRANK	CELLSOFAR	CELLSOFAR_0.99	ran	1330.08	0.0	1225.19	1434.97	870.0	374.0	379	0.041	-65.99	2021.0	0.6581	
inner	E5	ORACLE_DAYRANK	DAYSOFAR	DAYSOFAR_0.5	ran	1585.58	0.0	1448.63	1722.54	1048.0	379.0	379	0.041	-6.5	2021.0	0.7846	
inner	E5	ORACLE_DAYRANK	DAYSOFAR	DAYSOFAR_0.7	ran	1874.96	0.0	1745.1	2004.83	1044.0	379.0	379	0.036	-36.0	2021.0	0.9277	
inner	E5	ORACLE_DAYRANK	DAYSOFAR	DAYSOFAR_0.9	ran	1790.67	0.0	1661.96	1919.39	817.0	374.0	379	0.038	-46.64	2021.0	0.886	
inner	E5	ORACLE_DAYRANK	OCC_LEVEL	OCCUPANCY_0.5	ran	1501.25	0.0	1398.15	1604.35	524.0	379.0	379	0.047	-45.94	2021.0	0.7428	
inner	E5	ORACLE_DAYRANK	OCC_LEVEL	OCCUPANCY_1	ran	1414.47	0.0	1308.47	1520.48	523.0	379.0	379	0.048	6.51	2021.0	0.6999	
inner	E5	ORACLE_DAYRANK	OCC_LEVEL	OCCUPANCY_2	ran	1541.08	0.0	1427.33	1654.83	556.0	379.0	379	0.044	-37.14	2021.0	0.7625	
inner	E5	ORACLE_DAYRANK	SECTIME	SECTIME_0.05	ran	1308.45	0.0	1188.36	1428.55	873.0	378.0	379	0.042	-111.35	2021.0	0.6474	
inner	E5	ORACLE_DAYRANK	SECTIME	SECTIME_0.1	ran	1322.63	0.0	1206.11	1439.16	797.0	373.0	379	0.04	-71.42	2021.0	0.6544	
inner	E5	ORACLE_DAYRANK	SECTIME	SECTIME_0.15	ran	1219.76	0.0	1102.96	1336.57	712.0	364.0	379	0.045	-156.44	2021.0	0.6035	
inner	E5	ORACLE_DAYRANK	SECTIME	SECTIME_0.25	ran	948.46	0.0	854.98	1041.94	543.0	331.0	379	0.052	-55.58	2021.0	0.4693	
inner	E5	ORACLE_DAYRANK	SECTIME	SECTIME_0.4	ran	375.59	0.0	316.28	434.9	259.0	208.0	379	0.065	-29.25	2021.0	0.1858	
inner	E5	ORACLE_DAYRANK	SECTIME	SECTIME_0.6	ran	132.1	0.0	94.66	169.54	92.0	88.0	379	0.157	-35.27	2021.0	0.0654	
inner	E5	ORACLE_DAYRANK	TAUZ	TAUZ_0.5	ran	1825.65	0.0	1695.82	1955.48	1102.0	379.0	379	0.037	-64.22	2021.0	0.9033	
inner	E5	ORACLE_DAYRANK	TAUZ	TAUZ_1	ran	1436.26	0.0	1337.93	1534.59	365.0	365.0	379	0.05	56.42	2021.0	0.7107	
inner	E5	ORACLE_DAYRANK	TAUZ	TAUZ_1.5	ran	0.0	0.0	0.0	0.0	0.0	0.0	379		0.0	2021.0	0.0	
inner	E5	ORACLE_DAYRANK	TAUZ	TAUZ_2	ran	0.0	0.0	0.0	0.0	0.0	0.0	379		0.0	2021.0	0.0	
inner	E5	ORACLE_DAYRANK	TAUZ	TAUZ_2.5	ran	0.0	0.0	0.0	0.0	0.0	0.0	379		0.0	2021.0	0.0	
inner	E5	ORACLE_DAYRANK	TAU_LEVEL	TAU_0.5	ran	1828.54	0.0	1698.11	1958.97	1103.0	379.0	379	0.037	-28.02	2021.0	0.9048	
inner	E5	ORACLE_DAYRANK	TAU_LEVEL	TAU_0.7	ran	2068.36	0.0	1945.43	2191.29	1073.0	379.0	379	0.033	-44.18	2021.0	1.0234	
inner	E5	ORACLE_DAYRANK	TAU_LEVEL	TAU_0.8	ran	2002.35	0.0	1888.17	2116.53	892.0	379.0	379	0.034	-89.94	2021.0	0.9908	
inner	E5	ORACLE_DAYRANK	TAU_LEVEL	TAU_0.9	ran	1826.72	0.0	1731.66	1921.78	671.0	379.0	379	0.037	25.87	2021.0	0.9039	
inner	E5	ORACLE_DAYRANK	TAU_LEVEL	TAU_0.95	ran	1696.88	0.0	1603.05	1790.71	544.0	375.0	379	0.04	-95.95	2021.0	0.8396	
inner	E5	ORACLE_DAYRANK	TAU_LEVEL	TAU_0.975	ran	1586.84	0.0	1492.09	1681.59	460.0	374.0	379	0.044	22.59	2021.0	0.7852	
inner	E5	ORACLE_DAYRANK	TAU_LEVEL	TAU_0.99	ran	1491.72	0.0	1393.07	1590.36	398.0	370.0	379	0.048	-6.43	2021.0	0.7381	
inner	E5	S_XGB	CELLSOFAR	CELLSOFAR_0.8	ran	0.0	0.0	0.0	0.0	0.0	0.0	379		0.0	2021.0	0.0	
inner	E5	S_XGB	CELLSOFAR	CELLSOFAR_0.9	ran	0.0	0.0	0.0	0.0	0.0	0.0	379		0.0	2021.0	0.0	
inner	E5	S_XGB	CELLSOFAR	CELLSOFAR_0.95	ran	0.0	0.0	0.0	0.0	0.0	0.0	379		0.0	2021.0	0.0	
inner	E5	S_XGB	CELLSOFAR	CELLSOFAR_0.99	ran	0.0	0.0	0.0	0.0	0.0	0.0	379		0.0	2021.0	0.0	
inner	E5	S_XGB	DAYSOFAR	DAYSOFAR_0.5	NOT_RUN							379			2021.0		seats_daysofar: 145609 rows were offered and NONE carries a finite score — the column has no coverage on this row set.
inner	E5	S_XGB	DAYSOFAR	DAYSOFAR_0.7	NOT_RUN							379			2021.0		seats_daysofar: 145609 rows were offered and NONE carries a finite score — the column has no coverage on this row set.
inner	E5	S_XGB	DAYSOFAR	DAYSOFAR_0.9	NOT_RUN							379			2021.0		seats_daysofar: 145609 rows were offered and NONE carries a finite score — the column has no coverage on this row set.
inner	E5	S_XGB	OCC_LEVEL	OCCUPANCY_0.5	NOT_RUN							379			2021.0		seats_occupancy: the TRAINING BLOCK carries no finite score (561161 rows), so the quantile reference cannot be built.  T
inner	E5	S_XGB	OCC_LEVEL	OCCUPANCY_1	NOT_RUN							379			2021.0		seats_occupancy: the TRAINING BLOCK carries no finite score (561161 rows), so the quantile reference cannot be built.  T
inner	E5	S_XGB	OCC_LEVEL	OCCUPANCY_2	NOT_RUN							379			2021.0		seats_occupancy: the TRAINING BLOCK carries no finite score (561161 rows), so the quantile reference cannot be built.  T
inner	E5	S_XGB	SECTIME	SECTIME_0.05	ran	0.0	0.0	0.0	0.0	0.0	0.0	379		0.0	2021.0	0.0	
inner	E5	S_XGB	SECTIME	SECTIME_0.1	ran	0.0	0.0	0.0	0.0	0.0	0.0	379		0.0	2021.0	0.0	
inner	E5	S_XGB	SECTIME	SECTIME_0.15	ran	0.0	0.0	0.0	0.0	0.0	0.0	379		0.0	2021.0	0.0	
inner	E5	S_XGB	SECTIME	SECTIME_0.25	ran	0.0	0.0	0.0	0.0	0.0	0.0	379		0.0	2021.0	0.0	
inner	E5	S_XGB	SECTIME	SECTIME_0.4	ran	0.0	0.0	0.0	0.0	0.0	0.0	379		0.0	2021.0	0.0	
inner	E5	S_XGB	SECTIME	SECTIME_0.6	ran	0.0	0.0	0.0	0.0	0.0	0.0	379		0.0	2021.0	0.0	
inner	E5	S_XGB	TAUZ	TAUZ_0.5	ran	0.0	0.0	0.0	0.0	0.0	0.0	379		0.0	2021.0	0.0	
inner	E5	S_XGB	TAUZ	TAUZ_1	ran	0.0	0.0	0.0	0.0	0.0	0.0	379		0.0	2021.0	0.0	
inner	E5	S_XGB	TAUZ	TAUZ_1.5	ran	0.0	0.0	0.0	0.0	0.0	0.0	379		0.0	2021.0	0.0	
inner	E5	S_XGB	TAUZ	TAUZ_2	ran	0.0	0.0	0.0	0.0	0.0	0.0	379		0.0	2021.0	0.0	
inner	E5	S_XGB	TAUZ	TAUZ_2.5	ran	0.0	0.0	0.0	0.0	0.0	0.0	379		0.0	2021.0	0.0	
inner	E5	S_XGB	TAU_LEVEL	TAU_0.5	NOT_RUN							379			2021.0		seats_tau: the TRAINING BLOCK carries no finite score (561161 rows), so tau cannot be set.  This is the defect that hid 
inner	E5	S_XGB	TAU_LEVEL	TAU_0.7	NOT_RUN							379			2021.0		seats_tau: the TRAINING BLOCK carries no finite score (561161 rows), so tau cannot be set.  This is the defect that hid 
inner	E5	S_XGB	TAU_LEVEL	TAU_0.8	NOT_RUN							379			2021.0		seats_tau: the TRAINING BLOCK carries no finite score (561161 rows), so tau cannot be set.  This is the defect that hid 
inner	E5	S_XGB	TAU_LEVEL	TAU_0.9	NOT_RUN							379			2021.0		seats_tau: the TRAINING BLOCK carries no finite score (561161 rows), so tau cannot be set.  This is the defect that hid 
inner	E5	S_XGB	TAU_LEVEL	TAU_0.95	NOT_RUN							379			2021.0		seats_tau: the TRAINING BLOCK carries no finite score (561161 rows), so tau cannot be set.  This is the defect that hid 
inner	E5	S_XGB	TAU_LEVEL	TAU_0.975	NOT_RUN							379			2021.0		seats_tau: the TRAINING BLOCK carries no finite score (561161 rows), so tau cannot be set.  This is the defect that hid 
inner	E5	S_XGB	TAU_LEVEL	TAU_0.99	NOT_RUN							379			2021.0		seats_tau: the TRAINING BLOCK carries no finite score (561161 rows), so tau cannot be set.  This is the defect that hid 
inner	E5	S_XGB_DAYZ	CELLSOFAR	CELLSOFAR_0.8	ran	0.0	0.0	0.0	0.0	0.0	0.0	379		0.0	2021.0	0.0	
inner	E5	S_XGB_DAYZ	CELLSOFAR	CELLSOFAR_0.9	ran	0.0	0.0	0.0	0.0	0.0	0.0	379		0.0	2021.0	0.0	
inner	E5	S_XGB_DAYZ	CELLSOFAR	CELLSOFAR_0.95	ran	0.0	0.0	0.0	0.0	0.0	0.0	379		0.0	2021.0	0.0	
inner	E5	S_XGB_DAYZ	CELLSOFAR	CELLSOFAR_0.99	ran	0.0	0.0	0.0	0.0	0.0	0.0	379		0.0	2021.0	0.0	
inner	E5	S_XGB_DAYZ	DAYSOFAR	DAYSOFAR_0.5	NOT_RUN							379			2021.0		seats_daysofar: 145609 rows were offered and NONE carries a finite score — the column has no coverage on this row set.
inner	E5	S_XGB_DAYZ	DAYSOFAR	DAYSOFAR_0.7	NOT_RUN							379			2021.0		seats_daysofar: 145609 rows were offered and NONE carries a finite score — the column has no coverage on this row set.
inner	E5	S_XGB_DAYZ	DAYSOFAR	DAYSOFAR_0.9	NOT_RUN							379			2021.0		seats_daysofar: 145609 rows were offered and NONE carries a finite score — the column has no coverage on this row set.
inner	E5	S_XGB_DAYZ	OCC_LEVEL	OCCUPANCY_0.5	NOT_RUN							379			2021.0		seats_occupancy: the TRAINING BLOCK carries no finite score (561161 rows), so the quantile reference cannot be built.  T
inner	E5	S_XGB_DAYZ	OCC_LEVEL	OCCUPANCY_1	NOT_RUN							379			2021.0		seats_occupancy: the TRAINING BLOCK carries no finite score (561161 rows), so the quantile reference cannot be built.  T
inner	E5	S_XGB_DAYZ	OCC_LEVEL	OCCUPANCY_2	NOT_RUN							379			2021.0		seats_occupancy: the TRAINING BLOCK carries no finite score (561161 rows), so the quantile reference cannot be built.  T
inner	E5	S_XGB_DAYZ	SECTIME	SECTIME_0.05	ran	0.0	0.0	0.0	0.0	0.0	0.0	379		0.0	2021.0	0.0	
inner	E5	S_XGB_DAYZ	SECTIME	SECTIME_0.1	ran	0.0	0.0	0.0	0.0	0.0	0.0	379		0.0	2021.0	0.0	
inner	E5	S_XGB_DAYZ	SECTIME	SECTIME_0.15	ran	0.0	0.0	0.0	0.0	0.0	0.0	379		0.0	2021.0	0.0	
inner	E5	S_XGB_DAYZ	SECTIME	SECTIME_0.25	ran	0.0	0.0	0.0	0.0	0.0	0.0	379		0.0	2021.0	0.0	
inner	E5	S_XGB_DAYZ	SECTIME	SECTIME_0.4	ran	0.0	0.0	0.0	0.0	0.0	0.0	379		0.0	2021.0	0.0	
inner	E5	S_XGB_DAYZ	SECTIME	SECTIME_0.6	ran	0.0	0.0	0.0	0.0	0.0	0.0	379		0.0	2021.0	0.0	
inner	E5	S_XGB_DAYZ	TAUZ	TAUZ_0.5	ran	0.0	0.0	0.0	0.0	0.0	0.0	379		0.0	2021.0	0.0	
inner	E5	S_XGB_DAYZ	TAUZ	TAUZ_1	ran	0.0	0.0	0.0	0.0	0.0	0.0	379		0.0	2021.0	0.0	
inner	E5	S_XGB_DAYZ	TAUZ	TAUZ_1.5	ran	0.0	0.0	0.0	0.0	0.0	0.0	379		0.0	2021.0	0.0	
inner	E5	S_XGB_DAYZ	TAUZ	TAUZ_2	ran	0.0	0.0	0.0	0.0	0.0	0.0	379		0.0	2021.0	0.0	
inner	E5	S_XGB_DAYZ	TAUZ	TAUZ_2.5	ran	0.0	0.0	0.0	0.0	0.0	0.0	379		0.0	2021.0	0.0	
inner	E5	S_XGB_DAYZ	TAU_LEVEL	TAU_0.5	NOT_RUN							379			2021.0		seats_tau: the TRAINING BLOCK carries no finite score (561161 rows), so tau cannot be set.  This is the defect that hid 
inner	E5	S_XGB_DAYZ	TAU_LEVEL	TAU_0.7	NOT_RUN							379			2021.0		seats_tau: the TRAINING BLOCK carries no finite score (561161 rows), so tau cannot be set.  This is the defect that hid 
inner	E5	S_XGB_DAYZ	TAU_LEVEL	TAU_0.8	NOT_RUN							379			2021.0		seats_tau: the TRAINING BLOCK carries no finite score (561161 rows), so tau cannot be set.  This is the defect that hid 
inner	E5	S_XGB_DAYZ	TAU_LEVEL	TAU_0.9	NOT_RUN							379			2021.0		seats_tau: the TRAINING BLOCK carries no finite score (561161 rows), so tau cannot be set.  This is the defect that hid 
inner	E5	S_XGB_DAYZ	TAU_LEVEL	TAU_0.95	NOT_RUN							379			2021.0		seats_tau: the TRAINING BLOCK carries no finite score (561161 rows), so tau cannot be set.  This is the defect that hid 
inner	E5	S_XGB_DAYZ	TAU_LEVEL	TAU_0.975	NOT_RUN							379			2021.0		seats_tau: the TRAINING BLOCK carries no finite score (561161 rows), so tau cannot be set.  This is the defect that hid 
inner	E5	S_XGB_DAYZ	TAU_LEVEL	TAU_0.99	NOT_RUN							379			2021.0		seats_tau: the TRAINING BLOCK carries no finite score (561161 rows), so tau cannot be set.  This is the defect that hid 
inner	E6	H1_DAYRANK	CELLSOFAR	CELLSOFAR_0.8	ran	9.4	54.0	-86.05	104.84	890.2	458.8	459	0.059	-61.56	2675.0	0.0035	
inner	E6	H1_DAYRANK	CELLSOFAR	CELLSOFAR_0.9	ran	-7.04	45.47	-99.98	85.91	851.2	457.8	459	0.062	-13.64	2675.0	-0.0026	
inner	E6	H1_DAYRANK	CELLSOFAR	CELLSOFAR_0.95	ran	-12.96	38.78	-106.05	80.14	816.6	456.2	459	0.067	-42.96	2675.0	-0.0048	
inner	E6	H1_DAYRANK	CELLSOFAR	CELLSOFAR_0.99	ran	-18.62	34.25	-112.16	74.92	767.6	452.0	459	0.073	-23.53	2675.0	-0.007	
inner	E6	H1_DAYRANK	DAYSOFAR	DAYSOFAR_0.5	ran	-45.67	31.84	-140.04	48.7	925.2	459.0	459	0.056	29.38	2675.0	-0.0171	
inner	E6	H1_DAYRANK	DAYSOFAR	DAYSOFAR_0.7	ran	-13.79	30.95	-109.72	82.14	916.4	459.0	459	0.06	8.9	2675.0	-0.0052	
inner	E6	H1_DAYRANK	DAYSOFAR	DAYSOFAR_0.9	ran	22.81	46.7	-75.4	121.02	835.8	459.0	459	0.067	-29.12	2675.0	0.0085	
inner	E6	H1_DAYRANK	OCC_LEVEL	OCCUPANCY_0.5	ran	-34.39	19.12	-102.76	33.98	403.6	368.8	459	0.178	-33.95	2675.0	-0.0129	
inner	E6	H1_DAYRANK	OCC_LEVEL	OCCUPANCY_1	ran	-42.21	18.35	-112.51	28.09	534.0	442.6	459	0.132	-58.96	2675.0	-0.0158	
inner	E6	H1_DAYRANK	OCC_LEVEL	OCCUPANCY_2	ran	-37.21	15.1	-116.57	42.15	548.2	447.0	459	0.129	-57.13	2675.0	-0.0139	
inner	E6	H1_DAYRANK	SECTIME	SECTIME_0.05	ran	-27.02	23.53	-115.32	61.28	749.8	453.4	459	0.076	-19.15	2675.0	-0.0101	
inner	E6	H1_DAYRANK	SECTIME	SECTIME_0.1	ran	-40.78	19.48	-125.14	43.58	694.8	444.4	459	0.081	-45.32	2675.0	-0.0152	
inner	E6	H1_DAYRANK	SECTIME	SECTIME_0.15	ran	-23.69	15.87	-100.67	53.29	633.6	426.0	459	0.084	-76.71	2675.0	-0.0089	
inner	E6	H1_DAYRANK	SECTIME	SECTIME_0.25	ran	-17.73	4.55	-80.71	45.24	480.0	363.8	459	0.126	-17.06	2675.0	-0.0066	
inner	E6	H1_DAYRANK	SECTIME	SECTIME_0.4	ran	3.36	10.99	-37.97	44.69	232.0	206.0	459	0.3	-36.15	2675.0	0.0013	
inner	E6	H1_DAYRANK	SECTIME	SECTIME_0.6	ran	5.2	3.1	-12.92	23.33	87.4	85.2	459	0.448	-9.49	2675.0	0.0019	
inner	E6	H1_DAYRANK	TAUZ	TAUZ_0.5	ran	4.33	26.92	-71.39	80.05	314.4	284.6	459	0.153	-30.57	2675.0	0.0016	
inner	E6	H1_DAYRANK	TAUZ	TAUZ_1	ran	-0.04	3.25	-6.39	6.31	6.0	5.8	459	-1.024	-2.07	2675.0	-0.0	
inner	E6	H1_DAYRANK	TAUZ	TAUZ_1.5	ran	0.0	0.0	0.0	0.0	0.0	0.0	459		0.0	2675.0	0.0	
inner	E6	H1_DAYRANK	TAUZ	TAUZ_2	ran	0.0	0.0	0.0	0.0	0.0	0.0	459		0.0	2675.0	0.0	
inner	E6	H1_DAYRANK	TAUZ	TAUZ_2.5	ran	0.0	0.0	0.0	0.0	0.0	0.0	459		0.0	2675.0	0.0	
inner	E6	H1_DAYRANK	TAU_LEVEL	TAU_0.5	ran	-60.04	15.54	-148.53	28.46	912.2	459.0	459	0.068	-20.02	2675.0	-0.0224	
inner	E6	H1_DAYRANK	TAU_LEVEL	TAU_0.7	ran	-17.69	48.33	-113.34	77.96	890.8	459.0	459	0.064	-8.71	2675.0	-0.0066	
inner	E6	H1_DAYRANK	TAU_LEVEL	TAU_0.8	ran	31.17	53.91	-74.03	136.36	820.2	459.0	459	0.07	-17.35	2675.0	0.0117	
inner	E6	H1_DAYRANK	TAU_LEVEL	TAU_0.9	ran	15.17	33.29	-89.76	120.09	643.6	457.2	459	0.076	-55.84	2675.0	0.0057	
inner	E6	H1_DAYRANK	TAU_LEVEL	TAU_0.95	ran	2.89	21.02	-84.87	90.64	444.8	384.6	459	0.103	-44.8	2675.0	0.0011	
inner	E6	H1_DAYRANK	TAU_LEVEL	TAU_0.975	ran	-22.06	9.81	-85.65	41.53	238.8	225.2	459	0.18	-10.73	2675.0	-0.0082	
inner	E6	H1_DAYRANK	TAU_LEVEL	TAU_0.99	ran	2.98	13.82	-38.27	44.24	110.6	106.8	459	0.246	-49.04	2675.0	0.0011	
inner	E6	ORACLE_DAYRANK	CELLSOFAR	CELLSOFAR_0.8	ran	1403.95	0.0	1302.51	1505.38	1259.0	459.0	459	0.03	-31.32	2675.0	0.5248	
inner	E6	ORACLE_DAYRANK	CELLSOFAR	CELLSOFAR_0.9	ran	1350.81	0.0	1248.56	1453.07	1183.0	458.0	459	0.031	-21.23	2675.0	0.505	
inner	E6	ORACLE_DAYRANK	CELLSOFAR	CELLSOFAR_0.95	ran	1328.72	0.0	1221.33	1436.11	1137.0	456.0	459	0.032	-44.74	2675.0	0.4967	
inner	E6	ORACLE_DAYRANK	CELLSOFAR	CELLSOFAR_0.99	ran	1316.59	0.0	1208.91	1424.27	1083.0	455.0	459	0.032	-43.46	2675.0	0.4922	
inner	E6	ORACLE_DAYRANK	DAYSOFAR	DAYSOFAR_0.5	ran	1522.21	0.0	1407.03	1637.4	1277.0	459.0	459	0.034	30.48	2675.0	0.5691	
inner	E6	ORACLE_DAYRANK	DAYSOFAR	DAYSOFAR_0.7	ran	1757.06	0.0	1647.94	1866.17	1251.0	459.0	459	0.031	34.01	2675.0	0.6568	
inner	E6	ORACLE_DAYRANK	DAYSOFAR	DAYSOFAR_0.9	ran	1632.05	0.0	1531.26	1732.85	955.0	449.0	459	0.034	35.71	2675.0	0.6101	
inner	E6	ORACLE_DAYRANK	OCC_LEVEL	OCCUPANCY_0.5	ran	1443.16	0.0	1357.86	1528.47	684.0	459.0	459	0.04	-101.27	2675.0	0.5395	
inner	E6	ORACLE_DAYRANK	OCC_LEVEL	OCCUPANCY_1	ran	1377.94	0.0	1283.73	1472.14	688.0	459.0	459	0.04	-25.23	2675.0	0.5151	
inner	E6	ORACLE_DAYRANK	OCC_LEVEL	OCCUPANCY_2	ran	1526.74	0.0	1432.82	1620.66	728.0	459.0	459	0.037	-71.36	2675.0	0.5707	
inner	E6	ORACLE_DAYRANK	SECTIME	SECTIME_0.05	ran	1250.76	0.0	1145.36	1356.16	1055.0	457.0	459	0.031	-2.22	2675.0	0.4676	
inner	E6	ORACLE_DAYRANK	SECTIME	SECTIME_0.1	ran	1253.29	0.0	1143.66	1362.91	977.0	453.0	459	0.032	-29.18	2675.0	0.4685	
inner	E6	ORACLE_DAYRANK	SECTIME	SECTIME_0.15	ran	1136.08	0.0	1038.02	1234.14	869.0	442.0	459	0.038	-79.07	2675.0	0.4247	
inner	E6	ORACLE_DAYRANK	SECTIME	SECTIME_0.25	ran	882.9	0.0	813.04	952.76	657.0	401.0	459	0.041	17.12	2675.0	0.3301	
inner	E6	ORACLE_DAYRANK	SECTIME	SECTIME_0.4	ran	393.37	0.0	337.16	449.57	319.0	259.0	459	0.086	-54.59	2675.0	0.1471	
inner	E6	ORACLE_DAYRANK	SECTIME	SECTIME_0.6	ran	150.42	0.0	121.5	179.35	131.0	123.0	459	0.121	-19.78	2675.0	0.0562	
inner	E6	ORACLE_DAYRANK	TAUZ	TAUZ_0.5	ran	1762.63	0.0	1660.39	1864.86	1337.0	459.0	459	0.028	-45.92	2675.0	0.6589	
inner	E6	ORACLE_DAYRANK	TAUZ	TAUZ_1	ran	1358.28	0.0	1279.82	1436.73	440.0	440.0	459	0.044	9.22	2675.0	0.5078	
inner	E6	ORACLE_DAYRANK	TAUZ	TAUZ_1.5	ran	0.0	0.0	0.0	0.0	0.0	0.0	459		0.0	2675.0	0.0	
inner	E6	ORACLE_DAYRANK	TAUZ	TAUZ_2	ran	0.0	0.0	0.0	0.0	0.0	0.0	459		0.0	2675.0	0.0	
inner	E6	ORACLE_DAYRANK	TAUZ	TAUZ_2.5	ran	0.0	0.0	0.0	0.0	0.0	0.0	459		0.0	2675.0	0.0	
inner	E6	ORACLE_DAYRANK	TAU_LEVEL	TAU_0.5	ran	1778.3	0.0	1672.85	1883.74	1336.0	459.0	459	0.031	-42.94	2675.0	0.6648	
inner	E6	ORACLE_DAYRANK	TAU_LEVEL	TAU_0.7	ran	1992.76	0.0	1888.75	2096.76	1295.0	459.0	459	0.028	54.27	2675.0	0.745	
inner	E6	ORACLE_DAYRANK	TAU_LEVEL	TAU_0.8	ran	1948.96	0.0	1853.26	2044.66	1098.0	459.0	459	0.028	-63.41	2675.0	0.7286	
inner	E6	ORACLE_DAYRANK	TAU_LEVEL	TAU_0.9	ran	1780.73	0.0	1691.9	1869.56	825.0	459.0	459	0.031	-46.82	2675.0	0.6657	
inner	E6	ORACLE_DAYRANK	TAU_LEVEL	TAU_0.95	ran	1651.72	0.0	1569.15	1734.28	675.0	457.0	459	0.034	-12.4	2675.0	0.6175	
inner	E6	ORACLE_DAYRANK	TAU_LEVEL	TAU_0.975	ran	1538.94	0.0	1460.84	1617.03	573.0	452.0	459	0.037	-64.24	2675.0	0.5753	
inner	E6	ORACLE_DAYRANK	TAU_LEVEL	TAU_0.99	ran	1436.2	0.0	1358.24	1514.15	496.0	447.0	459	0.041	-15.72	2675.0	0.5369	
inner	E6	S_XGB	CELLSOFAR	CELLSOFAR_0.8	ran	0.0	0.0	0.0	0.0	0.0	0.0	459		0.0	2675.0	0.0	
inner	E6	S_XGB	CELLSOFAR	CELLSOFAR_0.9	ran	0.0	0.0	0.0	0.0	0.0	0.0	459		0.0	2675.0	0.0	
inner	E6	S_XGB	CELLSOFAR	CELLSOFAR_0.95	ran	0.0	0.0	0.0	0.0	0.0	0.0	459		0.0	2675.0	0.0	
inner	E6	S_XGB	CELLSOFAR	CELLSOFAR_0.99	ran	0.0	0.0	0.0	0.0	0.0	0.0	459		0.0	2675.0	0.0	
inner	E6	S_XGB	DAYSOFAR	DAYSOFAR_0.5	NOT_RUN							459			2675.0		seats_daysofar: 182367 rows were offered and NONE carries a finite score — the column has no coverage on this row set.
inner	E6	S_XGB	DAYSOFAR	DAYSOFAR_0.7	NOT_RUN							459			2675.0		seats_daysofar: 182367 rows were offered and NONE carries a finite score — the column has no coverage on this row set.
inner	E6	S_XGB	DAYSOFAR	DAYSOFAR_0.9	NOT_RUN							459			2675.0		seats_daysofar: 182367 rows were offered and NONE carries a finite score — the column has no coverage on this row set.
inner	E6	S_XGB	OCC_LEVEL	OCCUPANCY_0.5	NOT_RUN							459			2675.0		seats_occupancy: the TRAINING BLOCK carries no finite score (677395 rows), so the quantile reference cannot be built.  T
inner	E6	S_XGB	OCC_LEVEL	OCCUPANCY_1	NOT_RUN							459			2675.0		seats_occupancy: the TRAINING BLOCK carries no finite score (677395 rows), so the quantile reference cannot be built.  T
inner	E6	S_XGB	OCC_LEVEL	OCCUPANCY_2	NOT_RUN							459			2675.0		seats_occupancy: the TRAINING BLOCK carries no finite score (677395 rows), so the quantile reference cannot be built.  T
inner	E6	S_XGB	SECTIME	SECTIME_0.05	ran	0.0	0.0	0.0	0.0	0.0	0.0	459		0.0	2675.0	0.0	
inner	E6	S_XGB	SECTIME	SECTIME_0.1	ran	0.0	0.0	0.0	0.0	0.0	0.0	459		0.0	2675.0	0.0	
inner	E6	S_XGB	SECTIME	SECTIME_0.15	ran	0.0	0.0	0.0	0.0	0.0	0.0	459		0.0	2675.0	0.0	
inner	E6	S_XGB	SECTIME	SECTIME_0.25	ran	0.0	0.0	0.0	0.0	0.0	0.0	459		0.0	2675.0	0.0	
inner	E6	S_XGB	SECTIME	SECTIME_0.4	ran	0.0	0.0	0.0	0.0	0.0	0.0	459		0.0	2675.0	0.0	
inner	E6	S_XGB	SECTIME	SECTIME_0.6	ran	0.0	0.0	0.0	0.0	0.0	0.0	459		0.0	2675.0	0.0	
inner	E6	S_XGB	TAUZ	TAUZ_0.5	ran	0.0	0.0	0.0	0.0	0.0	0.0	459		0.0	2675.0	0.0	
inner	E6	S_XGB	TAUZ	TAUZ_1	ran	0.0	0.0	0.0	0.0	0.0	0.0	459		0.0	2675.0	0.0	
inner	E6	S_XGB	TAUZ	TAUZ_1.5	ran	0.0	0.0	0.0	0.0	0.0	0.0	459		0.0	2675.0	0.0	
inner	E6	S_XGB	TAUZ	TAUZ_2	ran	0.0	0.0	0.0	0.0	0.0	0.0	459		0.0	2675.0	0.0	
inner	E6	S_XGB	TAUZ	TAUZ_2.5	ran	0.0	0.0	0.0	0.0	0.0	0.0	459		0.0	2675.0	0.0	
inner	E6	S_XGB	TAU_LEVEL	TAU_0.5	NOT_RUN							459			2675.0		seats_tau: the TRAINING BLOCK carries no finite score (677395 rows), so tau cannot be set.  This is the defect that hid 
inner	E6	S_XGB	TAU_LEVEL	TAU_0.7	NOT_RUN							459			2675.0		seats_tau: the TRAINING BLOCK carries no finite score (677395 rows), so tau cannot be set.  This is the defect that hid 
inner	E6	S_XGB	TAU_LEVEL	TAU_0.8	NOT_RUN							459			2675.0		seats_tau: the TRAINING BLOCK carries no finite score (677395 rows), so tau cannot be set.  This is the defect that hid 
inner	E6	S_XGB	TAU_LEVEL	TAU_0.9	NOT_RUN							459			2675.0		seats_tau: the TRAINING BLOCK carries no finite score (677395 rows), so tau cannot be set.  This is the defect that hid 
inner	E6	S_XGB	TAU_LEVEL	TAU_0.95	NOT_RUN							459			2675.0		seats_tau: the TRAINING BLOCK carries no finite score (677395 rows), so tau cannot be set.  This is the defect that hid 
inner	E6	S_XGB	TAU_LEVEL	TAU_0.975	NOT_RUN							459			2675.0		seats_tau: the TRAINING BLOCK carries no finite score (677395 rows), so tau cannot be set.  This is the defect that hid 
inner	E6	S_XGB	TAU_LEVEL	TAU_0.99	NOT_RUN							459			2675.0		seats_tau: the TRAINING BLOCK carries no finite score (677395 rows), so tau cannot be set.  This is the defect that hid 
inner	E6	S_XGB_DAYZ	CELLSOFAR	CELLSOFAR_0.8	ran	0.0	0.0	0.0	0.0	0.0	0.0	459		0.0	2675.0	0.0	
inner	E6	S_XGB_DAYZ	CELLSOFAR	CELLSOFAR_0.9	ran	0.0	0.0	0.0	0.0	0.0	0.0	459		0.0	2675.0	0.0	
inner	E6	S_XGB_DAYZ	CELLSOFAR	CELLSOFAR_0.95	ran	0.0	0.0	0.0	0.0	0.0	0.0	459		0.0	2675.0	0.0	
inner	E6	S_XGB_DAYZ	CELLSOFAR	CELLSOFAR_0.99	ran	0.0	0.0	0.0	0.0	0.0	0.0	459		0.0	2675.0	0.0	
inner	E6	S_XGB_DAYZ	DAYSOFAR	DAYSOFAR_0.5	NOT_RUN							459			2675.0		seats_daysofar: 182367 rows were offered and NONE carries a finite score — the column has no coverage on this row set.
inner	E6	S_XGB_DAYZ	DAYSOFAR	DAYSOFAR_0.7	NOT_RUN							459			2675.0		seats_daysofar: 182367 rows were offered and NONE carries a finite score — the column has no coverage on this row set.
inner	E6	S_XGB_DAYZ	DAYSOFAR	DAYSOFAR_0.9	NOT_RUN							459			2675.0		seats_daysofar: 182367 rows were offered and NONE carries a finite score — the column has no coverage on this row set.
inner	E6	S_XGB_DAYZ	OCC_LEVEL	OCCUPANCY_0.5	NOT_RUN							459			2675.0		seats_occupancy: the TRAINING BLOCK carries no finite score (677395 rows), so the quantile reference cannot be built.  T
inner	E6	S_XGB_DAYZ	OCC_LEVEL	OCCUPANCY_1	NOT_RUN							459			2675.0		seats_occupancy: the TRAINING BLOCK carries no finite score (677395 rows), so the quantile reference cannot be built.  T
inner	E6	S_XGB_DAYZ	OCC_LEVEL	OCCUPANCY_2	NOT_RUN							459			2675.0		seats_occupancy: the TRAINING BLOCK carries no finite score (677395 rows), so the quantile reference cannot be built.  T
inner	E6	S_XGB_DAYZ	SECTIME	SECTIME_0.05	ran	0.0	0.0	0.0	0.0	0.0	0.0	459		0.0	2675.0	0.0	
inner	E6	S_XGB_DAYZ	SECTIME	SECTIME_0.1	ran	0.0	0.0	0.0	0.0	0.0	0.0	459		0.0	2675.0	0.0	
inner	E6	S_XGB_DAYZ	SECTIME	SECTIME_0.15	ran	0.0	0.0	0.0	0.0	0.0	0.0	459		0.0	2675.0	0.0	
inner	E6	S_XGB_DAYZ	SECTIME	SECTIME_0.25	ran	0.0	0.0	0.0	0.0	0.0	0.0	459		0.0	2675.0	0.0	
inner	E6	S_XGB_DAYZ	SECTIME	SECTIME_0.4	ran	0.0	0.0	0.0	0.0	0.0	0.0	459		0.0	2675.0	0.0	
inner	E6	S_XGB_DAYZ	SECTIME	SECTIME_0.6	ran	0.0	0.0	0.0	0.0	0.0	0.0	459		0.0	2675.0	0.0	
inner	E6	S_XGB_DAYZ	TAUZ	TAUZ_0.5	ran	0.0	0.0	0.0	0.0	0.0	0.0	459		0.0	2675.0	0.0	
inner	E6	S_XGB_DAYZ	TAUZ	TAUZ_1	ran	0.0	0.0	0.0	0.0	0.0	0.0	459		0.0	2675.0	0.0	
inner	E6	S_XGB_DAYZ	TAUZ	TAUZ_1.5	ran	0.0	0.0	0.0	0.0	0.0	0.0	459		0.0	2675.0	0.0	
inner	E6	S_XGB_DAYZ	TAUZ	TAUZ_2	ran	0.0	0.0	0.0	0.0	0.0	0.0	459		0.0	2675.0	0.0	
inner	E6	S_XGB_DAYZ	TAUZ	TAUZ_2.5	ran	0.0	0.0	0.0	0.0	0.0	0.0	459		0.0	2675.0	0.0	
inner	E6	S_XGB_DAYZ	TAU_LEVEL	TAU_0.5	NOT_RUN							459			2675.0		seats_tau: the TRAINING BLOCK carries no finite score (677395 rows), so tau cannot be set.  This is the defect that hid 
inner	E6	S_XGB_DAYZ	TAU_LEVEL	TAU_0.7	NOT_RUN							459			2675.0		seats_tau: the TRAINING BLOCK carries no finite score (677395 rows), so tau cannot be set.  This is the defect that hid 
inner	E6	S_XGB_DAYZ	TAU_LEVEL	TAU_0.8	NOT_RUN							459			2675.0		seats_tau: the TRAINING BLOCK carries no finite score (677395 rows), so tau cannot be set.  This is the defect that hid 
inner	E6	S_XGB_DAYZ	TAU_LEVEL	TAU_0.9	NOT_RUN							459			2675.0		seats_tau: the TRAINING BLOCK carries no finite score (677395 rows), so tau cannot be set.  This is the defect that hid 
inner	E6	S_XGB_DAYZ	TAU_LEVEL	TAU_0.95	NOT_RUN							459			2675.0		seats_tau: the TRAINING BLOCK carries no finite score (677395 rows), so tau cannot be set.  This is the defect that hid 
inner	E6	S_XGB_DAYZ	TAU_LEVEL	TAU_0.975	NOT_RUN							459			2675.0		seats_tau: the TRAINING BLOCK carries no finite score (677395 rows), so tau cannot be set.  This is the defect that hid 
inner	E6	S_XGB_DAYZ	TAU_LEVEL	TAU_0.99	NOT_RUN							459			2675.0		seats_tau: the TRAINING BLOCK carries no finite score (677395 rows), so tau cannot be set.  This is the defect that hid 
inner	E7	H1_DAYRANK	CELLSOFAR	CELLSOFAR_0.8	ran	59.44	55.57	-41.33	160.22	1022.0	533.8	534	0.06	-48.19	3360.0	0.0177	
inner	E7	H1_DAYRANK	CELLSOFAR	CELLSOFAR_0.9	ran	45.53	58.7	-55.72	146.77	968.2	532.4	534	0.062	-34.65	3360.0	0.0135	
inner	E7	H1_DAYRANK	CELLSOFAR	CELLSOFAR_0.95	ran	45.01	52.77	-58.39	148.41	921.8	528.2	534	0.067	-94.27	3360.0	0.0134	
inner	E7	H1_DAYRANK	CELLSOFAR	CELLSOFAR_0.99	ran	37.73	44.45	-63.11	138.56	852.0	522.2	534	0.071	-77.63	3360.0	0.0112	
inner	E7	H1_DAYRANK	DAYSOFAR	DAYSOFAR_0.5	ran	-22.1	21.5	-122.17	77.97	1036.0	534.0	534	0.063	-15.89	3360.0	-0.0066	
inner	E7	H1_DAYRANK	DAYSOFAR	DAYSOFAR_0.7	ran	3.93	41.16	-96.77	104.63	1028.2	534.0	534	0.06	-77.19	3360.0	0.0012	
inner	E7	H1_DAYRANK	DAYSOFAR	DAYSOFAR_0.9	ran	78.06	117.43	-29.47	185.58	936.4	533.8	534	0.064	-86.35	3360.0	0.0232	
inner	E7	H1_DAYRANK	OCC_LEVEL	OCCUPANCY_0.5	ran	-42.17	20.79	-110.47	26.12	459.0	415.2	534	0.155	-71.98	3360.0	-0.0126	
inner	E7	H1_DAYRANK	OCC_LEVEL	OCCUPANCY_1	ran	-42.2	13.93	-121.12	36.73	595.2	502.4	534	0.131	-39.97	3360.0	-0.0126	
inner	E7	H1_DAYRANK	OCC_LEVEL	OCCUPANCY_2	ran	-83.69	24.42	-161.87	-5.51	617.4	512.0	534	0.106	-60.52	3360.0	-0.0249	
inner	E7	H1_DAYRANK	SECTIME	SECTIME_0.05	ran	35.37	54.23	-63.78	134.52	830.6	520.6	534	0.076	-35.71	3360.0	0.0105	
inner	E7	H1_DAYRANK	SECTIME	SECTIME_0.1	ran	19.66	54.42	-77.62	116.94	779.6	509.4	534	0.082	-65.78	3360.0	0.0059	
inner	E7	H1_DAYRANK	SECTIME	SECTIME_0.15	ran	36.87	22.85	-56.88	130.61	717.8	488.8	534	0.093	-62.45	3360.0	0.011	
inner	E7	H1_DAYRANK	SECTIME	SECTIME_0.25	ran	-4.13	11.33	-79.84	71.58	573.8	431.8	534	0.115	-104.01	3360.0	-0.0012	
inner	E7	H1_DAYRANK	SECTIME	SECTIME_0.4	ran	-16.15	17.15	-62.58	30.28	274.0	243.0	534	0.215	-52.27	3360.0	-0.0048	
inner	E7	H1_DAYRANK	SECTIME	SECTIME_0.6	ran	-14.95	5.77	-31.8	1.9	100.8	97.4	534	0.392	-18.42	3360.0	-0.0045	
inner	E7	H1_DAYRANK	TAUZ	TAUZ_0.5	ran	23.94	72.41	-59.75	107.63	411.2	363.0	534	0.128	-49.83	3360.0	0.0071	
inner	E7	H1_DAYRANK	TAUZ	TAUZ_1	ran	-12.45	2.7	-43.19	18.29	59.4	57.0	534	0.566	-13.64	3360.0	-0.0037	
inner	E7	H1_DAYRANK	TAUZ	TAUZ_1.5	ran	-1.42	1.32	-3.82	0.97	0.8	0.8	534		-2.41	3360.0	-0.0004	
inner	E7	H1_DAYRANK	TAUZ	TAUZ_2	ran	0.0	0.0	0.0	0.0	0.0	0.0	534		0.0	3360.0	0.0	
inner	E7	H1_DAYRANK	TAUZ	TAUZ_2.5	ran	0.0	0.0	0.0	0.0	0.0	0.0	534		0.0	3360.0	0.0	
inner	E7	H1_DAYRANK	TAU_LEVEL	TAU_0.5	ran	-61.93	13.44	-157.68	33.82	1009.4	534.0	534	0.062	-51.37	3360.0	-0.0184	
inner	E7	H1_DAYRANK	TAU_LEVEL	TAU_0.7	ran	-37.81	26.4	-136.6	60.98	978.2	533.8	534	0.066	-47.48	3360.0	-0.0113	
inner	E7	H1_DAYRANK	TAU_LEVEL	TAU_0.8	ran	73.31	44.0	-37.89	184.51	945.6	533.6	534	0.066	-69.86	3360.0	0.0218	
inner	E7	H1_DAYRANK	TAU_LEVEL	TAU_0.9	ran	77.47	82.22	-34.68	189.61	761.0	525.2	534	0.077	-71.86	3360.0	0.0231	
inner	E7	H1_DAYRANK	TAU_LEVEL	TAU_0.95	ran	32.3	67.26	-60.63	125.23	498.2	424.4	534	0.103	-77.22	3360.0	0.0096	
inner	E7	H1_DAYRANK	TAU_LEVEL	TAU_0.975	ran	-44.12	26.86	-107.99	19.74	289.2	266.8	534	0.143	-54.65	3360.0	-0.0131	
inner	E7	H1_DAYRANK	TAU_LEVEL	TAU_0.99	ran	-34.77	16.13	-83.46	13.93	151.2	143.2	534	0.272	-47.28	3360.0	-0.0103	
inner	E7	ORACLE_DAYRANK	CELLSOFAR	CELLSOFAR_0.8	ran	1429.45	0.0	1298.65	1560.25	1399.0	534.0	534	0.035	3.02	3360.0	0.4254	
inner	E7	ORACLE_DAYRANK	CELLSOFAR	CELLSOFAR_0.9	ran	1417.56	0.0	1295.26	1539.85	1340.0	533.0	534	0.03	-89.69	3360.0	0.4219	
inner	E7	ORACLE_DAYRANK	CELLSOFAR	CELLSOFAR_0.95	ran	1369.12	0.0	1253.43	1484.8	1271.0	532.0	534	0.031	-35.69	3360.0	0.4075	
inner	E7	ORACLE_DAYRANK	CELLSOFAR	CELLSOFAR_0.99	ran	1351.95	0.0	1236.15	1467.76	1205.0	530.0	534	0.032	-52.3	3360.0	0.4024	
inner	E7	ORACLE_DAYRANK	DAYSOFAR	DAYSOFAR_0.5	ran	1619.62	0.0	1475.9	1763.35	1423.0	534.0	534	0.033	-91.17	3360.0	0.482	
inner	E7	ORACLE_DAYRANK	DAYSOFAR	DAYSOFAR_0.7	ran	1972.2	0.0	1835.1	2109.3	1415.0	534.0	534	0.028	116.84	3360.0	0.587	
inner	E7	ORACLE_DAYRANK	DAYSOFAR	DAYSOFAR_0.9	ran	1893.77	0.0	1755.87	2031.68	1115.0	527.0	534	0.035	-30.77	3360.0	0.5636	
inner	E7	ORACLE_DAYRANK	OCC_LEVEL	OCCUPANCY_0.5	ran	1701.17	0.0	1581.85	1820.49	800.0	533.0	534	0.037	-124.72	3360.0	0.5063	
inner	E7	ORACLE_DAYRANK	OCC_LEVEL	OCCUPANCY_1	ran	1651.47	0.0	1532.03	1770.9	807.0	534.0	534	0.037	-52.27	3360.0	0.4915	
inner	E7	ORACLE_DAYRANK	OCC_LEVEL	OCCUPANCY_2	ran	1837.18	0.0	1719.71	1954.66	864.0	534.0	534	0.034	-97.05	3360.0	0.5468	
inner	E7	ORACLE_DAYRANK	SECTIME	SECTIME_0.05	ran	1353.57	0.0	1241.75	1465.38	1194.0	530.0	534	0.03	-9.84	3360.0	0.4028	
inner	E7	ORACLE_DAYRANK	SECTIME	SECTIME_0.1	ran	1379.96	0.0	1258.17	1501.76	1110.0	522.0	534	0.036	-6.51	3360.0	0.4107	
inner	E7	ORACLE_DAYRANK	SECTIME	SECTIME_0.15	ran	1319.34	0.0	1201.27	1437.42	1008.0	508.0	534	0.042	-56.1	3360.0	0.3927	
inner	E7	ORACLE_DAYRANK	SECTIME	SECTIME_0.25	ran	1060.82	0.0	950.17	1171.47	768.0	460.0	534	0.049	-56.34	3360.0	0.3157	
inner	E7	ORACLE_DAYRANK	SECTIME	SECTIME_0.4	ran	454.72	0.0	385.35	524.09	355.0	282.0	534	0.098	-47.49	3360.0	0.1353	
inner	E7	ORACLE_DAYRANK	SECTIME	SECTIME_0.6	ran	155.35	0.0	124.27	186.43	141.0	130.0	534	0.118	-47.06	3360.0	0.0462	
inner	E7	ORACLE_DAYRANK	TAUZ	TAUZ_0.5	ran	2065.15	0.0	1926.47	2203.82	1525.0	534.0	534	0.027	-86.73	3360.0	0.6146	
inner	E7	ORACLE_DAYRANK	TAUZ	TAUZ_1	ran	1661.89	0.0	1553.8	1769.98	515.0	515.0	534	0.043	-29.21	3360.0	0.4946	
inner	E7	ORACLE_DAYRANK	TAUZ	TAUZ_1.5	ran	0.0	0.0	0.0	0.0	0.0	0.0	534		0.0	3360.0	0.0	
inner	E7	ORACLE_DAYRANK	TAUZ	TAUZ_2	ran	0.0	0.0	0.0	0.0	0.0	0.0	534		0.0	3360.0	0.0	
inner	E7	ORACLE_DAYRANK	TAUZ	TAUZ_2.5	ran	0.0	0.0	0.0	0.0	0.0	0.0	534		0.0	3360.0	0.0	
inner	E7	ORACLE_DAYRANK	TAU_LEVEL	TAU_0.5	ran	2065.86	0.0	1927.25	2204.47	1525.0	534.0	534	0.027	-48.3	3360.0	0.6148	
inner	E7	ORACLE_DAYRANK	TAU_LEVEL	TAU_0.7	ran	2441.08	0.0	2291.22	2590.94	1493.0	534.0	534	0.028	-122.91	3360.0	0.7265	
inner	E7	ORACLE_DAYRANK	TAU_LEVEL	TAU_0.8	ran	2401.52	0.0	2252.79	2550.25	1259.0	534.0	534	0.028	-77.58	3360.0	0.7147	
inner	E7	ORACLE_DAYRANK	TAU_LEVEL	TAU_0.9	ran	2221.88	0.0	2081.71	2362.06	984.0	534.0	534	0.03	-72.01	3360.0	0.6613	
inner	E7	ORACLE_DAYRANK	TAU_LEVEL	TAU_0.95	ran	2030.56	0.0	1898.68	2162.44	794.0	533.0	534	0.033	-134.02	3360.0	0.6043	
inner	E7	ORACLE_DAYRANK	TAU_LEVEL	TAU_0.975	ran	1887.99	0.0	1769.68	2006.3	679.0	531.0	534	0.036	-76.81	3360.0	0.5619	
inner	E7	ORACLE_DAYRANK	TAU_LEVEL	TAU_0.99	ran	1762.87	0.0	1649.86	1875.88	583.0	523.0	534	0.04	21.74	3360.0	0.5247	
inner	E7	S_XGB	CELLSOFAR	CELLSOFAR_0.8	ran	0.0	0.0	0.0	0.0	0.0	0.0	534		0.0	3360.0	0.0	
inner	E7	S_XGB	CELLSOFAR	CELLSOFAR_0.9	ran	0.0	0.0	0.0	0.0	0.0	0.0	534		0.0	3360.0	0.0	
inner	E7	S_XGB	CELLSOFAR	CELLSOFAR_0.95	ran	0.0	0.0	0.0	0.0	0.0	0.0	534		0.0	3360.0	0.0	
inner	E7	S_XGB	CELLSOFAR	CELLSOFAR_0.99	ran	0.0	0.0	0.0	0.0	0.0	0.0	534		0.0	3360.0	0.0	
inner	E7	S_XGB	DAYSOFAR	DAYSOFAR_0.5	NOT_RUN							534			3360.0		seats_daysofar: 220536 rows were offered and NONE carries a finite score — the column has no coverage on this row set.
inner	E7	S_XGB	DAYSOFAR	DAYSOFAR_0.7	NOT_RUN							534			3360.0		seats_daysofar: 220536 rows were offered and NONE carries a finite score — the column has no coverage on this row set.
inner	E7	S_XGB	DAYSOFAR	DAYSOFAR_0.9	NOT_RUN							534			3360.0		seats_daysofar: 220536 rows were offered and NONE carries a finite score — the column has no coverage on this row set.
inner	E7	S_XGB	OCC_LEVEL	OCCUPANCY_0.5	NOT_RUN							534			3360.0		seats_occupancy: the TRAINING BLOCK carries no finite score (802342 rows), so the quantile reference cannot be built.  T
inner	E7	S_XGB	OCC_LEVEL	OCCUPANCY_1	NOT_RUN							534			3360.0		seats_occupancy: the TRAINING BLOCK carries no finite score (802342 rows), so the quantile reference cannot be built.  T
inner	E7	S_XGB	OCC_LEVEL	OCCUPANCY_2	NOT_RUN							534			3360.0		seats_occupancy: the TRAINING BLOCK carries no finite score (802342 rows), so the quantile reference cannot be built.  T
inner	E7	S_XGB	SECTIME	SECTIME_0.05	ran	0.0	0.0	0.0	0.0	0.0	0.0	534		0.0	3360.0	0.0	
inner	E7	S_XGB	SECTIME	SECTIME_0.1	ran	0.0	0.0	0.0	0.0	0.0	0.0	534		0.0	3360.0	0.0	
inner	E7	S_XGB	SECTIME	SECTIME_0.15	ran	0.0	0.0	0.0	0.0	0.0	0.0	534		0.0	3360.0	0.0	
inner	E7	S_XGB	SECTIME	SECTIME_0.25	ran	0.0	0.0	0.0	0.0	0.0	0.0	534		0.0	3360.0	0.0	
inner	E7	S_XGB	SECTIME	SECTIME_0.4	ran	0.0	0.0	0.0	0.0	0.0	0.0	534		0.0	3360.0	0.0	
inner	E7	S_XGB	SECTIME	SECTIME_0.6	ran	0.0	0.0	0.0	0.0	0.0	0.0	534		0.0	3360.0	0.0	
inner	E7	S_XGB	TAUZ	TAUZ_0.5	ran	0.0	0.0	0.0	0.0	0.0	0.0	534		0.0	3360.0	0.0	
inner	E7	S_XGB	TAUZ	TAUZ_1	ran	0.0	0.0	0.0	0.0	0.0	0.0	534		0.0	3360.0	0.0	
inner	E7	S_XGB	TAUZ	TAUZ_1.5	ran	0.0	0.0	0.0	0.0	0.0	0.0	534		0.0	3360.0	0.0	
inner	E7	S_XGB	TAUZ	TAUZ_2	ran	0.0	0.0	0.0	0.0	0.0	0.0	534		0.0	3360.0	0.0	
inner	E7	S_XGB	TAUZ	TAUZ_2.5	ran	0.0	0.0	0.0	0.0	0.0	0.0	534		0.0	3360.0	0.0	
inner	E7	S_XGB	TAU_LEVEL	TAU_0.5	NOT_RUN							534			3360.0		seats_tau: the TRAINING BLOCK carries no finite score (802342 rows), so tau cannot be set.  This is the defect that hid 
inner	E7	S_XGB	TAU_LEVEL	TAU_0.7	NOT_RUN							534			3360.0		seats_tau: the TRAINING BLOCK carries no finite score (802342 rows), so tau cannot be set.  This is the defect that hid 
inner	E7	S_XGB	TAU_LEVEL	TAU_0.8	NOT_RUN							534			3360.0		seats_tau: the TRAINING BLOCK carries no finite score (802342 rows), so tau cannot be set.  This is the defect that hid 
inner	E7	S_XGB	TAU_LEVEL	TAU_0.9	NOT_RUN							534			3360.0		seats_tau: the TRAINING BLOCK carries no finite score (802342 rows), so tau cannot be set.  This is the defect that hid 
inner	E7	S_XGB	TAU_LEVEL	TAU_0.95	NOT_RUN							534			3360.0		seats_tau: the TRAINING BLOCK carries no finite score (802342 rows), so tau cannot be set.  This is the defect that hid 
inner	E7	S_XGB	TAU_LEVEL	TAU_0.975	NOT_RUN							534			3360.0		seats_tau: the TRAINING BLOCK carries no finite score (802342 rows), so tau cannot be set.  This is the defect that hid 
inner	E7	S_XGB	TAU_LEVEL	TAU_0.99	NOT_RUN							534			3360.0		seats_tau: the TRAINING BLOCK carries no finite score (802342 rows), so tau cannot be set.  This is the defect that hid 
inner	E7	S_XGB_DAYZ	CELLSOFAR	CELLSOFAR_0.8	ran	0.0	0.0	0.0	0.0	0.0	0.0	534		0.0	3360.0	0.0	
inner	E7	S_XGB_DAYZ	CELLSOFAR	CELLSOFAR_0.9	ran	0.0	0.0	0.0	0.0	0.0	0.0	534		0.0	3360.0	0.0	
inner	E7	S_XGB_DAYZ	CELLSOFAR	CELLSOFAR_0.95	ran	0.0	0.0	0.0	0.0	0.0	0.0	534		0.0	3360.0	0.0	
inner	E7	S_XGB_DAYZ	CELLSOFAR	CELLSOFAR_0.99	ran	0.0	0.0	0.0	0.0	0.0	0.0	534		0.0	3360.0	0.0	
inner	E7	S_XGB_DAYZ	DAYSOFAR	DAYSOFAR_0.5	NOT_RUN							534			3360.0		seats_daysofar: 220536 rows were offered and NONE carries a finite score — the column has no coverage on this row set.
inner	E7	S_XGB_DAYZ	DAYSOFAR	DAYSOFAR_0.7	NOT_RUN							534			3360.0		seats_daysofar: 220536 rows were offered and NONE carries a finite score — the column has no coverage on this row set.
inner	E7	S_XGB_DAYZ	DAYSOFAR	DAYSOFAR_0.9	NOT_RUN							534			3360.0		seats_daysofar: 220536 rows were offered and NONE carries a finite score — the column has no coverage on this row set.
inner	E7	S_XGB_DAYZ	OCC_LEVEL	OCCUPANCY_0.5	NOT_RUN							534			3360.0		seats_occupancy: the TRAINING BLOCK carries no finite score (802342 rows), so the quantile reference cannot be built.  T
inner	E7	S_XGB_DAYZ	OCC_LEVEL	OCCUPANCY_1	NOT_RUN							534			3360.0		seats_occupancy: the TRAINING BLOCK carries no finite score (802342 rows), so the quantile reference cannot be built.  T
inner	E7	S_XGB_DAYZ	OCC_LEVEL	OCCUPANCY_2	NOT_RUN							534			3360.0		seats_occupancy: the TRAINING BLOCK carries no finite score (802342 rows), so the quantile reference cannot be built.  T
inner	E7	S_XGB_DAYZ	SECTIME	SECTIME_0.05	ran	0.0	0.0	0.0	0.0	0.0	0.0	534		0.0	3360.0	0.0	
inner	E7	S_XGB_DAYZ	SECTIME	SECTIME_0.1	ran	0.0	0.0	0.0	0.0	0.0	0.0	534		0.0	3360.0	0.0	
inner	E7	S_XGB_DAYZ	SECTIME	SECTIME_0.15	ran	0.0	0.0	0.0	0.0	0.0	0.0	534		0.0	3360.0	0.0	
inner	E7	S_XGB_DAYZ	SECTIME	SECTIME_0.25	ran	0.0	0.0	0.0	0.0	0.0	0.0	534		0.0	3360.0	0.0	
inner	E7	S_XGB_DAYZ	SECTIME	SECTIME_0.4	ran	0.0	0.0	0.0	0.0	0.0	0.0	534		0.0	3360.0	0.0	
inner	E7	S_XGB_DAYZ	SECTIME	SECTIME_0.6	ran	0.0	0.0	0.0	0.0	0.0	0.0	534		0.0	3360.0	0.0	
inner	E7	S_XGB_DAYZ	TAUZ	TAUZ_0.5	ran	0.0	0.0	0.0	0.0	0.0	0.0	534		0.0	3360.0	0.0	
inner	E7	S_XGB_DAYZ	TAUZ	TAUZ_1	ran	0.0	0.0	0.0	0.0	0.0	0.0	534		0.0	3360.0	0.0	
inner	E7	S_XGB_DAYZ	TAUZ	TAUZ_1.5	ran	0.0	0.0	0.0	0.0	0.0	0.0	534		0.0	3360.0	0.0	
inner	E7	S_XGB_DAYZ	TAUZ	TAUZ_2	ran	0.0	0.0	0.0	0.0	0.0	0.0	534		0.0	3360.0	0.0	
inner	E7	S_XGB_DAYZ	TAUZ	TAUZ_2.5	ran	0.0	0.0	0.0	0.0	0.0	0.0	534		0.0	3360.0	0.0	
inner	E7	S_XGB_DAYZ	TAU_LEVEL	TAU_0.5	NOT_RUN							534			3360.0		seats_tau: the TRAINING BLOCK carries no finite score (802342 rows), so tau cannot be set.  This is the defect that hid 
inner	E7	S_XGB_DAYZ	TAU_LEVEL	TAU_0.7	NOT_RUN							534			3360.0		seats_tau: the TRAINING BLOCK carries no finite score (802342 rows), so tau cannot be set.  This is the defect that hid 
inner	E7	S_XGB_DAYZ	TAU_LEVEL	TAU_0.8	NOT_RUN							534			3360.0		seats_tau: the TRAINING BLOCK carries no finite score (802342 rows), so tau cannot be set.  This is the defect that hid 
inner	E7	S_XGB_DAYZ	TAU_LEVEL	TAU_0.9	NOT_RUN							534			3360.0		seats_tau: the TRAINING BLOCK carries no finite score (802342 rows), so tau cannot be set.  This is the defect that hid 
inner	E7	S_XGB_DAYZ	TAU_LEVEL	TAU_0.95	NOT_RUN							534			3360.0		seats_tau: the TRAINING BLOCK carries no finite score (802342 rows), so tau cannot be set.  This is the defect that hid 
inner	E7	S_XGB_DAYZ	TAU_LEVEL	TAU_0.975	NOT_RUN							534			3360.0		seats_tau: the TRAINING BLOCK carries no finite score (802342 rows), so tau cannot be set.  This is the defect that hid 
inner	E7	S_XGB_DAYZ	TAU_LEVEL	TAU_0.99	NOT_RUN							534			3360.0		seats_tau: the TRAINING BLOCK carries no finite score (802342 rows), so tau cannot be set.  This is the defect that hid 
