# PORT M2 D-090.6 information ceiling (E6, hindsight-fit, NON-CAUSAL-BY-DESIGN) (PORT-M2-INFO-CEILING-V1)
# NON-CAUSAL-BY-DESIGN: hindsight-fit upper bound over ALL E6 sessions (study + sealed blind). NOT a deployable result.
# A PAIR = same asset/day/phase-cell, OPPOSITE sides, decision seconds within K* (the frozen EPISODE_CAUSAL link constant: SI 180s / HG 120s / NKD 150s), entry mids within 0.50 x ATR14, one leg's phase-close certificate >= $1000 and the other's <= $900 (the wall)
# 3251 pairs in-cell/K*, 3251 after the vicinity filter
# the per-episode view fields of both legs are in WALL_DISCRIM.tsv (aggregated); episode indices are into artifacts/cache/port/m2/info_ceiling/episodes.npz
pair_id	asset	d8	cell	dt_sec	kstar_sec	mid_gap_usd	mid_gap_atr	win_side	win_sec	lose_sec	win_usd	lose_usd	spread_usd
WP0001	HG	20240105	HG|20240105|2	19	120	0.00125	9.85803e-07	-1	53712	53731	1176.25	-917.5	2093.75
WP0002	HG	20240105	HG|20240105|2	103	120	0.00025	1.97161e-07	-1	53834	53731	1138.75	-917.5	2056.25
WP0003	HG	20240105	HG|20240105|2	47	120	0.00225	1.77445e-06	-1	53834	53881	1138.75	-917.5	2056.25
WP0004	HG	20240105	HG|20240105|2	75	120	0.00325	2.56309e-06	-1	54440	54515	1295	-917.5	2212.5
WP0005	HG	20240105	HG|20240105|2	89	120	0.00375	2.95741e-06	-1	54849	54760	1076.25	-917.5	1993.75
WP0006	HG	20240105	HG|20240105|2	45	120	0.0015	1.18296e-06	-1	55036	55081	1038.75	-917.5	1956.25
WP0007	HG	20240105	HG|20240105|2	46	120	0.00075	5.91482e-07	-1	55828	55782	1026.25	-917.5	1943.75
WP0008	HG	20240105	HG|20240105|2	3	120	0.00025	1.97161e-07	-1	57612	57615	1326.25	-917.5	2243.75
WP0009	HG	20240105	HG|20240105|2	22	120	0.003	2.36593e-06	-1	57879	57901	1326.25	-917.5	2243.75
WP0010	HG	20240105	HG|20240105|2	23	120	0.001	7.88642e-07	-1	59042	59019	1376.25	-917.5	2293.75
WP0011	HG	20240105	HG|20240105|2	48	120	0.001	7.88642e-07	-1	59818	59770	1170	-917.5	2087.5
WP0012	HG	20240105	HG|20240105|2	96	120	0.00025	1.97161e-07	-1	59818	59914	1170	-917.5	2087.5
WP0013	HG	20240105	HG|20240105|2	55	120	0.0005	3.94321e-07	-1	60113	60058	1188.75	-917.5	2106.25
WP0014	HG	20240105	HG|20240105|2	60	120	0.002	1.57728e-06	-1	60310	60250	1201.25	-917.5	2118.75
WP0015	HG	20240105	HG|20240105|2	112	120	0.0015	1.18296e-06	-1	61010	60898	1026.25	-917.5	1943.75
WP0016	HG	20240109	HG|20240109|2	110	120	0.004	3.35859e-06	-1	52813	52703	1020	-917.5	1937.5
WP0017	HG	20240112	HG|20240112|2	108	120	0.0015	1.20717e-06	-1	45741	45633	1051.25	-917.5	1968.75
WP0018	HG	20240112	HG|20240112|2	110	120	0.0005	4.02389e-07	-1	48951	49061	1251.25	-917.5	2168.75
WP0019	HG	20240112	HG|20240112|2	101	120	0.0005	4.02389e-07	-1	51126	51025	1076.25	-917.5	1993.75
WP0020	HG	20240112	HG|20240112|2	28	120	0.001	8.04778e-07	-1	52244	52216	1226.25	-917.5	2143.75
WP0021	HG	20240112	HG|20240112|2	63	120	0.001	8.04778e-07	-1	53275	53212	1151.25	-917.5	2068.75
WP0022	HG	20240112	HG|20240112|2	69	120	0.00025	2.01194e-07	-1	53706	53637	1101.25	-917.5	2018.75
WP0023	HG	20240112	HG|20240112|2	67	120	0.001	8.04778e-07	-1	55622	55555	1063.75	-917.5	1981.25
WP0024	HG	20240112	HG|20240112|2	85	120	0.0005	4.02389e-07	-1	56509	56594	1301.25	-917.5	2218.75
WP0025	HG	20240112	HG|20240112|2	36	120	0.0005	4.02389e-07	-1	56871	56907	1451.25	-917.5	2368.75
WP0026	HG	20240112	HG|20240112|2	70	120	0.003	2.41433e-06	-1	57530	57600	1238.75	-917.5	2156.25
WP0027	HG	20240112	HG|20240112|2	53	120	0.003	2.41433e-06	-1	57653	57600	1088.75	-917.5	2006.25
WP0028	HG	20240124	HG|20240124|1	61	120	0.00025	2.19353e-07	1	29296	29235	1495	-917.5	2412.5
WP0029	HG	20240130	HG|20240130|2	114	120	0.0015	1.32396e-06	1	52955	53069	1207.5	-917.5	2125
WP0030	HG	20240131	HG|20240131|2	96	120	0.001	8.68026e-07	-1	55859	55955	1063.75	-917.5	1981.25
WP0031	HG	20240131	HG|20240131|2	75	120	0.0005	4.34013e-07	-1	57020	57095	1301.25	-917.5	2218.75
WP0032	HG	20240131	HG|20240131|2	58	120	0.005	4.34013e-06	-1	59066	59124	1076.25	-917.5	1993.75
WP0033	HG	20240131	HG|20240131|2	105	120	0.004	3.4721e-06	-1	59229	59124	1051.25	-917.5	1968.75
WP0034	HG	20240131	HG|20240131|2	52	120	0.0005	4.34013e-07	-1	59229	59281	1051.25	-917.5	1968.75
WP0035	HG	20240131	HG|20240131|2	61	120	0.001	8.68026e-07	-1	59467	59528	1026.25	-917.5	1943.75
WP0036	HG	20240131	HG|20240131|2	76	120	0.0005	4.34013e-07	-1	60389	60465	1026.25	-917.5	1943.75
WP0037	HG	20240207	HG|20240207|2	100	120	0	0	-1	49694	49594	1045	-917.5	1962.5
WP0038	HG	20240308	HG|20240308|2	28	120	0	0	-1	52924	52952	1007.5	-917.5	1925
WP0039	HG	20240313	HG|20240313|1	73	120	0.00025	2.31641e-07	1	33290	33363	1088.75	-917.5	2006.25
WP0040	HG	20240313	HG|20240313|1	102	120	0.002	1.85313e-06	1	33828	33930	1182.5	-917.5	2100
WP0041	HG	20240313	HG|20240313|1	86	120	0.00075	6.94922e-07	1	35096	35010	1088.75	-917.5	2006.25
WP0042	HG	20240313	HG|20240313|2	88	120	0.00025	2.31641e-07	1	49018	48930	1488.75	-917.5	2406.25
WP0043	HG	20240313	HG|20240313|2	113	120	0.00225	2.08477e-06	1	49348	49235	1420	-917.5	2337.5
WP0044	HG	20240313	HG|20240313|2	102	120	0.00175	1.62148e-06	1	49348	49450	1420	-917.5	2337.5
WP0045	HG	20240313	HG|20240313|2	90	120	0.0005	4.63281e-07	1	49540	49450	1363.75	-917.5	2281.25
WP0046	HG	20240313	HG|20240313|2	40	120	0.0015	1.38984e-06	1	50313	50273	1195	-917.5	2112.5
WP0047	HG	20240313	HG|20240313|2	113	120	0.0045	4.16953e-06	1	50313	50426	1195	-917.5	2112.5
WP0048	HG	20240313	HG|20240313|2	51	120	0.0005	4.63281e-07	1	50942	50891	1345	-917.5	2262.5
WP0049	HG	20240313	HG|20240313|2	79	120	0.0035	3.24297e-06	1	50942	51021	1345	-917.5	2262.5
WP0050	HG	20240313	HG|20240313|2	71	120	0.001	9.26563e-07	1	51386	51315	1120	-917.5	2037.5
WP0051	HG	20240313	HG|20240313|2	66	120	0.0005	4.63281e-07	1	52376	52442	1270	-917.5	2187.5
WP0052	HG	20240313	HG|20240313|2	39	120	0.0005	4.63281e-07	1	52481	52442	1270	-917.5	2187.5
WP0053	HG	20240313	HG|20240313|2	37	120	0	0	1	53028	52991	1107.5	-917.5	2025
WP0054	HG	20240313	HG|20240313|2	32	120	0.001	9.26563e-07	1	53728	53760	1145	-917.5	2062.5
WP0055	HG	20240313	HG|20240313|2	56	120	0.005	4.63281e-06	1	54064	54120	1032.5	-917.5	1950
WP0056	HG	20240313	HG|20240313|2	80	120	0.00675	6.2543e-06	1	54362	54442	1232.5	-917.5	2150
WP0057	HG	20240313	HG|20240313|2	109	120	0.0035	3.24297e-06	1	55077	54968	1182.5	-917.5	2100
WP0058	HG	20240313	HG|20240313|2	88	120	0.0005	4.63281e-07	1	55077	55165	1182.5	-917.5	2100
WP0059	HG	20240313	HG|20240313|2	49	120	0.0005	4.63281e-07	1	55316	55365	1307.5	-917.5	2225
WP0060	HG	20240313	HG|20240313|2	103	120	0.001	9.26563e-07	1	55468	55365	1345	-917.5	2262.5
WP0061	HG	20240313	HG|20240313|2	62	120	0.0015	1.38984e-06	1	55468	55530	1345	-917.5	2262.5
WP0062	HG	20240313	HG|20240313|2	11	120	0.00025	2.31641e-07	1	55832	55821	1270	-917.5	2187.5
WP0063	HG	20240313	HG|20240313|2	94	120	0.003	2.77969e-06	1	55832	55926	1270	-917.5	2187.5
WP0064	HG	20240313	HG|20240313|2	54	120	0.0005	4.63281e-07	1	56496	56442	1082.5	-917.5	2000
WP0065	HG	20240313	HG|20240313|2	78	120	0.002	1.85313e-06	1	56623	56701	1170	-917.5	2087.5
WP0066	HG	20240313	HG|20240313|2	81	120	0.001	9.26563e-07	1	56782	56701	1095	-917.5	2012.5
WP0067	HG	20240313	HG|20240313|2	85	120	0.00325	3.01133e-06	1	57535	57620	1038.75	-917.5	1956.25
WP0068	HG	20240313	HG|20240313|2	31	120	0.001	9.26563e-07	1	59611	59580	1007.5	-917.5	1925
WP0069	HG	20240314	HG|20240314|0	28	120	0.0015	1.18149e-06	-1	11469	11497	1095	-917.5	2012.5
WP0070	HG	20240315	HG|20240315|0	49	120	0.00075	5.80567e-07	1	10929	10978	1432.5	-917.5	2350
WP0071	HG	20240315	HG|20240315|0	69	120	0.00025	1.93522e-07	1	12865	12934	1451.25	-917.5	2368.75
WP0072	HG	20240315	HG|20240315|0	74	120	0.0015	1.16113e-06	1	13167	13093	1532.5	-917.5	2450
WP0073	HG	20240315	HG|20240315|0	98	120	0.00125	9.67611e-07	1	13167	13265	1532.5	-917.5	2450
WP0074	HG	20240315	HG|20240315|0	106	120	0.0005	3.87045e-07	1	14448	14554	1451.25	-917.5	2368.75
WP0075	HG	20240315	HG|20240315|0	84	120	0.0055	4.25749e-06	1	15002	15086	1351.25	-917.5	2268.75
WP0076	HG	20240315	HG|20240315|0	85	120	0.0025	1.93522e-06	1	16360	16445	1113.75	-917.5	2031.25
WP0077	HG	20240315	HG|20240315|0	85	120	0.002	1.54818e-06	1	16530	16445	1101.25	-917.5	2018.75
WP0078	HG	20240315	HG|20240315|0	107	120	0.003	2.32227e-06	1	16530	16637	1101.25	-917.5	2018.75
WP0079	HG	20240315	HG|20240315|0	60	120	0.0015	1.16113e-06	1	16697	16637	1063.75	-917.5	1981.25
WP0080	HG	20240315	HG|20240315|0	19	120	0.00025	1.93522e-07	1	16843	16862	1101.25	-917.5	2018.75
WP0081	HG	20240320	HG|20240320|2	113	120	0.003	2.25223e-06	1	51060	51173	1163.75	-917.5	2081.25
WP0082	HG	20240320	HG|20240320|2	76	120	0.001	7.50743e-07	1	54466	54390	1226.25	-917.5	2143.75
WP0083	HG	20240320	HG|20240320|2	81	120	0.00325	2.43991e-06	1	54817	54736	1082.5	-917.5	2000
WP0084	HG	20240320	HG|20240320|2	101	120	0.001	7.50743e-07	1	55131	55030	1113.75	-917.5	2031.25
WP0085	HG	20240320	HG|20240320|2	110	120	0.0015	1.12611e-06	1	55675	55565	1038.75	-917.5	1956.25
WP0086	HG	20240320	HG|20240320|2	82	120	0.0005	3.75371e-07	1	55675	55757	1038.75	-917.5	1956.25
WP0087	HG	20240403	HG|20240403|2	97	120	0.00275	2.18579e-06	1	49979	49882	2607.5	-917.5	3525
WP0088	HG	20240403	HG|20240403|2	55	120	0.00125	9.93542e-07	1	50663	50608	2326.25	-917.5	3243.75
WP0089	HG	20240403	HG|20240403|2	103	120	0.00025	1.98708e-07	1	51523	51420	2545	-917.5	3462.5
WP0090	HG	20240403	HG|20240403|2	99	120	0.00225	1.78838e-06	1	51523	51622	2545	-917.5	3462.5
WP0091	HG	20240403	HG|20240403|2	72	120	0.0025	1.98708e-06	1	52015	52087	2707.5	-917.5	3625
WP0092	HG	20240403	HG|20240403|2	49	120	0.0005	3.97417e-07	1	52136	52087	2657.5	-917.5	3575
WP0093	HG	20240403	HG|20240403|2	91	120	0.0015	1.19225e-06	1	53693	53602	2320	-917.5	3237.5
WP0094	HG	20240403	HG|20240403|2	16	120	0.00125	9.93542e-07	1	54669	54653	1707.5	-917.5	2625
WP0095	HG	20240403	HG|20240403|2	17	120	0.0015	1.19225e-06	1	55272	55289	1782.5	-917.5	2700
WP0096	HG	20240403	HG|20240403|2	28	120	0.00025	1.98708e-07	1	55787	55759	1926.25	-917.5	2843.75
WP0097	HG	20240403	HG|20240403|2	87	120	0.00425	3.37804e-06	1	55787	55874	1926.25	-917.5	2843.75
WP0098	HG	20240403	HG|20240403|2	13	120	0.00075	5.96125e-07	1	56250	56237	1382.5	-917.5	2300
WP0099	HG	20240403	HG|20240403|2	32	120	0.0015	1.19225e-06	1	56768	56736	1382.5	-917.5	2300
WP0100	HG	20240403	HG|20240403|2	76	120	0.002	1.58967e-06	1	57247	57171	1220	-917.5	2137.5
WP0101	HG	20240403	HG|20240403|2	88	120	0.008	6.35867e-06	1	57522	57610	1301.25	-917.5	2218.75
WP0102	HG	20240403	HG|20240403|2	110	120	0.00225	1.78838e-06	1	57720	57610	1045	-917.5	1962.5
WP0103	HG	20240403	HG|20240403|2	95	120	0.0035	2.78192e-06	1	58814	58719	1057.5	-917.5	1975
WP0104	HG	20240403	HG|20240403|2	94	120	0.007	5.56384e-06	1	59328	59234	1157.5	-917.5	2075
WP0105	HG	20240403	HG|20240403|2	36	120	0.0015	1.19225e-06	1	59328	59364	1157.5	-917.5	2075
WP0106	HG	20240403	HG|20240403|2	20	120	0.00075	5.96125e-07	1	59537	59557	1182.5	-917.5	2100
WP0107	HG	20240403	HG|20240403|2	21	120	0.001	7.94834e-07	1	59943	59922	1070	-917.5	1987.5
WP0108	HG	20240403	HG|20240403|2	111	120	0	0	1	59943	60054	1070	-917.5	1987.5
WP0109	HG	20240403	HG|20240403|2	41	120	0.001	7.94834e-07	1	60095	60054	1045	-917.5	1962.5
WP0110	HG	20240403	HG|20240403|2	70	120	0.0005	3.97417e-07	1	60450	60380	1007.5	-917.5	1925
WP0111	HG	20240408	HG|20240408|0	7	120	0.00025	1.84227e-07	1	10864	10871	1076.25	-917.5	1993.75
WP0112	HG	20240408	HG|20240408|0	14	120	0.00125	9.21133e-07	1	11056	11070	1188.75	-917.5	2106.25
WP0113	HG	20240408	HG|20240408|0	92	120	0.00025	1.84227e-07	1	11765	11673	1245	-917.5	2162.5
WP0114	HG	20240408	HG|20240408|0	115	120	0.00075	5.5268e-07	1	12276	12161	1170	-917.5	2087.5
WP0115	HG	20240408	HG|20240408|0	88	120	0.0015	1.10536e-06	1	12276	12364	1170	-917.5	2087.5
WP0116	HG	20240408	HG|20240408|1	80	120	0.00125	9.21133e-07	1	34760	34680	1013.75	-917.5	1931.25
WP0117	HG	20240408	HG|20240408|1	101	120	0.0015	1.10536e-06	1	34760	34861	1013.75	-917.5	1931.25
WP0118	HG	20240408	HG|20240408|2	12	120	0	0	1	58100	58112	1226.25	-917.5	2143.75
WP0119	HG	20240408	HG|20240408|2	11	120	0.00075	5.5268e-07	1	58511	58522	1226.25	-917.5	2143.75
WP0120	HG	20240408	HG|20240408|2	18	120	0.0015	1.10536e-06	1	58858	58876	1038.75	-917.5	1956.25
WP0121	HG	20240408	HG|20240408|2	44	120	0.0045	3.31608e-06	1	59044	59000	1013.75	-917.5	1931.25
WP0122	HG	20240408	HG|20240408|2	70	120	0.005	3.68453e-06	1	60313	60383	1138.75	-917.5	2056.25
WP0123	HG	20240408	HG|20240408|2	72	120	0.0005	3.68453e-07	1	60455	60383	1026.25	-917.5	1943.75
WP0124	HG	20240408	HG|20240408|2	78	120	0.001	7.36906e-07	1	60455	60533	1026.25	-917.5	1943.75
WP0125	HG	20240408	HG|20240408|2	88	120	0.001	7.36906e-07	1	60838	60926	1051.25	-917.5	1968.75
WP0126	HG	20240410	HG|20240410|2	91	120	0.00075	4.90144e-07	-1	47482	47573	1120	-917.5	2037.5
WP0127	HG	20240410	HG|20240410|2	92	120	0.001	6.53525e-07	-1	48951	49043	1238.75	-917.5	2156.25
WP0128	HG	20240410	HG|20240410|2	93	120	0	0	-1	49136	49043	1213.75	-917.5	2131.25
WP0129	HG	20240410	HG|20240410|2	112	120	0.00025	1.63381e-07	-1	50118	50230	1157.5	-917.5	2075
WP0130	HG	20240410	HG|20240410|2	36	120	0.0005	3.26762e-07	-1	50747	50711	1176.25	-917.5	2093.75
WP0131	HG	20240410	HG|20240410|2	31	120	0.00075	4.90144e-07	-1	51091	51122	1207.5	-917.5	2125
WP0132	HG	20240410	HG|20240410|2	102	120	0.00075	4.90144e-07	-1	51456	51354	1213.75	-917.5	2131.25
WP0133	HG	20240410	HG|20240410|2	67	120	0	0	-1	51456	51523	1213.75	-917.5	2131.25
WP0134	HG	20240410	HG|20240410|2	65	120	0.0015	9.80287e-07	-1	51588	51523	1176.25	-917.5	2093.75
WP0135	HG	20240412	HG|20240412|2	62	120	0.00225	1.4064e-06	1	66181	66243	1007.5	-917.5	1925
WP0136	HG	20240412	HG|20240412|2	97	120	0.005	3.12533e-06	1	66573	66670	1007.5	-917.5	1925
WP0137	HG	20240412	HG|20240412|2	29	120	0	0	1	67674	67703	1457.5	-917.5	2375
WP0138	HG	20240412	HG|20240412|2	39	120	0.001	6.25067e-07	1	68691	68652	1232.5	-917.5	2150
WP0139	HG	20240412	HG|20240412|2	48	120	0.0025	1.56267e-06	1	68890	68938	1270	-917.5	2187.5
WP0140	HG	20240412	HG|20240412|2	120	120	0.00375	2.344e-06	1	69422	69302	1263.75	-917.5	2181.25
WP0141	HG	20240412	HG|20240412|2	116	120	0.0005	3.12533e-07	1	71088	71204	1282.5	-917.5	2200
WP0142	HG	20240412	HG|20240412|2	61	120	0	0	1	72627	72566	1195	-917.5	2112.5
WP0143	HG	20240412	HG|20240412|2	97	120	0.001	6.25067e-07	1	73984	74081	1295	-917.5	2212.5
WP0144	HG	20240412	HG|20240412|2	53	120	0.0025	1.56267e-06	1	76008	75955	1370	-917.5	2287.5
WP0145	HG	20240412	HG|20240412|2	117	120	0.00225	1.4064e-06	1	77683	77566	1276.25	-917.5	2193.75
WP0146	HG	20240412	HG|20240412|2	69	120	0.00075	4.688e-07	1	77683	77752	1276.25	-917.5	2193.75
WP0147	HG	20240412	HG|20240412|2	113	120	0.0005	3.12533e-07	1	79050	79163	1432.5	-917.5	2350
WP0148	HG	20240415	HG|20240415|0	81	120	0.00875	5.56995e-06	-1	501	420	1095	-930	2025
WP0149	HG	20240415	HG|20240415|0	102	120	0.00025	1.59141e-07	1	12060	11958	1057.5	-930	1987.5
WP0150	HG	20240415	HG|20240415|2	76	120	0.00425	2.7054e-06	1	47408	47332	1551.25	-930	2481.25
WP0151	HG	20240415	HG|20240415|2	56	120	0.001	6.36565e-07	1	48138	48194	1645	-930	2575
WP0152	HG	20240415	HG|20240415|2	83	120	0.00325	2.06884e-06	1	49077	48994	1438.75	-930	2368.75
WP0153	HG	20240415	HG|20240415|2	105	120	0.001	6.36565e-07	1	49968	49863	1276.25	-930	2206.25
WP0154	HG	20240415	HG|20240415|2	56	120	0.00125	7.95707e-07	1	49968	50024	1276.25	-930	2206.25
WP0155	HG	20240415	HG|20240415|2	75	120	0.001	6.36565e-07	1	50510	50585	1213.75	-930	2143.75
WP0156	HG	20240415	HG|20240415|2	64	120	0.0025	1.59141e-06	1	51509	51573	1276.25	-930	2206.25
WP0157	HG	20240415	HG|20240415|2	98	120	0.003	1.9097e-06	1	52063	51965	1151.25	-930	2081.25
WP0158	HG	20240415	HG|20240415|2	68	120	0.00125	7.95707e-07	1	52063	52131	1151.25	-930	2081.25
WP0159	HG	20240415	HG|20240415|2	85	120	0.0115	7.3205e-06	1	52216	52131	1407.5	-930	2337.5
WP0160	HG	20240415	HG|20240415|2	1	120	0	0	1	52216	52215	1407.5	-930	2337.5
WP0161	HG	20240415	HG|20240415|2	35	120	0.00025	1.59141e-07	1	52663	52698	1101.25	-930	2031.25
WP0162	HG	20240415	HG|20240415|2	28	120	0.00025	1.59141e-07	1	55209	55237	1038.75	-930	1968.75
WP0163	HG	20240415	HG|20240415|2	33	120	0.00375	2.38712e-06	1	56257	56290	1107.5	-930	2037.5
WP0164	HG	20240415	HG|20240415|2	40	120	0	0	1	56761	56801	1232.5	-930	2162.5
WP0165	HG	20240415	HG|20240415|2	47	120	0.004	2.54626e-06	1	56848	56801	1132.5	-930	2062.5
WP0166	HG	20240415	HG|20240415|2	15	120	0.00025	1.59141e-07	1	57148	57133	1220	-930	2150
WP0167	HG	20240415	HG|20240415|2	79	120	0	0	1	57419	57498	1407.5	-930	2337.5
WP0168	HG	20240415	HG|20240415|2	46	120	0.0015	9.54848e-07	1	57544	57498	1370	-930	2300
WP0169	HG	20240415	HG|20240415|2	49	120	0.0025	1.59141e-06	1	57661	57710	1307.5	-930	2237.5
WP0170	HG	20240415	HG|20240415|2	34	120	0.00775	4.93338e-06	1	57942	57976	1307.5	-930	2237.5
WP0171	HG	20240415	HG|20240415|2	95	120	0.00175	1.11399e-06	1	58382	58287	1770	-930	2700
WP0172	HG	20240415	HG|20240415|2	33	120	0.001	6.36565e-07	1	58382	58415	1770	-930	2700
WP0173	HG	20240415	HG|20240415|2	3	120	0.0005	3.18283e-07	1	58879	58882	1526.25	-930	2456.25
WP0174	HG	20240415	HG|20240415|2	55	120	0.0045	2.86454e-06	1	59708	59653	1376.25	-930	2306.25
WP0175	HG	20240415	HG|20240415|2	38	120	0.0025	1.59141e-06	1	59708	59746	1376.25	-930	2306.25
WP0176	HG	20240415	HG|20240415|2	113	120	0.00425	2.7054e-06	1	59859	59746	1207.5	-930	2137.5
WP0177	HG	20240415	HG|20240415|2	85	120	0.0035	2.22798e-06	1	60364	60279	1282.5	-930	2212.5
WP0178	HG	20240415	HG|20240415|2	24	120	0.00225	1.43227e-06	1	60659	60683	1313.75	-930	2243.75
WP0179	HG	20240415	HG|20240415|2	37	120	0.0005	3.18283e-07	1	61123	61086	1163.75	-930	2093.75
WP0180	HG	20240415	HG|20240415|2	102	120	0.0045	2.86454e-06	1	61422	61320	1295	-930	2225
WP0181	HG	20240415	HG|20240415|2	42	120	0.0015	9.54848e-07	1	61804	61762	1132.5	-930	2062.5
WP0182	HG	20240415	HG|20240415|2	101	120	0.00075	4.77424e-07	1	61804	61905	1132.5	-930	2062.5
WP0183	HG	20240415	HG|20240415|2	45	120	0.00125	7.95707e-07	1	61950	61905	1082.5	-930	2012.5
WP0184	HG	20240416	HG|20240416|0	71	120	0.0035	2.08981e-06	-1	10931	10860	1070	-917.5	1987.5
WP0185	HG	20240418	HG|20240418|0	43	120	0.00325	1.82282e-06	1	11450	11493	1757.5	-917.5	2675
WP0186	HG	20240418	HG|20240418|0	118	120	0.002	1.12173e-06	1	11611	11493	1726.25	-917.5	2643.75
WP0187	HG	20240418	HG|20240418|0	90	120	0	0	1	11611	11701	1726.25	-917.5	2643.75
WP0188	HG	20240418	HG|20240418|0	34	120	0.003	1.6826e-06	1	12182	12148	1938.75	-917.5	2856.25
WP0189	HG	20240418	HG|20240418|0	75	120	0.00075	4.20651e-07	1	12646	12721	2126.25	-917.5	3043.75
WP0190	HG	20240418	HG|20240418|0	53	120	0.002	1.12173e-06	1	12974	13027	2351.25	-917.5	3268.75
WP0191	HG	20240418	HG|20240418|0	52	120	0.00125	7.01084e-07	1	13486	13538	2276.25	-917.5	3193.75
WP0192	HG	20240418	HG|20240418|0	117	120	0.0025	1.40217e-06	1	14048	13931	2188.75	-917.5	3106.25
WP0193	HG	20240418	HG|20240418|0	75	120	0.002	1.12173e-06	1	14334	14259	2207.5	-917.5	3125
WP0194	HG	20240418	HG|20240418|0	30	120	0.0025	1.40217e-06	1	14561	14531	2238.75	-917.5	3156.25
WP0195	HG	20240418	HG|20240418|0	32	120	0.00225	1.26195e-06	1	15282	15250	1857.5	-917.5	2775
WP0196	HG	20240418	HG|20240418|0	98	120	0.00125	7.01084e-07	1	16755	16657	1807.5	-917.5	2725
WP0197	HG	20240418	HG|20240418|0	33	120	0.00025	1.40217e-07	1	18601	18568	1563.75	-917.5	2481.25
WP0198	HG	20240418	HG|20240418|0	96	120	0.00425	2.38369e-06	1	27430	27334	1482.5	-917.5	2400
WP0199	HG	20240418	HG|20240418|0	53	120	0.0015	8.41301e-07	1	28261	28208	1213.75	-917.5	2131.25
WP0200	HG	20240418	HG|20240418|0	112	120	0.00125	7.01084e-07	1	28967	28855	1201.25	-917.5	2118.75
WP0201	HG	20240418	HG|20240418|2	79	120	0	0	1	56405	56484	1020	-917.5	1937.5
WP0202	HG	20240422	HG|20240422|0	75	120	0.00325	1.78861e-06	-1	11633	11708	1163.75	-917.5	2081.25
WP0203	HG	20240422	HG|20240422|0	56	120	0.00525	2.8893e-06	-1	11764	11708	1213.75	-917.5	2131.25
WP0204	HG	20240422	HG|20240422|0	72	120	0.003	1.65103e-06	-1	11764	11836	1213.75	-917.5	2131.25
WP0205	HG	20240422	HG|20240422|0	97	120	0.00325	1.78861e-06	-1	14102	14199	1157.5	-917.5	2075
WP0206	HG	20240422	HG|20240422|0	106	120	0.0015	8.25513e-07	-1	14437	14543	1232.5	-917.5	2150
WP0207	HG	20240422	HG|20240422|0	24	120	0.00075	4.12757e-07	-1	14567	14543	1251.25	-917.5	2168.75
WP0208	HG	20240422	HG|20240422|0	60	120	0.0025	1.37586e-06	-1	16416	16356	1263.75	-917.5	2181.25
WP0209	HG	20240422	HG|20240422|0	60	120	0.0015	8.25513e-07	-1	17090	17150	1426.25	-917.5	2343.75
WP0210	HG	20240422	HG|20240422|0	104	120	0.00475	2.61412e-06	-1	17496	17392	1220	-917.5	2137.5
WP0211	HG	20240422	HG|20240422|0	33	120	0.001	5.50342e-07	-1	17745	17712	1257.5	-917.5	2175
WP0212	HG	20240422	HG|20240422|0	89	120	0.00025	1.37586e-07	-1	17975	17886	1207.5	-917.5	2125
WP0213	HG	20240422	HG|20240422|0	102	120	0.004	2.20137e-06	-1	18498	18396	1070	-917.5	1987.5
WP0214	HG	20240422	HG|20240422|1	73	120	0.00325	1.78861e-06	1	35949	36022	1070	-917.5	1987.5
WP0215	HG	20240423	HG|20240423|0	34	120	0.0005	2.70109e-07	-1	11920	11886	1457.5	-917.5	2375
WP0216	HG	20240423	HG|20240423|0	28	120	0	0	-1	12675	12647	1320	-917.5	2237.5
WP0217	HG	20240423	HG|20240423|0	67	120	0	0	-1	12927	12860	1245	-917.5	2162.5
WP0218	HG	20240424	HG|20240424|0	114	120	0.0015	7.86832e-07	1	11095	10981	1120	-917.5	2037.5
WP0219	HG	20240424	HG|20240424|0	76	120	0.0005	2.62277e-07	1	11293	11369	1132.5	-917.5	2050
WP0220	HG	20240424	HG|20240424|0	85	120	0.0015	7.86832e-07	1	13221	13136	1282.5	-917.5	2200
WP0221	HG	20240424	HG|20240424|0	99	120	0.001	5.24554e-07	1	14725	14626	1176.25	-917.5	2093.75
WP0222	HG	20240425	HG|20240425|0	86	120	0.0025	1.31293e-06	1	12305	12219	1457.5	-930	2387.5
WP0223	HG	20240425	HG|20240425|0	62	120	0.00025	1.31293e-07	1	12997	13059	1376.25	-930	2306.25
WP0224	HG	20240425	HG|20240425|0	117	120	0.00225	1.18164e-06	1	13277	13394	1238.75	-930	2168.75
WP0225	HG	20240425	HG|20240425|0	106	120	0.00075	3.93879e-07	1	14276	14170	1345	-930	2275
WP0226	HG	20240425	HG|20240425|0	6	120	0.00025	1.31293e-07	1	19852	19846	1395	-930	2325
WP0227	HG	20240429	HG|20240429|2	110	120	0.00025	1.36883e-07	1	51474	51364	1551.25	-917.5	2468.75
WP0228	HG	20240429	HG|20240429|2	88	120	0.00025	1.36883e-07	1	51733	51645	1526.25	-917.5	2443.75
WP0229	HG	20240429	HG|20240429|2	9	120	0.00225	1.23195e-06	1	54121	54130	1420	-917.5	2337.5
WP0230	HG	20240429	HG|20240429|2	49	120	0.00275	1.50571e-06	1	54898	54849	1226.25	-917.5	2143.75
WP0231	HG	20240429	HG|20240429|2	87	120	0.00125	6.84415e-07	1	54898	54985	1226.25	-917.5	2143.75
WP0232	HG	20240429	HG|20240429|2	56	120	0.00225	1.23195e-06	1	56420	56476	1288.75	-917.5	2206.25
WP0233	HG	20240429	HG|20240429|2	120	120	0	0	1	57325	57445	1288.75	-917.5	2206.25
WP0234	HG	20240429	HG|20240429|2	57	120	0.0025	1.36883e-06	1	57782	57839	1263.75	-917.5	2181.25
WP0235	HG	20240429	HG|20240429|2	77	120	0.001	5.47532e-07	1	58781	58858	1301.25	-917.5	2218.75
WP0236	HG	20240429	HG|20240429|2	92	120	0.00225	1.23195e-06	1	59033	59125	1326.25	-917.5	2243.75
WP0237	HG	20240429	HG|20240429|2	60	120	0.00325	1.77948e-06	1	59709	59649	1395	-917.5	2312.5
WP0238	HG	20240429	HG|20240429|2	101	120	0.00475	2.60078e-06	1	62344	62243	1132.5	-917.5	2050
WP0239	HG	20240430	HG|20240430|1	99	120	0.005	2.62981e-06	-1	32969	32870	1076.25	-917.5	1993.75
WP0240	HG	20240430	HG|20240430|1	106	120	0.00075	3.94471e-07	-1	32969	33075	1076.25	-917.5	1993.75
WP0241	HG	20240430	HG|20240430|2	108	120	0.00075	3.94471e-07	-1	52019	51911	1507.5	-917.5	2425
WP0242	HG	20240430	HG|20240430|2	84	120	0.0035	1.84087e-06	-1	52019	52103	1507.5	-917.5	2425
WP0243	HG	20240430	HG|20240430|2	113	120	0.01025	5.39111e-06	-1	52216	52103	1338.75	-917.5	2256.25
WP0244	HG	20240430	HG|20240430|2	100	120	0.00075	3.94471e-07	-1	52579	52679	1263.75	-917.5	2181.25
WP0245	HG	20240430	HG|20240430|2	120	120	0.0075	3.94471e-06	-1	53130	53010	1195	-917.5	2112.5
WP0246	HG	20240501	HG|20240501|2	74	120	0.014	6.86265e-06	1	52379	52305	1076.25	-917.5	1993.75
WP0247	HG	20240501	HG|20240501|2	93	120	0.0085	4.16661e-06	1	53107	53200	1107.5	-917.5	2025
WP0248	HG	20240501	HG|20240501|2	26	120	0.00125	6.12737e-07	1	54181	54207	1257.5	-917.5	2175
WP0249	HG	20240501	HG|20240501|2	95	120	0.003	1.47057e-06	1	54302	54207	1151.25	-917.5	2068.75
WP0250	HG	20240501	HG|20240501|2	118	120	0.0065	3.18623e-06	1	55290	55172	1026.25	-917.5	1943.75
WP0251	HG	20240501	HG|20240501|2	119	120	0.00175	8.57832e-07	1	55750	55631	1020	-917.5	1937.5
WP0252	HG	20240502	HG|20240502|1	95	120	0.00125	6.10919e-07	-1	34277	34372	2126.25	-917.5	3043.75
WP0253	HG	20240502	HG|20240502|1	89	120	0.00375	1.83276e-06	-1	34805	34894	2138.75	-917.5	3056.25
WP0254	HG	20240502	HG|20240502|1	110	120	0.002	9.77471e-07	-1	35004	34894	1995	-917.5	2912.5
WP0255	HG	20240502	HG|20240502|1	50	120	0.00325	1.58839e-06	-1	36183	36133	2063.75	-917.5	2981.25
WP0256	HG	20240503	HG|20240503|2	70	120	0.00175	8.30705e-07	1	59714	59644	1220	-917.5	2137.5
WP0257	HG	20240507	HG|20240507|0	108	120	0.002	9.99503e-07	-1	11006	11114	1282.5	-917.5	2200
WP0258	HG	20240507	HG|20240507|0	104	120	0.00275	1.37432e-06	-1	11584	11480	1082.5	-917.5	2000
WP0259	HG	20240508	HG|20240508|0	57	120	0.00175	8.77533e-07	-1	10986	10929	1163.75	-917.5	2081.25
WP0260	HG	20240509	HG|20240509|2	61	120	0.005	2.48172e-06	1	52215	52154	1470	-917.5	2387.5
WP0261	HG	20240509	HG|20240509|2	71	120	0.003	1.48903e-06	1	53513	53442	1413.75	-917.5	2331.25
WP0262	HG	20240509	HG|20240509|2	114	120	0.003	1.48903e-06	1	53513	53627	1413.75	-917.5	2331.25
WP0263	HG	20240509	HG|20240509|2	94	120	0.00325	1.61312e-06	1	53793	53887	1382.5	-917.5	2300
WP0264	HG	20240509	HG|20240509|2	97	120	0.00325	1.61312e-06	1	54091	54188	1295	-917.5	2212.5
WP0265	HG	20240509	HG|20240509|2	80	120	0.00075	3.72259e-07	1	54268	54188	1232.5	-917.5	2150
WP0266	HG	20240509	HG|20240509|2	85	120	0.00725	3.5985e-06	1	54655	54740	1401.25	-917.5	2318.75
WP0267	HG	20240509	HG|20240509|2	55	120	0.00025	1.24086e-07	1	55383	55438	1576.25	-917.5	2493.75
WP0268	HG	20240509	HG|20240509|2	67	120	0.00125	6.20431e-07	1	55505	55438	1613.75	-917.5	2531.25
WP0269	HG	20240509	HG|20240509|2	115	120	0.00325	1.61312e-06	1	55505	55620	1613.75	-917.5	2531.25
WP0270	HG	20240509	HG|20240509|2	106	120	0.00175	8.68604e-07	1	55726	55620	1488.75	-917.5	2406.25
WP0271	HG	20240509	HG|20240509|2	116	120	0.00225	1.11678e-06	1	56577	56461	1582.5	-917.5	2500
WP0272	HG	20240509	HG|20240509|2	57	120	0.00075	3.72259e-07	1	56577	56634	1582.5	-917.5	2500
WP0273	HG	20240510	HG|20240510|0	97	120	0.00225	1.11267e-06	1	11625	11528	1557.5	-917.5	2475
WP0274	HG	20240510	HG|20240510|0	52	120	0.001	4.94521e-07	1	11972	11920	1507.5	-917.5	2425
WP0275	HG	20240510	HG|20240510|0	90	120	0.00175	8.65412e-07	1	11972	12062	1507.5	-917.5	2425
WP0276	HG	20240510	HG|20240510|0	78	120	0.0005	2.47261e-07	1	12744	12666	1088.75	-917.5	2006.25
WP0277	HG	20240510	HG|20240510|0	103	120	0.003	1.48356e-06	1	14840	14943	1438.75	-917.5	2356.25
WP0278	HG	20240510	HG|20240510|0	118	120	0.00225	1.11267e-06	1	15061	14943	1420	-917.5	2337.5
WP0279	HG	20240510	HG|20240510|0	99	120	0.00175	8.65412e-07	1	17534	17633	1482.5	-917.5	2400
WP0280	HG	20240510	HG|20240510|0	64	120	0.001	4.94521e-07	1	17697	17633	1413.75	-917.5	2331.25
WP0281	HG	20240510	HG|20240510|2	12	120	0.00125	6.18151e-07	-1	48917	48905	1013.75	-917.5	1931.25
WP0282	HG	20240513	HG|20240513|0	61	120	0.0015	7.53977e-07	1	12182	12243	1026.25	-917.5	1943.75
WP0283	HG	20240513	HG|20240513|2	56	120	0.0075	3.76989e-06	1	47018	47074	1501.25	-917.5	2418.75
WP0284	HG	20240513	HG|20240513|2	67	120	0.00175	8.7964e-07	1	47448	47515	1682.5	-917.5	2600
WP0285	HG	20240513	HG|20240513|2	117	120	0.004	2.01061e-06	1	49004	49121	1757.5	-917.5	2675
WP0286	HG	20240513	HG|20240513|2	104	120	0.0055	2.76458e-06	1	51866	51970	1463.75	-917.5	2381.25
WP0287	HG	20240513	HG|20240513|2	44	120	0.0015	7.53977e-07	1	52014	51970	1288.75	-917.5	2206.25
WP0288	HG	20240513	HG|20240513|2	104	120	0.00275	1.38229e-06	1	55027	54923	1332.5	-917.5	2250
WP0289	HG	20240513	HG|20240513|2	100	120	0.0005	2.51326e-07	1	55027	55127	1332.5	-917.5	2250
WP0290	HG	20240513	HG|20240513|2	105	120	0.00075	3.76989e-07	1	56587	56692	1513.75	-917.5	2431.25
WP0291	HG	20240513	HG|20240513|2	50	120	0.002	1.0053e-06	1	57156	57206	1501.25	-917.5	2418.75
WP0292	HG	20240513	HG|20240513|2	92	120	0.0055	2.76458e-06	1	58829	58921	1051.25	-917.5	1968.75
WP0293	HG	20240513	HG|20240513|2	95	120	0.0035	1.75928e-06	1	59016	58921	1001.25	-917.5	1918.75
WP0294	HG	20240513	HG|20240513|2	90	120	0.00075	3.76989e-07	1	59016	59106	1001.25	-917.5	1918.75
WP0295	HG	20240513	HG|20240513|2	43	120	0.003	1.50795e-06	1	61338	61295	1138.75	-917.5	2056.25
WP0296	HG	20240513	HG|20240513|2	104	120	0.00025	1.25663e-07	1	61702	61806	1357.5	-917.5	2275
WP0297	HG	20240513	HG|20240513|2	37	120	0.0025	1.25663e-06	1	61988	62025	1276.25	-917.5	2193.75
WP0298	HG	20240513	HG|20240513|2	102	120	0.0015	7.53977e-07	1	62127	62025	1176.25	-917.5	2093.75
WP0299	HG	20240514	HG|20240514|0	64	120	0.0015	7.03362e-07	1	18205	18269	1157.5	-930	2087.5
WP0300	HG	20240514	HG|20240514|1	47	120	0.00075	3.51681e-07	1	32914	32867	1107.5	-930	2037.5
WP0301	HG	20240514	HG|20240514|1	43	120	0.00075	3.51681e-07	1	34464	34507	1201.25	-930	2131.25
WP0302	HG	20240514	HG|20240514|1	21	120	0.003	1.40672e-06	1	36153	36132	1045	-930	1975
WP0303	HG	20240514	HG|20240514|1	48	120	0.0025	1.17227e-06	1	36476	36524	1201.25	-930	2131.25
WP0304	HG	20240514	HG|20240514|1	33	120	0.0005	2.34454e-07	1	36771	36738	1170	-930	2100
WP0305	HG	20240514	HG|20240514|1	58	120	0.0015	7.03362e-07	1	36901	36959	1257.5	-930	2187.5
WP0306	HG	20240514	HG|20240514|1	89	120	0.001	4.68908e-07	1	39155	39066	1120	-930	2050
WP0307	HG	20240514	HG|20240514|2	86	120	0.0025	1.17227e-06	1	49675	49761	1401.25	-930	2331.25
WP0308	HG	20240514	HG|20240514|2	58	120	0.00075	3.51681e-07	1	49918	49976	1438.75	-930	2368.75
WP0309	HG	20240514	HG|20240514|2	113	120	0.00325	1.52395e-06	1	50792	50679	1576.25	-930	2506.25
WP0310	HG	20240514	HG|20240514|2	37	120	0.005	2.34454e-06	1	50792	50829	1576.25	-930	2506.25
WP0311	HG	20240514	HG|20240514|2	60	120	0.00025	1.17227e-07	1	51120	51180	1713.75	-930	2643.75
WP0312	HG	20240514	HG|20240514|2	95	120	0.003	1.40672e-06	1	51401	51496	1857.5	-930	2787.5
WP0313	HG	20240514	HG|20240514|2	82	120	0.00075	3.51681e-07	1	52020	52102	1845	-930	2775
WP0314	HG	20240514	HG|20240514|2	14	120	0.00125	5.86135e-07	1	52229	52215	2213.75	-930	3143.75
WP0315	HG	20240514	HG|20240514|2	49	120	0.0125	5.86135e-06	1	52229	52278	2213.75	-930	3143.75
WP0316	HG	20240514	HG|20240514|2	41	120	0.001	4.68908e-07	1	52920	52879	1738.75	-930	2668.75
WP0317	HG	20240514	HG|20240514|2	114	120	0.009	4.22017e-06	1	53452	53566	1795	-930	2725
WP0318	HG	20240514	HG|20240514|2	75	120	0.00025	1.17227e-07	1	53641	53566	1563.75	-930	2493.75
WP0319	HG	20240514	HG|20240514|2	106	120	0.00075	3.51681e-07	1	53941	53835	1588.75	-930	2518.75
WP0320	HG	20240514	HG|20240514|2	78	120	0.0045	2.11009e-06	1	53941	54019	1588.75	-930	2518.75
WP0321	HG	20240514	HG|20240514|2	96	120	0.00175	8.20589e-07	1	54307	54403	1645	-930	2575
WP0322	HG	20240514	HG|20240514|2	48	120	0.00025	1.17227e-07	1	55493	55445	1195	-930	2125
WP0323	HG	20240514	HG|20240514|2	72	120	0.011	5.15799e-06	-1	64212	64140	2563.75	-930	3493.75
WP0324	HG	20240514	HG|20240514|2	17	120	0.00825	3.86849e-06	-1	64432	64449	2626.25	-930	3556.25
WP0325	HG	20240514	HG|20240514|2	9	120	0.00675	3.16513e-06	-1	64749	64740	1220	-930	2150
WP0326	HG	20240514	HG|20240514|2	62	120	0.00725	3.39958e-06	-1	64749	64811	1220	-930	2150
WP0327	HG	20240514	HG|20240514|2	115	120	0.01425	6.68194e-06	-1	64749	64864	1220	-930	2150
WP0328	HG	20240514	HG|20240514|2	92	120	0.002	9.37816e-07	-1	64832	64740	1101.25	-930	2031.25
WP0329	HG	20240514	HG|20240514|2	21	120	0.0025	1.17227e-06	-1	64832	64811	1101.25	-930	2031.25
WP0330	HG	20240514	HG|20240514|2	32	120	0.0095	4.45463e-06	-1	64832	64864	1101.25	-930	2031.25
WP0331	HG	20240515	HG|20240515|0	42	120	0.002	8.19337e-07	1	7637	7595	3995	-930	4925
WP0332	HG	20240515	HG|20240515|0	98	120	0.002	8.19337e-07	1	7637	7735	3995	-930	4925
WP0333	HG	20240515	HG|20240515|0	43	120	0.003	1.22901e-06	1	7883	7926	3820	-930	4750
WP0334	HG	20240515	HG|20240515|0	51	120	0.002	8.19337e-07	1	8267	8216	3776.25	-930	4706.25
WP0335	HG	20240515	HG|20240515|0	84	120	0.0025	1.02417e-06	1	10343	10427	3845	-930	4775
WP0336	HG	20240515	HG|20240515|0	105	120	0.004	1.63867e-06	1	10860	10965	3638.75	-930	4568.75
WP0337	HG	20240515	HG|20240515|0	61	120	0.006	2.45801e-06	1	11307	11246	3295	-930	4225
WP0338	HG	20240515	HG|20240515|0	56	120	0.00275	1.12659e-06	1	12190	12134	3638.75	-930	4568.75
WP0339	HG	20240515	HG|20240515|0	85	120	0.002	8.19337e-07	1	14100	14185	2820	-930	3750
WP0340	HG	20240515	HG|20240515|0	89	120	0.00525	2.15076e-06	1	14355	14444	2726.25	-930	3656.25
WP0341	HG	20240515	HG|20240515|0	112	120	0.00125	5.12085e-07	1	14556	14444	2626.25	-930	3556.25
WP0342	HG	20240515	HG|20240515|0	100	120	0.008	3.27735e-06	1	16496	16396	2338.75	-930	3268.75
WP0343	HG	20240515	HG|20240515|0	117	120	0.001	4.09668e-07	1	17289	17172	2038.75	-930	2968.75
WP0344	HG	20240515	HG|20240515|0	91	120	0.0025	1.02417e-06	1	23339	23430	1476.25	-930	2406.25
WP0345	HG	20240515	HG|20240515|0	17	120	0.001	4.09668e-07	1	23651	23668	1963.75	-930	2893.75
WP0346	HG	20240515	HG|20240515|0	76	120	0.0055	2.25318e-06	1	24513	24437	1688.75	-930	2618.75
WP0347	HG	20240515	HG|20240515|0	119	120	0.0005	2.04834e-07	1	25477	25358	1938.75	-930	2868.75
WP0348	HG	20240515	HG|20240515|0	81	120	0.0025	1.02417e-06	1	25694	25775	1957.5	-930	2887.5
WP0349	HG	20240515	HG|20240515|0	92	120	0.005	2.04834e-06	1	26316	26408	2163.75	-930	3093.75
WP0350	HG	20240515	HG|20240515|0	103	120	0.00225	9.21754e-07	1	26511	26408	1982.5	-930	2912.5
WP0351	HG	20240515	HG|20240515|0	50	120	0.00075	3.07251e-07	1	26993	26943	1913.75	-930	2843.75
WP0352	HG	20240515	HG|20240515|0	83	120	0.001	4.09668e-07	1	27878	27795	1601.25	-930	2531.25
WP0353	HG	20240515	HG|20240515|0	99	120	0.00725	2.9701e-06	1	28998	28899	1607.5	-930	2537.5
WP0354	HG	20240515	HG|20240515|0	59	120	0.00125	5.12085e-07	1	28998	29057	1607.5	-930	2537.5
WP0355	HG	20240515	HG|20240515|0	37	120	0.0015	6.14503e-07	1	29989	30026	1907.5	-930	2837.5
WP0356	HG	20240515	HG|20240515|1	76	120	0.005	2.04834e-06	-1	32954	32878	3070	-930	4000
WP0357	HG	20240515	HG|20240515|1	66	120	0.001	4.09668e-07	-1	32954	33020	3070	-930	4000
WP0358	HG	20240515	HG|20240515|1	7	120	0.0005	2.04834e-07	-1	33317	33324	2820	-930	3750
WP0359	HG	20240515	HG|20240515|1	107	120	0.0035	1.43384e-06	-1	33511	33618	2745	-930	3675
WP0360	HG	20240515	HG|20240515|1	4	120	0.00075	3.07251e-07	-1	34050	34046	1920	-930	2850
WP0361	HG	20240515	HG|20240515|1	97	120	0.007	2.86768e-06	-1	34599	34502	2126.25	-930	3056.25
WP0362	HG	20240515	HG|20240515|1	37	120	0.00375	1.53626e-06	-1	34971	34934	2251.25	-930	3181.25
WP0363	HG	20240515	HG|20240515|1	83	120	0.0035	1.43384e-06	-1	35601	35684	1832.5	-930	2762.5
WP0364	HG	20240515	HG|20240515|1	50	120	0.0045	1.84351e-06	-1	35734	35684	1632.5	-930	2562.5
WP0365	HG	20240515	HG|20240515|1	97	120	0.00225	9.21754e-07	-1	35971	35874	1613.75	-930	2543.75
WP0366	HG	20240515	HG|20240515|1	36	120	0.003	1.22901e-06	-1	36342	36378	2082.5	-930	3012.5
WP0367	HG	20240515	HG|20240515|1	40	120	0.01475	6.04261e-06	-1	36721	36761	1976.25	-930	2906.25
WP0368	HG	20240515	HG|20240515|1	48	120	0.00525	2.15076e-06	-1	37073	37121	2088.75	-930	3018.75
WP0369	HG	20240515	HG|20240515|1	88	120	0.0035	1.43384e-06	-1	37651	37563	1645	-930	2575
WP0370	HG	20240515	HG|20240515|1	77	120	0.0025	1.02417e-06	-1	37884	37807	1788.75	-930	2718.75
WP0371	HG	20240515	HG|20240515|1	58	120	0.00775	3.17493e-06	-1	37884	37942	1788.75	-930	2718.75
WP0372	HG	20240515	HG|20240515|1	112	120	0.00775	3.17493e-06	-1	38475	38363	1426.25	-930	2356.25
WP0373	HG	20240515	HG|20240515|1	39	120	0.0035	1.43384e-06	-1	39010	38971	1051.25	-930	1981.25
WP0374	HG	20240515	HG|20240515|1	40	120	0.007	2.86768e-06	-1	40875	40835	1007.5	-930	1937.5
WP0375	HG	20240515	HG|20240515|1	89	120	0.004	1.63867e-06	-1	40875	40964	1007.5	-930	1937.5
WP0376	HG	20240515	HG|20240515|1	51	120	0.00125	5.12085e-07	-1	41195	41246	1195	-930	2125
WP0377	HG	20240515	HG|20240515|1	78	120	0.00025	1.02417e-07	-1	41409	41487	1182.5	-930	2112.5
WP0378	HG	20240515	HG|20240515|1	16	120	0.001	4.09668e-07	-1	41693	41709	1120	-930	2050
WP0379	HG	20240515	HG|20240515|1	92	120	0.0025	1.02417e-06	-1	42385	42477	1257.5	-930	2187.5
WP0380	HG	20240515	HG|20240515|1	85	120	0.00225	9.21754e-07	-1	43107	43192	1182.5	-930	2112.5
WP0381	HG	20240515	HG|20240515|1	116	120	0.00175	7.1692e-07	-1	43559	43675	1695	-930	2625
WP0382	HG	20240515	HG|20240515|1	84	120	0.00075	3.07251e-07	-1	43759	43675	1632.5	-930	2562.5
WP0383	HG	20240515	HG|20240515|1	114	120	0.00025	1.02417e-07	-1	44623	44509	1338.75	-930	2268.75
WP0384	HG	20240515	HG|20240515|1	74	120	0.0005	2.04834e-07	-1	44623	44697	1338.75	-930	2268.75
WP0385	HG	20240515	HG|20240515|2	113	120	0.00375	1.53626e-06	-1	46824	46937	1913.75	-930	2843.75
WP0386	HG	20240515	HG|20240515|2	64	120	0.002	8.19337e-07	-1	48128	48192	2057.5	-930	2987.5
WP0387	HG	20240515	HG|20240515|2	14	120	0	0	-1	48494	48480	1882.5	-930	2812.5
WP0388	HG	20240515	HG|20240515|2	78	120	0.01175	4.8136e-06	-1	49416	49338	1613.75	-930	2543.75
WP0389	HG	20240515	HG|20240515|2	16	120	0.00025	1.02417e-07	-1	49959	49943	1432.5	-930	2362.5
WP0390	HG	20240515	HG|20240515|2	76	120	0.005	2.04834e-06	-1	50365	50289	1432.5	-930	2362.5
WP0391	HG	20240515	HG|20240515|2	66	120	0.0185	7.57886e-06	-1	52251	52185	1370	-930	2300
WP0392	HG	20240515	HG|20240515|2	31	120	0.003	1.22901e-06	1	57145	57176	2120	-930	3050
WP0393	HG	20240515	HG|20240515|2	85	120	0.00925	3.78943e-06	1	57700	57615	1870	-930	2800
WP0394	HG	20240515	HG|20240515|2	107	120	0.0185	7.57886e-06	1	58052	58159	1757.5	-930	2687.5
WP0395	HG	20240515	HG|20240515|2	43	120	0.003	1.22901e-06	1	58202	58159	1220	-930	2150
WP0396	HG	20240515	HG|20240515|2	11	120	0	0	1	58335	58324	1195	-930	2125
WP0397	HG	20240515	HG|20240515|2	53	120	0.0115	4.71119e-06	1	58600	58653	1195	-930	2125
WP0398	HG	20240515	HG|20240515|2	104	120	0.00675	2.76526e-06	1	64298	64194	1007.5	-930	1937.5
WP0399	HG	20240515	HG|20240515|2	38	120	0.00125	5.12085e-07	1	64298	64336	1007.5	-930	1937.5
WP0400	HG	20240516	HG|20240516|0	59	120	0.00675	2.39419e-06	-1	20775	20716	1151.25	-930	2081.25
WP0401	HG	20240516	HG|20240516|0	90	120	0.00125	4.43369e-07	-1	21818	21728	1207.5	-930	2137.5
WP0402	HG	20240516	HG|20240516|0	90	120	0.00075	2.66022e-07	-1	22073	22163	1182.5	-930	2112.5
WP0403	HG	20240516	HG|20240516|1	66	120	0.01675	5.94115e-06	-1	33974	34040	1670	-930	2600
WP0404	HG	20240516	HG|20240516|2	107	120	0.003	1.06409e-06	-1	46936	47043	1570	-930	2500
WP0405	HG	20240516	HG|20240516|2	119	120	0.0025	8.86738e-07	-1	47270	47389	1738.75	-930	2668.75
WP0406	HG	20240516	HG|20240516|2	120	120	0.003	1.06409e-06	-1	48982	48862	1413.75	-930	2343.75
WP0407	HG	20240516	HG|20240516|2	29	120	0.00025	8.86738e-08	-1	48982	49011	1413.75	-930	2343.75
WP0408	HG	20240516	HG|20240516|2	61	120	0.00675	2.39419e-06	-1	51465	51526	1076.25	-930	2006.25
WP0409	HG	20240517	HG|20240517|0	71	120	0.0005	1.70389e-07	1	10864	10935	1851.25	-930	2781.25
WP0410	HG	20240517	HG|20240517|0	59	120	0.00025	8.51946e-08	1	11491	11550	1963.75	-930	2893.75
WP0411	HG	20240517	HG|20240517|0	62	120	0.00125	4.25973e-07	1	11692	11754	2038.75	-930	2968.75
WP0412	HG	20240517	HG|20240517|0	65	120	0.0025	8.51946e-07	1	13321	13386	2076.25	-930	3006.25
WP0413	HG	20240517	HG|20240517|0	39	120	0.0005	1.70389e-07	1	14023	13984	1963.75	-930	2893.75
WP0414	HG	20240517	HG|20240517|0	65	120	0.00125	4.25973e-07	1	14520	14455	2038.75	-930	2968.75
WP0415	HG	20240517	HG|20240517|0	33	120	0.00175	5.96362e-07	1	17267	17234	1638.75	-930	2568.75
WP0416	HG	20240517	HG|20240517|0	57	120	0.00825	2.81142e-06	1	17539	17482	1795	-930	2725
WP0417	HG	20240517	HG|20240517|0	75	120	0.001	3.40778e-07	1	17539	17614	1795	-930	2725
WP0418	HG	20240517	HG|20240517|2	92	120	0.00675	2.30025e-06	1	49070	48978	3501.25	-930	4431.25
WP0419	HG	20240517	HG|20240517|2	83	120	0.00275	9.37141e-07	1	49070	49153	3501.25	-930	4431.25
WP0420	HG	20240517	HG|20240517|2	87	120	0.00475	1.6187e-06	1	50639	50552	2938.75	-930	3868.75
WP0421	HG	20240517	HG|20240517|2	72	120	0.0025	8.51946e-07	1	50898	50826	2876.25	-930	3806.25
WP0422	HG	20240517	HG|20240517|2	81	120	0.002	6.81557e-07	1	50898	50979	2876.25	-930	3806.25
WP0423	HG	20240517	HG|20240517|2	82	120	0.00425	1.44831e-06	1	51061	50979	2720	-930	3650
WP0424	HG	20240517	HG|20240517|2	83	120	0.00575	1.95948e-06	1	51061	51144	2720	-930	3650
WP0425	HG	20240517	HG|20240517|2	62	120	0.0035	1.19272e-06	1	51206	51144	2663.75	-930	3593.75
WP0426	HG	20240517	HG|20240517|2	120	120	0.00025	8.51946e-08	1	53305	53185	2088.75	-930	3018.75
WP0427	HG	20240517	HG|20240517|2	30	120	0.001	3.40778e-07	1	53564	53534	2101.25	-930	3031.25
WP0428	HG	20240517	HG|20240517|2	92	120	0.00025	8.51946e-08	1	53971	53879	1907.5	-930	2837.5
WP0429	HG	20240517	HG|20240517|2	31	120	0.0015	5.11168e-07	1	54279	54248	1638.75	-930	2568.75
WP0430	HG	20240517	HG|20240517|2	86	120	0.00075	2.55584e-07	1	54588	54674	1601.25	-930	2531.25
WP0431	HG	20240517	HG|20240517|2	104	120	0.00775	2.64103e-06	1	55175	55071	1345	-930	2275
WP0432	HG	20240517	HG|20240517|2	29	120	0	0	1	56542	56571	1676.25	-930	2606.25
WP0433	HG	20240517	HG|20240517|2	85	120	0.0035	1.19272e-06	1	57711	57626	1551.25	-930	2481.25
WP0434	HG	20240517	HG|20240517|2	106	120	0.00175	5.96362e-07	1	58484	58378	1563.75	-930	2493.75
WP0435	HG	20240517	HG|20240517|2	43	120	0.00125	4.25973e-07	1	59293	59250	1426.25	-930	2356.25
WP0436	HG	20240517	HG|20240517|2	108	120	0.0085	2.89662e-06	1	59521	59629	1476.25	-930	2406.25
WP0437	HG	20240517	HG|20240517|2	98	120	0.00575	1.95948e-06	1	60653	60555	1663.75	-930	2593.75
WP0438	HG	20240517	HG|20240517|2	75	120	0.002	6.81557e-07	1	60653	60728	1663.75	-930	2593.75
WP0439	HG	20240517	HG|20240517|2	52	120	0.00075	2.55584e-07	1	61805	61753	1332.5	-930	2262.5
WP0440	HG	20240517	HG|20240517|2	107	120	0.0045	1.5335e-06	1	62294	62187	1351.25	-930	2281.25
WP0441	HG	20240517	HG|20240517|2	52	120	0.001	3.40778e-07	1	62488	62540	1438.75	-930	2368.75
WP0442	HG	20240520	HG|20240520|0	47	120	0.0105	3.58479e-06	-1	11413	11366	1732.5	-930	2662.5
WP0443	HG	20240520	HG|20240520|0	21	120	0.00275	9.38874e-07	-1	11577	11598	1638.75	-930	2568.75
WP0444	HG	20240520	HG|20240520|0	65	120	0.01275	4.35296e-06	-1	12262	12197	1726.25	-930	2656.25
WP0445	HG	20240520	HG|20240520|0	92	120	0.0025	8.53521e-07	-1	14255	14347	1763.75	-930	2693.75
WP0446	HG	20240520	HG|20240520|0	55	120	0.00025	8.53521e-08	-1	14536	14591	1920	-930	2850
WP0447	HG	20240520	HG|20240520|0	31	120	0.00075	2.56056e-07	-1	14714	14745	2007.5	-930	2937.5
WP0448	HG	20240520	HG|20240520|0	93	120	0.001	3.41409e-07	-1	14981	15074	2157.5	-930	3087.5
WP0449	HG	20240520	HG|20240520|0	59	120	0.005	1.70704e-06	-1	15373	15432	2151.25	-930	3081.25
WP0450	HG	20240520	HG|20240520|0	26	120	0.00125	4.26761e-07	-1	16553	16579	2438.75	-930	3368.75
WP0451	HG	20240520	HG|20240520|0	44	120	0.00575	1.9631e-06	-1	16951	16907	2263.75	-930	3193.75
WP0452	HG	20240520	HG|20240520|0	87	120	0.001	3.41409e-07	-1	17583	17496	1870	-930	2800
WP0453	HG	20240520	HG|20240520|0	87	120	0.00325	1.10958e-06	-1	17583	17670	1870	-930	2800
WP0454	HG	20240520	HG|20240520|0	54	120	0.0045	1.53634e-06	-1	17848	17794	1745	-930	2675
WP0455	HG	20240520	HG|20240520|0	32	120	0.00125	4.26761e-07	-1	18172	18140	1270	-930	2200
WP0456	HG	20240520	HG|20240520|0	71	120	0.002	6.82817e-07	-1	18869	18940	1582.5	-930	2512.5
WP0457	HG	20240520	HG|20240520|0	54	120	0.003	1.02423e-06	-1	19201	19255	1645	-930	2575
WP0458	HG	20240520	HG|20240520|0	103	120	0.00475	1.62169e-06	-1	25599	25496	1032.5	-930	1962.5
WP0459	HG	20240520	HG|20240520|0	113	120	0.0025	8.53521e-07	-1	25599	25712	1032.5	-930	1962.5
WP0460	HG	20240520	HG|20240520|0	93	120	0.00225	7.68169e-07	-1	26129	26036	1126.25	-930	2056.25
WP0461	HG	20240520	HG|20240520|0	89	120	0.001	3.41409e-07	-1	26403	26314	1070	-930	2000
WP0462	HG	20240520	HG|20240520|0	69	120	0.0005	1.70704e-07	-1	26864	26795	1057.5	-930	1987.5
WP0463	HG	20240520	HG|20240520|0	70	120	0.0155	5.29183e-06	-1	26990	27060	1026.25	-930	1956.25
WP0464	HG	20240520	HG|20240520|0	78	120	0.0035	1.19493e-06	-1	27615	27693	1345	-930	2275
WP0465	HG	20240520	HG|20240520|0	79	120	0.0025	8.53521e-07	-1	28142	28221	1438.75	-930	2368.75
WP0466	HG	20240520	HG|20240520|0	38	120	0.0025	8.53521e-07	-1	28440	28478	1545	-930	2475
WP0467	HG	20240520	HG|20240520|0	89	120	0.00225	7.68169e-07	-1	28874	28785	1288.75	-930	2218.75
WP0468	HG	20240520	HG|20240520|2	33	120	0.001	3.41409e-07	1	51185	51218	1813.75	-930	2743.75
WP0469	HG	20240520	HG|20240520|2	99	120	0.0025	8.53521e-07	1	51317	51218	1776.25	-930	2706.25
WP0470	HG	20240520	HG|20240520|2	55	120	0.00475	1.62169e-06	1	51548	51603	1751.25	-930	2681.25
WP0471	HG	20240520	HG|20240520|2	82	120	0.00075	2.56056e-07	1	51949	52031	2026.25	-930	2956.25
WP0472	HG	20240520	HG|20240520|2	55	120	0.0055	1.87775e-06	1	52086	52031	2182.5	-930	3112.5
WP0473	HG	20240520	HG|20240520|2	81	120	0.002	6.82817e-07	1	52086	52167	2182.5	-930	3112.5
WP0474	HG	20240520	HG|20240520|2	39	120	0.0035	1.19493e-06	1	52347	52386	2032.5	-930	2962.5
WP0475	HG	20240520	HG|20240520|2	66	120	0.003	1.02423e-06	1	53121	53187	1982.5	-930	2912.5
WP0476	HG	20240520	HG|20240520|2	116	120	0.003	1.02423e-06	1	53303	53187	1832.5	-930	2762.5
WP0477	HG	20240520	HG|20240520|2	64	120	0.002	6.82817e-07	1	53894	53830	1638.75	-930	2568.75
WP0478	HG	20240520	HG|20240520|2	71	120	0.001	3.41409e-07	1	54137	54066	1882.5	-930	2812.5
WP0479	HG	20240520	HG|20240520|2	67	120	0.0005	1.70704e-07	1	54494	54427	2007.5	-930	2937.5
WP0480	HG	20240520	HG|20240520|2	69	120	0.00125	4.26761e-07	1	54695	54764	1920	-930	2850
WP0481	HG	20240520	HG|20240520|2	48	120	0.004	1.36563e-06	1	55477	55429	1645	-930	2575
WP0482	HG	20240520	HG|20240520|2	43	120	0.00525	1.79239e-06	1	55643	55686	1701.25	-930	2631.25
WP0483	HG	20240520	HG|20240520|2	113	120	0.0055	1.87775e-06	1	56398	56511	2101.25	-930	3031.25
WP0484	HG	20240520	HG|20240520|2	43	120	0	0	1	57482	57439	1695	-930	2625
WP0485	HG	20240520	HG|20240520|2	116	120	0.00125	4.26761e-07	1	57847	57963	1426.25	-930	2356.25
WP0486	HG	20240520	HG|20240520|2	97	120	0.002	6.82817e-07	1	58483	58386	1195	-930	2125
WP0487	HG	20240520	HG|20240520|2	67	120	0.0045	1.53634e-06	1	59690	59623	1501.25	-930	2431.25
WP0488	HG	20240520	HG|20240520|2	79	120	0.0015	5.12113e-07	1	59690	59769	1501.25	-930	2431.25
WP0489	HG	20240520	HG|20240520|2	54	120	0.00275	9.38874e-07	1	60337	60391	1451.25	-930	2381.25
WP0490	HG	20240520	HG|20240520|2	62	120	0.002	6.82817e-07	1	61340	61278	1538.75	-930	2468.75
WP0491	HG	20240520	HG|20240520|2	116	120	0.00325	1.10958e-06	1	61678	61794	1582.5	-930	2512.5
WP0492	HG	20240520	HG|20240520|2	72	120	0.00175	5.97465e-07	1	62551	62479	1126.25	-930	2056.25
WP0493	HG	20240520	HG|20240520|2	83	120	0.0015	5.12113e-07	1	66128	66211	1126.25	-930	2056.25
WP0494	HG	20240521	HG|20240521|0	113	120	0.004	1.30414e-06	-1	2024	1911	1032.5	-930	1962.5
WP0495	HG	20240521	HG|20240521|0	21	120	0.003	9.78108e-07	-1	7376	7397	1001.25	-930	1931.25
WP0496	HG	20240521	HG|20240521|0	18	120	0.00375	1.22263e-06	-1	11516	11534	1501.25	-930	2431.25
WP0497	HG	20240521	HG|20240521|0	73	120	0.00225	7.33581e-07	-1	11779	11852	1420	-930	2350
WP0498	HG	20240521	HG|20240521|0	61	120	0.0015	4.89054e-07	-1	12126	12187	1495	-930	2425
WP0499	HG	20240521	HG|20240521|0	117	120	0.0075	2.44527e-06	-1	13119	13002	1007.5	-930	1937.5
WP0500	HG	20240521	HG|20240521|0	18	120	0.0005	1.63018e-07	1	17670	17688	1282.5	-930	2212.5
WP0501	HG	20240521	HG|20240521|1	68	120	0.00375	1.22263e-06	1	38362	38430	1370	-930	2300
WP0502	HG	20240521	HG|20240521|2	85	120	0.00325	1.05962e-06	-1	49742	49827	1220	-930	2150
WP0503	HG	20240521	HG|20240521|2	105	120	0.008	2.60829e-06	-1	49932	49827	1338.75	-930	2268.75
WP0504	HG	20240521	HG|20240521|2	48	120	0.003	9.78108e-07	-1	49932	49980	1338.75	-930	2268.75
WP0505	HG	20240521	HG|20240521|2	96	120	0.00175	5.70563e-07	-1	50076	49980	1307.5	-930	2237.5
WP0506	HG	20240521	HG|20240521|2	55	120	0.00025	8.1509e-08	-1	50076	50131	1307.5	-930	2237.5
WP0507	HG	20240521	HG|20240521|2	52	120	0.00025	8.1509e-08	-1	50465	50517	1251.25	-930	2181.25
WP0508	HG	20240521	HG|20240521|2	81	120	0.00125	4.07545e-07	-1	50598	50517	1288.75	-930	2218.75
WP0509	HG	20240521	HG|20240521|2	35	120	0.00275	8.96599e-07	-1	51000	50965	1451.25	-930	2381.25
WP0510	HG	20240521	HG|20240521|2	107	120	0.00625	2.03772e-06	-1	51000	51107	1451.25	-930	2381.25
WP0511	HG	20240521	HG|20240521|2	57	120	0.009	2.93432e-06	-1	51720	51663	1513.75	-930	2443.75
WP0512	HG	20240521	HG|20240521|2	98	120	0.0045	1.46716e-06	-1	51720	51818	1513.75	-930	2443.75
WP0513	HG	20240521	HG|20240521|2	113	120	0.00175	5.70563e-07	-1	52134	52247	1470	-930	2400
WP0514	HG	20240521	HG|20240521|2	55	120	0.006	1.95622e-06	-1	52931	52986	1463.75	-930	2393.75
WP0515	HG	20240521	HG|20240521|2	105	120	0.001	3.26036e-07	-1	53284	53179	1313.75	-930	2243.75
WP0516	HG	20240521	HG|20240521|2	9	120	0	0	-1	54111	54120	1320	-930	2250
WP0517	HG	20240521	HG|20240521|2	41	120	0.00375	1.22263e-06	-1	54407	54448	1245	-930	2175
WP0518	HG	20240521	HG|20240521|2	17	120	0.0015	4.89054e-07	-1	55351	55334	1026.25	-930	1956.25
WP0519	HG	20240521	HG|20240521|2	88	120	0.007	2.28225e-06	-1	55725	55813	1013.75	-930	1943.75
WP0520	HG	20240521	HG|20240521|2	99	120	0.002	6.52072e-07	-1	62725	62824	1101.25	-930	2031.25
WP0521	HG	20240522	HG|20240522|0	23	120	0.001	3.18061e-07	-1	10958	10935	1113.75	-930	2043.75
WP0522	HG	20240522	HG|20240522|0	118	120	0.0035	1.11322e-06	-1	12125	12243	1226.25	-930	2156.25
WP0523	HG	20240522	HG|20240522|0	32	120	0.0005	1.59031e-07	-1	12511	12543	1276.25	-930	2206.25
WP0524	HG	20240522	HG|20240522|0	80	120	0.0055	1.74934e-06	-1	14440	14520	1551.25	-930	2481.25
WP0525	HG	20240522	HG|20240522|1	77	120	0	0	-1	32514	32437	1557.5	-930	2487.5
WP0526	HG	20240522	HG|20240522|1	57	120	0.00675	2.14691e-06	-1	35586	35529	1020	-930	1950
WP0527	HG	20240522	HG|20240522|1	90	120	0.003	9.54184e-07	-1	35586	35676	1020	-930	1950
WP0528	HG	20240522	HG|20240522|1	75	120	0.00225	7.15638e-07	-1	36133	36208	1132.5	-930	2062.5
WP0529	HG	20240522	HG|20240522|1	88	120	0.0005	1.59031e-07	-1	36440	36352	1170	-930	2100
WP0530	HG	20240522	HG|20240522|1	111	120	0.00225	7.15638e-07	-1	36440	36551	1170	-930	2100
WP0531	HG	20240522	HG|20240522|1	81	120	0.001	3.18061e-07	-1	36732	36813	1195	-930	2125
WP0532	HG	20240522	HG|20240522|1	38	120	0.001	3.18061e-07	-1	36948	36986	1145	-930	2075
WP0533	HG	20240522	HG|20240522|2	46	120	0.00175	5.56608e-07	-1	47955	47909	4576.25	-930	5506.25
WP0534	HG	20240522	HG|20240522|2	106	120	0.00325	1.0337e-06	-1	50314	50208	3532.5	-930	4462.5
WP0535	HG	20240522	HG|20240522|2	57	120	0.007	2.22643e-06	-1	51113	51170	3713.75	-930	4643.75
WP0536	HG	20240522	HG|20240522|2	86	120	0.0005	1.59031e-07	-1	51256	51170	3551.25	-930	4481.25
WP0537	HG	20240522	HG|20240522|2	69	120	0.0105	3.33965e-06	-1	51702	51633	3413.75	-930	4343.75
WP0538	HG	20240522	HG|20240522|2	96	120	0.00225	7.15638e-07	-1	51702	51798	3413.75	-930	4343.75
WP0539	HG	20240522	HG|20240522|2	20	120	0.0015	4.77092e-07	-1	52511	52491	3332.5	-930	4262.5
WP0540	HG	20240522	HG|20240522|2	19	120	0.00125	3.97577e-07	-1	53239	53220	3063.75	-930	3993.75
WP0541	HG	20240522	HG|20240522|2	76	120	0.0035	1.11322e-06	-1	53920	53844	3288.75	-930	4218.75
WP0542	HG	20240522	HG|20240522|2	64	120	0.0025	7.95154e-07	-1	53920	53984	3288.75	-930	4218.75
WP0543	HG	20240522	HG|20240522|2	96	120	0.00125	3.97577e-07	-1	54285	54381	2895	-930	3825
WP0544	HG	20240522	HG|20240522|2	17	120	0.00125	3.97577e-07	-1	54775	54792	2945	-930	3875
WP0545	HG	20240522	HG|20240522|2	40	120	0.005	1.59031e-06	-1	55025	55065	3163.75	-930	4093.75
WP0546	HG	20240522	HG|20240522|2	100	120	0.00625	1.98788e-06	-1	55848	55748	3151.25	-930	4081.25
WP0547	HG	20240522	HG|20240522|2	96	120	0.0095	3.02158e-06	-1	56567	56471	2888.75	-930	3818.75
WP0548	HG	20240522	HG|20240522|2	86	120	0.0005	1.59031e-07	-1	56567	56653	2888.75	-930	3818.75
WP0549	HG	20240522	HG|20240522|2	110	120	0.009	2.86255e-06	-1	58550	58440	1501.25	-930	2431.25
WP0550	HG	20240522	HG|20240522|2	65	120	0.0005	1.59031e-07	-1	58875	58810	1613.75	-930	2543.75
WP0551	HG	20240522	HG|20240522|2	101	120	0.0035	1.11322e-06	-1	58875	58976	1613.75	-930	2543.75
WP0552	HG	20240522	HG|20240522|2	119	120	0.0025	7.95154e-07	-1	59103	59222	1463.75	-930	2393.75
WP0553	HG	20240522	HG|20240522|2	77	120	0.0065	2.0674e-06	-1	59400	59477	1707.5	-930	2637.5
WP0554	HG	20240522	HG|20240522|2	99	120	0.00425	1.35176e-06	-1	59576	59477	1651.25	-930	2581.25
WP0555	HG	20240522	HG|20240522|2	78	120	0.00775	2.46498e-06	-1	59576	59654	1651.25	-930	2581.25
WP0556	HG	20240522	HG|20240522|2	100	120	0.00225	7.15638e-07	-1	59863	59963	1676.25	-930	2606.25
WP0557	HG	20240522	HG|20240522|2	104	120	0.0055	1.74934e-06	-1	60199	60095	1538.75	-930	2468.75
WP0558	HG	20240522	HG|20240522|2	45	120	0.00225	7.15638e-07	-1	61250	61205	1376.25	-930	2306.25
WP0559	HG	20240522	HG|20240522|2	115	120	0.00025	7.95154e-08	-1	61528	61643	1488.75	-930	2418.75
WP0560	HG	20240522	HG|20240522|2	71	120	0.00375	1.19273e-06	-1	61714	61643	1576.25	-930	2506.25
WP0561	HG	20240522	HG|20240522|2	62	120	0.00275	8.74669e-07	-1	61714	61776	1576.25	-930	2506.25
WP0562	HG	20240522	HG|20240522|2	50	120	0.0005	1.59031e-07	-1	66883	66933	1245	-930	2175
WP0563	HG	20240522	HG|20240522|2	68	120	0.00225	7.15638e-07	-1	67468	67536	1138.75	-930	2068.75
WP0564	HG	20240522	HG|20240522|2	117	120	0.003	9.54184e-07	-1	67996	67879	1282.5	-930	2212.5
WP0565	HG	20240522	HG|20240522|2	80	120	0.0015	4.77092e-07	-1	68253	68173	1238.75	-930	2168.75
WP0566	HG	20240523	HG|20240523|0	88	120	0.006	1.70092e-06	1	28447	28535	1101.25	-930	2031.25
WP0567	HG	20240523	HG|20240523|1	67	120	0	0	1	35390	35457	1195	-930	2125
WP0568	HG	20240523	HG|20240523|1	91	120	0.005	1.41743e-06	1	36679	36770	1301.25	-930	2231.25
WP0569	HG	20240523	HG|20240523|2	112	120	0.0015	4.25229e-07	-1	49635	49523	1438.75	-930	2368.75
WP0570	HG	20240523	HG|20240523|2	117	120	0.0005	1.41743e-07	-1	49635	49752	1438.75	-930	2368.75
WP0571	HG	20240523	HG|20240523|2	77	120	0.005	1.41743e-06	-1	51614	51537	1326.25	-930	2256.25
WP0572	HG	20240523	HG|20240523|2	52	120	0.004	1.13395e-06	-1	52215	52267	1357.5	-930	2287.5
WP0573	HG	20240523	HG|20240523|2	109	120	0.00025	7.08716e-08	-1	53820	53929	1445	-930	2375
WP0574	HG	20240523	HG|20240523|2	120	120	0.0065	1.84266e-06	-1	54183	54063	1563.75	-930	2493.75
WP0575	HG	20240523	HG|20240523|2	61	120	0.0035	9.92202e-07	-1	54183	54244	1563.75	-930	2493.75
WP0576	HG	20240523	HG|20240523|2	67	120	0.002	5.66973e-07	-1	55307	55374	1801.25	-930	2731.25
WP0577	HG	20240523	HG|20240523|2	95	120	0.0045	1.27569e-06	-1	56820	56725	1726.25	-930	2656.25
WP0578	HG	20240523	HG|20240523|2	62	120	0.007	1.9844e-06	-1	56990	57052	1832.5	-930	2762.5
WP0579	HG	20240523	HG|20240523|2	111	120	0.01025	2.90573e-06	-1	57163	57052	1401.25	-930	2331.25
WP0580	HG	20240523	HG|20240523|2	47	120	0.0035	9.92202e-07	-1	58560	58513	1007.5	-930	1937.5
WP0581	HG	20240528	HG|20240528|0	96	120	0.00175	5.67819e-07	-1	12715	12811	1076.25	-930	2006.25
WP0582	HG	20240528	HG|20240528|0	94	120	0.0005	1.62234e-07	-1	13512	13606	1032.5	-930	1962.5
WP0583	HG	20240528	HG|20240528|2	63	120	0.0035	1.13564e-06	1	51026	51089	1413.75	-930	2343.75
WP0584	HG	20240528	HG|20240528|2	94	120	0.00125	4.05585e-07	1	51799	51705	1313.75	-930	2243.75
WP0585	HG	20240528	HG|20240528|2	69	120	0.001	3.24468e-07	1	52125	52056	1307.5	-930	2237.5
WP0586	HG	20240528	HG|20240528|2	42	120	0.00275	8.92287e-07	1	57670	57628	1276.25	-930	2206.25
WP0587	HG	20240528	HG|20240528|2	82	120	0.00675	2.19016e-06	1	57887	57969	1295	-930	2225
WP0588	HG	20240528	HG|20240528|2	58	120	0.0095	3.08245e-06	1	58027	57969	1226.25	-930	2156.25
WP0589	HG	20240530	HG|20240530|0	40	120	0.00025	8.08011e-08	-1	13428	13388	1282.5	-930	2212.5
WP0590	HG	20240530	HG|20240530|0	92	120	0.00025	8.08011e-08	-1	13428	13520	1282.5	-930	2212.5
WP0591	HG	20240530	HG|20240530|0	49	120	0.002	6.46409e-07	-1	14141	14190	1120	-930	2050
WP0592	HG	20240531	HG|20240531|2	104	120	0.00275	8.69251e-07	1	62622	62726	1288.75	-930	2218.75
WP0593	HG	20240605	HG|20240605|2	60	120	0.001	3.37799e-07	1	51715	51655	2082.5	-930	3012.5
WP0594	HG	20240605	HG|20240605|2	111	120	0.00275	9.28947e-07	1	54795	54906	1863.75	-930	2793.75
WP0595	HG	20240605	HG|20240605|2	110	120	0.003	1.0134e-06	1	56518	56408	1270	-930	2200
WP0596	HG	20240605	HG|20240605|2	58	120	0.001	3.37799e-07	1	57628	57686	1745	-930	2675
WP0597	HG	20240605	HG|20240605|2	39	120	0.00225	7.60048e-07	1	57968	58007	1826.25	-930	2756.25
WP0598	HG	20240605	HG|20240605|2	43	120	0.0025	8.44498e-07	1	58555	58598	1851.25	-930	2781.25
WP0599	HG	20240605	HG|20240605|2	113	120	0.0015	5.06699e-07	1	59947	60060	1520	-930	2450
WP0600	HG	20240605	HG|20240605|2	108	120	0.00125	4.22249e-07	1	63063	62955	1738.75	-930	2668.75
WP0601	HG	20240605	HG|20240605|2	74	120	0.00275	9.28947e-07	1	63730	63656	1101.25	-930	2031.25
WP0602	HG	20240605	HG|20240605|2	57	120	0.005	1.689e-06	1	63730	63787	1101.25	-930	2031.25
WP0603	HG	20240605	HG|20240605|2	111	120	0.003	1.0134e-06	1	63898	63787	1051.25	-930	1981.25
WP0604	HG	20240605	HG|20240605|2	112	120	0.00075	2.53349e-07	1	64149	64037	1032.5	-930	1962.5
WP0605	HG	20240607	HG|20240607|1	115	120	0.0015	5.21788e-07	-1	34707	34592	2045	-930	2975
WP0606	HG	20240607	HG|20240607|1	106	120	0.0005	1.73929e-07	-1	37235	37129	1282.5	-930	2212.5
WP0607	HG	20240607	HG|20240607|1	42	120	0.003	1.04358e-06	-1	37683	37641	1332.5	-930	2262.5
WP0608	HG	20240607	HG|20240607|2	59	120	0.00375	1.30447e-06	-1	50878	50937	3526.25	-930	4456.25
WP0609	HG	20240607	HG|20240607|2	16	120	0.0075	2.60894e-06	-1	52216	52232	2670	-930	3600
WP0610	HG	20240607	HG|20240607|2	40	120	0.00475	1.65233e-06	-1	52524	52564	2632.5	-930	3562.5
WP0611	HG	20240607	HG|20240607|2	57	120	0.0055	1.91322e-06	-1	52807	52864	2857.5	-930	3787.5
WP0612	HG	20240607	HG|20240607|2	57	120	0.00225	7.82682e-07	-1	52921	52864	2663.75	-930	3593.75
WP0613	HG	20240607	HG|20240607|2	56	120	0.00425	1.4784e-06	-1	52921	52977	2663.75	-930	3593.75
WP0614	HG	20240607	HG|20240607|2	42	120	0.0005	1.73929e-07	-1	53402	53360	2295	-930	3225
WP0615	HG	20240607	HG|20240607|2	83	120	0.00375	1.30447e-06	-1	53822	53739	2345	-930	3275
WP0616	HG	20240607	HG|20240607|2	114	120	0.00425	1.4784e-06	-1	54141	54255	2007.5	-930	2937.5
WP0617	HG	20240607	HG|20240607|2	73	120	0.00125	4.34823e-07	-1	54328	54255	1870	-930	2800
WP0618	HG	20240607	HG|20240607|2	37	120	0.00375	1.30447e-06	-1	54543	54506	1607.5	-930	2537.5
WP0619	HG	20240607	HG|20240607|2	96	120	0.0035	1.2175e-06	-1	54812	54716	1526.25	-930	2456.25
WP0620	HG	20240607	HG|20240607|2	109	120	0.002	6.95717e-07	-1	55301	55410	1788.75	-930	2718.75
WP0621	HG	20240607	HG|20240607|2	38	120	0.00125	4.34823e-07	-1	57428	57466	1370	-930	2300
WP0622	HG	20240607	HG|20240607|2	89	120	0.00175	6.08752e-07	-1	59761	59850	1788.75	-930	2718.75
WP0623	HG	20240607	HG|20240607|2	51	120	0.00125	4.34823e-07	-1	60747	60798	1738.75	-930	2668.75
WP0624	HG	20240607	HG|20240607|2	80	120	0.00175	6.08752e-07	-1	61369	61289	1582.5	-930	2512.5
WP0625	HG	20240610	HG|20240610|0	23	120	0.01175	4.08072e-06	1	49	26	1176.25	-930	2106.25
WP0626	HG	20240611	HG|20240611|1	71	120	0.002	6.9081e-07	-1	35902	35973	1170	-930	2100
WP0627	HG	20240611	HG|20240611|2	117	120	0.0025	8.63513e-07	1	51139	51022	1107.5	-930	2037.5
WP0628	HG	20240612	HG|20240612|2	95	120	0.00425	1.46283e-06	-1	54302	54397	1607.5	-930	2537.5
WP0629	HG	20240612	HG|20240612|2	117	120	0.0005	1.72098e-07	-1	54577	54694	1670	-930	2600
WP0630	HG	20240612	HG|20240612|2	85	120	0.00475	1.63493e-06	-1	54779	54694	1563.75	-930	2493.75
WP0631	HG	20240612	HG|20240612|2	85	120	0.00675	2.32333e-06	-1	55421	55506	1345	-930	2275
WP0632	HG	20240612	HG|20240612|2	58	120	0.002	6.88393e-07	-1	55844	55902	1132.5	-930	2062.5
WP0633	HG	20240613	HG|20240613|0	116	120	0.00475	1.64221e-06	1	12081	12197	1007.5	-930	1937.5
WP0634	HG	20240613	HG|20240613|2	12	120	0.0005	1.72865e-07	-1	46803	46815	1263.75	-930	2193.75
WP0635	HG	20240613	HG|20240613|2	116	120	0	0	-1	48297	48181	1226.25	-930	2156.25
WP0636	HG	20240613	HG|20240613|2	103	120	0.0035	1.21005e-06	-1	50934	51037	1270	-930	2200
WP0637	HG	20240613	HG|20240613|2	42	120	0.01725	5.96383e-06	-1	52174	52216	1307.5	-930	2237.5
WP0638	HG	20240613	HG|20240613|2	93	120	0	0	-1	52982	53075	1676.25	-930	2606.25
WP0639	HG	20240617	HG|20240617|0	84	120	0.002	7.7497e-07	-1	11191	11107	1301.25	-930	2231.25
WP0640	HG	20240617	HG|20240617|0	73	120	0.002	7.7497e-07	-1	14620	14693	1157.5	-930	2087.5
WP0641	HG	20240617	HG|20240617|0	61	120	0.002	7.7497e-07	-1	16720	16659	1295	-930	2225
WP0642	HG	20240617	HG|20240617|0	82	120	0.00325	1.25933e-06	-1	16720	16802	1295	-930	2225
WP0643	HG	20240618	HG|20240618|1	18	120	0.001	3.88825e-07	-1	32713	32731	1026.25	-930	1956.25
WP0644	HG	20240618	HG|20240618|2	114	120	0.005	1.94412e-06	1	46816	46930	2413.75	-930	3343.75
WP0645	HG	20240618	HG|20240618|2	40	120	0.0005	1.94412e-07	1	52215	52255	2457.5	-930	3387.5
WP0646	HG	20240618	HG|20240618|2	73	120	0.00225	8.74855e-07	1	54121	54194	2488.75	-930	3418.75
WP0647	HG	20240618	HG|20240618|2	106	120	0.0035	1.36089e-06	1	54534	54428	2238.75	-930	3168.75
WP0648	HG	20240618	HG|20240618|2	95	120	0.00225	8.74855e-07	1	55319	55224	2145	-930	3075
WP0649	HG	20240618	HG|20240618|2	89	120	0.003	1.16647e-06	1	57109	57020	1488.75	-930	2418.75
WP0650	HG	20240620	HG|20240620|2	100	120	0	0	1	47526	47626	1420	-930	2350
WP0651	HG	20240621	HG|20240621|2	108	120	0.00425	1.63715e-06	-1	50944	51052	1745	-930	2675
WP0652	HG	20240621	HG|20240621|2	78	120	0.001	3.85212e-07	-1	51130	51052	1613.75	-930	2543.75
WP0653	HG	20240627	HG|20240627|2	6	120	0.0015	6.48221e-07	-1	52223	52217	1070	-930	2000
WP0654	HG	20240627	HG|20240627|2	91	120	0.00125	5.40184e-07	-1	53509	53600	1107.5	-930	2037.5
WP0655	HG	20240627	HG|20240627|2	51	120	0.005	2.16074e-06	-1	55889	55940	1157.5	-930	2087.5
WP0656	HG	20240627	HG|20240627|2	98	120	0.002	8.64295e-07	-1	56038	55940	1232.5	-930	2162.5
WP0657	HG	20240627	HG|20240627|2	62	120	0.00425	1.83663e-06	-1	57573	57635	1032.5	-930	1962.5
WP0658	HG	20240627	HG|20240627|2	106	120	0.00075	3.24111e-07	-1	57741	57635	1120	-930	2050
WP0659	HG	20240627	HG|20240627|2	87	120	0.00375	1.62055e-06	-1	58000	57913	1045	-930	1975
WP0660	HG	20240628	HG|20240628|0	80	120	0.0045	1.98888e-06	1	11961	11881	1013.75	-930	1943.75
WP0661	NKD	20240102	NKD|20240102|0	140	150	0	0	1	2301	2441	1070	-955	2025
WP0662	NKD	20240102	NKD|20240102|0	73	150	10	0.00523555	1	2514	2441	1020	-955	1975
WP0663	NKD	20240102	NKD|20240102|0	119	150	2.5	0.00130889	1	4106	4225	1157.5	-955	2112.5
WP0664	NKD	20240102	NKD|20240102|0	86	150	17.5	0.00916221	1	5161	5247	1182.5	-955	2137.5
WP0665	NKD	20240102	NKD|20240102|0	142	150	15	0.00785333	1	6327	6185	1270	-955	2225
WP0666	NKD	20240102	NKD|20240102|2	84	150	10	0.00523555	-1	63181	63265	1082.5	-955	2037.5
WP0667	NKD	20240102	NKD|20240102|2	130	150	10	0.00523555	-1	66777	66907	1107.5	-955	2062.5
WP0668	NKD	20240104	NKD|20240104|0	34	150	50	0.0261643	1	3688	3722	2295	-930	3225
WP0669	NKD	20240104	NKD|20240104|0	13	150	5	0.00261643	1	4321	4334	2545	-930	3475
WP0670	NKD	20240104	NKD|20240104|0	39	150	5	0.00261643	1	4660	4621	2745	-930	3675
WP0671	NKD	20240104	NKD|20240104|0	134	150	40	0.0209315	1	5427	5293	2270	-930	3200
WP0672	NKD	20240104	NKD|20240104|0	29	150	12.5	0.00654108	1	5885	5914	2195	-930	3125
WP0673	NKD	20240104	NKD|20240104|0	126	150	52.5	0.0274726	1	6482	6356	1807.5	-930	2737.5
WP0674	NKD	20240104	NKD|20240104|0	78	150	12.5	0.00654108	1	6869	6791	1682.5	-930	2612.5
WP0675	NKD	20240104	NKD|20240104|0	70	150	5	0.00261643	1	7094	7024	1720	-930	2650
WP0676	NKD	20240104	NKD|20240104|0	110	150	32.5	0.0170068	1	8180	8070	1545	-930	2475
WP0677	NKD	20240104	NKD|20240104|0	94	150	52.5	0.0274726	1	8562	8468	1007.5	-930	1937.5
WP0678	NKD	20240104	NKD|20240104|0	36	150	25	0.0130822	1	8833	8797	1057.5	-930	1987.5
WP0679	NKD	20240104	NKD|20240104|0	60	150	7.5	0.00392465	1	12416	12476	1107.5	-930	2037.5
WP0680	NKD	20240108	NKD|20240108|2	140	150	2.5	0.00129716	1	54152	54012	2195	-930	3125
WP0681	NKD	20240108	NKD|20240108|2	100	150	12.5	0.0064858	1	54152	54252	2195	-930	3125
WP0682	NKD	20240108	NKD|20240108|2	141	150	0	0	1	58678	58537	1707.5	-930	2637.5
WP0683	NKD	20240108	NKD|20240108|2	56	150	5	0.00259432	1	58899	58843	1657.5	-930	2587.5
WP0684	NKD	20240108	NKD|20240108|2	117	150	10	0.00518864	1	61808	61925	1432.5	-930	2362.5
WP0685	NKD	20240108	NKD|20240108|2	102	150	5	0.00259432	1	62544	62646	1470	-930	2400
WP0686	NKD	20240109	NKD|20240109|2	54	150	0	0	1	53495	53549	1095	-930	2025
WP0687	NKD	20240109	NKD|20240109|2	5	150	5	0.00246329	1	55898	55893	1070	-930	2000
WP0688	NKD	20240109	NKD|20240109|2	38	150	10	0.00492659	1	56559	56597	1195	-930	2125
WP0689	NKD	20240110	NKD|20240110|0	115	150	7.5	0.00370535	1	3733	3618	2607.5	-930	3537.5
WP0690	NKD	20240110	NKD|20240110|0	60	150	35	0.0172916	1	3733	3793	2607.5	-930	3537.5
WP0691	NKD	20240110	NKD|20240110|0	50	150	5	0.00247023	1	4320	4270	2657.5	-930	3587.5
WP0692	NKD	20240110	NKD|20240110|0	26	150	10	0.00494046	1	4680	4654	2507.5	-930	3437.5
WP0693	NKD	20240110	NKD|20240110|0	57	150	5	0.00247023	1	5005	4948	2507.5	-930	3437.5
WP0694	NKD	20240110	NKD|20240110|0	13	150	5	0.00247023	1	5437	5424	1832.5	-930	2762.5
WP0695	NKD	20240110	NKD|20240110|0	115	150	10	0.00494046	1	7643	7528	1232.5	-930	2162.5
WP0696	NKD	20240110	NKD|20240110|2	89	150	7.5	0.00370535	1	67300	67389	1032.5	-930	1962.5
WP0697	NKD	20240111	NKD|20240111|0	14	150	15	0.00659324	1	2609	2623	1282.5	-955	2237.5
WP0698	NKD	20240111	NKD|20240111|0	74	150	7.5	0.00329662	1	3076	3002	1370	-955	2325
WP0699	NKD	20240111	NKD|20240111|0	31	150	7.5	0.00329662	1	3689	3720	1332.5	-955	2287.5
WP0700	NKD	20240111	NKD|20240111|0	48	150	10	0.00439549	1	4064	4016	1507.5	-955	2462.5
WP0701	NKD	20240111	NKD|20240111|0	93	150	25	0.0109887	1	4368	4275	1457.5	-955	2412.5
WP0702	NKD	20240111	NKD|20240111|0	52	150	12.5	0.00549436	1	5072	5124	1932.5	-955	2887.5
WP0703	NKD	20240111	NKD|20240111|0	101	150	62.5	0.0274718	1	5225	5124	1557.5	-955	2512.5
WP0704	NKD	20240111	NKD|20240111|0	134	150	50	0.0219775	1	5225	5359	1557.5	-955	2512.5
WP0705	NKD	20240111	NKD|20240111|0	41	150	5	0.00219775	1	6169	6128	1682.5	-955	2637.5
WP0706	NKD	20240111	NKD|20240111|0	91	150	5	0.00219775	1	6605	6514	1307.5	-955	2262.5
WP0707	NKD	20240111	NKD|20240111|0	115	150	5	0.00219775	1	6605	6720	1307.5	-955	2262.5
WP0708	NKD	20240111	NKD|20240111|0	44	150	22.5	0.00988985	1	6948	6992	1307.5	-955	2262.5
WP0709	NKD	20240111	NKD|20240111|0	34	150	12.5	0.00549436	1	7336	7370	1620	-955	2575
WP0710	NKD	20240111	NKD|20240111|0	101	150	27.5	0.0120876	1	7960	8061	1532.5	-955	2487.5
WP0711	NKD	20240111	NKD|20240111|0	133	150	0	0	1	8813	8946	1157.5	-955	2112.5
WP0712	NKD	20240112	NKD|20240112|0	86	150	30	0.0122046	1	8016	7930	1070	-955	2025
WP0713	NKD	20240112	NKD|20240112|0	29	150	10	0.0040682	1	8273	8302	1070	-955	2025
WP0714	NKD	20240112	NKD|20240112|0	122	150	7.5	0.00305115	1	15423	15545	1157.5	-955	2112.5
WP0715	NKD	20240115	NKD|20240115|0	144	150	65	0.0282339	1	2794	2650	2020	-955	2975
WP0716	NKD	20240115	NKD|20240115|0	60	150	5	0.00217184	1	4928	4868	1920	-955	2875
WP0717	NKD	20240115	NKD|20240115|0	28	150	5	0.00217184	1	5580	5552	1695	-955	2650
WP0718	NKD	20240115	NKD|20240115|0	132	150	5	0.00217184	1	5580	5712	1695	-955	2650
WP0719	NKD	20240115	NKD|20240115|0	113	150	5	0.00217184	1	5825	5712	1645	-955	2600
WP0720	NKD	20240115	NKD|20240115|0	62	150	20	0.00868737	1	9354	9292	1020	-955	1975
WP0721	NKD	20240115	NKD|20240115|0	99	150	12.5	0.00542961	1	10006	10105	1007.5	-955	1962.5
WP0722	NKD	20240116	NKD|20240116|0	80	150	0	0	-1	1846	1926	2120	-955	3075
WP0723	NKD	20240116	NKD|20240116|0	33	150	22.5	0.00942309	-1	2821	2788	1245	-955	2200
WP0724	NKD	20240116	NKD|20240116|0	78	150	12.5	0.00523505	-1	3098	3176	1420	-955	2375
WP0725	NKD	20240117	NKD|20240117|0	90	150	5	0.00205485	-1	4531	4441	2595	-955	3550
WP0726	NKD	20240117	NKD|20240117|0	81	150	5	0.00205485	-1	5595	5514	2620	-955	3575
WP0727	NKD	20240117	NKD|20240117|0	146	150	2.5	0.00102742	-1	5595	5741	2620	-955	3575
WP0728	NKD	20240117	NKD|20240117|0	123	150	22.5	0.00924682	-1	5864	5741	2720	-955	3675
WP0729	NKD	20240117	NKD|20240117|0	46	150	10	0.0041097	-1	5864	5910	2720	-955	3675
WP0730	NKD	20240117	NKD|20240117|0	99	150	0	0	-1	8533	8632	3057.5	-955	4012.5
WP0731	NKD	20240117	NKD|20240117|0	83	150	5	0.00205485	-1	8873	8790	3170	-955	4125
WP0732	NKD	20240117	NKD|20240117|0	109	150	25	0.0102742	-1	9200	9309	3270	-955	4225
WP0733	NKD	20240117	NKD|20240117|0	101	150	82.5	0.033905	-1	9882	9983	2032.5	-955	2987.5
WP0734	NKD	20240117	NKD|20240117|0	35	150	15	0.00616455	-1	10018	9983	1695	-955	2650
WP0735	NKD	20240117	NKD|20240117|0	122	150	12.5	0.00513712	-1	11031	10909	1795	-955	2750
WP0736	NKD	20240117	NKD|20240117|0	53	150	2.5	0.00102742	-1	11640	11587	1557.5	-955	2512.5
WP0737	NKD	20240117	NKD|20240117|0	74	150	17.5	0.00719197	-1	12734	12808	1232.5	-955	2187.5
WP0738	NKD	20240117	NKD|20240117|0	52	150	5	0.00205485	-1	13684	13632	1195	-955	2150
WP0739	NKD	20240117	NKD|20240117|0	121	150	15	0.00616455	-1	13684	13805	1195	-955	2150
WP0740	NKD	20240118	NKD|20240118|2	150	150	15	0.00577796	1	53268	53418	1457.5	-955	2412.5
WP0741	NKD	20240118	NKD|20240118|2	91	150	2.5	0.000962994	1	54223	54314	1545	-955	2500
WP0742	NKD	20240118	NKD|20240118|2	52	150	5	0.00192599	1	55840	55892	1370	-955	2325
WP0743	NKD	20240118	NKD|20240118|2	79	150	15	0.00577796	1	69922	69843	1157.5	-955	2112.5
WP0744	NKD	20240118	NKD|20240118|2	133	150	0	0	1	69922	70055	1157.5	-955	2112.5
WP0745	NKD	20240119	NKD|20240119|2	123	150	5	0.00187234	1	56398	56521	1157.5	-930	2087.5
WP0746	NKD	20240119	NKD|20240119|2	77	150	0	0	1	56598	56521	1132.5	-930	2062.5
WP0747	NKD	20240119	NKD|20240119|2	134	150	10	0.00374468	1	56598	56732	1132.5	-930	2062.5
WP0748	NKD	20240122	NKD|20240122|0	2	150	2.5	0.00100037	1	42	44	1257.5	-955	2212.5
WP0749	NKD	20240122	NKD|20240122|0	25	150	15	0.0060022	1	2520	2545	1045	-955	2000
WP0750	NKD	20240122	NKD|20240122|0	87	150	75	0.030011	1	3678	3591	1120	-955	2075
WP0751	NKD	20240122	NKD|20240122|0	43	150	5	0.00200073	1	3678	3721	1120	-955	2075
WP0752	NKD	20240122	NKD|20240122|0	90	150	25	0.0100037	1	10263	10353	1070	-955	2025
WP0753	NKD	20240122	NKD|20240122|0	139	150	5	0.00200073	1	10665	10526	1070	-955	2025
WP0754	NKD	20240122	NKD|20240122|0	117	150	20	0.00800294	1	10665	10782	1070	-955	2025
WP0755	NKD	20240122	NKD|20240122|0	105	150	37.5	0.0150055	1	10985	11090	1307.5	-955	2262.5
WP0756	NKD	20240122	NKD|20240122|0	81	150	0	0	1	11421	11502	1095	-955	2050
WP0757	NKD	20240122	NKD|20240122|0	147	150	12.5	0.00500184	1	12799	12652	1082.5	-955	2037.5
WP0758	NKD	20240123	NKD|20240123|0	58	150	5	0.00201799	-1	6604	6662	1270	-955	2225
WP0759	NKD	20240123	NKD|20240123|0	45	150	30	0.0121079	-1	10817	10862	1445	-955	2400
WP0760	NKD	20240123	NKD|20240123|0	76	150	0	0	-1	11980	11904	1595	-955	2550
WP0761	NKD	20240123	NKD|20240123|0	68	150	2.5	0.00100899	-1	13065	12997	1632.5	-955	2587.5
WP0762	NKD	20240123	NKD|20240123|0	17	150	57.5	0.0232068	-1	15081	15064	1870	-955	2825
WP0763	NKD	20240123	NKD|20240123|0	66	150	25	0.0100899	-1	15593	15659	1870	-955	2825
WP0764	NKD	20240123	NKD|20240123|0	13	150	2.5	0.00100899	-1	16271	16284	1907.5	-955	2862.5
WP0765	NKD	20240123	NKD|20240123|1	56	150	12.5	0.00504496	-1	27603	27659	1220	-955	2175
WP0766	NKD	20240123	NKD|20240123|1	44	150	0	0	-1	28185	28229	1007.5	-955	1962.5
WP0767	NKD	20240124	NKD|20240124|2	132	150	2.5	0.000947281	-1	68613	68745	1332.5	-955	2287.5
WP0768	NKD	20240124	NKD|20240124|2	71	150	12.5	0.00473641	-1	69039	69110	1370	-955	2325
WP0769	NKD	20240124	NKD|20240124|2	122	150	10	0.00378913	-1	70902	71024	1057.5	-955	2012.5
WP0770	NKD	20240125	NKD|20240125|0	122	150	30	0.0114531	1	10381	10259	1420	-955	2375
WP0771	NKD	20240126	NKD|20240126|0	7	150	0	0	-1	28	21	1482.5	-955	2437.5
WP0772	NKD	20240126	NKD|20240126|0	44	150	7.5	0.00290542	-1	1979	1935	1082.5	-955	2037.5
WP0773	NKD	20240126	NKD|20240126|0	112	150	10	0.00387389	-1	2923	2811	1207.5	-955	2162.5
WP0774	NKD	20240126	NKD|20240126|0	105	150	25	0.00968474	-1	3365	3260	1082.5	-955	2037.5
WP0775	NKD	20240126	NKD|20240126|0	19	150	15	0.00581084	-1	4248	4229	1070	-955	2025
WP0776	NKD	20240126	NKD|20240126|0	65	150	10	0.00387389	-1	5723	5788	1195	-955	2150
WP0777	NKD	20240126	NKD|20240126|0	141	150	25	0.00968474	-1	6120	5979	1457.5	-955	2412.5
WP0778	NKD	20240126	NKD|20240126|0	38	150	25	0.00968474	-1	6120	6158	1457.5	-955	2412.5
WP0779	NKD	20240126	NKD|20240126|0	147	150	67.5	0.0261488	-1	6305	6158	1245	-955	2200
WP0780	NKD	20240126	NKD|20240126|0	123	150	37.5	0.0145271	-1	6715	6838	1182.5	-955	2137.5
WP0781	NKD	20240126	NKD|20240126|0	113	150	20	0.00774779	-1	8823	8710	1107.5	-955	2062.5
WP0782	NKD	20240126	NKD|20240126|0	118	150	10	0.00387389	-1	8823	8941	1107.5	-955	2062.5
WP0783	NKD	20240126	NKD|20240126|0	93	150	17.5	0.00677932	-1	9034	8941	1070	-955	2025
WP0784	NKD	20240130	NKD|20240130|2	78	150	5	0.00212028	-1	59288	59366	1282.5	-955	2237.5
WP0785	NKD	20240130	NKD|20240130|2	110	150	32.5	0.0137818	-1	66721	66831	1145	-955	2100
WP0786	NKD	20240130	NKD|20240130|2	110	150	5	0.00212028	-1	66941	66831	1007.5	-955	1962.5
WP0787	NKD	20240131	NKD|20240131|0	18	150	17.5	0.00734769	1	85	103	2970	-955	3925
WP0788	NKD	20240131	NKD|20240131|0	72	150	10	0.00419868	1	1920	1992	2670	-955	3625
WP0789	NKD	20240131	NKD|20240131|0	102	150	10	0.00419868	1	2244	2346	2770	-955	3725
WP0790	NKD	20240131	NKD|20240131|0	36	150	15	0.00629802	1	3746	3782	2995	-955	3950
WP0791	NKD	20240131	NKD|20240131|0	136	150	10	0.00419868	1	4009	4145	2870	-955	3825
WP0792	NKD	20240131	NKD|20240131|0	37	150	7.5	0.00314901	1	5341	5378	2607.5	-955	3562.5
WP0793	NKD	20240131	NKD|20240131|0	15	150	2.5	0.00104967	1	5722	5737	2820	-955	3775
WP0794	NKD	20240131	NKD|20240131|0	102	150	32.5	0.0136457	1	6462	6360	2620	-955	3575
WP0795	NKD	20240131	NKD|20240131|0	92	150	15	0.00629802	1	7541	7449	2820	-955	3775
WP0796	NKD	20240131	NKD|20240131|0	143	150	10	0.00419868	1	7541	7684	2820	-955	3775
WP0797	NKD	20240131	NKD|20240131|0	72	150	5	0.00209934	1	7756	7684	2795	-955	3750
WP0798	NKD	20240131	NKD|20240131|0	103	150	25	0.0104967	1	8539	8642	2745	-955	3700
WP0799	NKD	20240131	NKD|20240131|0	142	150	15	0.00629802	1	9998	9856	2470	-955	3425
WP0800	NKD	20240131	NKD|20240131|0	145	150	5	0.00209934	1	10684	10539	2295	-955	3250
WP0801	NKD	20240131	NKD|20240131|0	103	150	5	0.00209934	1	11297	11194	2182.5	-955	3137.5
WP0802	NKD	20240131	NKD|20240131|0	122	150	12.5	0.00524835	1	11923	11801	2182.5	-955	3137.5
WP0803	NKD	20240131	NKD|20240131|0	92	150	5	0.00209934	1	12184	12092	2195	-955	3150
WP0804	NKD	20240131	NKD|20240131|0	132	150	0	0	1	12603	12471	2245	-955	3200
WP0805	NKD	20240131	NKD|20240131|0	33	150	7.5	0.00314901	1	14235	14268	2320	-955	3275
WP0806	NKD	20240131	NKD|20240131|0	112	150	10	0.00419868	1	17046	16934	1845	-955	2800
WP0807	NKD	20240131	NKD|20240131|0	103	150	25	0.0104967	1	18147	18250	1820	-955	2775
WP0808	NKD	20240131	NKD|20240131|0	58	150	0	0	1	18308	18250	1695	-955	2650
WP0809	NKD	20240201	NKD|20240201|2	32	150	25	0.0101267	1	61649	61681	2020	-955	2975
WP0810	NKD	20240201	NKD|20240201|2	19	150	12.5	0.00506335	1	62113	62132	2432.5	-955	3387.5
WP0811	NKD	20240201	NKD|20240201|2	88	150	12.5	0.00506335	1	62656	62568	2157.5	-955	3112.5
WP0812	NKD	20240201	NKD|20240201|2	99	150	0	0	1	62987	62888	2132.5	-955	3087.5
WP0813	NKD	20240201	NKD|20240201|2	77	150	5	0.00202534	1	63547	63470	1920	-955	2875
WP0814	NKD	20240201	NKD|20240201|2	125	150	15	0.00607601	1	64315	64190	1757.5	-955	2712.5
WP0815	NKD	20240201	NKD|20240201|2	149	150	12.5	0.00506335	1	66437	66288	1345	-955	2300
WP0816	NKD	20240201	NKD|20240201|2	128	150	5	0.00202534	1	66437	66565	1345	-955	2300
WP0817	NKD	20240201	NKD|20240201|2	96	150	22.5	0.00911402	1	67384	67480	1382.5	-955	2337.5
WP0818	NKD	20240201	NKD|20240201|2	105	150	15	0.00607601	1	67585	67480	1195	-955	2150
WP0819	NKD	20240201	NKD|20240201|2	95	150	20	0.00810135	1	69737	69642	1020	-955	1975
WP0820	NKD	20240201	NKD|20240201|2	120	150	5	0.00202534	1	70851	70731	1120	-955	2075
WP0821	NKD	20240202	NKD|20240202|0	143	150	0	0	-1	14229	14086	1095	-955	2050
WP0822	NKD	20240202	NKD|20240202|2	28	150	17.5	0.00701134	1	52221	52249	1457.5	-955	2412.5
WP0823	NKD	20240202	NKD|20240202|2	36	150	2.5	0.00100162	1	53576	53540	1320	-955	2275
WP0824	NKD	20240202	NKD|20240202|2	110	150	15	0.00600972	1	55910	55800	1370	-955	2325
WP0825	NKD	20240202	NKD|20240202|2	54	150	10	0.00400648	1	56515	56569	1457.5	-955	2412.5
WP0826	NKD	20240202	NKD|20240202|2	31	150	5	0.00200324	1	57400	57369	1257.5	-955	2212.5
WP0827	NKD	20240202	NKD|20240202|2	46	150	30	0.0120194	1	57984	57938	1132.5	-955	2087.5
WP0828	NKD	20240202	NKD|20240202|2	75	150	12.5	0.0050081	1	58575	58500	1120	-955	2075
WP0829	NKD	20240205	NKD|20240205|2	120	150	37.5	0.0162317	1	58793	58673	1057.5	-955	2012.5
WP0830	NKD	20240206	NKD|20240206|0	145	150	5	0.00219204	-1	3187	3042	1045	-955	2000
WP0831	NKD	20240206	NKD|20240206|0	130	150	25	0.0109602	-1	3187	3317	1045	-955	2000
WP0832	NKD	20240207	NKD|20240207|2	89	150	0	0	1	57103	57192	1107.5	-955	2062.5
WP0833	NKD	20240207	NKD|20240207|2	99	150	10	0.00432228	1	57354	57453	1170	-955	2125
WP0834	NKD	20240208	NKD|20240208|0	131	150	5	0.0021316	1	3006	2875	2732.5	-955	3687.5
WP0835	NKD	20240208	NKD|20240208|0	56	150	20	0.0085264	1	3720	3776	2532.5	-955	3487.5
WP0836	NKD	20240208	NKD|20240208|0	126	150	40	0.0170528	1	4443	4569	2432.5	-955	3387.5
WP0837	NKD	20240208	NKD|20240208|0	51	150	5	0.0021316	1	4620	4569	2657.5	-955	3612.5
WP0838	NKD	20240208	NKD|20240208|0	136	150	2.5	0.0010658	1	4969	5105	2457.5	-955	3412.5
WP0839	NKD	20240208	NKD|20240208|0	107	150	37.5	0.015987	1	5212	5105	2282.5	-955	3237.5
WP0840	NKD	20240208	NKD|20240208|0	26	150	10	0.0042632	1	5415	5389	2282.5	-955	3237.5
WP0841	NKD	20240208	NKD|20240208|0	146	150	5	0.0021316	1	5415	5561	2282.5	-955	3237.5
WP0842	NKD	20240208	NKD|20240208|0	31	150	15	0.0063948	1	5592	5561	2332.5	-955	3287.5
WP0843	NKD	20240208	NKD|20240208|0	116	150	7.5	0.0031974	1	6291	6407	2670	-955	3625
WP0844	NKD	20240208	NKD|20240208|0	91	150	0	0	1	6498	6407	2632.5	-955	3587.5
WP0845	NKD	20240208	NKD|20240208|0	87	150	0	0	1	6498	6585	2632.5	-955	3587.5
WP0846	NKD	20240208	NKD|20240208|0	133	150	15	0.0063948	1	8189	8056	2370	-955	3325
WP0847	NKD	20240208	NKD|20240208|0	129	150	22.5	0.0095922	1	9913	9784	2332.5	-955	3287.5
WP0848	NKD	20240208	NKD|20240208|0	138	150	0	0	1	9913	10051	2332.5	-955	3287.5
WP0849	NKD	20240208	NKD|20240208|0	150	150	12.5	0.005329	1	10201	10051	2270	-955	3225
WP0850	NKD	20240208	NKD|20240208|0	28	150	17.5	0.0074606	1	11030	11002	1070	-955	2025
WP0851	NKD	20240208	NKD|20240208|0	54	150	37.5	0.015987	1	11453	11399	1070	-955	2025
WP0852	NKD	20240208	NKD|20240208|2	137	150	27.5	0.0117238	1	51637	51774	1170	-955	2125
WP0853	NKD	20240208	NKD|20240208|2	121	150	0	0	1	52535	52414	1307.5	-955	2262.5
WP0854	NKD	20240208	NKD|20240208|2	65	150	5	0.0021316	1	53953	53888	1370	-955	2325
WP0855	NKD	20240208	NKD|20240208|2	94	150	20	0.0085264	1	56517	56423	1432.5	-955	2387.5
WP0856	NKD	20240208	NKD|20240208|2	69	150	15	0.0063948	1	56517	56586	1432.5	-955	2387.5
WP0857	NKD	20240208	NKD|20240208|2	119	150	2.5	0.0010658	1	57213	57094	1307.5	-955	2262.5
WP0858	NKD	20240208	NKD|20240208|2	131	150	5	0.0021316	1	57972	57841	1232.5	-955	2187.5
WP0859	NKD	20240208	NKD|20240208|2	100	150	25	0.010658	1	59474	59574	1182.5	-955	2137.5
WP0860	NKD	20240208	NKD|20240208|2	117	150	5	0.0021316	1	59691	59574	1032.5	-955	1987.5
WP0861	NKD	20240209	NKD|20240209|0	17	150	5	0.00202058	-1	6154	6171	1557.5	-955	2512.5
WP0862	NKD	20240209	NKD|20240209|0	22	150	22.5	0.0090926	-1	6425	6447	1645	-955	2600
WP0863	NKD	20240209	NKD|20240209|0	56	150	0	0	-1	7996	7940	1457.5	-955	2412.5
WP0864	NKD	20240209	NKD|20240209|0	52	150	10	0.00404116	-1	8547	8495	1307.5	-955	2262.5
WP0865	NKD	20240209	NKD|20240209|0	150	150	10	0.00404116	-1	9723	9573	1057.5	-955	2012.5
WP0866	NKD	20240213	NKD|20240213|0	77	150	35	0.0150783	1	3721	3644	3420	-930	4350
WP0867	NKD	20240213	NKD|20240213|0	87	150	42.5	0.0183094	1	4621	4534	3295	-930	4225
WP0868	NKD	20240213	NKD|20240213|0	150	150	22.5	0.00969322	1	4929	4779	3595	-930	4525
WP0869	NKD	20240213	NKD|20240213|0	82	150	27.5	0.0118473	1	5525	5443	3120	-930	4050
WP0870	NKD	20240213	NKD|20240213|0	128	150	22.5	0.00969322	1	5892	6020	3207.5	-930	4137.5
WP0871	NKD	20240213	NKD|20240213|0	23	150	5	0.00215405	1	6487	6510	3570	-930	4500
WP0872	NKD	20240213	NKD|20240213|0	129	150	15	0.00646215	1	6859	6730	3645	-930	4575
WP0873	NKD	20240213	NKD|20240213|0	61	150	5	0.00215405	1	7135	7074	3620	-930	4550
WP0874	NKD	20240213	NKD|20240213|0	112	150	15	0.00646215	1	8062	7950	3720	-930	4650
WP0875	NKD	20240213	NKD|20240213|0	84	150	7.5	0.00323107	1	9012	8928	3145	-930	4075
WP0876	NKD	20240213	NKD|20240213|0	27	150	12.5	0.00538512	1	10277	10250	2945	-930	3875
WP0877	NKD	20240213	NKD|20240213|0	146	150	35	0.0150783	1	10277	10423	2945	-930	3875
WP0878	NKD	20240213	NKD|20240213|0	79	150	40	0.0172324	1	16140	16219	2107.5	-930	3037.5
WP0879	NKD	20240213	NKD|20240213|0	97	150	32.5	0.0140013	1	16723	16626	2120	-930	3050
WP0880	NKD	20240213	NKD|20240213|0	83	150	27.5	0.0118473	1	17533	17450	1957.5	-930	2887.5
WP0881	NKD	20240213	NKD|20240213|0	108	150	2.5	0.00107702	1	17533	17641	1957.5	-930	2887.5
WP0882	NKD	20240213	NKD|20240213|0	146	150	35	0.0150783	1	18986	18840	2182.5	-930	3112.5
WP0883	NKD	20240213	NKD|20240213|0	63	150	20	0.0086162	1	18986	19049	2182.5	-930	3112.5
WP0884	NKD	20240213	NKD|20240213|0	139	150	17.5	0.00753917	1	19481	19620	2132.5	-930	3062.5
WP0885	NKD	20240213	NKD|20240213|0	97	150	10	0.0043081	1	20648	20551	1720	-930	2650
WP0886	NKD	20240213	NKD|20240213|0	107	150	5	0.00215405	1	22403	22296	1920	-930	2850
WP0887	NKD	20240213	NKD|20240213|0	47	150	2.5	0.00107702	1	23072	23025	1770	-930	2700
WP0888	NKD	20240213	NKD|20240213|0	99	150	10	0.0043081	1	23736	23637	1520	-930	2450
WP0889	NKD	20240213	NKD|20240213|0	74	150	37.5	0.0161554	1	25389	25315	1045	-930	1975
WP0890	NKD	20240213	NKD|20240213|1	58	150	20	0.0086162	-1	27082	27024	1007.5	-930	1937.5
WP0891	NKD	20240213	NKD|20240213|1	136	150	7.5	0.00323107	-1	28626	28762	1082.5	-930	2012.5
WP0892	NKD	20240213	NKD|20240213|2	119	150	5	0.00215405	-1	51309	51190	1220	-930	2150
WP0893	NKD	20240214	NKD|20240214|2	39	150	0	0	1	61467	61506	1120	-955	2075
WP0894	NKD	20240214	NKD|20240214|2	108	150	0	0	1	62108	62216	1070	-955	2025
WP0895	NKD	20240214	NKD|20240214|2	106	150	10	0.00399421	1	62474	62580	1132.5	-955	2087.5
WP0896	NKD	20240215	NKD|20240215|2	73	150	10	0.00397337	1	52219	52292	1895	-930	2825
WP0897	NKD	20240215	NKD|20240215|2	32	150	0	0	1	52324	52292	1945	-930	2875
WP0898	NKD	20240215	NKD|20240215|2	72	150	32.5	0.0129134	1	56858	56786	1357.5	-930	2287.5
WP0899	NKD	20240215	NKD|20240215|2	11	150	7.5	0.00298003	1	59667	59678	1357.5	-930	2287.5
WP0900	NKD	20240215	NKD|20240215|2	53	150	7.5	0.00298003	1	60797	60744	1107.5	-930	2037.5
WP0901	NKD	20240215	NKD|20240215|2	127	150	7.5	0.00298003	1	63174	63301	1170	-930	2100
WP0902	NKD	20240216	NKD|20240216|0	85	150	17.5	0.00674135	-1	4306	4221	1132.5	-955	2087.5
WP0903	NKD	20240216	NKD|20240216|0	76	150	52.5	0.0202241	-1	4306	4382	1132.5	-955	2087.5
WP0904	NKD	20240216	NKD|20240216|0	102	150	2.5	0.000963051	-1	4944	5046	1045	-955	2000
WP0905	NKD	20240216	NKD|20240216|0	98	150	10	0.0038522	-1	7089	7187	1170	-955	2125
WP0906	NKD	20240216	NKD|20240216|0	44	150	12.5	0.00481525	-1	7425	7381	1320	-955	2275
WP0907	NKD	20240216	NKD|20240216|0	114	150	7.5	0.00288915	-1	7640	7754	1182.5	-955	2137.5
WP0908	NKD	20240216	NKD|20240216|2	117	150	15	0.0057783	-1	52216	52333	1870	-955	2825
WP0909	NKD	20240216	NKD|20240216|2	113	150	10	0.0038522	-1	52769	52656	1570	-955	2525
WP0910	NKD	20240216	NKD|20240216|2	70	150	0	0	-1	56920	56850	1057.5	-955	2012.5
WP0911	NKD	20240216	NKD|20240216|2	61	150	10	0.0038522	-1	63185	63124	1245	-955	2200
WP0912	NKD	20240216	NKD|20240216|2	74	150	10	0.0038522	-1	64330	64404	1182.5	-955	2137.5
WP0913	NKD	20240216	NKD|20240216|2	150	150	0	0	-1	74410	74560	1182.5	-955	2137.5
WP0914	NKD	20240220	NKD|20240220|0	150	150	5	0.00206685	-1	8923	9073	1082.5	-955	2037.5
WP0915	NKD	20240221	NKD|20240221|2	58	150	10	0.00404493	1	55876	55818	2395	-930	3325
WP0916	NKD	20240221	NKD|20240221|2	85	150	12.5	0.00505616	1	56539	56454	2020	-930	2950
WP0917	NKD	20240221	NKD|20240221|2	89	150	15	0.00606739	1	56881	56970	2145	-930	3075
WP0918	NKD	20240221	NKD|20240221|2	125	150	25	0.0101123	1	57095	56970	1945	-930	2875
WP0919	NKD	20240221	NKD|20240221|2	90	150	2.5	0.00101123	1	63442	63532	1957.5	-930	2887.5
WP0920	NKD	20240221	NKD|20240221|2	136	150	42.5	0.0171909	1	68475	68611	2045	-930	2975
WP0921	NKD	20240221	NKD|20240221|2	117	150	2.5	0.00101123	1	68728	68611	2270	-930	3200
WP0922	NKD	20240221	NKD|20240221|2	79	150	20	0.00808986	1	69049	68970	2070	-930	3000
WP0923	NKD	20240221	NKD|20240221|2	21	150	5	0.00202246	1	72128	72149	2132.5	-930	3062.5
WP0924	NKD	20240221	NKD|20240221|2	99	150	17.5	0.00707862	1	75825	75726	2457.5	-930	3387.5
WP0925	NKD	20240221	NKD|20240221|2	118	150	22.5	0.00910109	1	75825	75943	2457.5	-930	3387.5
WP0926	NKD	20240221	NKD|20240221|2	117	150	10	0.00404493	1	76785	76902	2595	-930	3525
WP0927	NKD	20240221	NKD|20240221|2	23	150	0	0	1	80556	80579	1957.5	-930	2887.5
WP0928	NKD	20240222	NKD|20240222|0	52	150	5	0.00196345	1	1974	1922	1757.5	-930	2687.5
WP0929	NKD	20240222	NKD|20240222|0	30	150	20	0.0078538	1	2688	2658	1720	-930	2650
WP0930	NKD	20240222	NKD|20240222|0	21	150	0	0	1	3102	3081	1645	-930	2575
WP0931	NKD	20240222	NKD|20240222|0	147	150	25	0.00981725	1	3296	3443	1620	-930	2550
WP0932	NKD	20240222	NKD|20240222|0	126	150	5	0.00196345	1	3569	3443	1720	-930	2650
WP0933	NKD	20240222	NKD|20240222|0	71	150	15	0.00589035	1	4473	4544	1932.5	-930	2862.5
WP0934	NKD	20240222	NKD|20240222|0	107	150	25	0.00981725	1	5081	5188	1920	-930	2850
WP0935	NKD	20240222	NKD|20240222|0	53	150	22.5	0.00883553	1	5820	5873	2432.5	-930	3362.5
WP0936	NKD	20240222	NKD|20240222|0	119	150	15	0.00589035	1	5992	5873	2245	-930	3175
WP0937	NKD	20240222	NKD|20240222|0	37	150	15	0.00589035	1	7133	7096	1520	-930	2450
WP0938	NKD	20240222	NKD|20240222|0	117	150	10	0.0039269	1	7133	7250	1520	-930	2450
WP0939	NKD	20240222	NKD|20240222|0	69	150	20	0.0078538	1	7319	7250	1370	-930	2300
WP0940	NKD	20240222	NKD|20240222|0	118	150	0	0	1	8046	7928	1495	-930	2425
WP0941	NKD	20240222	NKD|20240222|0	136	150	62.5	0.0245431	1	8197	8333	1095	-930	2025
WP0942	NKD	20240222	NKD|20240222|0	55	150	10	0.0039269	1	11405	11460	1745	-930	2675
WP0943	NKD	20240222	NKD|20240222|0	124	150	10	0.0039269	1	11584	11460	1645	-930	2575
WP0944	NKD	20240222	NKD|20240222|0	73	150	15	0.00589035	1	19468	19395	1245	-930	2175
WP0945	NKD	20240222	NKD|20240222|0	111	150	12.5	0.00490863	1	21032	20921	1282.5	-930	2212.5
WP0946	NKD	20240222	NKD|20240222|0	91	150	7.5	0.00294518	1	21299	21208	1257.5	-930	2187.5
WP0947	NKD	20240222	NKD|20240222|0	43	150	2.5	0.000981725	1	21827	21784	1270	-930	2200
WP0948	NKD	20240222	NKD|20240222|2	118	150	20	0.0078538	1	60841	60959	1032.5	-930	1962.5
WP0949	NKD	20240226	NKD|20240226|0	21	150	25	0.0101959	-1	39	18	1032.5	-955	1987.5
WP0950	NKD	20240229	NKD|20240229|0	19	150	5	0.00216606	1	2821	2840	1320	-955	2275
WP0951	NKD	20240229	NKD|20240229|0	35	150	0	0	1	3751	3786	1295	-955	2250
WP0952	NKD	20240229	NKD|20240229|0	51	150	20	0.00866423	1	4396	4345	1770	-955	2725
WP0953	NKD	20240229	NKD|20240229|0	69	150	27.5	0.0119133	1	10107	10176	1057.5	-955	2012.5
WP0954	NKD	20240229	NKD|20240229|0	132	150	35	0.0151624	1	10851	10719	1170	-955	2125
WP0955	NKD	20240229	NKD|20240229|0	104	150	25	0.0108303	1	11787	11683	1470	-955	2425
WP0956	NKD	20240229	NKD|20240229|0	109	150	0	0	1	11955	12064	1520	-955	2475
WP0957	NKD	20240229	NKD|20240229|0	82	150	2.5	0.00108303	1	12993	13075	1670	-955	2625
WP0958	NKD	20240229	NKD|20240229|0	31	150	12.5	0.00541514	1	16270	16239	1632.5	-955	2587.5
WP0959	NKD	20240229	NKD|20240229|0	93	150	20	0.00866423	1	16890	16797	1270	-955	2225
WP0960	NKD	20240229	NKD|20240229|0	108	150	17.5	0.0075812	1	17293	17401	1295	-955	2250
WP0961	NKD	20240229	NKD|20240229|0	67	150	7.5	0.00324909	1	17468	17401	1170	-955	2125
WP0962	NKD	20240229	NKD|20240229|2	72	150	27.5	0.0119133	1	63828	63900	1495	-955	2450
WP0963	NKD	20240229	NKD|20240229|2	94	150	5	0.00216606	1	63994	63900	1332.5	-955	2287.5
WP0964	NKD	20240301	NKD|20240301|0	30	150	12.5	0.00542284	1	2851	2821	3295	-955	4250
WP0965	NKD	20240301	NKD|20240301|0	76	150	2.5	0.00108457	1	3308	3384	3307.5	-955	4262.5
WP0966	NKD	20240301	NKD|20240301|0	37	150	5	0.00216913	1	3688	3725	3195	-955	4150
WP0967	NKD	20240301	NKD|20240301|0	12	150	5	0.00216913	1	4017	4005	2870	-955	3825
WP0968	NKD	20240301	NKD|20240301|0	149	150	20	0.00867654	1	4533	4384	2570	-955	3525
WP0969	NKD	20240301	NKD|20240301|0	132	150	7.5	0.0032537	1	4533	4665	2570	-955	3525
WP0970	NKD	20240301	NKD|20240301|0	129	150	77.5	0.0336216	1	4794	4665	2220	-955	3175
WP0971	NKD	20240301	NKD|20240301|0	11	150	0	0	1	5258	5247	2270	-955	3225
WP0972	NKD	20240301	NKD|20240301|0	132	150	25	0.0108457	1	6244	6112	2195	-955	3150
WP0973	NKD	20240301	NKD|20240301|0	105	150	5	0.00216913	1	6903	6798	1920	-955	2875
WP0974	NKD	20240301	NKD|20240301|0	74	150	7.5	0.0032537	1	6903	6977	1920	-955	2875
WP0975	NKD	20240301	NKD|20240301|0	143	150	35	0.0151839	1	7814	7671	1595	-955	2550
WP0976	NKD	20240301	NKD|20240301|0	33	150	2.5	0.00108457	1	8261	8228	1570	-955	2525
WP0977	NKD	20240301	NKD|20240301|0	92	150	22.5	0.0097611	1	8653	8745	1395	-955	2350
WP0978	NKD	20240301	NKD|20240301|0	46	150	0	0	1	9167	9121	1132.5	-955	2087.5
WP0979	NKD	20240301	NKD|20240301|2	53	150	15	0.0065074	1	43939	43886	1207.5	-955	2162.5
WP0980	NKD	20240301	NKD|20240301|2	58	150	2.5	0.00108457	1	56899	56957	1032.5	-955	1987.5
WP0981	NKD	20240301	NKD|20240301|2	79	150	0	0	1	57559	57638	1045	-955	2000
WP0982	NKD	20240301	NKD|20240301|2	82	150	12.5	0.00542284	1	57720	57638	1107.5	-955	2062.5
WP0983	NKD	20240301	NKD|20240301|2	61	150	5	0.00216913	1	58321	58382	1095	-955	2050
WP0984	NKD	20240305	NKD|20240305|0	59	150	10	0.0043718	1	9138	9197	1120	-955	2075
WP0985	NKD	20240305	NKD|20240305|0	138	150	2.5	0.00109295	1	9335	9197	1057.5	-955	2012.5
WP0986	NKD	20240305	NKD|20240305|0	32	150	2.5	0.00109295	1	9335	9367	1057.5	-955	2012.5
WP0987	NKD	20240306	NKD|20240306|0	28	150	0	0	1	2838	2810	1220	-955	2175
WP0988	NKD	20240306	NKD|20240306|0	138	150	10	0.00430623	1	2838	2976	1220	-955	2175
WP0989	NKD	20240306	NKD|20240306|0	106	150	5	0.00215311	1	3082	2976	1145	-955	2100
WP0990	NKD	20240306	NKD|20240306|0	74	150	10	0.00430623	1	3596	3522	1120	-955	2075
WP0991	NKD	20240306	NKD|20240306|0	124	150	0	0	1	3596	3720	1120	-955	2075
WP0992	NKD	20240306	NKD|20240306|0	10	150	22.5	0.00968901	1	3730	3720	1007.5	-955	1962.5
WP0993	NKD	20240307	NKD|20240307|0	16	150	2.5	0.00102335	-1	1757	1773	3782.5	-980	4762.5
WP0994	NKD	20240307	NKD|20240307|0	149	150	7.5	0.00307006	-1	1922	1773	3757.5	-980	4737.5
WP0995	NKD	20240307	NKD|20240307|0	87	150	25	0.0102335	-1	1922	2009	3757.5	-980	4737.5
WP0996	NKD	20240307	NKD|20240307|0	89	150	25	0.0102335	-1	2098	2009	3757.5	-980	4737.5
WP0997	NKD	20240307	NKD|20240307|0	79	150	7.5	0.00307006	-1	2098	2177	3757.5	-980	4737.5
WP0998	NKD	20240307	NKD|20240307|0	145	150	5	0.0020467	-1	2322	2177	3820	-980	4800
WP0999	NKD	20240307	NKD|20240307|0	108	150	7.5	0.00307006	-1	2322	2430	3820	-980	4800
WP1000	NKD	20240307	NKD|20240307|0	20	150	15	0.00614011	-1	2755	2775	4020	-980	5000
WP1001	NKD	20240307	NKD|20240307|0	131	150	10	0.00409341	-1	3385	3516	4032.5	-980	5012.5
WP1002	NKD	20240307	NKD|20240307|0	23	150	12.5	0.00511676	-1	3708	3731	4107.5	-980	5087.5
WP1003	NKD	20240307	NKD|20240307|0	141	150	10	0.00409341	-1	4037	4178	4020	-980	5000
WP1004	NKD	20240307	NKD|20240307|0	114	150	15	0.00614011	-1	5667	5553	3470	-980	4450
WP1005	NKD	20240307	NKD|20240307|0	39	150	2.5	0.00102335	-1	6720	6681	3407.5	-980	4387.5
WP1006	NKD	20240307	NKD|20240307|0	123	150	12.5	0.00511676	-1	7630	7507	2932.5	-980	3912.5
WP1007	NKD	20240307	NKD|20240307|0	94	150	25	0.0102335	-1	8237	8143	2995	-980	3975
WP1008	NKD	20240307	NKD|20240307|0	82	150	5	0.0020467	-1	8484	8566	2870	-980	3850
WP1009	NKD	20240307	NKD|20240307|0	44	150	2.5	0.00102335	-1	9197	9241	2845	-980	3825
WP1010	NKD	20240307	NKD|20240307|0	43	150	17.5	0.00716346	-1	9598	9555	2357.5	-980	3337.5
WP1011	NKD	20240307	NKD|20240307|0	35	150	37.5	0.0153503	-1	10241	10206	1220	-980	2200
WP1012	NKD	20240307	NKD|20240307|1	122	150	17.5	0.00716346	1	35586	35464	1120	-980	2100
WP1013	NKD	20240307	NKD|20240307|1	136	150	42.5	0.017397	1	35942	36078	1132.5	-980	2112.5
WP1014	NKD	20240307	NKD|20240307|2	83	150	0	0	1	49969	50052	1382.5	-980	2362.5
WP1015	NKD	20240307	NKD|20240307|2	147	150	12.5	0.00511676	1	51004	50857	1495	-980	2475
WP1016	NKD	20240307	NKD|20240307|2	67	150	15	0.00614011	1	52259	52326	1232.5	-980	2212.5
WP1017	NKD	20240307	NKD|20240307|2	112	150	22.5	0.00921017	1	52597	52709	1220	-980	2200
WP1018	NKD	20240307	NKD|20240307|2	140	150	2.5	0.00102335	1	53793	53933	1320	-980	2300
WP1019	NKD	20240307	NKD|20240307|2	71	150	22.5	0.00921017	1	54221	54150	1282.5	-980	2262.5
WP1020	NKD	20240308	NKD|20240308|0	123	150	25	0.00910075	-1	10648	10771	1045	-955	2000
WP1021	NKD	20240308	NKD|20240308|0	135	150	2.5	0.000910075	-1	12228	12363	1070	-955	2025
WP1022	NKD	20240308	NKD|20240308|0	125	150	12.5	0.00455037	-1	17292	17417	1270	-955	2225
WP1023	NKD	20240308	NKD|20240308|0	112	150	15	0.00546045	-1	18888	18776	1270	-955	2225
WP1024	NKD	20240308	NKD|20240308|0	66	150	12.5	0.00455037	-1	19144	19078	1270	-955	2225
WP1025	NKD	20240308	NKD|20240308|1	33	150	5	0.00182015	-1	32586	32619	1145	-955	2100
WP1026	NKD	20240308	NKD|20240308|1	72	150	10	0.0036403	-1	32892	32820	1245	-955	2200
WP1027	NKD	20240308	NKD|20240308|1	131	150	12.5	0.00455037	-1	32892	33023	1245	-955	2200
WP1028	NKD	20240308	NKD|20240308|1	136	150	25	0.00910075	-1	34379	34515	1457.5	-955	2412.5
WP1029	NKD	20240308	NKD|20240308|2	27	150	15	0.00546045	-1	52260	52233	1670	-955	2625
WP1030	NKD	20240308	NKD|20240308|2	148	150	25	0.00910075	-1	53747	53599	1920	-955	2875
WP1031	NKD	20240308	NKD|20240308|2	65	150	2.5	0.000910075	-1	53953	54018	1907.5	-955	2862.5
WP1032	NKD	20240308	NKD|20240308|2	80	150	0	0	-1	54605	54685	2145	-955	3100
WP1033	NKD	20240308	NKD|20240308|2	103	150	30	0.0109209	-1	56240	56343	1707.5	-955	2662.5
WP1034	NKD	20240308	NKD|20240308|2	136	150	30	0.0109209	-1	56821	56957	2157.5	-955	3112.5
WP1035	NKD	20240308	NKD|20240308|2	131	150	5	0.00182015	-1	57324	57455	2182.5	-955	3137.5
WP1036	NKD	20240308	NKD|20240308|2	63	150	10	0.0036403	-1	57518	57455	2207.5	-955	3162.5
WP1037	NKD	20240308	NKD|20240308|2	148	150	12.5	0.00455037	-1	57518	57666	2207.5	-955	3162.5
WP1038	NKD	20240308	NKD|20240308|2	95	150	10	0.0036403	-1	57970	58065	2257.5	-955	3212.5
WP1039	NKD	20240308	NKD|20240308|2	55	150	12.5	0.00455037	-1	59152	59097	2320	-955	3275
WP1040	NKD	20240308	NKD|20240308|2	96	150	5	0.00182015	-1	59152	59248	2320	-955	3275
WP1041	NKD	20240308	NKD|20240308|2	49	150	0	0	-1	60131	60180	2270	-955	3225
WP1042	NKD	20240308	NKD|20240308|2	124	150	10	0.0036403	-1	60663	60539	2070	-955	3025
WP1043	NKD	20240308	NKD|20240308|2	86	150	12.5	0.00455037	-1	61298	61212	2270	-955	3225
WP1044	NKD	20240308	NKD|20240308|2	128	150	42.5	0.0154713	-1	62232	62104	1520	-955	2475
WP1045	NKD	20240308	NKD|20240308|2	73	150	7.5	0.00273022	-1	63614	63687	1295	-955	2250
WP1046	NKD	20240308	NKD|20240308|2	81	150	15	0.00546045	-1	63768	63687	1182.5	-955	2137.5
WP1047	NKD	20240308	NKD|20240308|2	30	150	12.5	0.00455037	-1	66817	66787	1057.5	-955	2012.5
WP1048	NKD	20240311	NKD|20240311|0	38	150	20	0.00727428	-1	6676	6714	1207.5	-955	2162.5
WP1049	NKD	20240311	NKD|20240311|0	110	150	7.5	0.00272785	1	23700	23810	1070	-955	2025
WP1050	NKD	20240311	NKD|20240311|0	69	150	2.5	0.000909285	1	23879	23810	1020	-955	1975
WP1051	NKD	20240311	NKD|20240311|0	104	150	2.5	0.000909285	1	24261	24365	1082.5	-955	2037.5
WP1052	NKD	20240311	NKD|20240311|0	104	150	25	0.00909285	1	24469	24365	1220	-955	2175
WP1053	NKD	20240311	NKD|20240311|0	109	150	10	0.00363714	1	24469	24578	1220	-955	2175
WP1054	NKD	20240311	NKD|20240311|0	136	150	5	0.00181857	1	25551	25415	1070	-955	2025
WP1055	NKD	20240311	NKD|20240311|0	139	150	25	0.00909285	1	26329	26468	1120	-955	2075
WP1056	NKD	20240311	NKD|20240311|1	7	150	30	0.0109114	-1	34261	34254	1307.5	-955	2262.5
WP1057	NKD	20240312	NKD|20240312|0	10	150	0	0	1	56	66	1332.5	-955	2287.5
WP1058	NKD	20240312	NKD|20240312|0	121	150	117.5	0.0410687	1	7256	7135	1357.5	-955	2312.5
WP1059	NKD	20240312	NKD|20240312|0	49	150	37.5	0.013107	1	7256	7305	1357.5	-955	2312.5
WP1060	NKD	20240312	NKD|20240312|0	19	150	12.5	0.00436901	1	7557	7576	1470	-955	2425
WP1061	NKD	20240312	NKD|20240312|0	131	150	60	0.0209712	1	7977	8108	1620	-955	2575
WP1062	NKD	20240312	NKD|20240312|0	131	150	80	0.0279616	1	8239	8108	1520	-955	2475
WP1063	NKD	20240312	NKD|20240312|0	109	150	27.5	0.00961181	1	8582	8473	1432.5	-955	2387.5
WP1064	NKD	20240312	NKD|20240312|0	29	150	20	0.00699041	1	10018	10047	1595	-955	2550
WP1065	NKD	20240312	NKD|20240312|0	123	150	25	0.00873801	1	10939	11062	1495	-955	2450
WP1066	NKD	20240312	NKD|20240312|0	104	150	15	0.00524281	1	11375	11479	1620	-955	2575
WP1067	NKD	20240312	NKD|20240312|0	124	150	12.5	0.00436901	1	11603	11479	1482.5	-955	2437.5
WP1068	NKD	20240312	NKD|20240312|0	140	150	10	0.0034952	1	12113	11973	1470	-955	2425
WP1069	NKD	20240312	NKD|20240312|0	141	150	45	0.0157284	1	12113	12254	1470	-955	2425
WP1070	NKD	20240312	NKD|20240312|0	135	150	37.5	0.013107	1	12602	12737	1820	-955	2775
WP1071	NKD	20240312	NKD|20240312|0	93	150	2.5	0.000873801	1	13181	13274	1845	-955	2800
WP1072	NKD	20240312	NKD|20240312|0	144	150	27.5	0.00961181	1	13418	13274	1695	-955	2650
WP1073	NKD	20240312	NKD|20240312|0	139	150	42.5	0.0148546	1	13785	13646	1307.5	-955	2262.5
WP1074	NKD	20240312	NKD|20240312|0	71	150	45	0.0157284	1	14797	14726	1020	-955	1975
WP1075	NKD	20240312	NKD|20240312|2	3	150	10	0.0034952	1	52219	52216	2445	-955	3400
WP1076	NKD	20240312	NKD|20240312|2	133	150	77.5	0.0270878	1	53001	53134	1757.5	-955	2712.5
WP1077	NKD	20240312	NKD|20240312|2	46	150	20	0.00699041	1	53180	53134	1470	-955	2425
WP1078	NKD	20240312	NKD|20240312|2	72	150	27.5	0.00961181	1	54651	54723	1532.5	-955	2487.5
WP1079	NKD	20240312	NKD|20240312|2	91	150	35	0.0122332	1	56610	56701	1670	-955	2625
WP1080	NKD	20240312	NKD|20240312|2	52	150	5	0.0017476	1	68973	69025	1007.5	-955	1962.5
WP1081	NKD	20240313	NKD|20240313|0	120	150	22.5	0.00761673	-1	7320	7200	2770	-955	3725
WP1082	NKD	20240313	NKD|20240313|0	51	150	10	0.00338521	-1	7868	7817	2332.5	-955	3287.5
WP1083	NKD	20240313	NKD|20240313|0	131	150	5	0.00169261	-1	7868	7999	2332.5	-955	3287.5
WP1084	NKD	20240313	NKD|20240313|0	126	150	25	0.00846304	-1	8125	7999	2232.5	-955	3187.5
WP1085	NKD	20240313	NKD|20240313|0	113	150	17.5	0.00592412	-1	8899	9012	2657.5	-955	3612.5
WP1086	NKD	20240313	NKD|20240313|0	111	150	42.5	0.0143872	-1	9123	9012	2357.5	-955	3312.5
WP1087	NKD	20240313	NKD|20240313|0	124	150	5	0.00169261	-1	9470	9346	2332.5	-955	3287.5
WP1088	NKD	20240313	NKD|20240313|0	78	150	10	0.00338521	-1	15076	15154	1032.5	-955	1987.5
WP1089	NKD	20240314	NKD|20240314|0	39	150	12.5	0.00415901	1	5535	5574	1070	-955	2025
WP1090	NKD	20240314	NKD|20240314|0	63	150	17.5	0.00582262	1	6416	6353	1082.5	-955	2037.5
WP1091	NKD	20240314	NKD|20240314|0	131	150	25	0.00831802	1	7445	7314	1445	-955	2400
WP1092	NKD	20240314	NKD|20240314|0	145	150	47.5	0.0158042	1	7961	7816	1032.5	-955	1987.5
WP1093	NKD	20240314	NKD|20240314|0	140	150	47.5	0.0158042	1	8406	8546	1095	-955	2050
WP1094	NKD	20240314	NKD|20240314|0	19	150	0	0	1	9155	9174	1620	-955	2575
WP1095	NKD	20240314	NKD|20240314|0	62	150	10	0.00332721	1	9712	9774	1670	-955	2625
WP1096	NKD	20240314	NKD|20240314|0	75	150	30	0.00998163	1	10282	10207	1245	-955	2200
WP1097	NKD	20240314	NKD|20240314|0	135	150	35	0.0116452	1	10745	10880	1595	-955	2550
WP1098	NKD	20240314	NKD|20240314|0	52	150	5	0.0016636	1	12357	12305	1195	-955	2150
WP1099	NKD	20240314	NKD|20240314|0	77	150	15	0.00499081	1	12874	12951	1570	-955	2525
WP1100	NKD	20240314	NKD|20240314|0	104	150	15	0.00499081	1	13055	12951	1420	-955	2375
WP1101	NKD	20240314	NKD|20240314|0	108	150	5	0.0016636	1	14104	13996	1095	-955	2050
WP1102	NKD	20240314	NKD|20240314|0	114	150	25	0.00831802	1	15337	15223	1045	-955	2000
WP1103	NKD	20240314	NKD|20240314|2	66	150	10	0.00332721	-1	52227	52293	1357.5	-955	2312.5
WP1104	NKD	20240314	NKD|20240314|2	122	150	0	0	-1	53243	53365	1395	-955	2350
WP1105	NKD	20240315	NKD|20240315|1	35	150	7.5	0.0024987	1	32038	32003	1595	-955	2550
WP1106	NKD	20240315	NKD|20240315|1	82	150	0	0	1	32376	32294	1532.5	-955	2487.5
WP1107	NKD	20240315	NKD|20240315|1	138	150	10	0.00333161	1	32868	32730	1545	-955	2500
WP1108	NKD	20240315	NKD|20240315|1	47	150	0	0	1	34815	34768	1070	-955	2025
WP1109	NKD	20240318	NKD|20240318|0	78	150	7.5	0.00269138	1	7708	7630	3282.5	-955	4237.5
WP1110	NKD	20240318	NKD|20240318|0	19	150	7.5	0.00269138	1	8214	8195	2282.5	-955	3237.5
WP1111	NKD	20240318	NKD|20240318|0	108	150	27.5	0.0098684	1	8775	8883	1732.5	-955	2687.5
WP1112	NKD	20240318	NKD|20240318|0	139	150	10	0.00358851	1	9022	8883	1820	-955	2775
WP1113	NKD	20240318	NKD|20240318|0	149	150	17.5	0.00627989	1	9821	9970	1182.5	-955	2137.5
WP1114	NKD	20240318	NKD|20240318|0	57	150	10	0.00358851	1	10027	9970	1220	-955	2175
WP1115	NKD	20240318	NKD|20240318|0	80	150	5	0.00179425	1	10427	10347	1195	-955	2150
WP1116	NKD	20240318	NKD|20240318|0	69	150	12.5	0.00448564	1	10855	10924	1095	-955	2050
WP1117	NKD	20240318	NKD|20240318|0	45	150	5	0.00179425	1	11463	11508	1070	-955	2025
WP1118	NKD	20240319	NKD|20240319|0	93	150	17.5	0.00594635	1	6421	6514	1270	-955	2225
WP1119	NKD	20240319	NKD|20240319|0	67	150	0	0	1	7260	7327	1345	-955	2300
WP1120	NKD	20240319	NKD|20240319|0	63	150	10	0.00339791	1	7747	7684	1345	-955	2300
WP1121	NKD	20240319	NKD|20240319|0	92	150	15	0.00509687	1	8145	8237	1570	-955	2525
WP1122	NKD	20240319	NKD|20240319|0	75	150	22.5	0.00764531	1	9120	9195	1520	-955	2475
WP1123	NKD	20240319	NKD|20240319|0	82	150	17.5	0.00594635	1	9277	9195	1320	-955	2275
WP1124	NKD	20240319	NKD|20240319|0	102	150	5	0.00169896	1	10628	10730	1670	-955	2625
WP1125	NKD	20240319	NKD|20240319|0	40	150	15	0.00509687	1	11280	11320	1495	-955	2450
WP1126	NKD	20240319	NKD|20240319|0	47	150	5	0.00169896	1	11528	11575	1545	-955	2500
WP1127	NKD	20240319	NKD|20240319|0	115	150	7.5	0.00254844	1	13544	13659	1920	-955	2875
WP1128	NKD	20240319	NKD|20240319|0	85	150	45	0.0152906	1	14160	14075	1970	-955	2925
WP1129	NKD	20240319	NKD|20240319|0	82	150	15	0.00509687	1	14160	14242	1970	-955	2925
WP1130	NKD	20240319	NKD|20240319|0	55	150	5	0.00169896	1	15544	15489	1307.5	-955	2262.5
WP1131	NKD	20240319	NKD|20240319|0	60	150	2.5	0.000849479	1	16324	16384	1232.5	-955	2187.5
WP1132	NKD	20240319	NKD|20240319|0	126	150	17.5	0.00594635	1	18300	18426	1295	-955	2250
WP1133	NKD	20240319	NKD|20240319|0	9	150	0	0	1	18721	18730	1182.5	-955	2137.5
WP1134	NKD	20240319	NKD|20240319|0	111	150	42.5	0.0144411	1	19825	19936	1157.5	-955	2112.5
WP1135	NKD	20240319	NKD|20240319|0	87	150	100	0.0339791	1	21183	21270	1395	-955	2350
WP1136	NKD	20240319	NKD|20240319|2	109	150	7.5	0.00254844	1	52287	52396	1507.5	-955	2462.5
WP1137	NKD	20240319	NKD|20240319|2	138	150	12.5	0.00424739	1	57213	57351	1570	-955	2525
WP1138	NKD	20240319	NKD|20240319|2	143	150	7.5	0.00254844	1	57494	57351	1545	-955	2500
WP1139	NKD	20240319	NKD|20240319|2	144	150	32.5	0.0110432	1	58690	58834	1557.5	-955	2512.5
WP1140	NKD	20240320	NKD|20240320|2	119	150	27.5	0.00922791	1	56941	56822	1207.5	-930	2137.5
WP1141	NKD	20240320	NKD|20240320|2	110	150	5	0.0016778	1	56941	57051	1207.5	-930	2137.5
WP1142	NKD	20240320	NKD|20240320|2	92	150	5	0.0016778	1	63125	63217	1445	-930	2375
WP1143	NKD	20240320	NKD|20240320|2	5	150	5	0.0016778	1	72017	72022	1332.5	-930	2262.5
WP1144	NKD	20240320	NKD|20240320|2	146	150	107.5	0.0360727	1	74127	73981	1407.5	-930	2337.5
WP1145	NKD	20240320	NKD|20240320|2	41	150	45	0.0151002	1	74127	74086	1407.5	-930	2337.5
WP1146	NKD	20240320	NKD|20240320|2	34	150	10	0.0033556	1	74798	74764	1295	-930	2225
WP1147	NKD	20240320	NKD|20240320|2	60	150	10	0.0033556	1	75216	75156	1120	-930	2050
WP1148	NKD	20240320	NKD|20240320|2	145	150	5	0.0016778	1	75216	75361	1120	-930	2050
WP1149	NKD	20240320	NKD|20240320|2	91	150	22.5	0.00755011	1	75452	75361	1207.5	-930	2137.5
WP1150	NKD	20240320	NKD|20240320|2	114	150	7.5	0.0025167	1	75803	75689	1095	-930	2025
WP1151	NKD	20240321	NKD|20240321|0	85	150	12.5	0.00421142	1	6908	6993	1045	-955	2000
WP1152	NKD	20240321	NKD|20240321|0	92	150	30	0.0101074	1	7231	7323	1120	-955	2075
WP1153	NKD	20240321	NKD|20240321|0	8	150	0	0	1	7683	7675	1145	-955	2100
WP1154	NKD	20240321	NKD|20240321|0	41	150	12.5	0.00421142	1	8521	8480	1320	-955	2275
WP1155	NKD	20240321	NKD|20240321|0	93	150	32.5	0.0109497	1	10143	10236	1420	-955	2375
WP1156	NKD	20240321	NKD|20240321|0	69	150	47.5	0.0160034	1	10305	10236	1020	-955	1975
WP1157	NKD	20240321	NKD|20240321|0	73	150	17.5	0.00589599	1	11703	11776	1145	-955	2100
WP1158	NKD	20240321	NKD|20240321|0	112	150	35	0.011792	1	11888	11776	1232.5	-955	2187.5
WP1159	NKD	20240321	NKD|20240321|0	88	150	12.5	0.00421142	1	12722	12810	1532.5	-955	2487.5
WP1160	NKD	20240321	NKD|20240321|0	148	150	0	0	1	12958	12810	1595	-955	2550
WP1161	NKD	20240321	NKD|20240321|0	52	150	0	0	1	14033	13981	1445	-955	2400
WP1162	NKD	20240321	NKD|20240321|0	101	150	45	0.0151611	1	14240	14341	1395	-955	2350
WP1163	NKD	20240321	NKD|20240321|0	107	150	2.5	0.000842284	1	15014	14907	1145	-955	2100
WP1164	NKD	20240325	NKD|20240325|0	74	150	17.5	0.00636891	-1	5532	5458	1995	-955	2950
WP1165	NKD	20240325	NKD|20240325|0	86	150	12.5	0.00454922	-1	6514	6600	2007.5	-955	2962.5
WP1166	NKD	20240325	NKD|20240325|0	108	150	20	0.00727876	-1	6708	6600	2045	-955	3000
WP1167	NKD	20240325	NKD|20240325|0	74	150	15	0.00545907	-1	6708	6782	2045	-955	3000
WP1168	NKD	20240325	NKD|20240325|0	85	150	5	0.00181969	-1	7356	7441	2170	-955	3125
WP1169	NKD	20240325	NKD|20240325|0	141	150	20	0.00727876	-1	7798	7657	2095	-955	3050
WP1170	NKD	20240325	NKD|20240325|0	106	150	7.5	0.00272953	-1	8461	8355	2045	-955	3000
WP1171	NKD	20240325	NKD|20240325|0	55	150	10	0.00363938	-1	8970	9025	2395	-955	3350
WP1172	NKD	20240325	NKD|20240325|0	97	150	5	0.00181969	-1	10381	10478	2320	-955	3275
WP1173	NKD	20240325	NKD|20240325|0	73	150	30	0.0109181	-1	10860	10933	2270	-955	3225
WP1174	NKD	20240325	NKD|20240325|0	103	150	25	0.00909845	-1	11388	11491	2270	-955	3225
WP1175	NKD	20240325	NKD|20240325|0	104	150	40	0.0145575	-1	11595	11491	1945	-955	2900
WP1176	NKD	20240325	NKD|20240325|0	134	150	30	0.0109181	-1	12010	11876	1670	-955	2625
WP1177	NKD	20240325	NKD|20240325|0	117	150	30	0.0109181	-1	12358	12241	1545	-955	2500
WP1178	NKD	20240325	NKD|20240325|0	113	150	5	0.00181969	-1	12910	12797	1520	-955	2475
WP1179	NKD	20240325	NKD|20240325|0	35	150	7.5	0.00272953	-1	13152	13117	1507.5	-955	2462.5
WP1180	NKD	20240325	NKD|20240325|0	124	150	0	0	-1	14241	14117	1545	-955	2500
WP1181	NKD	20240325	NKD|20240325|0	62	150	15	0.00545907	-1	14595	14533	1545	-955	2500
WP1182	NKD	20240325	NKD|20240325|0	95	150	5	0.00181969	-1	14859	14764	1420	-955	2375
WP1183	NKD	20240325	NKD|20240325|0	87	150	5	0.00181969	-1	15179	15092	1395	-955	2350
WP1184	NKD	20240325	NKD|20240325|0	109	150	7.5	0.00272953	-1	17591	17482	1132.5	-955	2087.5
WP1185	NKD	20240325	NKD|20240325|0	124	150	0	0	-1	18989	19113	1432.5	-955	2387.5
WP1186	NKD	20240325	NKD|20240325|0	74	150	5	0.00181969	-1	20542	20468	1357.5	-955	2312.5
WP1187	NKD	20240325	NKD|20240325|0	86	150	10	0.00363938	-1	21950	21864	1395	-955	2350
WP1188	NKD	20240325	NKD|20240325|0	126	150	7.5	0.00272953	-1	26234	26108	1457.5	-955	2412.5
WP1189	NKD	20240327	NKD|20240327|0	139	150	7.5	0.00274874	-1	25640	25779	1045	-955	2000
WP1190	NKD	20240327	NKD|20240327|0	81	150	20	0.00732998	-1	27963	28044	1232.5	-955	2187.5
WP1191	NKD	20240328	NKD|20240328|0	50	150	22.5	0.00826322	-1	42	92	1582.5	-955	2537.5
WP1192	NKD	20240328	NKD|20240328|0	69	150	5	0.00183627	-1	544	613	1707.5	-955	2662.5
WP1193	NKD	20240328	NKD|20240328|0	82	150	15	0.00550881	-1	6343	6425	1182.5	-955	2137.5
WP1194	NKD	20240328	NKD|20240328|0	40	150	15	0.00550881	-1	7682	7642	1057.5	-955	2012.5
WP1195	NKD	20240328	NKD|20240328|0	37	150	5	0.00183627	-1	7922	7959	1320	-955	2275
WP1196	NKD	20240328	NKD|20240328|0	50	150	32.5	0.0119358	-1	8229	8279	1382.5	-955	2337.5
WP1197	NKD	20240328	NKD|20240328|0	108	150	20	0.00734508	-1	8387	8279	1320	-955	2275
WP1198	NKD	20240328	NKD|20240328|0	112	150	15	0.00550881	-1	8387	8499	1320	-955	2275
WP1199	NKD	20240328	NKD|20240328|0	100	150	32.5	0.0119358	-1	8599	8499	1407.5	-955	2362.5
WP1200	NKD	20240328	NKD|20240328|0	95	150	5	0.00183627	-1	9245	9150	1007.5	-955	1962.5
WP1201	NKD	20240328	NKD|20240328|0	66	150	20	0.00734508	-1	9874	9940	1132.5	-955	2087.5
WP1202	NKD	20240401	NKD|20240401|0	80	150	20	0.00790846	-1	6430	6350	4282.5	-955	5237.5
WP1203	NKD	20240401	NKD|20240401|0	80	150	0	0	-1	7142	7222	4182.5	-955	5137.5
WP1204	NKD	20240401	NKD|20240401|0	122	150	30	0.0118627	-1	7344	7222	4032.5	-955	4987.5
WP1205	NKD	20240401	NKD|20240401|0	63	150	0	0	-1	7858	7795	3682.5	-955	4637.5
WP1206	NKD	20240401	NKD|20240401|0	111	150	77.5	0.0306453	-1	8351	8240	3032.5	-955	3987.5
WP1207	NKD	20240401	NKD|20240401|0	146	150	2.5	0.000988557	-1	8351	8497	3032.5	-955	3987.5
WP1208	NKD	20240401	NKD|20240401|0	67	150	2.5	0.000988557	-1	8564	8497	3057.5	-955	4012.5
WP1209	NKD	20240401	NKD|20240401|0	83	150	35	0.0138398	-1	9575	9492	2557.5	-955	3512.5
WP1210	NKD	20240401	NKD|20240401|0	109	150	42.5	0.0168055	-1	10021	9912	2995	-955	3950
WP1211	NKD	20240401	NKD|20240401|0	99	150	2.5	0.000988557	-1	10021	10120	2995	-955	3950
WP1212	NKD	20240401	NKD|20240401|0	100	150	10	0.00395423	-1	10710	10610	2682.5	-955	3637.5
WP1213	NKD	20240401	NKD|20240401|0	133	150	5	0.00197711	-1	10710	10843	2682.5	-955	3637.5
WP1214	NKD	20240401	NKD|20240401|0	131	150	2.5	0.000988557	-1	10974	10843	2695	-955	3650
WP1215	NKD	20240401	NKD|20240401|0	145	150	27.5	0.0108741	-1	10974	11119	2695	-955	3650
WP1216	NKD	20240401	NKD|20240401|0	32	150	20	0.00790846	-1	11151	11119	2657.5	-955	3612.5
WP1217	NKD	20240401	NKD|20240401|0	104	150	30	0.0118627	-1	12037	11933	2307.5	-955	3262.5
WP1218	NKD	20240401	NKD|20240401|0	143	150	30	0.0118627	-1	12037	12180	2307.5	-955	3262.5
WP1219	NKD	20240401	NKD|20240401|0	121	150	90	0.0355881	-1	12842	12721	1782.5	-955	2737.5
WP1220	NKD	20240402	NKD|20240402|0	47	150	17.5	0.00641971	-1	8936	8983	1182.5	-955	2137.5
WP1221	NKD	20240402	NKD|20240402|0	90	150	20	0.00733681	-1	9760	9850	1045	-955	2000
WP1222	NKD	20240402	NKD|20240402|2	102	150	7.5	0.00275131	1	58623	58725	1032.5	-955	1987.5
WP1223	NKD	20240403	NKD|20240403|2	61	150	17.5	0.00625995	1	53663	53602	1845	-955	2800
WP1224	NKD	20240404	NKD|20240404|0	59	150	27.5	0.00950801	-1	8940	8999	1795	-955	2750
WP1225	NKD	20240404	NKD|20240404|0	126	150	5	0.00172873	-1	9186	9312	1857.5	-955	2812.5
WP1226	NKD	20240404	NKD|20240404|0	75	150	17.5	0.00605055	-1	10812	10737	1495	-955	2450
WP1227	NKD	20240404	NKD|20240404|0	106	150	2.5	0.000864365	-1	11117	11011	1370	-955	2325
WP1228	NKD	20240404	NKD|20240404|0	91	150	2.5	0.000864365	-1	11117	11208	1370	-955	2325
WP1229	NKD	20240404	NKD|20240404|0	147	150	52.5	0.0181517	-1	11518	11371	1107.5	-955	2062.5
WP1230	NKD	20240404	NKD|20240404|0	148	150	15	0.00518619	-1	11518	11666	1107.5	-955	2062.5
WP1231	NKD	20240404	NKD|20240404|0	141	150	5	0.00172873	-1	14297	14438	1557.5	-955	2512.5
WP1232	NKD	20240404	NKD|20240404|0	123	150	17.5	0.00605055	-1	14561	14438	1445	-955	2400
WP1233	NKD	20240404	NKD|20240404|0	86	150	12.5	0.00432182	-1	15014	14928	1207.5	-955	2162.5
WP1234	NKD	20240404	NKD|20240404|0	108	150	15	0.00518619	-1	20702	20594	1532.5	-955	2487.5
WP1235	NKD	20240404	NKD|20240404|0	66	150	5	0.00172873	-1	21677	21611	1357.5	-955	2312.5
WP1236	NKD	20240404	NKD|20240404|0	116	150	22.5	0.00777928	-1	22169	22053	1407.5	-955	2362.5
WP1237	NKD	20240404	NKD|20240404|2	143	150	15	0.00518619	-1	72031	71888	3632.5	-955	4587.5
WP1238	NKD	20240404	NKD|20240404|2	40	150	12.5	0.00432182	-1	72979	72939	2795	-955	3750
WP1239	NKD	20240404	NKD|20240404|2	54	150	5	0.00172873	-1	73420	73366	2532.5	-955	3487.5
WP1240	NKD	20240404	NKD|20240404|2	15	150	2.5	0.000864365	-1	74043	74028	1795	-955	2750
WP1241	NKD	20240404	NKD|20240404|2	120	150	22.5	0.00777928	-1	74964	74844	1770	-955	2725
WP1242	NKD	20240404	NKD|20240404|2	34	150	5	0.00172873	-1	75996	76030	1032.5	-955	1987.5
WP1243	NKD	20240405	NKD|20240405|0	102	150	0	0	-1	5999	6101	1032.5	-955	1987.5
WP1244	NKD	20240405	NKD|20240405|0	83	150	2.5	0.000801606	-1	7065	7148	1170	-955	2125
WP1245	NKD	20240405	NKD|20240405|0	11	150	0	0	-1	7320	7331	1032.5	-955	1987.5
WP1246	NKD	20240405	NKD|20240405|2	22	150	42.5	0.0136273	1	52238	52216	1682.5	-955	2637.5
WP1247	NKD	20240405	NKD|20240405|2	62	150	5	0.00160321	1	52559	52621	1532.5	-955	2487.5
WP1248	NKD	20240405	NKD|20240405|2	100	150	5	0.00160321	1	55100	55200	1157.5	-955	2112.5
WP1249	NKD	20240405	NKD|20240405|2	8	150	2.5	0.000801606	1	55809	55817	1082.5	-955	2037.5
WP1250	NKD	20240408	NKD|20240408|0	143	150	15	0.00513567	-1	13545	13402	1107.5	-955	2062.5
WP1251	NKD	20240408	NKD|20240408|0	99	150	25	0.00855944	-1	13826	13925	1132.5	-955	2087.5
WP1252	NKD	20240409	NKD|20240409|0	3	150	0	0	1	93	90	1470	-955	2425
WP1253	NKD	20240409	NKD|20240409|0	46	150	2.5	0.00087266	1	7184	7138	1082.5	-955	2037.5
WP1254	NKD	20240409	NKD|20240409|0	135	150	50	0.0174532	1	7184	7319	1082.5	-955	2037.5
WP1255	NKD	20240409	NKD|20240409|0	89	150	10	0.00349064	1	11245	11334	1170	-955	2125
WP1256	NKD	20240409	NKD|20240409|0	124	150	17.5	0.00610862	1	11458	11334	1207.5	-955	2162.5
WP1257	NKD	20240409	NKD|20240409|0	58	150	2.5	0.00087266	1	11458	11516	1207.5	-955	2162.5
WP1258	NKD	20240409	NKD|20240409|0	135	150	17.5	0.00610862	1	12185	12050	1070	-955	2025
WP1259	NKD	20240409	NKD|20240409|0	130	150	20	0.00698128	1	15541	15411	1107.5	-955	2062.5
WP1260	NKD	20240409	NKD|20240409|2	73	150	27.5	0.00959926	1	59701	59774	1107.5	-955	2062.5
WP1261	NKD	20240409	NKD|20240409|2	76	150	5	0.00174532	1	60465	60541	1782.5	-955	2737.5
WP1262	NKD	20240409	NKD|20240409|2	149	150	15	0.00523596	1	61577	61428	1545	-955	2500
WP1263	NKD	20240409	NKD|20240409|2	86	150	5	0.00174532	1	63519	63433	1382.5	-955	2337.5
WP1264	NKD	20240409	NKD|20240409|2	94	150	15	0.00523596	1	70448	70542	1020	-955	1975
WP1265	NKD	20240409	NKD|20240409|2	121	150	12.5	0.0043633	1	74701	74580	1057.5	-955	2012.5
WP1266	NKD	20240410	NKD|20240410|2	16	150	5	0.00175747	-1	52216	52232	1732.5	-955	2687.5
WP1267	NKD	20240410	NKD|20240410|2	91	150	102.5	0.0360282	-1	52216	52307	1732.5	-955	2687.5
WP1268	NKD	20240411	NKD|20240411|0	72	150	35	0.0120846	1	6308	6236	1807.5	-955	2762.5
WP1269	NKD	20240411	NKD|20240411|0	128	150	65	0.0224428	1	7260	7132	1582.5	-955	2537.5
WP1270	NKD	20240411	NKD|20240411|0	123	150	57.5	0.0198533	1	7766	7643	1670	-955	2625
WP1271	NKD	20240411	NKD|20240411|0	130	150	42.5	0.0146742	1	8658	8528	1082.5	-955	2037.5
WP1272	NKD	20240411	NKD|20240411|0	74	150	15	0.00517912	1	9102	9028	1157.5	-955	2112.5
WP1273	NKD	20240411	NKD|20240411|0	115	150	55	0.0189901	1	9102	9217	1157.5	-955	2112.5
WP1274	NKD	20240411	NKD|20240411|2	106	150	42.5	0.0146742	1	52218	52324	2057.5	-955	3012.5
WP1275	NKD	20240411	NKD|20240411|2	72	150	10	0.00345274	1	58577	58649	2582.5	-955	3537.5
WP1276	NKD	20240411	NKD|20240411|2	41	150	32.5	0.0112214	1	58830	58871	2745	-955	3700
WP1277	NKD	20240411	NKD|20240411|2	64	150	12.5	0.00431593	1	60789	60725	2220	-955	3175
WP1278	NKD	20240411	NKD|20240411|2	129	150	15	0.00517912	1	60789	60918	2220	-955	3175
WP1279	NKD	20240411	NKD|20240411|2	85	150	22.5	0.00776867	1	62285	62200	2195	-955	3150
WP1280	NKD	20240411	NKD|20240411|2	119	150	7.5	0.00258956	1	62285	62404	2195	-955	3150
WP1281	NKD	20240411	NKD|20240411|2	132	150	50	0.0172637	1	68744	68612	1257.5	-955	2212.5
WP1282	NKD	20240412	NKD|20240412|0	40	150	2.5	0.000852594	-1	805	845	1282.5	-955	2237.5
WP1283	NKD	20240412	NKD|20240412|0	130	150	17.5	0.00596815	-1	1907	1777	1282.5	-955	2237.5
WP1284	NKD	20240412	NKD|20240412|2	68	150	12.5	0.00426297	-1	52609	52541	2157.5	-955	3112.5
WP1285	NKD	20240412	NKD|20240412|2	10	150	7.5	0.00255778	-1	55893	55883	1007.5	-955	1962.5
WP1286	NKD	20240412	NKD|20240412|2	135	150	12.5	0.00426297	-1	56281	56416	1145	-955	2100
WP1287	NKD	20240415	NKD|20240415|0	16	150	25	0.00829739	1	62	78	1145	-955	2100
WP1288	NKD	20240415	NKD|20240415|0	65	150	32.5	0.0107866	1	7320	7385	1095	-955	2050
WP1289	NKD	20240415	NKD|20240415|0	26	150	37.5	0.0124461	1	7954	7980	1445	-955	2400
WP1290	NKD	20240415	NKD|20240415|0	107	150	2.5	0.000829739	1	8167	8274	1570	-955	2525
WP1291	NKD	20240415	NKD|20240415|0	44	150	40	0.0132758	1	9094	9050	1770	-955	2725
WP1292	NKD	20240415	NKD|20240415|0	72	150	40	0.0132758	1	9325	9397	1870	-955	2825
WP1293	NKD	20240415	NKD|20240415|0	101	150	7.5	0.00248922	1	9498	9397	1707.5	-955	2662.5
WP1294	NKD	20240415	NKD|20240415|0	44	150	45	0.0149353	1	9709	9665	1270	-955	2225
WP1295	NKD	20240415	NKD|20240415|0	37	150	17.5	0.00580818	1	10230	10267	1320	-955	2275
WP1296	NKD	20240415	NKD|20240415|0	53	150	2.5	0.000829739	1	10929	10876	1007.5	-955	1962.5
WP1297	NKD	20240415	NKD|20240415|0	61	150	5	0.00165948	1	11886	11947	1220	-955	2175
WP1298	NKD	20240415	NKD|20240415|0	145	150	10	0.00331896	1	12380	12235	1170	-955	2125
WP1299	NKD	20240415	NKD|20240415|0	97	150	10	0.00331896	1	12380	12477	1170	-955	2125
WP1300	NKD	20240415	NKD|20240415|2	149	150	7.5	0.00248922	-1	53915	53766	3457.5	-955	4412.5
WP1301	NKD	20240415	NKD|20240415|2	124	150	27.5	0.00912713	-1	57850	57726	3370	-955	4325
WP1302	NKD	20240415	NKD|20240415|2	106	150	57.5	0.019084	-1	58580	58474	2982.5	-955	3937.5
WP1303	NKD	20240415	NKD|20240415|2	122	150	22.5	0.00746766	-1	59370	59492	2670	-955	3625
WP1304	NKD	20240415	NKD|20240415|2	118	150	5	0.00165948	-1	61312	61430	2220	-955	3175
WP1305	NKD	20240415	NKD|20240415|2	81	150	12.5	0.0041487	-1	63499	63580	2620	-955	3575
WP1306	NKD	20240415	NKD|20240415|2	145	150	2.5	0.000829739	-1	64209	64064	2407.5	-955	3362.5
WP1307	NKD	20240415	NKD|20240415|2	98	150	10	0.00331896	-1	65382	65480	2757.5	-955	3712.5
WP1308	NKD	20240415	NKD|20240415|2	39	150	17.5	0.00580818	-1	67211	67250	1757.5	-955	2712.5
WP1309	NKD	20240415	NKD|20240415|2	68	150	22.5	0.00746766	-1	68546	68478	1782.5	-955	2737.5
WP1310	NKD	20240416	NKD|20240416|0	31	150	5	0.00160711	-1	4653	4684	1370	-955	2325
WP1311	NKD	20240416	NKD|20240416|0	102	150	2.5	0.000803555	-1	5523	5625	1307.5	-955	2262.5
WP1312	NKD	20240416	NKD|20240416|0	13	150	0	0	-1	6091	6104	1220	-955	2175
WP1313	NKD	20240416	NKD|20240416|0	116	150	10	0.00321422	-1	6548	6432	1170	-955	2125
WP1314	NKD	20240416	NKD|20240416|0	76	150	2.5	0.000803555	-1	7324	7248	1045	-955	2000
WP1315	NKD	20240416	NKD|20240416|0	49	150	2.5	0.000803555	-1	8134	8085	1157.5	-955	2112.5
WP1316	NKD	20240417	NKD|20240417|0	128	150	7.5	0.00245713	-1	6421	6549	3470	-955	4425
WP1317	NKD	20240417	NKD|20240417|0	89	150	42.5	0.0139237	-1	7327	7238	3307.5	-955	4262.5
WP1318	NKD	20240417	NKD|20240417|0	132	150	7.5	0.00245713	-1	7327	7459	3307.5	-955	4262.5
WP1319	NKD	20240417	NKD|20240417|0	57	150	10	0.00327618	-1	7811	7754	3295	-955	4250
WP1320	NKD	20240417	NKD|20240417|0	78	150	20	0.00655235	-1	8399	8321	2932.5	-955	3887.5
WP1321	NKD	20240417	NKD|20240417|0	92	150	0	0	-1	8778	8686	2770	-955	3725
WP1322	NKD	20240417	NKD|20240417|0	100	150	20	0.00655235	-1	15222	15122	2420	-955	3375
WP1323	NKD	20240417	NKD|20240417|0	112	150	25	0.00819044	-1	15222	15334	2420	-955	3375
WP1324	NKD	20240417	NKD|20240417|0	36	150	10	0.00327618	-1	15781	15745	2307.5	-955	3262.5
WP1325	NKD	20240417	NKD|20240417|0	100	150	15	0.00491426	-1	20271	20371	2895	-955	3850
WP1326	NKD	20240417	NKD|20240417|0	143	150	22.5	0.0073714	-1	22779	22922	2332.5	-955	3287.5
WP1327	NKD	20240417	NKD|20240417|0	123	150	25	0.00819044	-1	23233	23110	2220	-955	3175
WP1328	NKD	20240417	NKD|20240417|0	103	150	0	0	-1	24043	23940	2120	-955	3075
WP1329	NKD	20240417	NKD|20240417|0	145	150	37.5	0.0122857	-1	25323	25468	1807.5	-955	2762.5
WP1330	NKD	20240417	NKD|20240417|0	51	150	10	0.00327618	-1	27251	27200	1520	-955	2475
WP1331	NKD	20240417	NKD|20240417|0	110	150	20	0.00655235	-1	27735	27625	1420	-955	2375
WP1332	NKD	20240417	NKD|20240417|2	118	150	12.5	0.00409522	-1	55819	55937	1957.5	-955	2912.5
WP1333	NKD	20240417	NKD|20240417|2	44	150	20	0.00655235	-1	56220	56264	2007.5	-955	2962.5
WP1334	NKD	20240417	NKD|20240417|2	144	150	50	0.0163809	-1	56516	56660	1932.5	-955	2887.5
WP1335	NKD	20240417	NKD|20240417|2	46	150	2.5	0.000819044	-1	57649	57695	1720	-955	2675
WP1336	NKD	20240417	NKD|20240417|2	40	150	2.5	0.000819044	-1	58607	58567	1120	-955	2075
WP1337	NKD	20240417	NKD|20240417|2	135	150	15	0.00491426	-1	58607	58742	1120	-955	2075
WP1338	NKD	20240417	NKD|20240417|2	139	150	0	0	-1	58881	58742	1195	-955	2150
WP1339	NKD	20240417	NKD|20240417|2	99	150	55	0.018019	-1	59072	59171	1145	-955	2100
WP1340	NKD	20240417	NKD|20240417|2	40	150	10	0.00327618	-1	59580	59620	1270	-955	2225
WP1341	NKD	20240417	NKD|20240417|2	64	150	5	0.00163809	-1	60128	60064	1320	-955	2275
WP1342	NKD	20240418	NKD|20240418|0	123	150	80	0.024997	1	7149	7272	1895	-955	2850
WP1343	NKD	20240418	NKD|20240418|0	115	150	10	0.00312462	1	7387	7272	2245	-955	3200
WP1344	NKD	20240418	NKD|20240418|0	31	150	10	0.00312462	1	7578	7609	1995	-955	2950
WP1345	NKD	20240418	NKD|20240418|0	55	150	42.5	0.0132796	1	8044	8099	2257.5	-955	3212.5
WP1346	NKD	20240418	NKD|20240418|0	141	150	40	0.0124985	1	9108	8967	1620	-955	2575
WP1347	NKD	20240418	NKD|20240418|0	140	150	20	0.00624925	1	9500	9640	1495	-955	2450
WP1348	NKD	20240418	NKD|20240418|0	126	150	22.5	0.0070304	1	9766	9640	1707.5	-955	2662.5
WP1349	NKD	20240418	NKD|20240418|0	64	150	20	0.00624925	1	10030	10094	2045	-955	3000
WP1350	NKD	20240418	NKD|20240418|0	29	150	12.5	0.00390578	1	11872	11843	1182.5	-955	2137.5
WP1351	NKD	20240418	NKD|20240418|0	17	150	10	0.00312462	1	12067	12050	1245	-955	2200
WP1352	NKD	20240418	NKD|20240418|0	124	150	25	0.00781156	1	12781	12657	1620	-955	2575
WP1353	NKD	20240418	NKD|20240418|0	106	150	0	0	1	12781	12887	1620	-955	2575
WP1354	NKD	20240418	NKD|20240418|0	25	150	22.5	0.0070304	1	13051	13076	1732.5	-955	2687.5
WP1355	NKD	20240418	NKD|20240418|0	142	150	32.5	0.010155	1	13439	13297	1595	-955	2550
WP1356	NKD	20240418	NKD|20240418|0	83	150	40	0.0124985	1	13439	13522	1595	-955	2550
WP1357	NKD	20240418	NKD|20240418|0	135	150	47.5	0.014842	1	14241	14106	1032.5	-955	1987.5
WP1358	NKD	20240418	NKD|20240418|2	90	150	15	0.00468693	-1	52352	52262	1207.5	-955	2162.5
WP1359	NKD	20240418	NKD|20240418|2	93	150	10	0.00312462	-1	60527	60620	1282.5	-955	2237.5
WP1360	NKD	20240418	NKD|20240418|2	131	150	0	0	-1	60751	60620	1332.5	-955	2287.5
WP1361	NKD	20240418	NKD|20240418|2	87	150	7.5	0.00234347	-1	61174	61087	1282.5	-955	2237.5
WP1362	NKD	20240418	NKD|20240418|2	139	150	12.5	0.00390578	-1	61174	61313	1282.5	-955	2237.5
WP1363	NKD	20240418	NKD|20240418|2	45	150	2.5	0.000781156	-1	62313	62358	1595	-955	2550
WP1364	NKD	20240418	NKD|20240418|2	80	150	7.5	0.00234347	-1	65036	64956	1245	-955	2200
WP1365	NKD	20240418	NKD|20240418|2	60	150	5	0.00156231	-1	66541	66481	1220	-955	2175
WP1366	NKD	20240418	NKD|20240418|2	66	150	25	0.00781156	-1	66975	67041	1145	-955	2100
WP1367	NKD	20240419	NKD|20240419|0	147	150	5	0.0015733	-1	1443	1296	3082.5	-955	4037.5
WP1368	NKD	20240419	NKD|20240419|0	11	150	12.5	0.00393325	-1	6487	6476	2757.5	-955	3712.5
WP1369	NKD	20240419	NKD|20240419|0	88	150	15	0.00471989	-1	7159	7071	2570	-955	3525
WP1370	NKD	20240419	NKD|20240419|0	45	150	17.5	0.00550654	-1	7409	7364	2245	-955	3200
WP1371	NKD	20240419	NKD|20240419|0	144	150	87.5	0.0275327	-1	8292	8148	1582.5	-955	2537.5
WP1372	NKD	20240419	NKD|20240419|0	24	150	7.5	0.00235995	-1	8563	8539	1270	-955	2225
WP1373	NKD	20240419	NKD|20240419|0	44	150	15	0.00471989	-1	8809	8765	1270	-955	2225
WP1374	NKD	20240419	NKD|20240419|0	25	150	15	0.00471989	1	13180	13205	1170	-955	2125
WP1375	NKD	20240419	NKD|20240419|0	90	150	55	0.0173063	1	13623	13713	1145	-955	2100
WP1376	NKD	20240419	NKD|20240419|0	126	150	52.5	0.0165196	1	15225	15351	1432.5	-955	2387.5
WP1377	NKD	20240419	NKD|20240419|0	81	150	7.5	0.00235995	1	15516	15597	1720	-955	2675
WP1378	NKD	20240419	NKD|20240419|0	80	150	32.5	0.0102264	1	16004	15924	1645	-955	2600
WP1379	NKD	20240419	NKD|20240419|0	41	150	40	0.0125864	1	17423	17464	1845	-955	2800
WP1380	NKD	20240419	NKD|20240419|0	86	150	17.5	0.00550654	1	17760	17674	1532.5	-955	2487.5
WP1381	NKD	20240419	NKD|20240419|0	30	150	32.5	0.0102264	1	18198	18168	1470	-955	2425
WP1382	NKD	20240419	NKD|20240419|1	148	150	15	0.00471989	1	32558	32410	1007.5	-955	1962.5
WP1383	NKD	20240419	NKD|20240419|1	144	150	12.5	0.00393325	1	32558	32702	1007.5	-955	1962.5
WP1384	NKD	20240419	NKD|20240419|2	16	150	2.5	0.000786649	-1	55823	55807	1870	-955	2825
WP1385	NKD	20240419	NKD|20240419|2	10	150	7.5	0.00235995	-1	56548	56538	1970	-955	2925
WP1386	NKD	20240419	NKD|20240419|2	77	150	37.5	0.0117997	-1	57628	57551	1845	-955	2800
WP1387	NKD	20240419	NKD|20240419|2	120	150	2.5	0.000786649	-1	58070	57950	1970	-955	2925
WP1388	NKD	20240419	NKD|20240419|2	39	150	2.5	0.000786649	-1	58519	58480	1595	-955	2550
WP1389	NKD	20240419	NKD|20240419|2	43	150	12.5	0.00393325	-1	58795	58752	1420	-955	2375
WP1390	NKD	20240419	NKD|20240419|2	110	150	40	0.0125864	-1	59094	58984	1195	-955	2150
WP1391	NKD	20240419	NKD|20240419|2	32	150	30	0.00943979	-1	59989	60021	1007.5	-955	1962.5
WP1392	NKD	20240419	NKD|20240419|2	122	150	2.5	0.000786649	-1	60538	60660	1632.5	-955	2587.5
WP1393	NKD	20240419	NKD|20240419|2	139	150	15	0.00471989	-1	60799	60660	1695	-955	2650
WP1394	NKD	20240419	NKD|20240419|2	46	150	15	0.00471989	-1	60799	60845	1695	-955	2650
WP1395	NKD	20240419	NKD|20240419|2	65	150	20	0.00629319	-1	61320	61385	1482.5	-955	2437.5
WP1396	NKD	20240419	NKD|20240419|2	74	150	25	0.00786649	-1	62004	62078	1557.5	-955	2512.5
WP1397	NKD	20240419	NKD|20240419|2	87	150	5	0.0015733	-1	62165	62078	1407.5	-955	2362.5
WP1398	NKD	20240419	NKD|20240419|2	57	150	0	0	-1	62829	62772	1282.5	-955	2237.5
WP1399	NKD	20240419	NKD|20240419|2	56	150	2.5	0.000786649	-1	63503	63447	1282.5	-955	2237.5
WP1400	NKD	20240419	NKD|20240419|2	140	150	50	0.015733	-1	63876	64016	1020	-955	1975
WP1401	NKD	20240419	NKD|20240419|2	118	150	27.5	0.00865314	-1	64288	64406	1282.5	-955	2237.5
WP1402	NKD	20240419	NKD|20240419|2	116	150	5	0.0015733	-1	64522	64406	1170	-955	2125
WP1403	NKD	20240422	NKD|20240422|0	74	150	42.5	0.0134789	1	185	111	1032.5	-955	1987.5
WP1404	NKD	20240422	NKD|20240422|0	62	150	25	0.00792879	1	10988	11050	1357.5	-955	2312.5
WP1405	NKD	20240422	NKD|20240422|0	124	150	45	0.0142718	1	11174	11050	1707.5	-955	2662.5
WP1406	NKD	20240422	NKD|20240422|0	62	150	25	0.00792879	1	13077	13139	1320	-955	2275
WP1407	NKD	20240422	NKD|20240422|0	119	150	2.5	0.000792879	1	21996	22115	1020	-955	1975
WP1408	NKD	20240422	NKD|20240422|2	95	150	25	0.00792879	1	55828	55923	1170	-955	2125
WP1409	NKD	20240422	NKD|20240422|2	73	150	25	0.00792879	1	58049	57976	1057.5	-955	2012.5
WP1410	NKD	20240422	NKD|20240422|2	66	150	12.5	0.0039644	1	58739	58805	1132.5	-955	2087.5
WP1411	NKD	20240422	NKD|20240422|2	44	150	10	0.00317152	1	60141	60185	1195	-955	2150
WP1412	NKD	20240422	NKD|20240422|2	122	150	22.5	0.00713591	1	61998	62120	1682.5	-955	2637.5
WP1413	NKD	20240423	NKD|20240423|0	108	150	22.5	0.00701522	-1	7204	7312	1457.5	-955	2412.5
WP1414	NKD	20240423	NKD|20240423|0	19	150	10	0.00311788	-1	7331	7312	1395	-955	2350
WP1415	NKD	20240423	NKD|20240423|2	22	150	17.5	0.00545628	1	55893	55871	1457.5	-955	2412.5
WP1416	NKD	20240424	NKD|20240424|0	7	150	40	0.0126176	1	21	28	2507.5	-955	3462.5
WP1417	NKD	20240424	NKD|20240424|0	30	150	5	0.0015772	1	7350	7320	1745	-955	2700
WP1418	NKD	20240424	NKD|20240424|0	54	150	15	0.00473159	1	13275	13329	1045	-955	2000
WP1419	NKD	20240425	NKD|20240425|0	63	150	0	0	-1	3420	3483	1657.5	-955	2612.5
WP1420	NKD	20240425	NKD|20240425|0	91	150	5	0.00159272	-1	6515	6424	1570	-955	2525
WP1421	NKD	20240425	NKD|20240425|0	80	150	15	0.00477817	-1	6515	6595	1570	-955	2525
WP1422	NKD	20240425	NKD|20240425|0	80	150	2.5	0.000796362	-1	7629	7709	1907.5	-955	2862.5
WP1423	NKD	20240425	NKD|20240425|0	94	150	22.5	0.00716726	-1	7873	7967	1620	-955	2575
WP1424	NKD	20240425	NKD|20240425|0	59	150	20	0.0063709	-1	8584	8525	1570	-955	2525
WP1425	NKD	20240425	NKD|20240425|0	33	150	2.5	0.000796362	-1	8936	8903	1557.5	-955	2512.5
WP1426	NKD	20240425	NKD|20240425|0	30	150	15	0.00477817	-1	9182	9152	1820	-955	2775
WP1427	NKD	20240425	NKD|20240425|0	102	150	25	0.00796362	-1	9481	9379	1820	-955	2775
WP1428	NKD	20240425	NKD|20240425|0	96	150	25	0.00796362	-1	9481	9577	1820	-955	2775
WP1429	NKD	20240425	NKD|20240425|0	117	150	45	0.0143345	-1	9864	9981	1945	-955	2900
WP1430	NKD	20240425	NKD|20240425|0	55	150	30	0.00955634	-1	10036	9981	1870	-955	2825
WP1431	NKD	20240425	NKD|20240425|0	112	150	5	0.00159272	-1	10036	10148	1870	-955	2825
WP1432	NKD	20240425	NKD|20240425|2	79	150	2.5	0.000796362	1	55401	55322	2707.5	-955	3662.5
WP1433	NKD	20240425	NKD|20240425|2	112	150	22.5	0.00716726	1	55852	55964	2820	-955	3775
WP1434	NKD	20240425	NKD|20240425|2	36	150	17.5	0.00557453	1	56250	56286	3157.5	-955	4112.5
WP1435	NKD	20240425	NKD|20240425|2	95	150	35	0.0111491	1	56859	56954	2895	-955	3850
WP1436	NKD	20240425	NKD|20240425|2	95	150	15	0.00477817	1	57593	57688	3295	-955	4250
WP1437	NKD	20240425	NKD|20240425|2	26	150	7.5	0.00238909	1	58379	58353	2932.5	-955	3887.5
WP1438	NKD	20240425	NKD|20240425|2	24	150	2.5	0.000796362	1	58996	58972	2445	-955	3400
WP1439	NKD	20240425	NKD|20240425|2	58	150	27.5	0.00875998	1	59593	59535	2320	-955	3275
WP1440	NKD	20240425	NKD|20240425|2	107	150	17.5	0.00557453	1	59593	59700	2320	-955	3275
WP1441	NKD	20240425	NKD|20240425|2	125	150	22.5	0.00716726	1	59825	59700	2295	-955	3250
WP1442	NKD	20240425	NKD|20240425|2	128	150	20	0.0063709	1	60317	60189	2307.5	-955	3262.5
WP1443	NKD	20240425	NKD|20240425|2	106	150	12.5	0.00398181	1	60581	60475	2482.5	-955	3437.5
WP1444	NKD	20240425	NKD|20240425|2	117	150	0	0	1	60581	60698	2482.5	-955	3437.5
WP1445	NKD	20240425	NKD|20240425|2	122	150	27.5	0.00875998	1	61778	61900	2245	-955	3200
WP1446	NKD	20240425	NKD|20240425|2	55	150	10	0.00318545	1	62232	62177	2520	-955	3475
WP1447	NKD	20240425	NKD|20240425|2	131	150	12.5	0.00398181	1	62727	62858	2395	-955	3350
WP1448	NKD	20240425	NKD|20240425|2	79	150	35	0.0111491	1	62937	62858	2157.5	-955	3112.5
WP1449	NKD	20240425	NKD|20240425|2	146	150	0	0	1	64385	64239	2220	-955	3175
WP1450	NKD	20240425	NKD|20240425|2	95	150	35	0.0111491	1	64385	64480	2220	-955	3175
WP1451	NKD	20240425	NKD|20240425|2	115	150	17.5	0.00557453	1	65424	65539	1982.5	-955	2937.5
WP1452	NKD	20240425	NKD|20240425|2	97	150	5	0.00159272	1	65636	65539	2095	-955	3050
WP1453	NKD	20240425	NKD|20240425|2	48	150	7.5	0.00238909	1	66361	66313	1782.5	-955	2737.5
WP1454	NKD	20240425	NKD|20240425|2	56	150	5	0.00159272	1	67157	67213	1795	-955	2750
WP1455	NKD	20240425	NKD|20240425|2	73	150	22.5	0.00716726	1	69272	69199	1607.5	-955	2562.5
WP1456	NKD	20240425	NKD|20240425|2	144	150	5	0.00159272	1	69272	69416	1607.5	-955	2562.5
WP1457	NKD	20240425	NKD|20240425|2	49	150	10	0.00318545	1	74483	74532	1207.5	-955	2162.5
WP1458	NKD	20240425	NKD|20240425|2	115	150	0	0	1	75129	75244	1220	-955	2175
WP1459	NKD	20240426	NKD|20240426|0	33	150	15	0.00461304	1	8306	8339	1070	-955	2025
WP1460	NKD	20240426	NKD|20240426|0	47	150	27.5	0.00845725	1	8542	8589	1095	-955	2050
WP1461	NKD	20240426	NKD|20240426|0	126	150	35	0.0107638	1	8879	9005	1120	-955	2075
WP1462	NKD	20240426	NKD|20240426|0	122	150	22.5	0.00691957	1	9961	10083	1357.5	-955	2312.5
WP1463	NKD	20240426	NKD|20240426|0	113	150	10	0.00307536	1	10196	10083	1295	-955	2250
WP1464	NKD	20240426	NKD|20240426|0	80	150	5	0.00153768	1	10196	10276	1295	-955	2250
WP1465	NKD	20240426	NKD|20240426|0	149	150	7.5	0.00230652	1	10425	10276	1232.5	-955	2187.5
WP1466	NKD	20240426	NKD|20240426|0	80	150	12.5	0.0038442	1	10425	10505	1232.5	-955	2187.5
WP1467	NKD	20240426	NKD|20240426|0	102	150	25	0.00768841	1	10607	10505	1295	-955	2250
WP1468	NKD	20240426	NKD|20240426|0	119	150	35	0.0107638	1	10607	10726	1295	-955	2250
WP1469	NKD	20240426	NKD|20240426|0	72	150	10	0.00307536	1	10798	10726	1070	-955	2025
WP1470	NKD	20240426	NKD|20240426|2	18	150	0	0	1	47936	47918	1970	-955	2925
WP1471	NKD	20240426	NKD|20240426|2	75	150	5	0.00153768	1	53004	52929	1745	-955	2700
WP1472	NKD	20240426	NKD|20240426|2	98	150	27.5	0.00845725	1	53220	53318	1820	-955	2775
WP1473	NKD	20240426	NKD|20240426|2	84	150	0	0	1	56457	56541	1795	-955	2750
WP1474	NKD	20240426	NKD|20240426|2	68	150	12.5	0.0038442	1	60551	60483	1145	-955	2100
WP1475	NKD	20240430	NKD|20240430|2	18	150	7.5	0.00242195	-1	51353	51371	1945	-955	2900
WP1476	NKD	20240430	NKD|20240430|2	107	150	7.5	0.00242195	-1	52216	52323	1545	-955	2500
WP1477	NKD	20240430	NKD|20240430|2	65	150	17.5	0.00565121	-1	57676	57741	1870	-955	2825
WP1478	NKD	20240430	NKD|20240430|2	104	150	22.5	0.00726584	-1	59031	59135	2070	-955	3025
WP1479	NKD	20240430	NKD|20240430|2	71	150	5	0.00161463	-1	59206	59135	1932.5	-955	2887.5
WP1480	NKD	20240501	NKD|20240501|0	25	150	10	0.00325908	-1	21045	21070	1007.5	-955	1962.5
WP1481	NKD	20240501	NKD|20240501|2	89	150	12.5	0.00407385	-1	76342	76253	2920	-955	3875
WP1482	NKD	20240501	NKD|20240501|2	143	150	32.5	0.010592	-1	76342	76485	2920	-955	3875
WP1483	NKD	20240501	NKD|20240501|2	60	150	15	0.00488862	-1	77775	77715	2232.5	-955	3187.5
WP1484	NKD	20240501	NKD|20240501|2	90	150	45	0.0146659	-1	78203	78113	1682.5	-955	2637.5
WP1485	NKD	20240502	NKD|20240502|2	109	150	22.5	0.0072246	-1	52732	52623	1220	-955	2175
WP1486	NKD	20240503	NKD|20240503|2	92	150	0	0	1	51989	52081	2057.5	-955	3012.5
WP1487	NKD	20240503	NKD|20240503|2	135	150	157.5	0.0505889	1	52216	52081	1270	-955	2225
WP1488	NKD	20240503	NKD|20240503|2	10	150	12.5	0.00401499	1	52216	52226	1270	-955	2225
WP1489	NKD	20240503	NKD|20240503|2	65	150	10	0.00321199	1	53066	53131	1532.5	-955	2487.5
WP1490	NKD	20240503	NKD|20240503|2	92	150	0	0	1	53223	53131	1482.5	-955	2437.5
WP1491	NKD	20240503	NKD|20240503|2	120	150	7.5	0.00240899	1	53744	53624	1470	-955	2425
WP1492	NKD	20240503	NKD|20240503|2	100	150	22.5	0.00722698	1	54032	53932	1570	-955	2525
WP1493	NKD	20240503	NKD|20240503|2	105	150	20	0.00642398	1	54032	54137	1570	-955	2525
WP1494	NKD	20240503	NKD|20240503|2	96	150	7.5	0.00240899	1	54233	54137	1432.5	-955	2387.5
WP1495	NKD	20240503	NKD|20240503|2	90	150	17.5	0.00562098	1	56845	56755	1057.5	-955	2012.5
WP1496	NKD	20240503	NKD|20240503|2	8	150	20	0.00642398	1	57620	57628	1007.5	-955	1962.5
WP1497	NKD	20240503	NKD|20240503|2	97	150	15	0.00481799	1	57725	57628	1182.5	-955	2137.5
WP1498	NKD	20240503	NKD|20240503|2	90	150	25	0.00802998	1	58315	58405	1532.5	-955	2487.5
WP1499	NKD	20240503	NKD|20240503|2	123	150	15	0.00481799	1	58749	58872	1557.5	-955	2512.5
WP1500	NKD	20240503	NKD|20240503|2	132	150	62.5	0.0200749	1	59004	58872	1320	-955	2275
WP1501	NKD	20240503	NKD|20240503|2	144	150	50	0.01606	1	59004	59148	1320	-955	2275
WP1502	NKD	20240503	NKD|20240503|2	132	150	12.5	0.00401499	1	59882	60014	1407.5	-955	2362.5
WP1503	NKD	20240503	NKD|20240503|2	87	150	2.5	0.000802998	1	60101	60014	1332.5	-955	2287.5
WP1504	NKD	20240503	NKD|20240503|2	79	150	12.5	0.00401499	1	60336	60257	1145	-955	2100
WP1505	NKD	20240503	NKD|20240503|2	92	150	22.5	0.00722698	1	61980	61888	1220	-955	2175
WP1506	NKD	20240506	NKD|20240506|0	5	150	0	0	1	71	76	1195	-955	2150
WP1507	NKD	20240507	NKD|20240507|0	107	150	22.5	0.00763453	1	10644	10537	1032.5	-955	1987.5
WP1508	NKD	20240507	NKD|20240507|0	92	150	30	0.0101794	1	10644	10736	1032.5	-955	1987.5
WP1509	NKD	20240507	NKD|20240507|0	136	150	15	0.00508969	1	12381	12517	1257.5	-955	2212.5
WP1510	NKD	20240507	NKD|20240507|0	24	150	7.5	0.00254484	1	13406	13382	1045	-955	2000
WP1511	NKD	20240508	NKD|20240508|0	95	150	7.5	0.00260544	-1	7420	7325	2407.5	-955	3362.5
WP1512	NKD	20240508	NKD|20240508|0	148	150	40	0.0138957	-1	8222	8370	1407.5	-955	2362.5
WP1513	NKD	20240508	NKD|20240508|0	62	150	5	0.00173696	-1	9101	9039	1132.5	-955	2087.5
WP1514	NKD	20240508	NKD|20240508|0	125	150	40	0.0138957	-1	9101	9226	1132.5	-955	2087.5
WP1515	NKD	20240508	NKD|20240508|0	105	150	42.5	0.0147642	-1	12122	12227	1120	-955	2075
WP1516	NKD	20240508	NKD|20240508|0	90	150	5	0.00173696	-1	12913	13003	1207.5	-955	2162.5
WP1517	NKD	20240508	NKD|20240508|0	76	150	0	0	-1	13333	13409	1282.5	-955	2237.5
WP1518	NKD	20240509	NKD|20240509|0	12	150	7.5	0.00259441	-1	7391	7379	1070	-955	2025
WP1519	NKD	20240509	NKD|20240509|0	51	150	12.5	0.00432401	-1	9242	9191	1070	-955	2025
WP1520	NKD	20240509	NKD|20240509|0	111	150	12.5	0.00432401	-1	10892	10781	1157.5	-955	2112.5
WP1521	NKD	20240509	NKD|20240509|0	149	150	22.5	0.00778322	-1	13175	13324	1182.5	-955	2137.5
WP1522	NKD	20240509	NKD|20240509|0	77	150	7.5	0.00259441	-1	14566	14643	1457.5	-955	2412.5
WP1523	NKD	20240509	NKD|20240509|0	122	150	12.5	0.00432401	-1	15154	15276	1332.5	-955	2287.5
WP1524	NKD	20240509	NKD|20240509|0	132	150	15	0.00518881	-1	20438	20306	1657.5	-955	2612.5
WP1525	NKD	20240510	NKD|20240510|0	66	150	7.5	0.00262708	-1	9145	9211	2020	-955	2975
WP1526	NKD	20240510	NKD|20240510|0	144	150	2.5	0.000875693	-1	9355	9211	2070	-955	3025
WP1527	NKD	20240510	NKD|20240510|0	99	150	5	0.00175139	-1	10846	10747	1995	-955	2950
WP1528	NKD	20240510	NKD|20240510|0	137	150	15	0.00525416	-1	10846	10983	1995	-955	2950
WP1529	NKD	20240510	NKD|20240510|0	96	150	25	0.00875693	-1	11136	11232	2070	-955	3025
WP1530	NKD	20240510	NKD|20240510|0	113	150	7.5	0.00262708	-1	11345	11232	1982.5	-955	2937.5
WP1531	NKD	20240514	NKD|20240514|2	9	150	32.5	0.0123847	1	52225	52216	1670	-955	2625
WP1532	NKD	20240514	NKD|20240514|2	36	150	5	0.00190534	1	52777	52741	1307.5	-955	2262.5
WP1533	NKD	20240514	NKD|20240514|2	107	150	5	0.00190534	1	53153	53046	1070	-955	2025
WP1534	NKD	20240514	NKD|20240514|2	80	150	10	0.00381067	1	53153	53233	1070	-955	2025
WP1535	NKD	20240515	NKD|20240515|0	11	150	7.5	0.00285892	-1	7320	7331	1457.5	-955	2412.5
WP1536	NKD	20240515	NKD|20240515|0	99	150	25	0.00952972	-1	7723	7822	1482.5	-955	2437.5
WP1537	NKD	20240515	NKD|20240515|0	101	150	60	0.0228713	-1	8448	8549	2057.5	-955	3012.5
WP1538	NKD	20240515	NKD|20240515|0	137	150	7.5	0.00285892	-1	9029	8892	1782.5	-955	2737.5
WP1539	NKD	20240515	NKD|20240515|0	117	150	60	0.0228713	-1	9029	9146	1782.5	-955	2737.5
WP1540	NKD	20240515	NKD|20240515|0	58	150	7.5	0.00285892	-1	9204	9146	1520	-955	2475
WP1541	NKD	20240515	NKD|20240515|0	110	150	17.5	0.0066708	-1	9658	9548	1282.5	-955	2237.5
WP1542	NKD	20240515	NKD|20240515|0	136	150	15	0.00571783	-1	10304	10440	1007.5	-955	1962.5
WP1543	NKD	20240515	NKD|20240515|2	34	150	25	0.00952972	1	52215	52249	1332.5	-955	2287.5
WP1544	NKD	20240515	NKD|20240515|2	87	150	17.5	0.0066708	1	52896	52809	1120	-955	2075
WP1545	NKD	20240515	NKD|20240515|2	87	150	10	0.00381189	1	52896	52983	1120	-955	2075
WP1546	NKD	20240515	NKD|20240515|2	111	150	17.5	0.0066708	1	53197	53308	1007.5	-955	1962.5
WP1547	NKD	20240515	NKD|20240515|2	57	150	2.5	0.000952972	1	54625	54568	1132.5	-955	2087.5
WP1548	NKD	20240515	NKD|20240515|2	110	150	27.5	0.0104827	1	56471	56361	1095	-955	2050
WP1549	NKD	20240515	NKD|20240515|2	85	150	17.5	0.0066708	1	57872	57787	1082.5	-955	2037.5
WP1550	NKD	20240516	NKD|20240516|0	24	150	12.5	0.00473884	1	8885	8909	1445	-955	2400
WP1551	NKD	20240516	NKD|20240516|0	148	150	42.5	0.0161121	1	9057	8909	1295	-955	2250
WP1552	NKD	20240516	NKD|20240516|0	133	150	57.5	0.0217987	1	9057	9190	1295	-955	2250
WP1553	NKD	20240516	NKD|20240516|0	88	150	32.5	0.012321	1	9363	9451	1545	-955	2500
WP1554	NKD	20240516	NKD|20240516|0	90	150	20	0.00758215	1	10427	10337	1407.5	-955	2362.5
WP1555	NKD	20240516	NKD|20240516|0	67	150	15	0.00568661	1	10989	10922	1257.5	-955	2212.5
WP1556	NKD	20240516	NKD|20240516|0	82	150	10	0.00379108	1	11553	11635	1232.5	-955	2187.5
WP1557	NKD	20240516	NKD|20240516|0	94	150	15	0.00568661	1	11846	11940	1357.5	-955	2312.5
WP1558	NKD	20240516	NKD|20240516|0	119	150	22.5	0.00852992	1	15440	15559	1407.5	-955	2362.5
WP1559	NKD	20240516	NKD|20240516|0	116	150	27.5	0.0104255	1	15675	15559	1157.5	-955	2112.5
WP1560	NKD	20240516	NKD|20240516|0	125	150	30	0.0113732	1	16417	16292	1132.5	-955	2087.5
WP1561	NKD	20240516	NKD|20240516|0	66	150	10	0.00379108	1	16417	16483	1132.5	-955	2087.5
WP1562	NKD	20240516	NKD|20240516|0	132	150	5	0.00189554	1	19466	19598	1032.5	-955	1987.5
WP1563	NKD	20240516	NKD|20240516|2	4	150	2.5	0.000947769	-1	52223	52219	1907.5	-955	2862.5
WP1564	NKD	20240516	NKD|20240516|2	132	150	2.5	0.000947769	-1	55984	55852	2007.5	-955	2962.5
WP1565	NKD	20240516	NKD|20240516|2	133	150	12.5	0.00473884	-1	56746	56879	1820	-955	2775
WP1566	NKD	20240516	NKD|20240516|2	97	150	15	0.00568661	-1	57728	57631	1620	-955	2575
WP1567	NKD	20240520	NKD|20240520|0	16	150	7.5	0.00317474	1	37	21	1645	-955	2600
WP1568	NKD	20240520	NKD|20240520|0	102	150	10	0.00423299	1	6570	6468	1220	-955	2175
WP1569	NKD	20240520	NKD|20240520|0	14	150	5	0.0021165	1	7320	7334	1682.5	-955	2637.5
WP1570	NKD	20240520	NKD|20240520|0	71	150	17.5	0.00740773	1	7710	7639	1345	-955	2300
WP1571	NKD	20240520	NKD|20240520|0	70	150	25	0.0105825	1	8118	8048	1070	-955	2025
WP1572	NKD	20240520	NKD|20240520|0	49	150	0	0	-1	10974	11023	1070	-955	2025
WP1573	NKD	20240520	NKD|20240520|0	46	150	12.5	0.00529124	-1	11341	11387	1245	-955	2200
WP1574	NKD	20240520	NKD|20240520|0	50	150	17.5	0.00740773	-1	11611	11661	1470	-955	2425
WP1575	NKD	20240520	NKD|20240520|0	137	150	37.5	0.0158737	-1	11865	12002	1370	-955	2325
WP1576	NKD	20240520	NKD|20240520|0	87	150	0	0	-1	12279	12366	1545	-955	2500
WP1577	NKD	20240520	NKD|20240520|0	85	150	5	0.0021165	-1	12699	12784	1620	-955	2575
WP1578	NKD	20240520	NKD|20240520|0	76	150	2.5	0.00105825	-1	13320	13396	1745	-955	2700
WP1579	NKD	20240520	NKD|20240520|0	111	150	12.5	0.00529124	-1	13715	13826	1832.5	-955	2787.5
WP1580	NKD	20240520	NKD|20240520|0	84	150	10	0.00423299	-1	13910	13826	1820	-955	2775
WP1581	NKD	20240520	NKD|20240520|0	88	150	17.5	0.00740773	-1	13910	13998	1820	-955	2775
WP1582	NKD	20240520	NKD|20240520|0	106	150	22.5	0.00952423	-1	14104	13998	1620	-955	2575
WP1583	NKD	20240520	NKD|20240520|0	124	150	17.5	0.00740773	-1	14616	14492	1457.5	-955	2412.5
WP1584	NKD	20240520	NKD|20240520|0	44	150	0	0	-1	14873	14829	1245	-955	2200
WP1585	NKD	20240520	NKD|20240520|0	132	150	10	0.00423299	-1	15675	15807	1420	-955	2375
WP1586	NKD	20240520	NKD|20240520|0	109	150	15	0.00634949	-1	16380	16489	1395	-955	2350
WP1587	NKD	20240520	NKD|20240520|0	73	150	0	0	-1	16562	16489	1320	-955	2275
WP1588	NKD	20240521	NKD|20240521|0	93	150	10	0.00403765	-1	5623	5716	1545	-955	2500
WP1589	NKD	20240521	NKD|20240521|0	127	150	10	0.00403765	-1	6930	7057	1745	-955	2700
WP1590	NKD	20240521	NKD|20240521|0	9	150	10	0.00403765	-1	7323	7332	1970	-955	2925
WP1591	NKD	20240521	NKD|20240521|0	115	150	20	0.0080753	-1	7845	7960	1570	-955	2525
WP1592	NKD	20240521	NKD|20240521|0	16	150	15	0.00605647	-1	8490	8506	1632.5	-955	2587.5
WP1593	NKD	20240521	NKD|20240521|0	144	150	10	0.00403765	-1	8940	9084	1595	-955	2550
WP1594	NKD	20240521	NKD|20240521|0	106	150	7.5	0.00302824	-1	9863	9757	1582.5	-955	2537.5
WP1595	NKD	20240521	NKD|20240521|0	91	150	15	0.00605647	-1	10263	10172	1520	-955	2475
WP1596	NKD	20240521	NKD|20240521|0	81	150	17.5	0.00706589	-1	10776	10695	1382.5	-955	2337.5
WP1597	NKD	20240521	NKD|20240521|0	79	150	27.5	0.0111035	-1	10776	10855	1382.5	-955	2337.5
WP1598	NKD	20240521	NKD|20240521|0	93	150	10	0.00403765	-1	10948	10855	1195	-955	2150
WP1599	NKD	20240521	NKD|20240521|0	95	150	22.5	0.00908471	-1	11254	11159	1207.5	-955	2162.5
WP1600	NKD	20240521	NKD|20240521|0	85	150	2.5	0.00100941	-1	11254	11339	1207.5	-955	2162.5
WP1601	NKD	20240521	NKD|20240521|0	86	150	2.5	0.00100941	-1	11511	11597	1157.5	-955	2112.5
WP1602	NKD	20240521	NKD|20240521|0	89	150	15	0.00605647	-1	11686	11597	1095	-955	2050
WP1603	NKD	20240521	NKD|20240521|0	63	150	15	0.00605647	-1	12210	12147	1345	-955	2300
WP1604	NKD	20240521	NKD|20240521|0	67	150	5	0.00201882	-1	12899	12966	1270	-955	2225
WP1605	NKD	20240521	NKD|20240521|0	125	150	5	0.00201882	-1	13091	12966	1220	-955	2175
WP1606	NKD	20240521	NKD|20240521|0	64	150	7.5	0.00302824	-1	13543	13479	1095	-955	2050
WP1607	NKD	20240521	NKD|20240521|0	112	150	17.5	0.00706589	-1	20594	20706	1057.5	-955	2012.5
WP1608	NKD	20240522	NKD|20240522|0	108	150	25	0.00995465	-1	6374	6482	1507.5	-955	2462.5
WP1609	NKD	20240522	NKD|20240522|0	13	150	15	0.00597279	-1	7320	7333	1070	-955	2025
WP1610	NKD	20240522	NKD|20240522|2	75	150	2.5	0.000995465	1	73988	74063	1295	-955	2250
WP1611	NKD	20240522	NKD|20240522|2	57	150	7.5	0.00298639	1	74350	74407	1345	-955	2300
WP1612	NKD	20240522	NKD|20240522|2	55	150	12.5	0.00497732	1	76921	76866	1070	-955	2025
WP1613	NKD	20240523	NKD|20240523|0	24	150	17.5	0.00696803	1	8022	8046	2095	-955	3050
WP1614	NKD	20240523	NKD|20240523|0	78	150	2.5	0.000995433	1	9313	9235	1007.5	-955	1962.5
WP1615	NKD	20240523	NKD|20240523|0	109	150	20	0.00796347	1	10028	10137	1270	-955	2225
WP1616	NKD	20240523	NKD|20240523|0	104	150	30	0.0119452	1	10424	10320	1220	-955	2175
WP1617	NKD	20240523	NKD|20240523|0	55	150	15	0.0059726	1	10720	10665	1120	-955	2075
WP1618	NKD	20240523	NKD|20240523|0	57	150	7.5	0.0029863	1	11030	11087	1257.5	-955	2212.5
WP1619	NKD	20240523	NKD|20240523|0	134	150	15	0.0059726	1	11221	11087	1145	-955	2100
WP1620	NKD	20240523	NKD|20240523|0	25	150	5	0.00199087	1	12799	12824	1120	-955	2075
WP1621	NKD	20240523	NKD|20240523|0	76	150	15	0.0059726	1	13196	13272	1070	-955	2025
WP1622	NKD	20240523	NKD|20240523|0	130	150	12.5	0.00497717	1	13402	13272	1057.5	-955	2012.5
WP1623	NKD	20240523	NKD|20240523|0	73	150	15	0.0059726	1	13828	13901	1170	-955	2125
WP1624	NKD	20240523	NKD|20240523|0	128	150	22.5	0.0089589	1	14029	13901	1207.5	-955	2162.5
WP1625	NKD	20240523	NKD|20240523|0	91	150	7.5	0.0029863	1	14029	14120	1207.5	-955	2162.5
WP1626	NKD	20240523	NKD|20240523|0	72	150	15	0.0059726	1	14318	14390	1220	-955	2175
WP1627	NKD	20240523	NKD|20240523|2	51	150	10	0.00398173	-1	56461	56410	2345	-955	3300
WP1628	NKD	20240523	NKD|20240523|2	29	150	20	0.00796347	-1	57149	57120	1757.5	-955	2712.5
WP1629	NKD	20240523	NKD|20240523|2	64	150	10	0.00398173	-1	57375	57311	1670	-955	2625
WP1630	NKD	20240523	NKD|20240523|2	89	150	12.5	0.00497717	-1	57375	57464	1670	-955	2625
WP1631	NKD	20240523	NKD|20240523|2	85	150	27.5	0.0109498	-1	57741	57656	1532.5	-955	2487.5
WP1632	NKD	20240523	NKD|20240523|2	146	150	20	0.00796347	-1	57741	57887	1532.5	-955	2487.5
WP1633	NKD	20240523	NKD|20240523|2	23	150	2.5	0.000995433	-1	58483	58460	1720	-955	2675
WP1634	NKD	20240523	NKD|20240523|2	121	150	7.5	0.0029863	-1	58483	58604	1720	-955	2675
WP1635	NKD	20240523	NKD|20240523|2	121	150	20	0.00796347	-1	58725	58604	1582.5	-955	2537.5
WP1636	NKD	20240523	NKD|20240523|2	53	150	7.5	0.0029863	-1	59549	59602	1520	-955	2475
WP1637	NKD	20240523	NKD|20240523|2	140	150	10	0.00398173	-1	59764	59904	1407.5	-955	2362.5
WP1638	NKD	20240523	NKD|20240523|2	89	150	12.5	0.00497717	-1	62244	62155	1345	-955	2300
WP1639	NKD	20240523	NKD|20240523|2	87	150	15	0.0059726	-1	64925	65012	1720	-955	2675
WP1640	NKD	20240523	NKD|20240523|2	65	150	12.5	0.00497717	-1	65649	65714	1532.5	-955	2487.5
WP1641	NKD	20240523	NKD|20240523|2	111	150	7.5	0.0029863	-1	68352	68241	1232.5	-955	2187.5
WP1642	NKD	20240523	NKD|20240523|2	142	150	22.5	0.0089589	-1	70396	70254	1032.5	-955	1987.5
WP1643	NKD	20240529	NKD|20240529|0	22	150	7.5	0.00327025	-1	8841	8863	2870	-955	3825
WP1644	NKD	20240529	NKD|20240529|0	26	150	10	0.00436033	-1	9033	9059	2945	-955	3900
WP1645	NKD	20240529	NKD|20240529|0	71	150	17.5	0.00763058	-1	10022	9951	1520	-955	2475
WP1646	NKD	20240529	NKD|20240529|0	33	150	2.5	0.00109008	-1	10899	10866	1457.5	-955	2412.5
WP1647	NKD	20240529	NKD|20240529|0	49	150	15	0.0065405	-1	11066	11115	1370	-955	2325
WP1648	NKD	20240529	NKD|20240529|0	90	150	5	0.00218017	-1	11647	11557	1495	-955	2450
WP1649	NKD	20240529	NKD|20240529|0	63	150	15	0.0065405	-1	12058	11995	1245	-955	2200
WP1650	NKD	20240529	NKD|20240529|0	64	150	5	0.00218017	-1	15637	15701	1295	-955	2250
WP1651	NKD	20240530	NKD|20240530|0	25	150	2.5	0.00100534	1	8015	8040	1220	-955	2175
WP1652	NKD	20240530	NKD|20240530|0	68	150	2.5	0.00100534	1	8301	8233	1320	-955	2275
WP1653	NKD	20240530	NKD|20240530|0	80	150	20	0.00804268	1	9496	9576	1345	-955	2300
WP1654	NKD	20240530	NKD|20240530|0	109	150	25	0.0100534	1	9685	9576	1370	-955	2325
WP1655	NKD	20240530	NKD|20240530|0	34	150	25	0.0100534	1	9997	10031	1520	-955	2475
WP1656	NKD	20240530	NKD|20240530|0	41	150	5	0.00201067	1	10699	10740	1920	-955	2875
WP1657	NKD	20240530	NKD|20240530|0	11	150	12.5	0.00502668	1	11406	11395	1320	-955	2275
WP1658	NKD	20240530	NKD|20240530|0	99	150	27.5	0.0110587	1	12441	12342	1220	-955	2175
WP1659	NKD	20240530	NKD|20240530|0	94	150	15	0.00603201	1	12441	12535	1220	-955	2175
WP1660	NKD	20240530	NKD|20240530|0	137	150	50	0.0201067	1	12672	12535	1045	-955	2000
WP1661	NKD	20240530	NKD|20240530|0	84	150	17.5	0.00703735	1	12672	12756	1045	-955	2000
WP1662	NKD	20240531	NKD|20240531|0	45	150	17.5	0.00681454	1	157	112	1957.5	-955	2912.5
WP1663	NKD	20240531	NKD|20240531|0	8	150	0	0	1	2636	2644	1920	-955	2875
WP1664	NKD	20240531	NKD|20240531|0	51	150	5	0.00194701	1	2903	2852	2045	-955	3000
WP1665	NKD	20240531	NKD|20240531|0	10	150	0	0	1	3271	3261	2045	-955	3000
WP1666	NKD	20240531	NKD|20240531|0	7	150	0	0	1	3536	3543	1957.5	-955	2912.5
WP1667	NKD	20240531	NKD|20240531|0	91	150	2.5	0.000973506	1	5525	5616	2032.5	-955	2987.5
WP1668	NKD	20240531	NKD|20240531|0	144	150	5	0.00194701	1	6105	5961	1970	-955	2925
WP1669	NKD	20240531	NKD|20240531|0	61	150	5	0.00194701	1	6421	6360	1832.5	-955	2787.5
WP1670	NKD	20240531	NKD|20240531|0	137	150	25	0.00973506	1	6820	6683	1595	-955	2550
WP1671	NKD	20240531	NKD|20240531|0	108	150	5	0.00194701	1	7188	7080	1570	-955	2525
WP1672	NKD	20240531	NKD|20240531|0	15	150	7.5	0.00292052	1	7371	7356	1295	-955	2250
WP1673	NKD	20240531	NKD|20240531|0	53	150	10	0.00389402	1	8358	8411	1670	-955	2625
WP1674	NKD	20240531	NKD|20240531|0	34	150	5	0.00194701	1	9140	9106	1120	-955	2075
WP1675	NKD	20240531	NKD|20240531|0	81	150	25	0.00973506	1	9499	9418	1070	-955	2025
WP1676	NKD	20240531	NKD|20240531|0	81	150	12.5	0.00486753	1	9778	9697	1132.5	-955	2087.5
WP1677	NKD	20240531	NKD|20240531|0	106	150	47.5	0.0184966	1	10145	10039	1457.5	-955	2412.5
WP1678	NKD	20240531	NKD|20240531|0	82	150	7.5	0.00292052	1	10145	10227	1457.5	-955	2412.5
WP1679	NKD	20240531	NKD|20240531|0	26	150	7.5	0.00292052	1	11858	11884	1132.5	-955	2087.5
WP1680	NKD	20240531	NKD|20240531|0	83	150	20	0.00778805	1	12184	12267	1220	-955	2175
WP1681	NKD	20240531	NKD|20240531|0	72	150	12.5	0.00486753	1	12904	12976	1507.5	-955	2462.5
WP1682	NKD	20240531	NKD|20240531|0	125	150	15	0.00584104	1	13664	13789	1195	-955	2150
WP1683	NKD	20240531	NKD|20240531|0	121	150	32.5	0.0126556	1	14350	14229	1370	-955	2325
WP1684	NKD	20240531	NKD|20240531|0	102	150	20	0.00778805	1	14350	14452	1370	-955	2325
WP1685	NKD	20240531	NKD|20240531|0	80	150	15	0.00584104	1	14532	14452	1195	-955	2150
WP1686	NKD	20240531	NKD|20240531|0	143	150	20	0.00778805	1	15579	15722	1570	-955	2525
WP1687	NKD	20240531	NKD|20240531|2	78	150	15	0.00584104	1	58566	58488	1407.5	-955	2362.5
WP1688	NKD	20240531	NKD|20240531|2	113	150	2.5	0.000973506	1	58855	58742	1532.5	-955	2487.5
WP1689	NKD	20240531	NKD|20240531|2	68	150	20	0.00778805	1	58855	58923	1532.5	-955	2487.5
WP1690	NKD	20240531	NKD|20240531|2	118	150	22.5	0.00876155	1	59626	59508	2007.5	-955	2962.5
WP1691	NKD	20240531	NKD|20240531|2	74	150	10	0.00389402	1	59626	59700	2007.5	-955	2962.5
WP1692	NKD	20240531	NKD|20240531|2	62	150	15	0.00584104	1	60194	60132	1982.5	-955	2937.5
WP1693	NKD	20240531	NKD|20240531|2	108	150	5	0.00194701	1	60856	60748	1882.5	-955	2837.5
WP1694	NKD	20240531	NKD|20240531|2	114	150	20	0.00778805	1	61528	61414	1857.5	-955	2812.5
WP1695	NKD	20240531	NKD|20240531|2	88	150	2.5	0.000973506	1	61892	61980	1795	-955	2750
WP1696	NKD	20240531	NKD|20240531|2	58	150	32.5	0.0126556	1	62208	62266	1807.5	-955	2762.5
WP1697	NKD	20240531	NKD|20240531|2	106	150	20	0.00778805	1	62765	62659	1720	-955	2675
WP1698	NKD	20240531	NKD|20240531|2	78	150	52.5	0.0204436	1	63266	63344	1970	-955	2925
WP1699	NKD	20240531	NKD|20240531|2	130	150	2.5	0.000973506	1	65771	65641	2007.5	-955	2962.5
WP1700	NKD	20240531	NKD|20240531|2	141	150	10	0.00389402	1	65771	65912	2007.5	-955	2962.5
WP1701	NKD	20240531	NKD|20240531|2	121	150	5	0.00194701	1	67866	67745	1807.5	-955	2762.5
WP1702	NKD	20240531	NKD|20240531|2	31	150	2.5	0.000973506	1	67866	67897	1807.5	-955	2762.5
WP1703	NKD	20240531	NKD|20240531|2	145	150	7.5	0.00292052	1	68042	67897	1757.5	-955	2712.5
WP1704	NKD	20240531	NKD|20240531|2	150	150	15	0.00584104	1	73156	73006	1470	-955	2425
WP1705	NKD	20240603	NKD|20240603|0	111	150	10	0.00383788	1	564	675	1120	-955	2075
WP1706	NKD	20240603	NKD|20240603|2	78	150	10	0.00383788	1	68879	68957	1057.5	-955	2012.5
WP1707	NKD	20240604	NKD|20240604|1	135	150	7.5	0.00280953	-1	35147	35012	1282.5	-955	2237.5
WP1708	NKD	20240604	NKD|20240604|1	118	150	10	0.00374604	-1	36559	36441	1095	-955	2050
WP1709	NKD	20240605	NKD|20240605|2	36	150	22.5	0.00835469	1	55973	56009	1345	-955	2300
WP1710	NKD	20240605	NKD|20240605|2	123	150	0	0	1	56770	56893	1345	-955	2300
WP1711	NKD	20240605	NKD|20240605|2	56	150	7.5	0.0027849	1	57214	57158	1170	-955	2125
WP1712	NKD	20240605	NKD|20240605|2	147	150	32.5	0.0120679	1	57214	57361	1170	-955	2125
WP1713	NKD	20240605	NKD|20240605|2	143	150	7.5	0.0027849	1	57577	57720	1332.5	-955	2287.5
WP1714	NKD	20240605	NKD|20240605|2	50	150	0	0	1	58940	58890	1220	-955	2175
WP1715	NKD	20240605	NKD|20240605|2	132	150	2.5	0.000928299	1	60615	60747	1020	-955	1975
WP1716	NKD	20240605	NKD|20240605|2	138	150	2.5	0.000928299	1	60885	60747	1020	-955	1975
WP1717	NKD	20240606	NKD|20240606|0	55	150	10	0.00366154	-1	7320	7265	1270	-955	2225
WP1718	NKD	20240607	NKD|20240607|2	100	150	35	0.0128342	-1	60049	59949	1057.5	-955	2012.5
WP1719	NKD	20240610	NKD|20240610|0	130	150	30	0.012076	1	183	313	1732.5	-955	2687.5
WP1720	NKD	20240610	NKD|20240610|0	63	150	10	0.00402535	1	6421	6484	1645	-955	2600
WP1721	NKD	20240610	NKD|20240610|0	123	150	5	0.00201267	1	8172	8295	1120	-955	2075
WP1722	NKD	20240610	NKD|20240610|2	69	150	5	0.00201267	1	58568	58499	1107.5	-955	2062.5
WP1723	NKD	20240613	NKD|20240613|0	141	150	15	0.00588406	-1	5524	5665	1895	-980	2875
WP1724	NKD	20240613	NKD|20240613|0	5	150	2.5	0.000980677	-1	7320	7325	2120	-980	3100
WP1725	NKD	20240613	NKD|20240613|0	18	150	7.5	0.00294203	-1	7699	7681	1670	-980	2650
WP1726	NKD	20240613	NKD|20240613|0	31	150	27.5	0.0107875	-1	7979	7948	1545	-980	2525
WP1727	NKD	20240613	NKD|20240613|0	146	150	57.5	0.0225556	-1	9475	9329	1282.5	-980	2262.5
WP1728	NKD	20240613	NKD|20240613|0	62	150	5	0.00196135	-1	11031	11093	1082.5	-980	2062.5
WP1729	NKD	20240614	NKD|20240614|0	8	150	25	0.00930162	1	7328	7320	1245	-955	2200
WP1730	NKD	20240614	NKD|20240614|0	14	150	25	0.00930162	1	8391	8405	1195	-955	2150
WP1731	NKD	20240614	NKD|20240614|0	42	150	2.5	0.000930162	1	9305	9347	1257.5	-955	2212.5
WP1732	NKD	20240614	NKD|20240614|0	44	150	17.5	0.00651113	1	9991	10035	1220	-955	2175
WP1733	NKD	20240614	NKD|20240614|0	105	150	27.5	0.0102318	1	11036	10931	1307.5	-955	2262.5
WP1734	NKD	20240614	NKD|20240614|0	81	150	12.5	0.00465081	1	11036	11117	1307.5	-955	2262.5
WP1735	NKD	20240614	NKD|20240614|0	84	150	5	0.00186032	1	11201	11117	1270	-955	2225
WP1736	NKD	20240614	NKD|20240614|0	150	150	10	0.00372065	1	11201	11351	1270	-955	2225
WP1737	NKD	20240614	NKD|20240614|0	51	150	5	0.00186032	1	11402	11351	1345	-955	2300
WP1738	NKD	20240614	NKD|20240614|0	99	150	10	0.00372065	1	12044	11945	1270	-955	2225
WP1739	NKD	20240614	NKD|20240614|0	82	150	7.5	0.00279049	1	12426	12508	1232.5	-955	2187.5
WP1740	NKD	20240614	NKD|20240614|0	70	150	10	0.00372065	1	12578	12508	1145	-955	2100
WP1741	NKD	20240614	NKD|20240614|1	126	150	2.5	0.000930162	-1	34887	35013	1895	-955	2850
WP1742	NKD	20240614	NKD|20240614|1	148	150	12.5	0.00465081	-1	35161	35013	1820	-955	2775
WP1743	NKD	20240614	NKD|20240614|1	106	150	12.5	0.00465081	-1	36288	36182	1220	-955	2175
WP1744	NKD	20240617	NKD|20240617|0	81	150	0	0	-1	436	517	2220	-930	3150
WP1745	NKD	20240617	NKD|20240617|0	135	150	35	0.0136048	-1	7256	7391	1432.5	-930	2362.5
WP1746	NKD	20240617	NKD|20240617|2	142	150	2.5	0.00097177	1	56640	56498	1332.5	-930	2262.5
WP1747	NKD	20240617	NKD|20240617|2	90	150	27.5	0.0106895	1	56879	56969	1257.5	-930	2187.5
WP1748	NKD	20240617	NKD|20240617|2	100	150	2.5	0.00097177	1	57976	58076	1507.5	-930	2437.5
WP1749	NKD	20240617	NKD|20240617|2	88	150	12.5	0.00485885	1	58384	58472	1507.5	-930	2437.5
WP1750	NKD	20240617	NKD|20240617|2	141	150	35	0.0136048	1	58613	58472	1270	-930	2200
WP1751	NKD	20240617	NKD|20240617|2	138	150	7.5	0.00291531	1	59599	59461	1182.5	-930	2112.5
WP1752	NKD	20240618	NKD|20240618|2	71	150	5	0.00190831	1	52921	52992	1057.5	-930	1987.5
WP1753	NKD	20240619	NKD|20240619|0	106	150	5	0.00196635	-1	9018	8912	1145	-955	2100
WP1754	NKD	20240619	NKD|20240619|0	87	150	5	0.00196635	-1	9018	9105	1145	-955	2100
WP1755	NKD	20240619	NKD|20240619|0	148	150	5	0.00196635	-1	9305	9453	1032.5	-955	1987.5
WP1756	NKD	20240620	NKD|20240620|0	27	150	5	0.00197427	1	8280	8253	1095	-930	2025
WP1757	NKD	20240620	NKD|20240620|0	91	150	2.5	0.000987133	1	8450	8541	1045	-930	1975
WP1758	NKD	20240620	NKD|20240620|0	84	150	10	0.00394853	1	10765	10681	1532.5	-930	2462.5
WP1759	NKD	20240620	NKD|20240620|0	44	150	15	0.0059228	1	10949	10993	1445	-930	2375
WP1760	NKD	20240620	NKD|20240620|0	118	150	5	0.00197427	1	11649	11531	1745	-930	2675
WP1761	NKD	20240624	NKD|20240624|0	68	150	65	0.0280604	1	7472	7404	1407.5	-930	2337.5
WP1762	NKD	20240624	NKD|20240624|0	5	150	5	0.00215849	1	11875	11880	1345	-930	2275
WP1763	NKD	20240624	NKD|20240624|2	119	150	10	0.00431699	-1	57948	58067	1007.5	-930	1937.5
WP1764	NKD	20240624	NKD|20240624|2	99	150	0	0	-1	62275	62374	1057.5	-930	1987.5
WP1765	NKD	20240625	NKD|20240625|0	127	150	10	0.00423587	1	6852	6725	1782.5	-930	2712.5
WP1766	NKD	20240625	NKD|20240625|0	131	150	20	0.00847173	1	6852	6983	1782.5	-930	2712.5
WP1767	NKD	20240625	NKD|20240625|0	31	150	25	0.0105897	1	7320	7351	1732.5	-930	2662.5
WP1768	NKD	20240625	NKD|20240625|0	103	150	10	0.00423587	1	7933	7830	1157.5	-930	2087.5
WP1769	NKD	20240625	NKD|20240625|0	136	150	20	0.00847173	1	7933	8069	1157.5	-930	2087.5
WP1770	NKD	20240625	NKD|20240625|0	98	150	15	0.0063538	1	8167	8069	1182.5	-930	2112.5
WP1771	NKD	20240625	NKD|20240625|0	149	150	15	0.0063538	1	8167	8316	1182.5	-930	2112.5
WP1772	NKD	20240625	NKD|20240625|0	47	150	2.5	0.00105897	1	9141	9188	1482.5	-930	2412.5
WP1773	NKD	20240625	NKD|20240625|0	85	150	5	0.00211793	1	9593	9678	1357.5	-930	2287.5
WP1774	NKD	20240625	NKD|20240625|0	121	150	17.5	0.00741277	1	10428	10307	1332.5	-930	2262.5
WP1775	NKD	20240625	NKD|20240625|0	127	150	5	0.00211793	1	10428	10555	1332.5	-930	2262.5
WP1776	NKD	20240625	NKD|20240625|0	92	150	40	0.0169435	1	10647	10555	1557.5	-930	2487.5
WP1777	NKD	20240625	NKD|20240625|0	126	150	5	0.00211793	1	10859	10985	1682.5	-930	2612.5
WP1778	NKD	20240625	NKD|20240625|0	82	150	30	0.0127076	1	11067	10985	1857.5	-930	2787.5
WP1779	NKD	20240625	NKD|20240625|0	143	150	10	0.00423587	1	11276	11419	1832.5	-930	2762.5
WP1780	NKD	20240625	NKD|20240625|0	94	150	15	0.0063538	1	12801	12707	1007.5	-930	1937.5
WP1781	NKD	20240625	NKD|20240625|2	115	150	22.5	0.0095307	1	56439	56554	1307.5	-930	2237.5
WP1782	NKD	20240626	NKD|20240626|0	3	150	0	0	1	39	42	1707.5	-930	2637.5
WP1783	NKD	20240626	NKD|20240626|0	53	150	0	0	1	6389	6442	1495	-930	2425
WP1784	NKD	20240626	NKD|20240626|0	14	150	0	0	1	7320	7334	1545	-930	2475
WP1785	NKD	20240626	NKD|20240626|0	101	150	7.5	0.00310166	1	8862	8761	1407.5	-930	2337.5
WP1786	NKD	20240626	NKD|20240626|0	149	150	52.5	0.0217117	1	8862	9011	1407.5	-930	2337.5
WP1787	NKD	20240626	NKD|20240626|0	102	150	0	0	1	9653	9551	1595	-930	2525
WP1788	NKD	20240626	NKD|20240626|0	147	150	30	0.0124067	1	9807	9954	1645	-930	2575
WP1789	NKD	20240626	NKD|20240626|0	148	150	20	0.00827111	1	10102	9954	1695	-930	2625
WP1790	NKD	20240628	NKD|20240628|2	105	150	0	0	1	55816	55711	1032.5	-930	1962.5
WP1791	NKD	20240628	NKD|20240628|2	51	150	0	0	1	55816	55867	1032.5	-930	1962.5
WP1792	SI	20240102	SI|20240102|0	66	180	0.0075	3.52635e-06	1	7418	7352	1020	-930	1950
WP1793	SI	20240102	SI|20240102|0	157	180	0	0	1	11511	11668	1320	-930	2250
WP1794	SI	20240102	SI|20240102|0	82	180	0.0125	5.87725e-06	1	13035	12953	1132.5	-930	2062.5
WP1795	SI	20240102	SI|20240102|2	98	180	0.01	4.7018e-06	-1	45671	45573	1407.5	-930	2337.5
WP1796	SI	20240102	SI|20240102|2	141	180	0.0075	3.52635e-06	-1	45973	46114	1407.5	-930	2337.5
WP1797	SI	20240102	SI|20240102|2	77	180	0.0025	1.17545e-06	-1	46653	46730	1520	-930	2450
WP1798	SI	20240102	SI|20240102|2	130	180	0.0175	8.22815e-06	-1	47334	47204	1207.5	-930	2137.5
WP1799	SI	20240102	SI|20240102|2	167	180	0.03	1.41054e-05	-1	47334	47501	1207.5	-930	2137.5
WP1800	SI	20240102	SI|20240102|2	150	180	0.0075	3.52635e-06	-1	49176	49326	1270	-930	2200
WP1801	SI	20240102	SI|20240102|2	170	180	0.0225	1.05791e-05	-1	49496	49326	1195	-930	2125
WP1802	SI	20240102	SI|20240102|2	105	180	0.0225	1.05791e-05	-1	49786	49891	1307.5	-930	2237.5
WP1803	SI	20240102	SI|20240102|2	81	180	0.0025	1.17545e-06	-1	49972	49891	1207.5	-930	2137.5
WP1804	SI	20240102	SI|20240102|2	148	180	0.03	1.41054e-05	-1	50706	50558	1232.5	-930	2162.5
WP1805	SI	20240102	SI|20240102|2	97	180	0.0275	1.293e-05	-1	52141	52238	1457.5	-930	2387.5
WP1806	SI	20240102	SI|20240102|2	105	180	0.02	9.4036e-06	-1	52343	52238	1695	-930	2625
WP1807	SI	20240102	SI|20240102|2	119	180	0.02	9.4036e-06	-1	52595	52714	1620	-930	2550
WP1808	SI	20240102	SI|20240102|2	148	180	0.005	2.3509e-06	-1	53195	53047	1657.5	-930	2587.5
WP1809	SI	20240102	SI|20240102|2	129	180	0.02	9.4036e-06	-1	53425	53554	1370	-930	2300
WP1810	SI	20240102	SI|20240102|2	87	180	0.01	4.7018e-06	-1	54096	54183	1420	-930	2350
WP1811	SI	20240102	SI|20240102|2	118	180	0.02	9.4036e-06	-1	54301	54183	1270	-930	2200
WP1812	SI	20240102	SI|20240102|2	174	180	0.04	1.88072e-05	-1	54721	54547	1170	-930	2100
WP1813	SI	20240102	SI|20240102|2	86	180	0.005	2.3509e-06	-1	55828	55914	1295	-930	2225
WP1814	SI	20240102	SI|20240102|2	107	180	0.1	4.7018e-05	-1	56462	56569	1395	-930	2325
WP1815	SI	20240102	SI|20240102|2	102	180	0.005	2.3509e-06	-1	57333	57435	1495	-930	2425
WP1816	SI	20240102	SI|20240102|2	120	180	0.03	1.41054e-05	-1	57674	57794	1795	-930	2725
WP1817	SI	20240102	SI|20240102|2	45	180	0.015	7.0527e-06	-1	58831	58786	1145	-930	2075
WP1818	SI	20240102	SI|20240102|2	78	180	0.005	2.3509e-06	-1	59555	59477	1057.5	-930	1987.5
WP1819	SI	20240102	SI|20240102|2	167	180	0	0	-1	62358	62525	1057.5	-930	1987.5
WP1820	SI	20240102	SI|20240102|2	106	180	0.005	2.3509e-06	-1	62631	62525	1032.5	-930	1962.5
WP1821	SI	20240103	SI|20240103|2	47	180	0.0025	1.16817e-06	-1	44700	44653	1845	-930	2775
WP1822	SI	20240103	SI|20240103|2	42	180	0.0025	1.16817e-06	-1	45340	45298	1670	-930	2600
WP1823	SI	20240103	SI|20240103|2	13	180	0.0075	3.5045e-06	-1	46011	45998	1382.5	-930	2312.5
WP1824	SI	20240103	SI|20240103|2	155	180	0.01	4.67267e-06	-1	46720	46565	1270	-930	2200
WP1825	SI	20240103	SI|20240103|2	5	180	0	0	-1	46995	46990	1170	-930	2100
WP1826	SI	20240103	SI|20240103|2	12	180	0.0075	3.5045e-06	-1	47317	47305	1195	-930	2125
WP1827	SI	20240103	SI|20240103|2	77	180	0.02	9.34533e-06	-1	48571	48648	1270	-930	2200
WP1828	SI	20240103	SI|20240103|2	101	180	0.0225	1.05135e-05	-1	48749	48648	1282.5	-930	2212.5
WP1829	SI	20240103	SI|20240103|2	41	180	0.0175	8.17717e-06	-1	50593	50552	1482.5	-930	2412.5
WP1830	SI	20240104	SI|20240104|2	34	180	0.0025	1.08287e-06	1	56806	56840	1357.5	-930	2287.5
WP1831	SI	20240104	SI|20240104|2	119	180	0.005	2.16575e-06	1	57475	57356	1270	-930	2200
WP1832	SI	20240104	SI|20240104|2	137	180	0	0	1	57475	57612	1270	-930	2200
WP1833	SI	20240104	SI|20240104|2	87	180	0.0125	5.41437e-06	1	57915	57828	1032.5	-930	1962.5
WP1834	SI	20240105	SI|20240105|2	21	180	0.0325	1.42521e-05	1	52236	52215	1557.5	-930	2487.5
WP1835	SI	20240105	SI|20240105|2	126	180	0.0275	1.20594e-05	1	52341	52215	1857.5	-930	2787.5
WP1836	SI	20240105	SI|20240105|2	75	180	0.045	1.97336e-05	1	52776	52851	1257.5	-930	2187.5
WP1837	SI	20240105	SI|20240105|2	74	180	0.0025	1.09631e-06	-1	58231	58305	1545	-930	2475
WP1838	SI	20240105	SI|20240105|2	91	180	0.0125	5.48156e-06	-1	58396	58305	1495	-930	2425
WP1839	SI	20240105	SI|20240105|2	16	180	0.0075	3.28894e-06	-1	58396	58412	1495	-930	2425
WP1840	SI	20240105	SI|20240105|2	145	180	0	0	-1	59735	59590	1257.5	-930	2187.5
WP1841	SI	20240108	SI|20240108|2	132	180	0.0025	1.12908e-06	1	46652	46520	1270	-930	2200
WP1842	SI	20240108	SI|20240108|2	169	180	0.03	1.35489e-05	1	46652	46821	1270	-930	2200
WP1843	SI	20240109	SI|20240109|1	4	180	0.01	4.55884e-06	-1	32555	32559	1145	-930	2075
WP1844	SI	20240109	SI|20240109|2	48	180	0.005	2.27942e-06	-1	54064	54112	1070	-930	2000
WP1845	SI	20240109	SI|20240109|2	138	180	0.01	4.55884e-06	-1	54449	54311	1070	-930	2000
WP1846	SI	20240109	SI|20240109|2	106	180	0.02	9.11768e-06	-1	54449	54555	1070	-930	2000
WP1847	SI	20240109	SI|20240109|2	98	180	0.01	4.55884e-06	-1	54762	54860	1220	-930	2150
WP1848	SI	20240109	SI|20240109|2	8	180	0.0075	3.41913e-06	-1	55907	55915	1195	-930	2125
WP1849	SI	20240111	SI|20240111|2	148	180	0.005	2.30313e-06	-1	49332	49480	1545	-930	2475
WP1850	SI	20240111	SI|20240111|2	163	180	0.01	4.60625e-06	-1	50684	50521	1720	-930	2650
WP1851	SI	20240111	SI|20240111|2	148	180	0.03	1.38188e-05	-1	51306	51454	1520	-930	2450
WP1852	SI	20240111	SI|20240111|2	169	180	0.0925	4.26079e-05	-1	51716	51885	1520	-930	2450
WP1853	SI	20240111	SI|20240111|2	173	180	0.0425	1.95766e-05	-1	52058	51885	1770	-930	2700
WP1854	SI	20240111	SI|20240111|2	143	180	0.095	4.37594e-05	-1	52058	52201	1770	-930	2700
WP1855	SI	20240111	SI|20240111|2	48	180	0.1175	5.41235e-05	-1	52153	52201	1882.5	-930	2812.5
WP1856	SI	20240111	SI|20240111|2	15	180	0.0275	1.26672e-05	-1	52216	52201	1157.5	-930	2087.5
WP1857	SI	20240111	SI|20240111|2	18	180	0	0	-1	52935	52917	1120	-930	2050
WP1858	SI	20240111	SI|20240111|2	32	180	0.005	2.30313e-06	-1	53552	53520	1070	-930	2000
WP1859	SI	20240111	SI|20240111|2	165	180	0.0225	1.03641e-05	-1	56186	56351	1245	-930	2175
WP1860	SI	20240111	SI|20240111|2	80	180	0.02	9.21251e-06	1	62955	63035	1045	-930	1975
WP1861	SI	20240111	SI|20240111|2	116	180	0.025	1.15156e-05	1	63665	63781	1320	-930	2250
WP1862	SI	20240111	SI|20240111|2	13	180	0.005	2.30313e-06	1	67419	67432	1020	-930	1950
WP1863	SI	20240111	SI|20240111|2	140	180	0.005	2.30313e-06	1	68567	68707	1045	-930	1975
WP1864	SI	20240111	SI|20240111|2	53	180	0.01	4.60625e-06	1	69811	69864	1095	-930	2025
WP1865	SI	20240111	SI|20240111|2	129	180	0.0125	5.75782e-06	1	71737	71608	1120	-930	2050
WP1866	SI	20240112	SI|20240112|2	20	180	0.015	6.56045e-06	-1	55976	55996	1270	-930	2200
WP1867	SI	20240112	SI|20240112|2	40	180	0.005	2.18682e-06	-1	56275	56315	1470	-930	2400
WP1868	SI	20240112	SI|20240112|2	122	180	0.0275	1.20275e-05	-1	57066	57188	1345	-930	2275
WP1869	SI	20240112	SI|20240112|2	46	180	0.015	6.56045e-06	-1	57672	57626	1045	-930	1975
WP1870	SI	20240112	SI|20240112|2	160	180	0	0	-1	58824	58984	1707.5	-930	2637.5
WP1871	SI	20240112	SI|20240112|2	83	180	0	0	-1	59633	59550	1720	-930	2650
WP1872	SI	20240117	SI|20240117|0	171	180	0.01	4.67839e-06	-1	10192	10363	1007.5	-930	1937.5
WP1873	SI	20240117	SI|20240117|2	97	180	0	0	-1	47049	46952	1045	-930	1975
WP1874	SI	20240117	SI|20240117|2	147	180	0.005	2.3392e-06	-1	51473	51620	1095	-930	2025
WP1875	SI	20240117	SI|20240117|2	52	180	0.01	4.67839e-06	-1	51802	51854	1120	-930	2050
WP1876	SI	20240118	SI|20240118|2	0	180	0	0	1	52215	52215	1470	-930	2400
WP1877	SI	20240118	SI|20240118|2	160	180	0.02	9.3295e-06	1	54471	54311	1520	-930	2450
WP1878	SI	20240118	SI|20240118|2	117	180	0.01	4.66475e-06	1	54471	54588	1520	-930	2450
WP1879	SI	20240118	SI|20240118|2	175	180	0.07	3.26532e-05	1	54763	54588	1220	-930	2150
WP1880	SI	20240118	SI|20240118|2	140	180	0.04	1.8659e-05	1	54763	54903	1220	-930	2150
WP1881	SI	20240118	SI|20240118|2	141	180	0.0175	8.16331e-06	1	55763	55622	1420	-930	2350
WP1882	SI	20240118	SI|20240118|2	57	180	0.025	1.16619e-05	1	55763	55820	1420	-930	2350
WP1883	SI	20240118	SI|20240118|2	121	180	0	0	1	56382	56261	1495	-930	2425
WP1884	SI	20240118	SI|20240118|2	133	180	0.03	1.39942e-05	1	56382	56515	1495	-930	2425
WP1885	SI	20240118	SI|20240118|2	111	180	0.0375	1.74928e-05	1	56853	56964	1145	-930	2075
WP1886	SI	20240119	SI|20240119|2	65	180	0.0125	5.90845e-06	-1	50627	50562	1045	-930	1975
WP1887	SI	20240122	SI|20240122|0	162	180	0.0225	1.15275e-05	-1	7326	7488	2220	-930	3150
WP1888	SI	20240122	SI|20240122|0	105	180	0.0025	1.28083e-06	-1	9800	9905	2470	-930	3400
WP1889	SI	20240122	SI|20240122|0	57	180	0.0025	1.28083e-06	-1	11102	11045	2145	-930	3075
WP1890	SI	20240122	SI|20240122|2	124	180	0.045	2.3055e-05	-1	59561	59685	1045	-930	1975
WP1891	SI	20240123	SI|20240123|0	154	180	0.015	7.22602e-06	1	9356	9202	1620	-930	2550
WP1892	SI	20240123	SI|20240123|0	134	180	0.03	1.4452e-05	1	11114	10980	1295	-930	2225
WP1893	SI	20240123	SI|20240123|0	117	180	0.01	4.81735e-06	1	11614	11497	1232.5	-930	2162.5
WP1894	SI	20240123	SI|20240123|0	161	180	0.01	4.81735e-06	1	15561	15400	1170	-930	2100
WP1895	SI	20240124	SI|20240124|2	66	180	0.01	4.81749e-06	-1	52426	52492	1345	-930	2275
WP1896	SI	20240124	SI|20240124|2	109	180	0.02	9.63497e-06	-1	55546	55655	1320	-930	2250
WP1897	SI	20240124	SI|20240124|2	87	180	0.0125	6.02186e-06	-1	55742	55655	1282.5	-930	2212.5
WP1898	SI	20240124	SI|20240124|2	168	180	0.0125	6.02186e-06	-1	55742	55910	1282.5	-930	2212.5
WP1899	SI	20240129	SI|20240129|2	13	180	0.0025	1.29298e-06	1	56308	56321	1745	-930	2675
WP1900	SI	20240129	SI|20240129|2	84	180	0	0	1	56586	56670	1945	-930	2875
WP1901	SI	20240129	SI|20240129|2	128	180	0.01	5.17192e-06	1	57429	57301	1970	-930	2900
WP1902	SI	20240129	SI|20240129|2	81	180	0.0075	3.87894e-06	1	57429	57510	1970	-930	2900
WP1903	SI	20240129	SI|20240129|2	140	180	0.0025	1.29298e-06	1	57650	57510	1920	-930	2850
WP1904	SI	20240129	SI|20240129|2	89	180	0.01	5.17192e-06	1	58780	58869	1770	-930	2700
WP1905	SI	20240129	SI|20240129|2	92	180	0.025	1.29298e-05	1	59289	59197	1795	-930	2725
WP1906	SI	20240131	SI|20240131|2	88	180	0.02	1.0242e-05	-1	53646	53734	1070	-930	2000
WP1907	SI	20240131	SI|20240131|2	62	180	0.025	1.28024e-05	-1	56225	56287	1320	-930	2250
WP1908	SI	20240131	SI|20240131|2	179	180	0.0025	1.28024e-06	-1	56466	56287	1457.5	-930	2387.5
WP1909	SI	20240131	SI|20240131|2	118	180	0.0225	1.15222e-05	-1	56466	56584	1457.5	-930	2387.5
WP1910	SI	20240131	SI|20240131|2	108	180	0.01	5.12098e-06	-1	56979	57087	1770	-930	2700
WP1911	SI	20240131	SI|20240131|2	123	180	0.025	1.28024e-05	-1	57210	57087	1845	-930	2775
WP1912	SI	20240131	SI|20240131|2	68	180	0.025	1.28024e-05	-1	57547	57615	1520	-930	2450
WP1913	SI	20240131	SI|20240131|2	44	180	0.005	2.56049e-06	-1	58435	58391	1595	-930	2525
WP1914	SI	20240131	SI|20240131|2	133	180	0.025	1.28024e-05	-1	58435	58568	1595	-930	2525
WP1915	SI	20240131	SI|20240131|2	101	180	0.04	2.04839e-05	-1	59066	59167	1520	-930	2450
WP1916	SI	20240131	SI|20240131|2	23	180	0.005	2.56049e-06	-1	59551	59528	1770	-930	2700
WP1917	SI	20240131	SI|20240131|2	114	180	0.0325	1.66432e-05	-1	59746	59860	1795	-930	2725
WP1918	SI	20240131	SI|20240131|2	33	180	0.0025	1.28024e-06	-1	60395	60428	1795	-930	2725
WP1919	SI	20240131	SI|20240131|2	142	180	0.0025	1.28024e-06	-1	60869	61011	1745	-930	2675
WP1920	SI	20240131	SI|20240131|2	99	180	0.0075	3.84073e-06	-1	61110	61011	1770	-930	2700
WP1921	SI	20240131	SI|20240131|2	100	180	0.02	1.0242e-05	-1	61480	61380	1645	-930	2575
WP1922	SI	20240131	SI|20240131|2	175	180	0.0025	1.28024e-06	-1	74665	74840	1532.5	-930	2462.5
WP1923	SI	20240131	SI|20240131|2	47	180	0.0025	1.28024e-06	-1	74887	74840	1532.5	-930	2462.5
WP1924	SI	20240131	SI|20240131|2	166	180	0.0075	3.84073e-06	-1	75426	75260	1307.5	-930	2237.5
WP1925	SI	20240201	SI|20240201|1	178	180	0.01	4.97808e-06	-1	30284	30106	1045	-930	1975
WP1926	SI	20240201	SI|20240201|1	119	180	0.0075	3.73356e-06	-1	30660	30541	1045	-930	1975
WP1927	SI	20240201	SI|20240201|1	176	180	0.0125	6.2226e-06	-1	30660	30836	1045	-930	1975
WP1928	SI	20240201	SI|20240201|1	104	180	0.0075	3.73356e-06	-1	30940	30836	1070	-930	2000
WP1929	SI	20240201	SI|20240201|2	151	180	0.01	4.97808e-06	1	44073	43922	2570	-930	3500
WP1930	SI	20240201	SI|20240201|2	93	180	0	0	1	44073	44166	2570	-930	3500
WP1931	SI	20240201	SI|20240201|2	156	180	0.025	1.24452e-05	1	44322	44166	2445	-930	3375
WP1932	SI	20240201	SI|20240201|2	94	180	0	0	1	45514	45420	2545	-930	3475
WP1933	SI	20240201	SI|20240201|2	86	180	0.01	4.97808e-06	1	48686	48600	2795	-930	3725
WP1934	SI	20240201	SI|20240201|2	162	180	0.01	4.97808e-06	1	50605	50443	2795	-930	3725
WP1935	SI	20240201	SI|20240201|2	107	180	0.02	9.95616e-06	1	50844	50951	2870	-930	3800
WP1936	SI	20240201	SI|20240201|2	166	180	0.015	7.46712e-06	1	51413	51247	3145	-930	4075
WP1937	SI	20240201	SI|20240201|2	44	180	0.0025	1.24452e-06	1	51413	51457	3145	-930	4075
WP1938	SI	20240201	SI|20240201|2	167	180	0.0025	1.24452e-06	1	51624	51457	3120	-930	4050
WP1939	SI	20240201	SI|20240201|2	66	180	0.005	2.48904e-06	1	51624	51690	3120	-930	4050
WP1940	SI	20240201	SI|20240201|2	25	180	0.015	7.46712e-06	1	52215	52240	3045	-930	3975
WP1941	SI	20240201	SI|20240201|2	99	180	0.01	4.97808e-06	1	52773	52674	2770	-930	3700
WP1942	SI	20240201	SI|20240201|2	50	180	0	0	1	53196	53246	2695	-930	3625
WP1943	SI	20240201	SI|20240201|2	56	180	0.005	2.48904e-06	1	53811	53755	2545	-930	3475
WP1944	SI	20240201	SI|20240201|2	149	180	0.0175	8.71164e-06	1	53811	53960	2545	-930	3475
WP1945	SI	20240201	SI|20240201|2	174	180	0.0625	3.1113e-05	1	54134	53960	2320	-930	3250
WP1946	SI	20240201	SI|20240201|2	18	180	0.005	2.48904e-06	1	54441	54423	2195	-930	3125
WP1947	SI	20240201	SI|20240201|2	180	180	0.005	2.48904e-06	1	54441	54621	2195	-930	3125
WP1948	SI	20240201	SI|20240201|2	134	180	0.08	3.98247e-05	1	54755	54621	1820	-930	2750
WP1949	SI	20240201	SI|20240201|2	26	180	0.015	7.46712e-06	1	55021	54995	1520	-930	2450
WP1950	SI	20240201	SI|20240201|2	21	180	0.015	7.46712e-06	1	55820	55799	1370	-930	2300
WP1951	SI	20240201	SI|20240201|2	99	180	0.01	4.97808e-06	1	56830	56731	1045	-930	1975
WP1952	SI	20240201	SI|20240201|2	126	180	0.0225	1.12007e-05	1	57392	57266	1007.5	-930	1937.5
WP1953	SI	20240201	SI|20240201|2	106	180	0.0075	3.73356e-06	1	57392	57498	1007.5	-930	1937.5
WP1954	SI	20240201	SI|20240201|2	124	180	0.09	4.48027e-05	1	57622	57498	1495	-930	2425
WP1955	SI	20240201	SI|20240201|2	24	180	0.0075	3.73356e-06	1	57622	57646	1495	-930	2425
WP1956	SI	20240201	SI|20240201|2	137	180	0.0425	2.11568e-05	1	58958	58821	1407.5	-930	2337.5
WP1957	SI	20240202	SI|20240202|2	91	180	0.015	7.02588e-06	-1	50542	50451	2345	-930	3275
WP1958	SI	20240202	SI|20240202|2	157	180	0.005	2.34196e-06	-1	50542	50699	2345	-930	3275
WP1959	SI	20240202	SI|20240202|2	62	180	0.02	9.36785e-06	-1	50761	50699	2420	-930	3350
WP1960	SI	20240202	SI|20240202|2	153	180	0.025	1.17098e-05	-1	51012	51165	2370	-930	3300
WP1961	SI	20240202	SI|20240202|2	90	180	0.015	7.02588e-06	-1	51437	51527	2495	-930	3425
WP1962	SI	20240202	SI|20240202|2	89	180	0.045	2.10777e-05	-1	51616	51527	2195	-930	3125
WP1963	SI	20240202	SI|20240202|2	78	180	0.0075	3.51294e-06	-1	51949	51871	2095	-930	3025
WP1964	SI	20240202	SI|20240202|2	126	180	0.015	7.02588e-06	-1	51949	52075	2095	-930	3025
WP1965	SI	20240207	SI|20240207|2	32	180	0.015	7.19852e-06	-1	57148	57180	1070	-930	2000
WP1966	SI	20240207	SI|20240207|2	87	180	0.015	7.19852e-06	-1	57366	57453	1020	-930	1950
WP1967	SI	20240207	SI|20240207|2	158	180	0.01	4.79901e-06	-1	61514	61356	1070	-930	2000
WP1968	SI	20240207	SI|20240207|2	94	180	0	0	-1	61514	61608	1070	-930	2000
WP1969	SI	20240207	SI|20240207|2	62	180	0.005	2.39951e-06	-1	62415	62477	1070	-930	2000
WP1970	SI	20240208	SI|20240208|2	42	180	0.005	2.46575e-06	1	51953	51995	1770	-930	2700
WP1971	SI	20240208	SI|20240208|2	27	180	0.01	4.9315e-06	1	52443	52470	1820	-930	2750
WP1972	SI	20240208	SI|20240208|2	69	180	0	0	1	52937	53006	2020	-930	2950
WP1973	SI	20240208	SI|20240208|2	37	180	0.0075	3.69863e-06	1	53290	53327	2082.5	-930	3012.5
WP1974	SI	20240208	SI|20240208|2	151	180	0.005	2.46575e-06	1	54707	54858	2095	-930	3025
WP1975	SI	20240208	SI|20240208|2	100	180	0.02	9.86301e-06	1	54958	54858	2020	-930	2950
WP1976	SI	20240208	SI|20240208|2	77	180	0.03	1.47945e-05	1	57483	57560	1045	-930	1975
WP1977	SI	20240208	SI|20240208|2	93	180	0.01	4.9315e-06	1	57862	57955	1370	-930	2300
WP1978	SI	20240208	SI|20240208|2	122	180	0.0125	6.16438e-06	1	59265	59143	1182.5	-930	2112.5
WP1979	SI	20240209	SI|20240209|2	93	180	0.005	2.42121e-06	1	60627	60720	1082.5	-930	2012.5
WP1980	SI	20240209	SI|20240209|2	153	180	0.02	9.68485e-06	1	61493	61340	1132.5	-930	2062.5
WP1981	SI	20240212	SI|20240212|2	41	180	0.015	7.88101e-06	-1	50721	50762	1545	-930	2475
WP1982	SI	20240212	SI|20240212|2	67	180	0.0075	3.9405e-06	-1	51450	51517	1895	-930	2825
WP1983	SI	20240212	SI|20240212|2	102	180	0.0125	6.56751e-06	-1	51619	51517	1795	-930	2725
WP1984	SI	20240212	SI|20240212|2	102	180	0.005	2.627e-06	-1	52185	52083	1620	-930	2550
WP1985	SI	20240213	SI|20240213|2	143	180	0.0075	3.80359e-06	-1	51548	51405	3995	-930	4925
WP1986	SI	20240213	SI|20240213|2	121	180	0.005	2.53572e-06	-1	52109	51988	4020	-930	4950
WP1987	SI	20240213	SI|20240213|2	106	180	0.27	0.000136929	-1	52109	52215	4020	-930	4950
WP1988	SI	20240213	SI|20240213|2	1	180	0.005	2.53572e-06	-1	52216	52215	2695	-930	3625
WP1989	SI	20240213	SI|20240213|2	27	180	0.045	2.28215e-05	-1	53247	53220	2095	-930	3025
WP1990	SI	20240213	SI|20240213|2	180	180	0.045	2.28215e-05	-1	53247	53427	2095	-930	3025
WP1991	SI	20240213	SI|20240213|2	55	180	0.02	1.01429e-05	-1	53482	53427	2220	-930	3150
WP1992	SI	20240213	SI|20240213|2	54	180	0.025	1.26786e-05	-1	54116	54062	1770	-930	2700
WP1993	SI	20240213	SI|20240213|2	44	180	0.0025	1.26786e-06	-1	54760	54716	1107.5	-930	2037.5
WP1994	SI	20240213	SI|20240213|2	168	180	0.0175	8.87504e-06	-1	54760	54928	1107.5	-930	2037.5
WP1995	SI	20240213	SI|20240213|2	64	180	0.0275	1.39465e-05	-1	55530	55466	1020	-930	1950
WP1996	SI	20240213	SI|20240213|2	162	180	0.06	3.04287e-05	-1	55728	55890	1220	-930	2150
WP1997	SI	20240214	SI|20240214|2	134	180	0.005	2.2888e-06	1	45652	45518	1582.5	-930	2512.5
WP1998	SI	20240214	SI|20240214|2	147	180	0.0125	5.722e-06	1	46954	47101	1470	-930	2400
WP1999	SI	20240214	SI|20240214|2	166	180	0.0025	1.1444e-06	1	50745	50911	1607.5	-930	2537.5
WP2000	SI	20240214	SI|20240214|2	118	180	0.03	1.37328e-05	1	51611	51729	1532.5	-930	2462.5
WP2001	SI	20240214	SI|20240214|2	115	180	0.015	6.8664e-06	1	52160	52045	1382.5	-930	2312.5
WP2002	SI	20240214	SI|20240214|2	39	180	0.015	6.8664e-06	1	53690	53651	1132.5	-930	2062.5
WP2003	SI	20240214	SI|20240214|2	47	180	0.005	2.2888e-06	1	54163	54210	1232.5	-930	2162.5
WP2004	SI	20240214	SI|20240214|2	180	180	0.01	4.5776e-06	1	54426	54606	1082.5	-930	2012.5
WP2005	SI	20240214	SI|20240214|2	53	180	0.005	2.2888e-06	1	55092	55039	1132.5	-930	2062.5
WP2006	SI	20240214	SI|20240214|2	100	180	0.0075	3.4332e-06	1	55823	55723	1132.5	-930	2062.5
WP2007	SI	20240214	SI|20240214|2	175	180	0.01	4.5776e-06	1	57047	57222	1032.5	-930	1962.5
WP2008	SI	20240214	SI|20240214|2	160	180	0.01	4.5776e-06	1	57382	57222	1032.5	-930	1962.5
WP2009	SI	20240214	SI|20240214|2	90	180	0.035	1.60216e-05	1	57382	57472	1032.5	-930	1962.5
WP2010	SI	20240215	SI|20240215|2	32	180	0.01	4.50354e-06	1	48161	48193	1395	-930	2325
WP2011	SI	20240215	SI|20240215|2	84	180	0.0175	7.8812e-06	1	51829	51745	1245	-930	2175
WP2012	SI	20240215	SI|20240215|2	150	180	0.1	4.50354e-05	1	52066	52216	1195	-930	2125
WP2013	SI	20240216	SI|20240216|2	87	180	0.065	2.81484e-05	1	52303	52216	3082.5	-930	4012.5
WP2014	SI	20240216	SI|20240216|2	18	180	0.0125	5.41315e-06	1	52303	52321	3082.5	-930	4012.5
WP2015	SI	20240216	SI|20240216|2	95	180	0.0325	1.40742e-05	1	52940	53035	2545	-930	3475
WP2016	SI	20240216	SI|20240216|2	152	180	0.005	2.16526e-06	1	53856	53704	1945	-930	2875
WP2017	SI	20240216	SI|20240216|2	121	180	0.0925	4.00573e-05	1	55889	55768	2370	-930	3300
WP2018	SI	20240216	SI|20240216|2	90	180	0.02	8.66104e-06	1	56598	56688	2220	-930	3150
WP2019	SI	20240216	SI|20240216|2	140	180	0.035	1.51568e-05	1	57204	57344	2595	-930	3525
WP2020	SI	20240216	SI|20240216|2	176	180	0.03	1.29916e-05	1	57520	57344	2620	-930	3550
WP2021	SI	20240216	SI|20240216|2	53	180	0.005	2.16526e-06	1	58876	58823	1557.5	-930	2487.5
WP2022	SI	20240216	SI|20240216|2	79	180	0.01	4.33052e-06	1	59502	59581	1595	-930	2525
WP2023	SI	20240216	SI|20240216|2	119	180	0.015	6.49578e-06	1	59700	59581	1470	-930	2400
WP2024	SI	20240216	SI|20240216|2	88	180	0.015	6.49578e-06	1	60146	60058	1057.5	-930	1987.5
WP2025	SI	20240216	SI|20240216|2	131	180	0.01	4.33052e-06	1	61365	61496	1070	-930	2000
WP2026	SI	20240219	SI|20240219|0	164	180	0.02	8.97249e-06	-1	5486	5322	1445	-930	2375
WP2027	SI	20240222	SI|20240222|2	132	180	0.01	4.57105e-06	-1	51722	51854	1120	-930	2050
WP2028	SI	20240222	SI|20240222|2	92	180	0.025	1.14276e-05	-1	51946	51854	1195	-930	2125
WP2029	SI	20240222	SI|20240222|2	115	180	0.0075	3.42828e-06	-1	51946	52061	1195	-930	2125
WP2030	SI	20240222	SI|20240222|2	29	180	0.0075	3.42828e-06	-1	53261	53232	1007.5	-930	1937.5
WP2031	SI	20240223	SI|20240223|2	91	180	0.0025	1.14324e-06	1	48567	48658	1045	-930	1975
WP2032	SI	20240223	SI|20240223|2	153	180	0.01	4.57294e-06	1	52231	52078	1020	-930	1950
WP2033	SI	20240223	SI|20240223|2	46	180	0.0025	1.14324e-06	1	54194	54240	1182.5	-930	2112.5
WP2034	SI	20240223	SI|20240223|2	149	180	0	0	1	54902	54753	1095	-930	2025
WP2035	SI	20240223	SI|20240223|2	22	180	0.01	4.57294e-06	1	56633	56655	1370	-930	2300
WP2036	SI	20240223	SI|20240223|2	63	180	0.0175	8.00265e-06	1	57433	57496	1195	-930	2125
WP2037	SI	20240226	SI|20240226|1	67	180	0.01	4.91856e-06	-1	34767	34700	1020	-930	1950
WP2038	SI	20240226	SI|20240226|1	130	180	0.015	7.37785e-06	-1	35532	35662	1032.5	-930	1962.5
WP2039	SI	20240227	SI|20240227|2	95	180	0.015	7.23378e-06	-1	49081	48986	1057.5	-930	1987.5
WP2040	SI	20240227	SI|20240227|2	154	180	0.005	2.41126e-06	-1	54716	54562	1032.5	-930	1962.5
WP2041	SI	20240227	SI|20240227|2	42	180	0.005	2.41126e-06	-1	54716	54758	1032.5	-930	1962.5
WP2042	SI	20240229	SI|20240229|2	46	180	0.005	2.52487e-06	1	46905	46951	1620	-930	2550
WP2043	SI	20240229	SI|20240229|2	144	180	0.005	2.52487e-06	1	50460	50316	1620	-930	2550
WP2044	SI	20240229	SI|20240229|2	124	180	0.02	1.00995e-05	1	50944	51068	1670	-930	2600
WP2045	SI	20240229	SI|20240229|2	6	180	0.01	5.04973e-06	1	52220	52226	1407.5	-930	2337.5
WP2046	SI	20240301	SI|20240301|2	66	180	0	0	1	47021	46955	2220	-930	3150
WP2047	SI	20240301	SI|20240301|2	134	180	0.0025	1.2414e-06	1	50581	50715	2220	-930	3150
WP2048	SI	20240301	SI|20240301|2	175	180	0.0175	8.68981e-06	1	51545	51720	2282.5	-930	3212.5
WP2049	SI	20240301	SI|20240301|2	85	180	0.015	7.44841e-06	1	51805	51720	2445	-930	3375
WP2050	SI	20240301	SI|20240301|2	109	180	0.01	4.96561e-06	1	51805	51914	2445	-930	3375
WP2051	SI	20240301	SI|20240301|2	105	180	0.0125	6.20701e-06	1	52131	52236	2482.5	-930	3412.5
WP2052	SI	20240301	SI|20240301|2	163	180	0.02	9.93121e-06	1	52418	52581	2420	-930	3350
WP2053	SI	20240301	SI|20240301|2	29	180	0.005	2.4828e-06	1	54628	54657	2470	-930	3400
WP2054	SI	20240301	SI|20240301|2	140	180	0.02	9.93121e-06	1	56287	56427	2532.5	-930	3462.5
WP2055	SI	20240301	SI|20240301|2	89	180	0.03	1.48968e-05	1	56516	56427	2582.5	-930	3512.5
WP2056	SI	20240301	SI|20240301|2	92	180	0.0075	3.72421e-06	1	56516	56608	2582.5	-930	3512.5
WP2057	SI	20240301	SI|20240301|2	45	180	0.0025	1.2414e-06	1	56836	56881	2845	-930	3775
WP2058	SI	20240301	SI|20240301|2	18	180	0.0325	1.61382e-05	1	57615	57633	2257.5	-930	3187.5
WP2059	SI	20240301	SI|20240301|2	180	180	0.0675	3.35178e-05	1	58564	58384	1945	-930	2875
WP2060	SI	20240301	SI|20240301|2	60	180	0.015	7.44841e-06	1	58851	58791	1945	-930	2875
WP2061	SI	20240301	SI|20240301|2	24	180	0	0	1	59361	59337	1370	-930	2300
WP2062	SI	20240301	SI|20240301|2	143	180	0.0225	1.11726e-05	1	59702	59559	1257.5	-930	2187.5
WP2063	SI	20240301	SI|20240301|2	50	180	0	0	1	60056	60006	1295	-930	2225
WP2064	SI	20240304	SI|20240304|2	126	180	0.02	1.00412e-05	1	50650	50524	3995	-930	4925
WP2065	SI	20240304	SI|20240304|2	71	180	0.0025	1.25515e-06	1	50650	50721	3995	-930	4925
WP2066	SI	20240304	SI|20240304|2	114	180	0.0175	8.78606e-06	1	51325	51439	4007.5	-930	4937.5
WP2067	SI	20240304	SI|20240304|2	118	180	0.055	2.76133e-05	1	52284	52166	3470	-930	4400
WP2068	SI	20240304	SI|20240304|2	169	180	0.075	3.76545e-05	1	52284	52453	3470	-930	4400
WP2069	SI	20240304	SI|20240304|2	16	180	0.01	5.02061e-06	1	52469	52453	3045	-930	3975
WP2070	SI	20240304	SI|20240304|2	123	180	0	0	1	53585	53462	3145	-930	4075
WP2071	SI	20240304	SI|20240304|2	155	180	0.0075	3.76545e-06	1	54639	54484	2745	-930	3675
WP2072	SI	20240304	SI|20240304|2	87	180	0.005	2.5103e-06	1	54639	54726	2745	-930	3675
WP2073	SI	20240304	SI|20240304|2	77	180	0.02	1.00412e-05	1	55431	55354	2495	-930	3425
WP2074	SI	20240304	SI|20240304|2	23	180	0.025	1.25515e-05	1	55874	55851	2495	-930	3425
WP2075	SI	20240304	SI|20240304|2	18	180	0	0	1	57548	57530	1970	-930	2900
WP2076	SI	20240304	SI|20240304|2	31	180	0.025	1.25515e-05	1	58623	58654	2170	-930	3100
WP2077	SI	20240304	SI|20240304|2	140	180	0	0	1	60246	60106	1995	-930	2925
WP2078	SI	20240304	SI|20240304|2	84	180	0.01	5.02061e-06	1	61032	60948	1470	-930	2400
WP2079	SI	20240304	SI|20240304|2	49	180	0.005	2.5103e-06	1	61658	61609	1295	-930	2225
WP2080	SI	20240305	SI|20240305|2	18	180	0.01	4.58741e-06	-1	51804	51822	1970	-930	2900
WP2081	SI	20240305	SI|20240305|2	50	180	0.01	4.58741e-06	-1	52162	52212	2120	-930	3050
WP2082	SI	20240305	SI|20240305|2	128	180	0.065	2.98182e-05	-1	52340	52212	2395	-930	3325
WP2083	SI	20240305	SI|20240305|2	27	180	0.005	2.29371e-06	-1	52340	52367	2395	-930	3325
WP2084	SI	20240305	SI|20240305|2	132	180	0.0275	1.26154e-05	-1	52340	52472	2395	-930	3325
WP2085	SI	20240305	SI|20240305|2	78	180	0.015	6.88112e-06	-1	52445	52367	2495	-930	3425
WP2086	SI	20240305	SI|20240305|2	27	180	0.0075	3.44056e-06	-1	52445	52472	2495	-930	3425
WP2087	SI	20240305	SI|20240305|2	92	180	0.0075	3.44056e-06	-1	52564	52472	2570	-930	3500
WP2088	SI	20240305	SI|20240305|2	51	180	0.005	2.29371e-06	-1	53212	53263	1695	-930	2625
WP2089	SI	20240305	SI|20240305|2	13	180	0.0125	5.73427e-06	-1	54264	54277	1682.5	-930	2612.5
WP2090	SI	20240305	SI|20240305|2	164	180	0.02	9.17483e-06	-1	54698	54534	1495	-930	2425
WP2091	SI	20240305	SI|20240305|2	75	180	0.02	9.17483e-06	-1	54698	54773	1495	-930	2425
WP2092	SI	20240305	SI|20240305|2	85	180	0.015	6.88112e-06	-1	55060	55145	1645	-930	2575
WP2093	SI	20240305	SI|20240305|2	89	180	0.0125	5.73427e-06	-1	55502	55591	1595	-930	2525
WP2094	SI	20240305	SI|20240305|2	119	180	0.0225	1.03217e-05	-1	55710	55591	1645	-930	2575
WP2095	SI	20240305	SI|20240305|2	61	180	0.005	2.29371e-06	-1	55710	55771	1645	-930	2575
WP2096	SI	20240305	SI|20240305|2	121	180	0	0	-1	56467	56588	1570	-930	2500
WP2097	SI	20240305	SI|20240305|2	63	180	0.0025	1.14685e-06	-1	57123	57186	1357.5	-930	2287.5
WP2098	SI	20240305	SI|20240305|2	156	180	0.1475	6.76643e-05	-1	57656	57500	1982.5	-930	2912.5
WP2099	SI	20240305	SI|20240305|2	122	180	0.02	9.17483e-06	-1	58261	58383	1370	-930	2300
WP2100	SI	20240305	SI|20240305|2	75	180	0.015	6.88112e-06	-1	58883	58958	1470	-930	2400
WP2101	SI	20240305	SI|20240305|2	163	180	0.005	2.29371e-06	-1	59379	59216	1307.5	-930	2237.5
WP2102	SI	20240305	SI|20240305|2	102	180	0.0175	8.02797e-06	-1	60301	60403	1420	-930	2350
WP2103	SI	20240306	SI|20240306|2	58	180	0.0175	7.81165e-06	1	51422	51364	1957.5	-930	2887.5
WP2104	SI	20240306	SI|20240306|2	46	180	0.02	8.9276e-06	1	51981	51935	1870	-930	2800
WP2105	SI	20240306	SI|20240306|2	67	180	0.0175	7.81165e-06	1	52149	52216	1807.5	-930	2737.5
WP2106	SI	20240306	SI|20240306|2	136	180	0.035	1.56233e-05	1	53739	53603	1795	-930	2725
WP2107	SI	20240306	SI|20240306|2	61	180	0.02	8.9276e-06	1	54227	54166	1545	-930	2475
WP2108	SI	20240306	SI|20240306|2	180	180	0	0	1	54227	54407	1545	-930	2475
WP2109	SI	20240308	SI|20240308|2	18	180	0.0125	5.29671e-06	-1	53047	53065	1245	-930	2175
WP2110	SI	20240308	SI|20240308|2	66	180	0.01	4.23737e-06	-1	66655	66721	1020	-930	1950
WP2111	SI	20240312	SI|20240312|2	41	180	0.01	4.6774e-06	-1	53043	53084	2282.5	-930	3212.5
WP2112	SI	20240312	SI|20240312|2	130	180	0.01	4.6774e-06	-1	53343	53473	2245	-930	3175
WP2113	SI	20240312	SI|20240312|2	148	180	0.08	3.74192e-05	-1	54000	53852	1157.5	-930	2087.5
WP2114	SI	20240313	SI|20240313|2	158	180	0.01	4.48995e-06	1	50988	50830	3445	-930	4375
WP2115	SI	20240313	SI|20240313|2	75	180	0.01	4.48995e-06	1	51723	51798	3370	-930	4300
WP2116	SI	20240313	SI|20240313|2	162	180	0.03	1.34699e-05	1	52143	51981	3395	-930	4325
WP2117	SI	20240313	SI|20240313|2	162	180	0.015	6.73493e-06	1	52143	52305	3395	-930	4325
WP2118	SI	20240313	SI|20240313|2	155	180	0.0075	3.36747e-06	1	53262	53417	3245	-930	4175
WP2119	SI	20240313	SI|20240313|2	98	180	0.01	4.48995e-06	1	53720	53818	3270	-930	4200
WP2120	SI	20240313	SI|20240313|2	133	180	0.015	6.73493e-06	1	54546	54679	3195	-930	4125
WP2121	SI	20240313	SI|20240313|2	109	180	0.0175	7.85742e-06	1	54884	54993	3320	-930	4250
WP2122	SI	20240313	SI|20240313|2	9	180	0.0125	5.61244e-06	1	55913	55904	2945	-930	3875
WP2123	SI	20240313	SI|20240313|2	65	180	0.0075	3.36747e-06	1	56825	56760	2795	-930	3725
WP2124	SI	20240313	SI|20240313|2	164	180	0.015	6.73493e-06	1	57575	57411	2970	-930	3900
WP2125	SI	20240313	SI|20240313|2	145	180	0.0225	1.01024e-05	1	57575	57720	2970	-930	3900
WP2126	SI	20240313	SI|20240313|2	73	180	0.0075	3.36747e-06	1	58430	58503	3157.5	-930	4087.5
WP2127	SI	20240313	SI|20240313|2	56	180	0.01	4.48995e-06	1	59115	59059	2870	-930	3800
WP2128	SI	20240313	SI|20240313|2	169	180	0.035	1.57148e-05	1	59115	59284	2870	-930	3800
WP2129	SI	20240313	SI|20240313|2	136	180	0	0	1	60684	60548	2795	-930	3725
WP2130	SI	20240313	SI|20240313|2	82	180	0.0125	5.61244e-06	1	61420	61338	2557.5	-930	3487.5
WP2131	SI	20240313	SI|20240313|2	113	180	0.015	6.73493e-06	1	61930	61817	2370	-930	3300
WP2132	SI	20240313	SI|20240313|2	101	180	0.02	8.97991e-06	1	61930	62031	2370	-930	3300
WP2133	SI	20240313	SI|20240313|2	57	180	0.0275	1.23474e-05	1	62461	62404	1832.5	-930	2762.5
WP2134	SI	20240313	SI|20240313|2	78	180	0.015	6.73493e-06	1	62747	62669	1495	-930	2425
WP2135	SI	20240313	SI|20240313|2	145	180	0.02	8.97991e-06	1	62747	62892	1495	-930	2425
WP2136	SI	20240313	SI|20240313|2	120	180	0.0175	7.85742e-06	1	63317	63197	1445	-930	2375
WP2137	SI	20240314	SI|20240314|2	95	180	0.015	6.20778e-06	-1	55445	55540	1245	-930	2175
WP2138	SI	20240315	SI|20240315|2	34	180	0.0175	7.31623e-06	-1	59915	59949	1020	-930	1950
WP2139	SI	20240315	SI|20240315|2	103	180	0.0025	1.04518e-06	-1	60707	60810	1057.5	-930	1987.5
WP2140	SI	20240318	SI|20240318|2	6	180	0.005	2.19491e-06	-1	52262	52256	1182.5	-930	2112.5
WP2141	SI	20240318	SI|20240318|2	50	180	0.025	1.09745e-05	-1	52512	52562	1157.5	-930	2087.5
WP2142	SI	20240318	SI|20240318|2	16	180	0	0	-1	55817	55833	1157.5	-930	2087.5
WP2143	SI	20240318	SI|20240318|2	155	180	0.02	8.77962e-06	-1	57155	57000	1007.5	-930	1937.5
WP2144	SI	20240318	SI|20240318|2	116	180	0.025	1.09745e-05	-1	57155	57271	1007.5	-930	1937.5
WP2145	SI	20240320	SI|20240320|2	89	180	0.005	2.22496e-06	1	47707	47796	3795	-930	4725
WP2146	SI	20240320	SI|20240320|2	123	180	0.015	6.67488e-06	1	51722	51845	3670	-930	4600
WP2147	SI	20240320	SI|20240320|2	136	180	0.01	4.44992e-06	1	51981	51845	3645	-930	4575
WP2148	SI	20240320	SI|20240320|2	124	180	0.02	8.89984e-06	1	51981	52105	3645	-930	4575
WP2149	SI	20240320	SI|20240320|2	169	180	0.01	4.44992e-06	1	55340	55171	3645	-930	4575
WP2150	SI	20240320	SI|20240320|2	69	180	0.0025	1.11248e-06	1	55677	55608	3620	-930	4550
WP2151	SI	20240320	SI|20240320|2	138	180	0.03	1.33498e-05	1	55677	55815	3620	-930	4550
WP2152	SI	20240320	SI|20240320|2	6	180	0.005	2.22496e-06	1	56533	56527	3170	-930	4100
WP2153	SI	20240320	SI|20240320|2	174	180	0.005	2.22496e-06	1	57202	57028	2970	-930	3900
WP2154	SI	20240320	SI|20240320|2	92	180	0.01	4.44992e-06	1	57383	57475	2995	-930	3925
WP2155	SI	20240320	SI|20240320|2	165	180	0.035	1.55747e-05	1	57640	57475	3220	-930	4150
WP2156	SI	20240320	SI|20240320|2	27	180	0.02	8.89984e-06	1	57640	57613	3220	-930	4150
WP2157	SI	20240320	SI|20240320|2	94	180	0.025	1.11248e-05	1	58624	58530	2895	-930	3825
WP2158	SI	20240320	SI|20240320|2	117	180	0.005	2.22496e-06	1	58624	58741	2895	-930	3825
WP2159	SI	20240320	SI|20240320|2	55	180	0.005	2.22496e-06	1	59308	59363	3095	-930	4025
WP2160	SI	20240320	SI|20240320|2	132	180	0	0	1	59687	59555	3245	-930	4175
WP2161	SI	20240320	SI|20240320|2	65	180	0.025	1.11248e-05	1	59687	59752	3245	-930	4175
WP2162	SI	20240320	SI|20240320|2	16	180	0.015	6.67488e-06	1	59997	60013	3395	-930	4325
WP2163	SI	20240320	SI|20240320|2	76	180	0.02	8.89984e-06	1	60301	60377	3470	-930	4400
WP2164	SI	20240320	SI|20240320|2	113	180	0	0	1	60490	60377	3370	-930	4300
WP2165	SI	20240320	SI|20240320|2	133	180	0.005	2.22496e-06	1	65282	65415	3270	-930	4200
WP2166	SI	20240320	SI|20240320|2	6	180	0.005	2.22496e-06	1	72016	72022	2632.5	-930	3562.5
WP2167	SI	20240320	SI|20240320|2	12	180	0.005	2.22496e-06	1	72847	72835	2045	-930	2975
WP2168	SI	20240320	SI|20240320|2	118	180	0.03	1.33498e-05	1	74066	73948	2470	-930	3400
WP2169	SI	20240320	SI|20240320|2	30	180	0.0225	1.00123e-05	1	74232	74262	2270	-930	3200
WP2170	SI	20240320	SI|20240320|2	36	180	0.025	1.11248e-05	1	75083	75047	1320	-930	2250
WP2171	SI	20240321	SI|20240321|1	104	180	0.005	2.07629e-06	-1	32417	32521	1045	-930	1975
WP2172	SI	20240321	SI|20240321|1	169	180	0.02	8.30515e-06	-1	35675	35506	1195	-930	2125
WP2173	SI	20240321	SI|20240321|2	87	180	0.01	4.15258e-06	-1	50272	50185	3445	-930	4375
WP2174	SI	20240321	SI|20240321|2	158	180	0.015	6.22886e-06	-1	50272	50430	3445	-930	4375
WP2175	SI	20240321	SI|20240321|2	52	180	0.025	1.03814e-05	-1	51408	51460	3645	-930	4575
WP2176	SI	20240321	SI|20240321|2	111	180	0.02	8.30515e-06	-1	51571	51460	3620	-930	4550
WP2177	SI	20240321	SI|20240321|2	121	180	0.0025	1.03814e-06	-1	51571	51692	3620	-930	4550
WP2178	SI	20240321	SI|20240321|2	111	180	0.0025	1.03814e-06	-1	51803	51692	3595	-930	4525
WP2179	SI	20240321	SI|20240321|2	172	180	0.01	4.15258e-06	-1	51963	52135	3570	-930	4500
WP2180	SI	20240321	SI|20240321|2	65	180	0.0025	1.03814e-06	-1	52200	52135	3532.5	-930	4462.5
WP2181	SI	20240321	SI|20240321|2	131	180	0.0075	3.11443e-06	-1	52200	52331	3532.5	-930	4462.5
WP2182	SI	20240321	SI|20240321|2	79	180	0.01	4.15258e-06	-1	53527	53606	3145	-930	4075
WP2183	SI	20240321	SI|20240321|2	109	180	0.0075	3.11443e-06	-1	53715	53606	3132.5	-930	4062.5
WP2184	SI	20240321	SI|20240321|2	104	180	0.0175	7.26701e-06	-1	53715	53819	3132.5	-930	4062.5
WP2185	SI	20240321	SI|20240321|2	77	180	0.06	2.49155e-05	-1	54518	54441	2670	-930	3600
WP2186	SI	20240321	SI|20240321|2	116	180	0.0125	5.19072e-06	-1	55026	55142	2757.5	-930	3687.5
WP2187	SI	20240321	SI|20240321|2	5	180	0.005	2.07629e-06	-1	55823	55818	2620	-930	3550
WP2188	SI	20240321	SI|20240321|2	25	180	0.005	2.07629e-06	-1	56506	56481	2395	-930	3325
WP2189	SI	20240321	SI|20240321|2	102	180	0.06	2.49155e-05	-1	57260	57158	1745	-930	2675
WP2190	SI	20240321	SI|20240321|2	128	180	0.03	1.24577e-05	-1	57260	57388	1745	-930	2675
WP2191	SI	20240321	SI|20240321|2	49	180	0.03	1.24577e-05	-1	57615	57566	1645	-930	2575
WP2192	SI	20240321	SI|20240321|2	77	180	0.03	1.24577e-05	-1	58220	58143	1095	-930	2025
WP2193	SI	20240321	SI|20240321|2	161	180	0.0025	1.03814e-06	-1	58349	58510	1082.5	-930	2012.5
WP2194	SI	20240321	SI|20240321|2	88	180	0.035	1.4534e-05	-1	58598	58510	1270	-930	2200
WP2195	SI	20240321	SI|20240321|2	50	180	0.005	2.07629e-06	-1	58598	58648	1270	-930	2200
WP2196	SI	20240322	SI|20240322|0	177	180	0.02	7.55616e-06	-1	9737	9560	1470	-930	2400
WP2197	SI	20240322	SI|20240322|0	122	180	0.045	1.70014e-05	-1	10981	10859	1295	-930	2225
WP2198	SI	20240322	SI|20240322|0	177	180	0	0	-1	12071	12248	1370	-930	2300
WP2199	SI	20240322	SI|20240322|0	156	180	0	0	-1	12404	12248	1370	-930	2300
WP2200	SI	20240322	SI|20240322|1	59	180	0.01	3.77808e-06	1	33701	33760	1020	-930	1950
WP2201	SI	20240322	SI|20240322|2	177	180	0.045	1.70014e-05	-1	57371	57548	1082.5	-930	2012.5
WP2202	SI	20240322	SI|20240322|2	166	180	0.0125	4.7226e-06	-1	57714	57548	1245	-930	2175
WP2203	SI	20240325	SI|20240325|0	82	180	0.01	4.06835e-06	-1	13372	13454	1220	-930	2150
WP2204	SI	20240325	SI|20240325|0	70	180	0.01	4.06835e-06	-1	13524	13454	1220	-930	2150
WP2205	SI	20240326	SI|20240326|2	18	180	0	0	-1	47888	47906	1557.5	-930	2487.5
WP2206	SI	20240326	SI|20240326|2	153	180	0.0425	1.77194e-05	-1	49810	49963	1607.5	-930	2537.5
WP2207	SI	20240326	SI|20240326|2	136	180	0.01	4.16928e-06	-1	51029	50893	1882.5	-930	2812.5
WP2208	SI	20240326	SI|20240326|2	20	180	0	0	-1	52090	52070	1595	-930	2525
WP2209	SI	20240326	SI|20240326|2	43	180	0.025	1.04232e-05	-1	52369	52326	1407.5	-930	2337.5
WP2210	SI	20240326	SI|20240326|2	157	180	0.045	1.87618e-05	-1	54101	53944	1657.5	-930	2587.5
WP2211	SI	20240326	SI|20240326|2	180	180	0.035	1.45925e-05	-1	55850	55670	1157.5	-930	2087.5
WP2212	SI	20240326	SI|20240326|2	24	180	0.03	1.25078e-05	-1	55850	55874	1157.5	-930	2087.5
WP2213	SI	20240328	SI|20240328|1	121	180	0.005	2.11397e-06	1	36960	37081	1207.5	-930	2137.5
WP2214	SI	20240328	SI|20240328|1	152	180	0.005	2.11397e-06	1	41459	41307	1207.5	-930	2137.5
WP2215	SI	20240328	SI|20240328|2	37	180	0.005	2.11397e-06	1	50617	50580	1895	-930	2825
WP2216	SI	20240328	SI|20240328|2	166	180	0.015	6.3419e-06	1	50617	50783	1895	-930	2825
WP2217	SI	20240328	SI|20240328|2	100	180	0.02	8.45587e-06	1	51309	51409	1895	-930	2825
WP2218	SI	20240328	SI|20240328|2	53	180	0.005	2.11397e-06	1	51771	51824	1970	-930	2900
WP2219	SI	20240328	SI|20240328|2	36	180	0.0075	3.17095e-06	1	52057	52093	2120	-930	3050
WP2220	SI	20240328	SI|20240328|2	138	180	0.045	1.90257e-05	1	52231	52093	1857.5	-930	2787.5
WP2221	SI	20240328	SI|20240328|2	60	180	0.015	6.3419e-06	1	52932	52992	1995	-930	2925
WP2222	SI	20240328	SI|20240328|2	165	180	0	0	1	55348	55183	1620	-930	2550
WP2223	SI	20240328	SI|20240328|2	45	180	0.0075	3.17095e-06	1	55348	55393	1620	-930	2550
WP2224	SI	20240328	SI|20240328|2	61	180	0.0025	1.05698e-06	1	55871	55932	2045	-930	2975
WP2225	SI	20240328	SI|20240328|2	59	180	0.0175	7.39888e-06	1	56583	56524	1920	-930	2850
WP2226	SI	20240328	SI|20240328|2	68	180	0.015	6.3419e-06	1	57013	56945	1770	-930	2700
WP2227	SI	20240328	SI|20240328|2	155	180	0.015	6.3419e-06	1	57497	57652	1970	-930	2900
WP2228	SI	20240328	SI|20240328|2	78	180	0.0075	3.17095e-06	1	58879	58801	1820	-930	2750
WP2229	SI	20240328	SI|20240328|2	87	180	0.015	6.3419e-06	1	59521	59434	1595	-930	2525
WP2230	SI	20240328	SI|20240328|2	75	180	0	0	1	59725	59800	1645	-930	2575
WP2231	SI	20240328	SI|20240328|2	160	180	0.035	1.47978e-05	1	59960	59800	1470	-930	2400
WP2232	SI	20240328	SI|20240328|2	53	180	0.01	4.22793e-06	1	60465	60412	1145	-930	2075
WP2233	SI	20240328	SI|20240328|2	180	180	0.005	2.11397e-06	1	60465	60645	1145	-930	2075
WP2234	SI	20240328	SI|20240328|2	16	180	0.005	2.11397e-06	1	60661	60645	1095	-930	2025
WP2235	SI	20240401	SI|20240401|2	82	180	0.04	1.78102e-05	-1	55265	55347	1032.5	-930	1962.5
WP2236	SI	20240401	SI|20240401|2	63	180	0	0	-1	55558	55621	1382.5	-930	2312.5
WP2237	SI	20240401	SI|20240401|2	113	180	0.045	2.00365e-05	-1	55734	55621	1157.5	-930	2087.5
WP2238	SI	20240401	SI|20240401|2	142	180	0.015	6.67882e-06	-1	55734	55876	1157.5	-930	2087.5
WP2239	SI	20240401	SI|20240401|2	88	180	0.055	2.4489e-05	1	58506	58594	1007.5	-930	1937.5
WP2240	SI	20240401	SI|20240401|2	73	180	0.03	1.33576e-05	1	58810	58883	1582.5	-930	2512.5
WP2241	SI	20240401	SI|20240401|2	135	180	0.09	4.00729e-05	1	59590	59455	1007.5	-930	1937.5
WP2242	SI	20240401	SI|20240401|2	150	180	0.025	1.11314e-05	1	59934	59784	1307.5	-930	2237.5
WP2243	SI	20240401	SI|20240401|2	73	180	0.04	1.78102e-05	1	59934	60007	1307.5	-930	2237.5
WP2244	SI	20240401	SI|20240401|2	112	180	0.02	8.9051e-06	1	60246	60358	1532.5	-930	2462.5
WP2245	SI	20240402	SI|20240402|0	166	180	0.0125	5.39345e-06	1	2600	2766	1382.5	-930	2312.5
WP2246	SI	20240402	SI|20240402|0	145	180	0.01	4.31476e-06	1	6669	6814	1732.5	-930	2662.5
WP2247	SI	20240402	SI|20240402|0	88	180	0.0125	5.39345e-06	1	11506	11594	1432.5	-930	2362.5
WP2248	SI	20240402	SI|20240402|1	54	180	0.01	4.31476e-06	1	33146	33092	1170	-930	2100
WP2249	SI	20240402	SI|20240402|2	38	180	0.03	1.29443e-05	1	48113	48151	3445	-930	4375
WP2250	SI	20240402	SI|20240402|2	115	180	0.01	4.31476e-06	1	51731	51846	3070	-930	4000
WP2251	SI	20240402	SI|20240402|2	89	180	0.035	1.51017e-05	1	52297	52208	2745	-930	3675
WP2252	SI	20240402	SI|20240402|2	170	180	0.03	1.29443e-05	1	55258	55088	2670	-930	3600
WP2253	SI	20240402	SI|20240402|2	169	180	0.01	4.31476e-06	1	55623	55454	3020	-930	3950
WP2254	SI	20240402	SI|20240402|2	74	180	0.005	2.15738e-06	1	55623	55697	3020	-930	3950
WP2255	SI	20240402	SI|20240402|2	121	180	0.025	1.07869e-05	1	56249	56370	2945	-930	3875
WP2256	SI	20240402	SI|20240402|2	23	180	0.01	4.31476e-06	1	56809	56832	3007.5	-930	3937.5
WP2257	SI	20240402	SI|20240402|2	158	180	0.025	1.07869e-05	1	57233	57075	3195	-930	4125
WP2258	SI	20240402	SI|20240402|2	60	180	0.01	4.31476e-06	1	57420	57480	3445	-930	4375
WP2259	SI	20240402	SI|20240402|2	129	180	0.0075	3.23607e-06	1	57609	57480	3357.5	-930	4287.5
WP2260	SI	20240402	SI|20240402|2	11	180	0.0125	5.39345e-06	1	57609	57620	3357.5	-930	4287.5
WP2261	SI	20240402	SI|20240402|2	145	180	0.03	1.29443e-05	1	58260	58405	2870	-930	3800
WP2262	SI	20240402	SI|20240402|2	83	180	0.02	8.62952e-06	1	58488	58405	2820	-930	3750
WP2263	SI	20240402	SI|20240402|2	86	180	0.025	1.07869e-05	1	58488	58574	2820	-930	3750
WP2264	SI	20240402	SI|20240402|2	86	180	0.0125	5.39345e-06	1	59094	59008	2420	-930	3350
WP2265	SI	20240402	SI|20240402|2	14	180	0.005	2.15738e-06	1	59525	59511	1595	-930	2525
WP2266	SI	20240402	SI|20240402|2	150	180	0	0	1	60662	60512	1870	-930	2800
WP2267	SI	20240402	SI|20240402|2	82	180	0.045	1.94164e-05	1	61157	61075	2095	-930	3025
WP2268	SI	20240402	SI|20240402|2	129	180	0.04	1.7259e-05	1	61632	61761	2120	-930	3050
WP2269	SI	20240402	SI|20240402|2	118	180	0.005	2.15738e-06	1	62193	62075	1945	-930	2875
WP2270	SI	20240402	SI|20240402|2	110	180	0.045	1.94164e-05	1	62193	62303	1945	-930	2875
WP2271	SI	20240402	SI|20240402|2	57	180	0.03	1.29443e-05	1	62600	62543	1570	-930	2500
WP2272	SI	20240402	SI|20240402|2	180	180	0.005	2.15738e-06	1	63003	62823	1970	-930	2900
WP2273	SI	20240402	SI|20240402|2	114	180	0.01	4.31476e-06	1	63003	63117	1970	-930	2900
WP2274	SI	20240402	SI|20240402|2	35	180	0.0225	9.70821e-06	1	63462	63497	2157.5	-930	3087.5
WP2275	SI	20240402	SI|20240402|2	41	180	0.0125	5.39345e-06	1	64132	64091	1682.5	-930	2612.5
WP2276	SI	20240402	SI|20240402|2	75	180	0.0275	1.18656e-05	1	64949	64874	1432.5	-930	2362.5
WP2277	SI	20240402	SI|20240402|2	161	180	0.02	8.62952e-06	1	66800	66639	1720	-930	2650
WP2278	SI	20240402	SI|20240402|2	123	180	0.01	4.31476e-06	1	69009	68886	1545	-930	2475
WP2279	SI	20240402	SI|20240402|2	129	180	0.005	2.15738e-06	1	69009	69138	1545	-930	2475
WP2280	SI	20240403	SI|20240403|2	84	180	0.04	1.57175e-05	1	50818	50734	4345	-930	5275
WP2281	SI	20240403	SI|20240403|2	32	180	0.0175	6.87639e-06	1	51449	51481	4707.5	-930	5637.5
WP2282	SI	20240403	SI|20240403|2	109	180	0.03	1.17881e-05	1	51978	52087	4545	-930	5475
WP2283	SI	20240403	SI|20240403|2	54	180	0	0	1	52391	52337	3870	-930	4800
WP2284	SI	20240403	SI|20240403|2	72	180	0.0125	4.91171e-06	1	53922	53850	3557.5	-930	4487.5
WP2285	SI	20240403	SI|20240403|2	46	180	0.005	1.96468e-06	1	54213	54167	3545	-930	4475
WP2286	SI	20240403	SI|20240403|2	22	180	0.015	5.89405e-06	1	54632	54610	2945	-930	3875
WP2287	SI	20240403	SI|20240403|2	125	180	0.03	1.17881e-05	1	55266	55141	2895	-930	3825
WP2288	SI	20240403	SI|20240403|2	82	180	0.025	9.82342e-06	1	55266	55348	2895	-930	3825
WP2289	SI	20240403	SI|20240403|2	10	180	0.0025	9.82342e-07	1	55579	55569	3070	-930	4000
WP2290	SI	20240403	SI|20240403|2	59	180	0.04	1.57175e-05	1	55826	55767	3245	-930	4175
WP2291	SI	20240403	SI|20240403|2	93	180	0.0325	1.27704e-05	1	56678	56771	3157.5	-930	4087.5
WP2292	SI	20240403	SI|20240403|2	28	180	0.015	5.89405e-06	1	57402	57374	2720	-930	3650
WP2293	SI	20240403	SI|20240403|2	164	180	0.01	3.92937e-06	1	57538	57374	2845	-930	3775
WP2294	SI	20240403	SI|20240403|2	78	180	0.07	2.75056e-05	1	57538	57616	2845	-930	3775
WP2295	SI	20240403	SI|20240403|2	64	180	0.055	2.16115e-05	1	58408	58344	2320	-930	3250
WP2296	SI	20240403	SI|20240403|2	132	180	0.005	1.96468e-06	1	59092	58960	2370	-930	3300
WP2297	SI	20240403	SI|20240403|2	85	180	0.045	1.76822e-05	1	63792	63877	2520	-930	3450
WP2298	SI	20240403	SI|20240403|2	63	180	0.055	2.16115e-05	1	64123	64186	2745	-930	3675
WP2299	SI	20240403	SI|20240403|2	154	180	0.005	1.96468e-06	1	64340	64186	3045	-930	3975
WP2300	SI	20240403	SI|20240403|2	68	180	0.05	1.96468e-05	1	64340	64408	3045	-930	3975
WP2301	SI	20240403	SI|20240403|2	32	180	0.025	9.82342e-06	1	65074	65042	2520	-930	3450
WP2302	SI	20240403	SI|20240403|2	133	180	0.045	1.76822e-05	1	65864	65731	2320	-930	3250
WP2303	SI	20240403	SI|20240403|2	110	180	0.005	1.96468e-06	1	65864	65974	2320	-930	3250
WP2304	SI	20240403	SI|20240403|2	93	180	0.01	3.92937e-06	1	66526	66433	1845	-930	2775
WP2305	SI	20240403	SI|20240403|2	33	180	0.01	3.92937e-06	1	66904	66871	1720	-930	2650
WP2306	SI	20240403	SI|20240403|2	126	180	0.03	1.17881e-05	1	66904	67030	1720	-930	2650
WP2307	SI	20240403	SI|20240403|2	136	180	0.06	2.35762e-05	1	67166	67030	1570	-930	2500
WP2308	SI	20240403	SI|20240403|2	19	180	0	0	1	67608	67627	1595	-930	2525
WP2309	SI	20240403	SI|20240403|2	95	180	0.01	3.92937e-06	1	68258	68163	1370	-930	2300
WP2310	SI	20240403	SI|20240403|2	146	180	0	0	1	68258	68404	1370	-930	2300
WP2311	SI	20240403	SI|20240403|2	109	180	0.005	1.96468e-06	1	69488	69379	1420	-930	2350
WP2312	SI	20240404	SI|20240404|0	137	180	0.0275	9.99761e-06	-1	12020	11883	1157.5	-930	2087.5
WP2313	SI	20240404	SI|20240404|0	107	180	0.01	3.63549e-06	-1	12693	12586	1257.5	-930	2187.5
WP2314	SI	20240404	SI|20240404|2	64	180	0.025	9.08874e-06	-1	63349	63285	1082.5	-930	2012.5
WP2315	SI	20240404	SI|20240404|2	130	180	0.015	5.45324e-06	-1	63926	63796	1082.5	-930	2012.5
WP2316	SI	20240404	SI|20240404|2	168	180	0.015	5.45324e-06	-1	72677	72509	1382.5	-930	2312.5
WP2317	SI	20240404	SI|20240404|2	131	180	0.0075	2.72662e-06	-1	72677	72808	1382.5	-930	2312.5
WP2318	SI	20240404	SI|20240404|2	89	180	0	0	-1	73471	73560	1707.5	-930	2637.5
WP2319	SI	20240404	SI|20240404|2	53	180	0.0025	9.08874e-07	-1	73906	73853	1582.5	-930	2512.5
WP2320	SI	20240404	SI|20240404|2	137	180	0.03	1.09065e-05	-1	73906	74043	1582.5	-930	2512.5
WP2321	SI	20240404	SI|20240404|2	102	180	0.055	1.99952e-05	-1	74645	74747	1557.5	-930	2487.5
WP2322	SI	20240404	SI|20240404|2	140	180	0.055	1.99952e-05	-1	74887	74747	1557.5	-930	2487.5
WP2323	SI	20240404	SI|20240404|2	146	180	0.02	7.27099e-06	-1	74887	75033	1557.5	-930	2487.5
WP2324	SI	20240404	SI|20240404|2	57	180	0.01	3.63549e-06	-1	75452	75509	1807.5	-930	2737.5
WP2325	SI	20240404	SI|20240404|2	81	180	0.035	1.27242e-05	-1	75805	75724	1082.5	-930	2012.5
WP2326	SI	20240404	SI|20240404|2	135	180	0.005	1.81775e-06	-1	76350	76485	1307.5	-930	2237.5
WP2327	SI	20240404	SI|20240404|2	101	180	0.04	1.4542e-05	-1	76586	76485	1082.5	-930	2012.5
WP2328	SI	20240405	SI|20240405|0	38	180	0.0025	8.97239e-07	1	11970	12008	1382.5	-930	2312.5
WP2329	SI	20240405	SI|20240405|0	126	180	0.04	1.43558e-05	1	12898	12772	1757.5	-930	2687.5
WP2330	SI	20240405	SI|20240405|0	71	180	0.0375	1.34586e-05	1	12898	12969	1757.5	-930	2687.5
WP2331	SI	20240405	SI|20240405|0	31	180	0	0	1	13349	13318	1345	-930	2275
WP2332	SI	20240405	SI|20240405|0	90	180	0.01	3.58896e-06	1	13786	13696	1170	-930	2100
WP2333	SI	20240405	SI|20240405|0	100	180	0.005	1.79448e-06	1	14940	14840	1070	-930	2000
WP2334	SI	20240405	SI|20240405|0	42	180	0.005	1.79448e-06	1	15838	15880	1182.5	-930	2112.5
WP2335	SI	20240405	SI|20240405|0	175	180	0.005	1.79448e-06	1	16176	16351	1145	-930	2075
WP2336	SI	20240405	SI|20240405|0	100	180	0.005	1.79448e-06	1	18180	18280	1357.5	-930	2287.5
WP2337	SI	20240405	SI|20240405|2	9	180	0.0875	3.14034e-05	1	52217	52208	4745	-930	5675
WP2338	SI	20240405	SI|20240405|2	146	180	0.005	1.79448e-06	1	52782	52636	4495	-930	5425
WP2339	SI	20240405	SI|20240405|2	101	180	0.05	1.79448e-05	1	53131	53030	4007.5	-930	4937.5
WP2340	SI	20240405	SI|20240405|2	124	180	0.055	1.97393e-05	1	53131	53255	4007.5	-930	4937.5
WP2341	SI	20240405	SI|20240405|2	142	180	0.0625	2.2431e-05	1	53529	53671	4670	-930	5600
WP2342	SI	20240405	SI|20240405|2	51	180	0.0225	8.07515e-06	1	54201	54150	4157.5	-930	5087.5
WP2343	SI	20240405	SI|20240405|2	27	180	0.025	8.97239e-06	1	54678	54705	4457.5	-930	5387.5
WP2344	SI	20240405	SI|20240405|2	135	180	0.02	7.17791e-06	1	55435	55300	3657.5	-930	4587.5
WP2345	SI	20240405	SI|20240405|2	55	180	0.0425	1.52531e-05	1	55435	55490	3657.5	-930	4587.5
WP2346	SI	20240405	SI|20240405|2	160	180	0.0275	9.86963e-06	1	55650	55490	3732.5	-930	4662.5
WP2347	SI	20240405	SI|20240405|2	102	180	0.065	2.33282e-05	1	55650	55752	3732.5	-930	4662.5
WP2348	SI	20240405	SI|20240405|2	147	180	0.045	1.61503e-05	1	56430	56283	3632.5	-930	4562.5
WP2349	SI	20240405	SI|20240405|2	154	180	0.06	2.15337e-05	1	56861	56707	3532.5	-930	4462.5
WP2350	SI	20240405	SI|20240405|2	58	180	0.035	1.25614e-05	1	57147	57089	2782.5	-930	3712.5
WP2351	SI	20240405	SI|20240405|2	132	180	0.0275	9.86963e-06	1	57357	57489	2445	-930	3375
WP2352	SI	20240405	SI|20240405|2	138	180	0	0	1	58845	58983	2495	-930	3425
WP2353	SI	20240405	SI|20240405|2	131	180	0.0325	1.16641e-05	1	60843	60712	1257.5	-930	2187.5
WP2354	SI	20240405	SI|20240405|2	76	180	0.035	1.25614e-05	1	60843	60919	1257.5	-930	2187.5
WP2355	SI	20240405	SI|20240405|2	72	180	0.0525	1.8842e-05	1	61212	61140	1395	-930	2325
WP2356	SI	20240408	SI|20240408|0	6	180	0.015	5.34678e-06	1	10939	10945	4307.5	-930	5237.5
WP2357	SI	20240408	SI|20240408|0	35	180	0.02	7.12904e-06	1	11458	11423	3982.5	-930	4912.5
WP2358	SI	20240408	SI|20240408|0	73	180	0.01	3.56452e-06	1	12375	12302	3307.5	-930	4237.5
WP2359	SI	20240408	SI|20240408|0	110	180	0.0625	2.22782e-05	1	12933	12823	2620	-930	3550
WP2360	SI	20240408	SI|20240408|0	98	180	0.0075	2.67339e-06	1	13219	13121	2520	-930	3450
WP2361	SI	20240408	SI|20240408|0	80	180	0.0175	6.23791e-06	1	13488	13408	2457.5	-930	3387.5
WP2362	SI	20240408	SI|20240408|0	95	180	0.03	1.06936e-05	1	13969	13874	2207.5	-930	3137.5
WP2363	SI	20240408	SI|20240408|0	7	180	0	0	1	14175	14168	1257.5	-930	2187.5
WP2364	SI	20240408	SI|20240408|0	77	180	0.04	1.42581e-05	-1	16777	16700	1170	-930	2100
WP2365	SI	20240408	SI|20240408|0	94	180	0.025	8.9113e-06	-1	17393	17299	1107.5	-930	2037.5
WP2366	SI	20240408	SI|20240408|2	178	180	0.05	1.78226e-05	1	58707	58529	2470	-930	3400
WP2367	SI	20240408	SI|20240408|2	150	180	0.0325	1.15847e-05	1	59338	59188	1995	-930	2925
WP2368	SI	20240408	SI|20240408|2	144	180	0.0025	8.9113e-07	1	59338	59482	1995	-930	2925
WP2369	SI	20240408	SI|20240408|2	29	180	0.015	5.34678e-06	1	59781	59752	1720	-930	2650
WP2370	SI	20240408	SI|20240408|2	178	180	0.0725	2.58428e-05	1	60351	60173	1420	-930	2350
WP2371	SI	20240408	SI|20240408|2	138	180	0.0325	1.15847e-05	1	60683	60545	1345	-930	2275
WP2372	SI	20240408	SI|20240408|2	38	180	0.01	3.56452e-06	1	61089	61051	1195	-930	2125
WP2373	SI	20240408	SI|20240408|2	37	180	0.0075	2.67339e-06	1	61415	61378	1107.5	-930	2037.5
WP2374	SI	20240409	SI|20240409|0	34	180	0.0425	1.39686e-05	-1	12837	12871	1157.5	-930	2087.5
WP2375	SI	20240409	SI|20240409|0	152	180	0.0125	4.10841e-06	-1	13023	12871	1432.5	-930	2362.5
WP2376	SI	20240409	SI|20240409|0	80	180	0.0875	2.87589e-05	-1	13023	13103	1432.5	-930	2362.5
WP2377	SI	20240409	SI|20240409|2	60	180	0.03	9.86018e-06	1	62940	63000	1907.5	-930	2837.5
WP2378	SI	20240409	SI|20240409|2	114	180	0.005	1.64336e-06	1	64432	64546	2307.5	-930	3237.5
WP2379	SI	20240409	SI|20240409|2	63	180	0.06	1.97204e-05	1	64609	64546	2632.5	-930	3562.5
WP2380	SI	20240409	SI|20240409|2	151	180	0.01	3.28673e-06	1	66972	66821	1507.5	-930	2437.5
WP2381	SI	20240409	SI|20240409|2	70	180	0.005	1.64336e-06	1	66972	67042	1507.5	-930	2437.5
WP2382	SI	20240409	SI|20240409|2	72	180	0.005	1.64336e-06	1	67654	67582	1657.5	-930	2587.5
WP2383	SI	20240409	SI|20240409|2	156	180	0.04	1.31469e-05	1	68696	68540	1307.5	-930	2237.5
WP2384	SI	20240409	SI|20240409|2	113	180	0.01	3.28673e-06	1	69091	68978	1307.5	-930	2237.5
WP2385	SI	20240409	SI|20240409|2	176	180	0.03	9.86018e-06	1	69091	69267	1307.5	-930	2237.5
WP2386	SI	20240409	SI|20240409|2	129	180	0.015	4.93009e-06	1	69568	69697	1457.5	-930	2387.5
WP2387	SI	20240410	SI|20240410|2	175	180	0.04	1.29921e-05	1	55670	55495	1357.5	-930	2287.5
WP2388	SI	20240410	SI|20240410|2	147	180	0.0175	5.68406e-06	1	55670	55817	1357.5	-930	2287.5
WP2389	SI	20240410	SI|20240410|2	19	180	0.0175	5.68406e-06	-1	60558	60577	2632.5	-930	3562.5
WP2390	SI	20240410	SI|20240410|2	93	180	0.0175	5.68406e-06	-1	61307	61400	2082.5	-930	3012.5
WP2391	SI	20240410	SI|20240410|2	118	180	0.1575	5.11565e-05	-1	61779	61897	1007.5	-930	1937.5
WP2392	SI	20240411	SI|20240411|2	103	180	0.04	1.24412e-05	1	59462	59565	2745	-930	3675
WP2393	SI	20240411	SI|20240411|2	124	180	0.0175	5.44303e-06	1	60120	60244	3070	-930	4000
WP2394	SI	20240411	SI|20240411|2	158	180	0.06	1.86618e-05	1	61929	61771	2795	-930	3725
WP2395	SI	20240411	SI|20240411|2	50	180	0.005	1.55515e-06	1	62243	62193	2745	-930	3675
WP2396	SI	20240411	SI|20240411|2	124	180	0.015	4.66545e-06	1	62743	62867	2795	-930	3725
WP2397	SI	20240411	SI|20240411|2	73	180	0.0275	8.55333e-06	1	64220	64293	2520	-930	3450
WP2398	SI	20240411	SI|20240411|2	98	180	0.02	6.2206e-06	1	65046	64948	2345	-930	3275
WP2399	SI	20240411	SI|20240411|2	123	180	0	0	1	65046	65169	2345	-930	3275
WP2400	SI	20240411	SI|20240411|2	142	180	0.0075	2.33273e-06	1	66564	66422	2332.5	-930	3262.5
WP2401	SI	20240411	SI|20240411|2	36	180	0.0025	7.77575e-07	1	68639	68675	1957.5	-930	2887.5
WP2402	SI	20240411	SI|20240411|2	163	180	0.0425	1.32188e-05	1	68838	68675	1732.5	-930	2662.5
WP2403	SI	20240411	SI|20240411|2	179	180	0.01	3.1103e-06	1	71189	71010	1470	-930	2400
WP2404	SI	20240411	SI|20240411|2	135	180	0.015	4.66545e-06	1	71189	71324	1470	-930	2400
WP2405	SI	20240412	SI|20240412|0	141	180	0.0075	2.30533e-06	1	10406	10265	3295	-930	4225
WP2406	SI	20240412	SI|20240412|0	80	180	0.015	4.61066e-06	1	10924	11004	2782.5	-930	3712.5
WP2407	SI	20240412	SI|20240412|0	106	180	0.0475	1.46004e-05	1	11512	11618	2107.5	-930	3037.5
WP2408	SI	20240412	SI|20240412|0	35	180	0.005	1.53689e-06	1	11850	11815	2145	-930	3075
WP2409	SI	20240412	SI|20240412|0	124	180	0.02	6.14755e-06	1	12421	12545	2245	-930	3175
WP2410	SI	20240412	SI|20240412|0	179	180	0.0525	1.61373e-05	1	12724	12545	2082.5	-930	3012.5
WP2411	SI	20240412	SI|20240412|0	116	180	0.0175	5.37911e-06	1	12724	12840	2082.5	-930	3012.5
WP2412	SI	20240412	SI|20240412|0	171	180	0.035	1.07582e-05	1	13011	12840	2170	-930	3100
WP2413	SI	20240412	SI|20240412|0	32	180	0.03	9.22132e-06	1	13011	13043	2170	-930	3100
WP2414	SI	20240412	SI|20240412|0	72	180	0.0075	2.30533e-06	1	13521	13449	1770	-930	2700
WP2415	SI	20240412	SI|20240412|0	78	180	0.02	6.14755e-06	1	14140	14062	1457.5	-930	2387.5
WP2416	SI	20240412	SI|20240412|0	93	180	0.0025	7.68444e-07	1	15266	15359	1420	-930	2350
WP2417	SI	20240412	SI|20240412|0	167	180	0.0225	6.91599e-06	1	16211	16378	1670	-930	2600
WP2418	SI	20240412	SI|20240412|0	68	180	0.0175	5.37911e-06	1	16813	16745	1170	-930	2100
WP2419	SI	20240412	SI|20240412|0	120	180	0.0025	7.68444e-07	1	16813	16933	1170	-930	2100
WP2420	SI	20240412	SI|20240412|0	130	180	0.0175	5.37911e-06	1	18817	18947	1120	-930	2050
WP2421	SI	20240412	SI|20240412|0	121	180	0.01	3.07377e-06	1	19068	18947	1157.5	-930	2087.5
WP2422	SI	20240412	SI|20240412|0	141	180	0.035	1.07582e-05	1	20285	20426	1420	-930	2350
WP2423	SI	20240412	SI|20240412|0	150	180	0.0025	7.68444e-07	1	25680	25530	1482.5	-930	2412.5
WP2424	SI	20240412	SI|20240412|0	69	180	0.005	1.53689e-06	1	27581	27512	1195	-930	2125
WP2425	SI	20240412	SI|20240412|0	179	180	0.03	9.22132e-06	1	29088	28909	1070	-930	2000
WP2426	SI	20240412	SI|20240412|0	150	180	0.0025	7.68444e-07	1	29088	29238	1070	-930	2000
WP2427	SI	20240412	SI|20240412|0	112	180	0.01	3.07377e-06	1	29350	29238	1107.5	-930	2037.5
WP2428	SI	20240412	SI|20240412|0	149	180	0	0	1	29350	29499	1107.5	-930	2037.5
WP2429	SI	20240412	SI|20240412|2	29	180	0.005	1.53689e-06	-1	61057	61086	8757.5	-930	9687.5
WP2430	SI	20240412	SI|20240412|2	97	180	0.07	2.15164e-05	-1	61643	61740	9182.5	-930	10112.5
WP2431	SI	20240412	SI|20240412|2	11	180	0.0375	1.15267e-05	-1	62828	62817	6145	-930	7075
WP2432	SI	20240412	SI|20240412|2	28	180	0.0825	2.53586e-05	-1	63051	63023	5307.5	-930	6237.5
WP2433	SI	20240412	SI|20240412|2	45	180	0.11	3.38115e-05	-1	63801	63756	5182.5	-930	6112.5
WP2434	SI	20240412	SI|20240412|2	137	180	0.0175	5.37911e-06	-1	64262	64125	5007.5	-930	5937.5
WP2435	SI	20240412	SI|20240412|2	54	180	0.0075	2.30533e-06	-1	64810	64864	5382.5	-930	6312.5
WP2436	SI	20240412	SI|20240412|2	90	180	0.0125	3.84222e-06	-1	64954	64864	5357.5	-930	6287.5
WP2437	SI	20240412	SI|20240412|2	41	180	0.04	1.22951e-05	-1	65523	65482	4907.5	-930	5837.5
WP2438	SI	20240412	SI|20240412|2	119	180	0.1425	4.38013e-05	-1	65701	65820	4895	-930	5825
WP2439	SI	20240412	SI|20240412|2	167	180	0.0875	2.68955e-05	-1	65987	65820	3745	-930	4675
WP2440	SI	20240412	SI|20240412|2	69	180	0.055	1.69058e-05	-1	66473	66542	3257.5	-930	4187.5
WP2441	SI	20240412	SI|20240412|2	24	180	0.0125	3.84222e-06	-1	67422	67398	2770	-930	3700
WP2442	SI	20240412	SI|20240412|2	92	180	0.02	6.14755e-06	-1	68403	68311	2345	-930	3275
WP2443	SI	20240412	SI|20240412|2	153	180	0.05	1.53689e-05	-1	68403	68556	2345	-930	3275
WP2444	SI	20240412	SI|20240412|2	46	180	0.035	1.07582e-05	-1	68602	68556	2420	-930	3350
WP2445	SI	20240412	SI|20240412|2	180	180	0.0075	2.30533e-06	-1	68602	68782	2420	-930	3350
WP2446	SI	20240412	SI|20240412|2	155	180	0.085	2.61271e-05	-1	69241	69396	1770	-930	2700
WP2447	SI	20240412	SI|20240412|2	131	180	0.055	1.69058e-05	-1	69527	69396	1920	-930	2850
WP2448	SI	20240412	SI|20240412|2	48	180	0.0125	3.84222e-06	-1	70337	70385	1670	-930	2600
WP2449	SI	20240412	SI|20240412|2	163	180	0.0675	2.0748e-05	-1	71060	71223	1270	-930	2200
WP2450	SI	20240412	SI|20240412|2	50	180	0.015	4.61066e-06	-1	71866	71916	1770	-930	2700
WP2451	SI	20240412	SI|20240412|2	142	180	0.0075	2.30533e-06	-1	73311	73169	1895	-930	2825
WP2452	SI	20240412	SI|20240412|2	53	180	0.005	1.53689e-06	-1	73769	73716	1257.5	-930	2187.5
WP2453	SI	20240412	SI|20240412|2	138	180	0	0	-1	73769	73907	1257.5	-930	2187.5
WP2454	SI	20240412	SI|20240412|2	43	180	0.0325	9.98977e-06	-1	73950	73907	1095	-930	2025
WP2455	SI	20240412	SI|20240412|2	164	180	0.0075	2.30533e-06	-1	73950	74114	1095	-930	2025
WP2456	SI	20240415	SI|20240415|0	139	180	0.115	3.32995e-05	1	1743	1604	3632.5	-930	4562.5
WP2457	SI	20240415	SI|20240415|0	12	180	0.0025	7.23902e-07	1	3075	3063	2070	-930	3000
WP2458	SI	20240415	SI|20240415|0	59	180	0.08	2.31648e-05	1	3700	3759	2445	-930	3375
WP2459	SI	20240415	SI|20240415|0	125	180	0.035	1.01346e-05	1	4550	4675	1995	-930	2925
WP2460	SI	20240415	SI|20240415|0	111	180	0.02	5.79121e-06	1	4786	4675	1920	-930	2850
WP2461	SI	20240415	SI|20240415|0	165	180	0.0275	7.96292e-06	1	5541	5706	1870	-930	2800
WP2462	SI	20240415	SI|20240415|0	88	180	0.0325	9.41072e-06	1	5794	5706	1570	-930	2500
WP2463	SI	20240415	SI|20240415|0	134	180	0.0875	2.53366e-05	1	7095	7229	1582.5	-930	2512.5
WP2464	SI	20240415	SI|20240415|0	171	180	0.0075	2.1717e-06	1	10759	10930	1995	-930	2925
WP2465	SI	20240415	SI|20240415|0	94	180	0.075	2.1717e-05	1	11666	11572	1857.5	-930	2787.5
WP2466	SI	20240415	SI|20240415|0	126	180	0.0275	7.96292e-06	1	12549	12423	1482.5	-930	2412.5
WP2467	SI	20240415	SI|20240415|0	149	180	0.01	2.89561e-06	1	12549	12698	1482.5	-930	2412.5
WP2468	SI	20240415	SI|20240415|0	98	180	0.035	1.01346e-05	1	12967	13065	1357.5	-930	2287.5
WP2469	SI	20240415	SI|20240415|0	120	180	0.005	1.4478e-06	1	13825	13945	1270	-930	2200
WP2470	SI	20240415	SI|20240415|0	87	180	0.01	2.89561e-06	1	14609	14522	1245	-930	2175
WP2471	SI	20240415	SI|20240415|0	177	180	0.025	7.23902e-06	1	17700	17523	1120	-930	2050
WP2472	SI	20240415	SI|20240415|0	83	180	0.005	1.4478e-06	1	18369	18452	1320	-930	2250
WP2473	SI	20240415	SI|20240415|0	141	180	0.03	8.68682e-06	1	18593	18452	1195	-930	2125
WP2474	SI	20240415	SI|20240415|0	172	180	0.035	1.01346e-05	1	18593	18765	1195	-930	2125
WP2475	SI	20240415	SI|20240415|0	25	180	0.0325	9.41072e-06	1	19083	19108	1395	-930	2325
WP2476	SI	20240415	SI|20240415|0	54	180	0.035	1.01346e-05	1	19811	19865	1245	-930	2175
WP2477	SI	20240415	SI|20240415|0	13	180	0.0075	2.1717e-06	1	21960	21973	1432.5	-930	2362.5
WP2478	SI	20240415	SI|20240415|0	134	180	0	0	1	22426	22560	1370	-930	2300
WP2479	SI	20240415	SI|20240415|0	57	180	0	0	1	23298	23355	1382.5	-930	2312.5
WP2480	SI	20240415	SI|20240415|0	40	180	0	0	1	25821	25781	1295	-930	2225
WP2481	SI	20240415	SI|20240415|0	60	180	0.0075	2.1717e-06	1	27076	27136	1107.5	-930	2037.5
WP2482	SI	20240415	SI|20240415|0	105	180	0.0125	3.61951e-06	1	27406	27301	1157.5	-930	2087.5
WP2483	SI	20240415	SI|20240415|2	12	180	0.01	2.89561e-06	1	59664	59652	2945	-930	3875
WP2484	SI	20240415	SI|20240415|2	118	180	0.015	4.34341e-06	1	60547	60429	2245	-930	3175
WP2485	SI	20240415	SI|20240415|2	86	180	0.005	1.4478e-06	1	61147	61061	1832.5	-930	2762.5
WP2486	SI	20240415	SI|20240415|2	100	180	0.0275	7.96292e-06	1	61436	61336	2307.5	-930	3237.5
WP2487	SI	20240415	SI|20240415|2	92	180	0.035	1.01346e-05	1	62136	62044	1970	-930	2900
WP2488	SI	20240415	SI|20240415|2	163	180	0.045	1.30302e-05	1	62373	62536	1882.5	-930	2812.5
WP2489	SI	20240415	SI|20240415|2	49	180	0.005	1.4478e-06	1	62585	62536	1682.5	-930	2612.5
WP2490	SI	20240415	SI|20240415|2	138	180	0.0025	7.23902e-07	1	63479	63341	1457.5	-930	2387.5
WP2491	SI	20240415	SI|20240415|2	109	180	0.01	2.89561e-06	1	64032	64141	1382.5	-930	2312.5
WP2492	SI	20240415	SI|20240415|2	136	180	0.0425	1.23063e-05	1	64277	64141	1220	-930	2150
WP2493	SI	20240415	SI|20240415|2	45	180	0.01	2.89561e-06	1	66006	65961	1282.5	-930	2212.5
WP2494	SI	20240415	SI|20240415|2	128	180	0.035	1.01346e-05	1	66646	66774	1407.5	-930	2337.5
WP2495	SI	20240415	SI|20240415|2	81	180	0.025	7.23902e-06	1	67132	67213	1732.5	-930	2662.5
WP2496	SI	20240415	SI|20240415|2	125	180	0.07	2.02692e-05	1	67338	67213	1257.5	-930	2187.5
WP2497	SI	20240415	SI|20240415|2	111	180	0.05	1.4478e-05	1	67338	67449	1257.5	-930	2187.5
WP2498	SI	20240415	SI|20240415|2	103	180	0.0125	3.61951e-06	1	69255	69358	1320	-930	2250
WP2499	SI	20240415	SI|20240415|2	148	180	0.0125	3.61951e-06	1	69506	69358	1320	-930	2250
WP2500	SI	20240415	SI|20240415|2	114	180	0.0225	6.51511e-06	1	69506	69620	1320	-930	2250
WP2501	SI	20240415	SI|20240415|2	171	180	0.025	7.23902e-06	1	69791	69620	1332.5	-930	2262.5
WP2502	SI	20240415	SI|20240415|2	58	180	0.04	1.15824e-05	1	69791	69849	1332.5	-930	2262.5
WP2503	SI	20240416	SI|20240416|0	47	180	0.0075	2.04198e-06	-1	9602	9649	3045	-930	3975
WP2504	SI	20240416	SI|20240416|0	61	180	0.0325	8.84859e-06	-1	10860	10921	2632.5	-930	3562.5
WP2505	SI	20240416	SI|20240416|0	52	180	0.015	4.08397e-06	-1	11289	11237	2245	-930	3175
WP2506	SI	20240416	SI|20240416|0	141	180	0.015	4.08397e-06	-1	11289	11430	2245	-930	3175
WP2507	SI	20240416	SI|20240416|0	63	180	0.045	1.22519e-05	-1	11493	11430	2395	-930	3325
WP2508	SI	20240416	SI|20240416|0	106	180	0.005	1.36132e-06	-1	14561	14667	2120	-930	3050
WP2509	SI	20240416	SI|20240416|0	84	180	0.0075	2.04198e-06	-1	19661	19745	2470	-930	3400
WP2510	SI	20240416	SI|20240416|0	98	180	0.0225	6.12595e-06	-1	19843	19745	2395	-930	3325
WP2511	SI	20240416	SI|20240416|0	50	180	0.0025	6.80661e-07	-1	20783	20833	2132.5	-930	3062.5
WP2512	SI	20240416	SI|20240416|0	83	180	0.02	5.44529e-06	-1	21226	21143	1995	-930	2925
WP2513	SI	20240416	SI|20240416|0	52	180	0.005	1.36132e-06	-1	23258	23206	2095	-930	3025
WP2514	SI	20240416	SI|20240416|0	29	180	0.02	5.44529e-06	-1	26515	26544	2345	-930	3275
WP2515	SI	20240416	SI|20240416|0	141	180	0.0025	6.80661e-07	-1	26685	26544	2232.5	-930	3162.5
WP2516	SI	20240416	SI|20240416|0	61	180	0.0175	4.76463e-06	-1	27187	27126	1995	-930	2925
WP2517	SI	20240416	SI|20240416|2	56	180	0.04	1.08906e-05	-1	55325	55381	1620	-930	2550
WP2518	SI	20240416	SI|20240416|2	126	180	0.0025	6.80661e-07	-1	55507	55381	1807.5	-930	2737.5
WP2519	SI	20240416	SI|20240416|2	88	180	0.0025	6.80661e-07	-1	55507	55595	1807.5	-930	2737.5
WP2520	SI	20240416	SI|20240416|2	3	180	0.0075	2.04198e-06	-1	55818	55821	1895	-930	2825
WP2521	SI	20240416	SI|20240416|2	66	180	0.0125	3.4033e-06	-1	61679	61745	1307.5	-930	2237.5
WP2522	SI	20240416	SI|20240416|2	157	180	0.055	1.49745e-05	-1	61902	61745	1095	-930	2025
WP2523	SI	20240416	SI|20240416|2	95	180	0.045	1.22519e-05	-1	61902	61997	1095	-930	2025
WP2524	SI	20240416	SI|20240416|2	106	180	0.02	5.44529e-06	-1	67528	67422	1195	-930	2125
WP2525	SI	20240416	SI|20240416|2	152	180	0.0125	3.4033e-06	-1	67528	67680	1195	-930	2125
WP2526	SI	20240416	SI|20240416|2	94	180	0.0025	6.80661e-07	-1	68367	68273	1407.5	-930	2337.5
WP2527	SI	20240416	SI|20240416|2	110	180	0.0075	2.04198e-06	-1	69053	68943	1045	-930	1975
WP2528	SI	20240416	SI|20240416|2	171	180	0.0325	8.84859e-06	-1	72721	72550	1320	-930	2250
WP2529	SI	20240416	SI|20240416|2	23	180	0.0025	6.80661e-07	-1	72721	72744	1320	-930	2250
WP2530	SI	20240417	SI|20240417|0	93	180	0.02	5.27454e-06	1	10861	10954	1120	-930	2050
WP2531	SI	20240417	SI|20240417|0	111	180	0.025	6.59317e-06	1	11065	10954	1145	-930	2075
WP2532	SI	20240417	SI|20240417|0	156	180	0.05	1.31863e-05	1	12282	12438	1257.5	-930	2187.5
WP2533	SI	20240417	SI|20240417|2	39	180	0.0325	8.57113e-06	-1	55918	55957	2207.5	-930	3137.5
WP2534	SI	20240417	SI|20240417|2	39	180	0.0025	6.59317e-07	-1	56321	56360	2607.5	-930	3537.5
WP2535	SI	20240417	SI|20240417|2	141	180	0.1025	2.7032e-05	-1	56501	56360	2107.5	-930	3037.5
WP2536	SI	20240417	SI|20240417|2	90	180	0.06	1.58236e-05	-1	56501	56591	2107.5	-930	3037.5
WP2537	SI	20240417	SI|20240417|2	137	180	0.045	1.18677e-05	-1	56950	57087	2320	-930	3250
WP2538	SI	20240417	SI|20240417|2	171	180	0.0525	1.38457e-05	-1	57394	57565	2407.5	-930	3337.5
WP2539	SI	20240417	SI|20240417|2	150	180	0.01	2.63727e-06	-1	58336	58486	2670	-930	3600
WP2540	SI	20240417	SI|20240417|2	134	180	0.085	2.24168e-05	-1	58620	58486	2295	-930	3225
WP2541	SI	20240417	SI|20240417|2	85	180	0.0125	3.29659e-06	-1	59592	59507	2632.5	-930	3562.5
WP2542	SI	20240417	SI|20240417|2	80	180	0.005	1.31863e-06	-1	60369	60449	2820	-930	3750
WP2543	SI	20240417	SI|20240417|2	110	180	0.015	3.9559e-06	-1	60559	60449	2870	-930	3800
WP2544	SI	20240417	SI|20240417|2	142	180	0.035	9.23044e-06	-1	60753	60895	2070	-930	3000
WP2545	SI	20240417	SI|20240417|2	61	180	0.03	7.91181e-06	-1	61654	61593	2195	-930	3125
WP2546	SI	20240417	SI|20240417|2	44	180	0.0125	3.29659e-06	-1	63000	62956	1907.5	-930	2837.5
WP2547	SI	20240417	SI|20240417|2	67	180	0.015	3.9559e-06	-1	63348	63281	1795	-930	2725
WP2548	SI	20240417	SI|20240417|2	115	180	0.025	6.59317e-06	-1	63797	63912	1995	-930	2925
WP2549	SI	20240417	SI|20240417|2	80	180	0.0125	3.29659e-06	-1	63992	63912	1807.5	-930	2737.5
WP2550	SI	20240417	SI|20240417|2	28	180	0.005	1.31863e-06	-1	64988	64960	1220	-930	2150
WP2551	SI	20240418	SI|20240418|0	113	180	0.01	2.64184e-06	1	11419	11306	1170	-930	2100
WP2552	SI	20240418	SI|20240418|0	154	180	0.025	6.60459e-06	1	13128	13282	1745	-930	2675
WP2553	SI	20240418	SI|20240418|0	141	180	0.0375	9.90689e-06	1	13679	13538	1495	-930	2425
WP2554	SI	20240418	SI|20240418|0	112	180	0.025	6.60459e-06	1	14327	14439	1545	-930	2475
WP2555	SI	20240418	SI|20240418|0	132	180	0.0125	3.3023e-06	1	14571	14439	1482.5	-930	2412.5
WP2556	SI	20240418	SI|20240418|2	106	180	0.015	3.96276e-06	-1	50871	50977	1282.5	-930	2212.5
WP2557	SI	20240418	SI|20240418|2	117	180	0.0275	7.26505e-06	-1	54580	54463	1232.5	-930	2162.5
WP2558	SI	20240418	SI|20240418|2	165	180	0.065	1.71719e-05	-1	55628	55793	1207.5	-930	2137.5
WP2559	SI	20240418	SI|20240418|2	83	180	0.0125	3.3023e-06	-1	57600	57683	1020	-930	1950
WP2560	SI	20240419	SI|20240419|0	42	180	0.035	9.45569e-06	-1	13629	13671	1682.5	-930	2612.5
WP2561	SI	20240419	SI|20240419|0	149	180	0.0175	4.72784e-06	-1	13820	13671	1945	-930	2875
WP2562	SI	20240419	SI|20240419|0	176	180	0.0125	3.37703e-06	-1	14190	14014	1357.5	-930	2287.5
WP2563	SI	20240419	SI|20240419|0	177	180	0.01	2.70162e-06	-1	14609	14786	1107.5	-930	2037.5
WP2564	SI	20240419	SI|20240419|0	46	180	0.015	4.05244e-06	-1	14832	14786	1232.5	-930	2162.5
WP2565	SI	20240419	SI|20240419|0	165	180	0.0425	1.14819e-05	-1	14999	15164	1145	-930	2075
WP2566	SI	20240419	SI|20240419|0	132	180	0.01	2.70162e-06	-1	15296	15164	1407.5	-930	2337.5
WP2567	SI	20240419	SI|20240419|0	76	180	0.0225	6.07866e-06	-1	15721	15645	1195	-930	2125
WP2568	SI	20240419	SI|20240419|0	171	180	0.0275	7.42947e-06	-1	16249	16078	1220	-930	2150
WP2569	SI	20240419	SI|20240419|0	74	180	0.0075	2.02622e-06	-1	16249	16323	1220	-930	2150
WP2570	SI	20240419	SI|20240419|0	55	180	0.005	1.35081e-06	1	24292	24347	1407.5	-930	2337.5
WP2571	SI	20240419	SI|20240419|0	161	180	0.0325	8.78028e-06	1	24508	24347	1270	-930	2200
WP2572	SI	20240419	SI|20240419|0	52	180	0.0025	6.75406e-07	1	24989	24937	1070	-930	2000
WP2573	SI	20240419	SI|20240419|0	115	180	0.01	2.70162e-06	1	25393	25278	1057.5	-930	1987.5
WP2574	SI	20240419	SI|20240419|0	107	180	0.005	1.35081e-06	1	25393	25500	1057.5	-930	1987.5
WP2575	SI	20240419	SI|20240419|0	152	180	0.005	1.35081e-06	1	25652	25500	1107.5	-930	2037.5
WP2576	SI	20240419	SI|20240419|0	83	180	0.005	1.35081e-06	1	25652	25735	1107.5	-930	2037.5
WP2577	SI	20240419	SI|20240419|0	164	180	0.055	1.48589e-05	1	28190	28026	1082.5	-930	2012.5
WP2578	SI	20240419	SI|20240419|0	94	180	0.0175	4.72784e-06	1	28190	28284	1082.5	-930	2012.5
WP2579	SI	20240419	SI|20240419|1	76	180	0.0075	2.02622e-06	-1	33300	33376	1170	-930	2100
WP2580	SI	20240419	SI|20240419|2	50	180	0.0025	6.75406e-07	1	47222	47172	2482.5	-930	3412.5
WP2581	SI	20240419	SI|20240419|2	139	180	0.015	4.05244e-06	1	51396	51535	2295	-930	3225
WP2582	SI	20240419	SI|20240419|2	76	180	0.0425	1.14819e-05	1	51611	51535	2157.5	-930	3087.5
WP2583	SI	20240419	SI|20240419|2	89	180	0.0025	6.75406e-07	1	52982	52893	1820	-930	2750
WP2584	SI	20240419	SI|20240419|2	96	180	0.0025	6.75406e-07	1	55772	55676	1570	-930	2500
WP2585	SI	20240419	SI|20240419|2	64	180	0.015	4.05244e-06	1	55772	55836	1570	-930	2500
WP2586	SI	20240419	SI|20240419|2	42	180	0.02	5.40325e-06	1	56603	56561	1020	-930	1950
WP2587	SI	20240419	SI|20240419|2	176	180	0.0075	2.02622e-06	1	57183	57359	1345	-930	2275
WP2588	SI	20240419	SI|20240419|2	83	180	0.0025	6.75406e-07	1	58620	58537	1132.5	-930	2062.5
WP2589	SI	20240422	SI|20240422|0	85	180	0.035	1.00355e-05	-1	68	153	4620	-930	5550
WP2590	SI	20240422	SI|20240422|0	45	180	0.0025	7.1682e-07	-1	7691	7646	3970	-930	4900
WP2591	SI	20240422	SI|20240422|0	96	180	0.0125	3.5841e-06	-1	11183	11087	3382.5	-930	4312.5
WP2592	SI	20240422	SI|20240422|0	93	180	0.01	2.86728e-06	-1	11639	11732	3357.5	-930	4287.5
WP2593	SI	20240422	SI|20240422|0	147	180	0.0225	6.45138e-06	-1	14432	14285	3232.5	-930	4162.5
WP2594	SI	20240422	SI|20240422|0	33	180	0.0025	7.1682e-07	-1	19874	19841	1082.5	-930	2012.5
WP2595	SI	20240422	SI|20240422|0	118	180	0.005	1.43364e-06	-1	24712	24830	1395	-930	2325
WP2596	SI	20240422	SI|20240422|0	76	180	0.03	8.60184e-06	-1	26045	25969	1032.5	-930	1962.5
WP2597	SI	20240422	SI|20240422|0	80	180	0.01	2.86728e-06	-1	27138	27218	1382.5	-930	2312.5
WP2598	SI	20240422	SI|20240422|0	152	180	0.055	1.577e-05	-1	27370	27218	1057.5	-930	1987.5
WP2599	SI	20240422	SI|20240422|2	84	180	0.0125	3.5841e-06	-1	47553	47469	1895	-930	2825
WP2600	SI	20240422	SI|20240422|2	43	180	0.0125	3.5841e-06	-1	48009	48052	1895	-930	2825
WP2601	SI	20240422	SI|20240422|2	159	180	0.0475	1.36196e-05	-1	48211	48052	1720	-930	2650
WP2602	SI	20240422	SI|20240422|2	75	180	0.03	8.60184e-06	-1	48720	48645	1470	-930	2400
WP2603	SI	20240422	SI|20240422|2	108	180	0.0025	7.1682e-07	-1	49837	49729	1520	-930	2450
WP2604	SI	20240422	SI|20240422|2	50	180	0.02	5.73456e-06	-1	51247	51297	1345	-930	2275
WP2605	SI	20240422	SI|20240422|2	135	180	0.0075	2.15046e-06	-1	51613	51478	1420	-930	2350
WP2606	SI	20240422	SI|20240422|2	97	180	0.01	2.86728e-06	-1	51613	51710	1420	-930	2350
WP2607	SI	20240422	SI|20240422|2	130	180	0.01	2.86728e-06	-1	51840	51710	1420	-930	2350
WP2608	SI	20240422	SI|20240422|2	166	180	0.005	1.43364e-06	-1	52294	52128	1520	-930	2450
WP2609	SI	20240422	SI|20240422|2	93	180	0.0025	7.1682e-07	-1	56922	57015	1132.5	-930	2062.5
WP2610	SI	20240422	SI|20240422|2	53	180	0.0275	7.88502e-06	-1	57634	57687	1295	-930	2225
WP2611	SI	20240422	SI|20240422|2	41	180	0.0125	3.5841e-06	-1	59404	59445	1645	-930	2575
WP2612	SI	20240422	SI|20240422|2	118	180	0.01	2.86728e-06	-1	59563	59445	1532.5	-930	2462.5
WP2613	SI	20240422	SI|20240422|2	108	180	0.025	7.1682e-06	-1	59563	59671	1532.5	-930	2462.5
WP2614	SI	20240422	SI|20240422|2	85	180	0.01	2.86728e-06	-1	60763	60848	1707.5	-930	2637.5
WP2615	SI	20240422	SI|20240422|2	93	180	0.01	2.86728e-06	-1	61232	61139	1332.5	-930	2262.5
WP2616	SI	20240423	SI|20240423|0	98	180	0.02	5.23838e-06	-1	11111	11209	2470	-930	3400
WP2617	SI	20240423	SI|20240423|0	142	180	0.0075	1.96439e-06	-1	11854	11996	2407.5	-930	3337.5
WP2618	SI	20240423	SI|20240423|0	171	180	0.0225	5.89318e-06	-1	12167	11996	2332.5	-930	3262.5
WP2619	SI	20240423	SI|20240423|0	161	180	0.0525	1.37508e-05	-1	12968	12807	1495	-930	2425
WP2620	SI	20240423	SI|20240423|0	178	180	0.1075	2.81563e-05	-1	12968	13146	1495	-930	2425
WP2621	SI	20240423	SI|20240423|0	164	180	0.015	3.92879e-06	-1	15448	15284	1095	-930	2025
WP2622	SI	20240423	SI|20240423|2	127	180	0	0	1	47325	47452	2082.5	-930	3012.5
WP2623	SI	20240423	SI|20240423|2	159	180	0.0025	6.54798e-07	1	48526	48685	1870	-930	2800
WP2624	SI	20240423	SI|20240423|2	43	180	0.0075	1.96439e-06	1	50597	50554	1607.5	-930	2537.5
WP2625	SI	20240423	SI|20240423|2	156	180	0.005	1.3096e-06	1	52401	52245	1632.5	-930	2562.5
WP2626	SI	20240423	SI|20240423|2	80	180	0.0075	1.96439e-06	1	54283	54203	1507.5	-930	2437.5
WP2627	SI	20240423	SI|20240423|2	136	180	0.03	7.85757e-06	1	54474	54610	1170	-930	2100
WP2628	SI	20240423	SI|20240423|2	91	180	0.0325	8.51237e-06	1	55728	55819	1545	-930	2475
WP2629	SI	20240423	SI|20240423|2	132	180	0.07	1.83343e-05	1	56364	56232	1107.5	-930	2037.5
WP2630	SI	20240425	SI|20240425|0	87	180	0.0075	2.03298e-06	1	19036	19123	1407.5	-930	2337.5
WP2631	SI	20240425	SI|20240425|0	173	180	0.035	9.48726e-06	1	19296	19123	1545	-930	2475
WP2632	SI	20240425	SI|20240425|0	87	180	0	0	1	19740	19653	1407.5	-930	2337.5
WP2633	SI	20240425	SI|20240425|0	149	180	0.0375	1.01649e-05	1	19740	19889	1407.5	-930	2337.5
WP2634	SI	20240425	SI|20240425|2	46	180	0.03	8.13194e-06	1	55095	55141	1145	-930	2075
WP2635	SI	20240425	SI|20240425|2	148	180	0.04	1.08426e-05	1	55827	55679	1195	-930	2125
WP2636	SI	20240425	SI|20240425|2	82	180	0.03	8.13194e-06	1	57570	57652	1220	-930	2150
WP2637	SI	20240426	SI|20240426|0	104	180	0.0275	7.55509e-06	1	12759	12655	1370	-930	2300
WP2638	SI	20240426	SI|20240426|0	159	180	0.01	2.7473e-06	1	13861	13702	1195	-930	2125
WP2639	SI	20240426	SI|20240426|2	108	180	0.01	2.7473e-06	-1	52138	52030	1695	-930	2625
WP2640	SI	20240426	SI|20240426|2	80	180	0.05	1.37365e-05	-1	52138	52218	1695	-930	2625
WP2641	SI	20240426	SI|20240426|2	93	180	0.025	6.86826e-06	-1	54937	54844	1807.5	-930	2737.5
WP2642	SI	20240426	SI|20240426|2	156	180	0.0075	2.06048e-06	-1	55814	55658	1832.5	-930	2762.5
WP2643	SI	20240426	SI|20240426|2	109	180	0.0925	2.54126e-05	-1	56468	56359	1157.5	-930	2087.5
WP2644	SI	20240426	SI|20240426|2	96	180	0.0275	7.55509e-06	-1	57420	57516	1145	-930	2075
WP2645	SI	20240426	SI|20240426|2	84	180	0.0225	6.18143e-06	-1	57992	58076	1582.5	-930	2512.5
WP2646	SI	20240426	SI|20240426|2	98	180	0.005	1.37365e-06	-1	58656	58558	1407.5	-930	2337.5
WP2647	SI	20240429	SI|20240429|2	68	180	0.02	5.94098e-06	-1	67793	67725	1045	-930	1975
WP2648	SI	20240429	SI|20240429|2	129	180	0.0325	9.6541e-06	-1	67793	67922	1045	-930	1975
WP2649	SI	20240429	SI|20240429|2	176	180	0.0025	7.42623e-07	-1	68776	68600	1082.5	-930	2012.5
WP2650	SI	20240430	SI|20240430|0	69	180	0.055	1.66572e-05	-1	10936	10867	1545	-930	2475
WP2651	SI	20240430	SI|20240430|0	81	180	0.0075	2.27143e-06	-1	11628	11709	1307.5	-930	2237.5
WP2652	SI	20240430	SI|20240430|0	156	180	0.0075	2.27143e-06	-1	12096	12252	1545	-930	2475
WP2653	SI	20240430	SI|20240430|2	108	180	0.0125	3.78572e-06	-1	50040	49932	1357.5	-930	2287.5
WP2654	SI	20240430	SI|20240430|2	170	180	0.0275	8.32859e-06	-1	53126	52956	1082.5	-930	2012.5
WP2655	SI	20240430	SI|20240430|2	13	180	0.0425	1.28715e-05	-1	55817	55830	1157.5	-930	2087.5
WP2656	SI	20240430	SI|20240430|2	51	180	0.005	1.51429e-06	-1	56230	56281	1182.5	-930	2112.5
WP2657	SI	20240430	SI|20240430|2	142	180	0.015	4.54287e-06	-1	56767	56909	1432.5	-930	2362.5
WP2658	SI	20240430	SI|20240430|2	117	180	0.02	6.05716e-06	-1	57329	57446	1432.5	-930	2362.5
WP2659	SI	20240501	SI|20240501|2	44	180	0	0	1	54147	54191	1482.5	-930	2412.5
WP2660	SI	20240501	SI|20240501|2	117	180	0.0075	2.20823e-06	1	56515	56398	1057.5	-930	1987.5
WP2661	SI	20240501	SI|20240501|2	77	180	0.015	4.41646e-06	1	56951	56874	1157.5	-930	2087.5
WP2662	SI	20240501	SI|20240501|2	127	180	0.0025	7.36076e-07	1	59832	59959	1057.5	-930	1987.5
WP2663	SI	20240501	SI|20240501|2	145	180	0.0025	7.36076e-07	1	60280	60425	1257.5	-930	2187.5
WP2664	SI	20240501	SI|20240501|2	115	180	0.0275	8.09684e-06	1	60540	60425	1407.5	-930	2337.5
WP2665	SI	20240501	SI|20240501|2	73	180	0.04	1.17772e-05	1	60540	60613	1407.5	-930	2337.5
WP2666	SI	20240501	SI|20240501|2	60	180	0.015	4.41646e-06	1	61764	61704	1007.5	-930	1937.5
WP2667	SI	20240501	SI|20240501|2	173	180	0.0075	2.20823e-06	1	61764	61937	1007.5	-930	1937.5
WP2668	SI	20240501	SI|20240501|2	154	180	0.0125	3.68038e-06	1	62091	61937	1032.5	-930	1962.5
WP2669	SI	20240501	SI|20240501|2	102	180	0.0325	9.56899e-06	1	62091	62193	1032.5	-930	1962.5
WP2670	SI	20240501	SI|20240501|2	101	180	0.03	8.83291e-06	-1	75252	75353	1307.5	-930	2237.5
WP2671	SI	20240502	SI|20240502|1	83	180	0.02	5.86504e-06	-1	35004	34921	1307.5	-930	2237.5
WP2672	SI	20240502	SI|20240502|2	50	180	0.005	1.46626e-06	1	54126	54176	3082.5	-930	4012.5
WP2673	SI	20240502	SI|20240502|2	113	180	0.0175	5.13191e-06	1	54724	54837	3195	-930	4125
WP2674	SI	20240502	SI|20240502|2	117	180	0.015	4.39878e-06	1	54954	54837	3182.5	-930	4112.5
WP2675	SI	20240502	SI|20240502|2	107	180	0.005	1.46626e-06	1	54954	55061	3182.5	-930	4112.5
WP2676	SI	20240502	SI|20240502|2	170	180	0.055	1.61288e-05	1	55272	55442	3057.5	-930	3987.5
WP2677	SI	20240502	SI|20240502|2	21	180	0.04	1.17301e-05	1	56015	55994	2032.5	-930	2962.5
WP2678	SI	20240502	SI|20240502|2	44	180	0.0375	1.09969e-05	1	56465	56421	1920	-930	2850
WP2679	SI	20240502	SI|20240502|2	62	180	0.005	1.46626e-06	1	58538	58600	1170	-930	2100
WP2680	SI	20240503	SI|20240503|2	28	180	0.05	1.44724e-05	-1	52244	52216	1207.5	-930	2137.5
WP2681	SI	20240503	SI|20240503|2	83	180	0.0775	2.24322e-05	-1	52299	52216	1345	-930	2275
WP2682	SI	20240503	SI|20240503|2	140	180	0.0475	1.37488e-05	1	57200	57060	1345	-930	2275
WP2683	SI	20240503	SI|20240503|2	87	180	0.065	1.88141e-05	1	58459	58372	1345	-930	2275
WP2684	SI	20240503	SI|20240503|2	59	180	0.0225	6.51257e-06	1	58591	58650	1345	-930	2275
WP2685	SI	20240503	SI|20240503|2	114	180	0.035	1.01307e-05	1	59106	59220	1770	-930	2700
WP2686	SI	20240503	SI|20240503|2	113	180	0.0575	1.66432e-05	1	59333	59220	1657.5	-930	2587.5
WP2687	SI	20240503	SI|20240503|2	153	180	0.0175	5.06533e-06	1	59333	59486	1657.5	-930	2587.5
WP2688	SI	20240503	SI|20240503|2	138	180	0.0625	1.80905e-05	1	59876	60014	1682.5	-930	2612.5
WP2689	SI	20240503	SI|20240503|2	159	180	0.0325	9.40705e-06	1	60336	60177	1645	-930	2575
WP2690	SI	20240503	SI|20240503|2	125	180	0.0775	2.24322e-05	1	60336	60461	1645	-930	2575
WP2691	SI	20240503	SI|20240503|2	123	180	0.04	1.15779e-05	1	61352	61475	1220	-930	2150
WP2692	SI	20240503	SI|20240503|2	168	180	0.0025	7.23619e-07	1	63183	63351	1220	-930	2150
WP2693	SI	20240503	SI|20240503|2	71	180	0.02	5.78895e-06	1	63422	63351	1132.5	-930	2062.5
WP2694	SI	20240503	SI|20240503|2	94	180	0	0	1	64554	64648	1145	-930	2075
WP2695	SI	20240503	SI|20240503|2	167	180	0.0025	7.23619e-07	1	64815	64648	1157.5	-930	2087.5
WP2696	SI	20240503	SI|20240503|2	112	180	0.0075	2.17086e-06	1	64815	64927	1157.5	-930	2087.5
WP2697	SI	20240503	SI|20240503|2	158	180	0.015	4.34171e-06	1	65085	64927	1045	-930	1975
WP2698	SI	20240506	SI|20240506|0	132	180	0.005	1.54554e-06	1	9624	9492	2670	-930	3600
WP2699	SI	20240506	SI|20240506|0	48	180	0.0675	2.08648e-05	1	10920	10872	1620	-930	2550
WP2700	SI	20240506	SI|20240506|0	106	180	0.0225	6.95492e-06	1	11320	11426	1257.5	-930	2187.5
WP2701	SI	20240506	SI|20240506|2	131	180	0.035	1.08188e-05	1	50502	50633	1557.5	-930	2487.5
WP2702	SI	20240506	SI|20240506|2	134	180	0.025	7.72769e-06	1	52091	52225	1932.5	-930	2862.5
WP2703	SI	20240506	SI|20240506|2	48	180	0.0075	2.31831e-06	1	52273	52225	2020	-930	2950
WP2704	SI	20240506	SI|20240506|2	130	180	0.045	1.39098e-05	1	53072	52942	1232.5	-930	2162.5
WP2705	SI	20240506	SI|20240506|2	56	180	0	0	1	54121	54177	1057.5	-930	1987.5
WP2706	SI	20240506	SI|20240506|2	148	180	0.005	1.54554e-06	1	60459	60607	1020	-930	1950
WP2707	SI	20240506	SI|20240506|2	31	180	0.0025	7.72769e-07	1	60954	60985	1057.5	-930	1987.5
WP2708	SI	20240507	SI|20240507|0	91	180	0.01	2.95864e-06	-1	11052	10961	1032.5	-930	1962.5
WP2709	SI	20240509	SI|20240509|0	66	180	0	0	1	11301	11235	1345	-930	2275
WP2710	SI	20240509	SI|20240509|0	135	180	0.0225	7.01647e-06	1	11301	11436	1345	-930	2275
WP2711	SI	20240509	SI|20240509|2	155	180	0.015	4.67765e-06	1	51618	51463	3057.5	-930	3987.5
WP2712	SI	20240509	SI|20240509|2	106	180	0.0225	7.01647e-06	1	56497	56391	2795	-930	3725
WP2713	SI	20240509	SI|20240509|2	20	180	0.0075	2.33882e-06	1	56841	56821	2545	-930	3475
WP2714	SI	20240509	SI|20240509|2	62	180	0.015	4.67765e-06	1	57602	57540	2057.5	-930	2987.5
WP2715	SI	20240509	SI|20240509|2	32	180	0.02	6.23686e-06	1	58018	57986	1707.5	-930	2637.5
WP2716	SI	20240509	SI|20240509|2	39	180	0.005	1.55922e-06	1	58365	58326	1057.5	-930	1987.5
WP2717	SI	20240509	SI|20240509|2	77	180	0.0175	5.45726e-06	1	58666	58589	1132.5	-930	2062.5
WP2718	SI	20240509	SI|20240509|2	129	180	0.02	6.23686e-06	1	60009	59880	1245	-930	2175
WP2719	SI	20240509	SI|20240509|2	57	180	0.015	4.67765e-06	1	60009	60066	1245	-930	2175
WP2720	SI	20240509	SI|20240509|2	61	180	0.015	4.67765e-06	1	60504	60565	1507.5	-930	2437.5
WP2721	SI	20240509	SI|20240509|2	107	180	0.04	1.24737e-05	1	61270	61377	1207.5	-930	2137.5
WP2722	SI	20240509	SI|20240509|2	82	180	0.0025	7.79608e-07	1	61459	61377	1020	-930	1950
WP2723	SI	20240509	SI|20240509|2	77	180	0.02	6.23686e-06	1	62422	62345	1032.5	-930	1962.5
WP2724	SI	20240509	SI|20240509|2	156	180	0.0075	2.33882e-06	1	62422	62578	1032.5	-930	1962.5
WP2725	SI	20240509	SI|20240509|2	81	180	0	0	1	64006	64087	1207.5	-930	2137.5
WP2726	SI	20240509	SI|20240509|2	74	180	0.005	1.55922e-06	1	67968	68042	1057.5	-930	1987.5
WP2727	SI	20240509	SI|20240509|2	148	180	0.0125	3.89804e-06	1	68747	68895	1057.5	-930	1987.5
WP2728	SI	20240510	SI|20240510|0	63	180	0.0475	1.41451e-05	1	10866	10929	1482.5	-930	2412.5
WP2729	SI	20240510	SI|20240510|0	154	180	0.03	8.93377e-06	1	13917	14071	1120	-930	2050
WP2730	SI	20240510	SI|20240510|0	153	180	0.0025	7.44481e-07	1	14793	14946	1157.5	-930	2087.5
WP2731	SI	20240510	SI|20240510|0	121	180	0.005	1.48896e-06	1	15067	14946	1170	-930	2100
WP2732	SI	20240510	SI|20240510|0	173	180	0.0125	3.7224e-06	1	15067	15240	1170	-930	2100
WP2733	SI	20240510	SI|20240510|0	151	180	0.045	1.34007e-05	1	16249	16400	1595	-930	2525
WP2734	SI	20240510	SI|20240510|0	162	180	0.0275	8.18929e-06	1	17245	17083	1645	-930	2575
WP2735	SI	20240510	SI|20240510|0	152	180	0.0075	2.23344e-06	1	17966	18118	1620	-930	2550
WP2736	SI	20240510	SI|20240510|0	173	180	0.005	1.48896e-06	1	18377	18550	1482.5	-930	2412.5
WP2737	SI	20240510	SI|20240510|0	143	180	0.0075	2.23344e-06	1	27487	27630	1020	-930	1950
WP2738	SI	20240510	SI|20240510|2	99	180	0.0125	3.7224e-06	-1	51058	51157	2357.5	-930	3287.5
WP2739	SI	20240510	SI|20240510|2	138	180	0.025	7.44481e-06	-1	51295	51157	2170	-930	3100
WP2740	SI	20240510	SI|20240510|2	178	180	0.0175	5.21137e-06	-1	51295	51473	2170	-930	3100
WP2741	SI	20240510	SI|20240510|2	83	180	0.01	2.97792e-06	-1	51556	51473	2132.5	-930	3062.5
WP2742	SI	20240510	SI|20240510|2	10	180	0.0075	2.23344e-06	-1	52234	52224	1757.5	-930	2687.5
WP2743	SI	20240510	SI|20240510|2	52	180	0.02	5.95585e-06	-1	52786	52734	1282.5	-930	2212.5
WP2744	SI	20240510	SI|20240510|2	179	180	0.03	8.93377e-06	-1	54655	54476	1132.5	-930	2062.5
WP2745	SI	20240510	SI|20240510|2	115	180	0.04	1.19117e-05	-1	55032	54917	1232.5	-930	2162.5
WP2746	SI	20240510	SI|20240510|2	141	180	0.055	1.63786e-05	-1	55804	55945	1257.5	-930	2187.5
WP2747	SI	20240510	SI|20240510|2	66	180	0.04	1.19117e-05	-1	57200	57266	1457.5	-930	2387.5
WP2748	SI	20240510	SI|20240510|2	86	180	0.01	2.97792e-06	-1	57352	57266	1207.5	-930	2137.5
WP2749	SI	20240514	SI|20240514|2	6	180	0.0075	2.44599e-06	1	52220	52226	2495	-930	3425
WP2750	SI	20240514	SI|20240514|2	85	180	0.0275	8.96864e-06	1	53071	52986	1270	-930	2200
WP2751	SI	20240514	SI|20240514|2	153	180	0.0375	1.223e-05	1	53071	53224	1270	-930	2200
WP2752	SI	20240514	SI|20240514|2	14	180	0.005	1.63066e-06	1	58585	58599	1282.5	-930	2212.5
WP2753	SI	20240514	SI|20240514|2	30	180	0.0025	8.15331e-07	1	64892	64922	1432.5	-930	2362.5
WP2754	SI	20240515	SI|20240515|2	58	180	0.0425	1.38136e-05	1	57219	57161	5095	-930	6025
WP2755	SI	20240515	SI|20240515|2	174	180	0.0975	3.16899e-05	1	57335	57161	5370	-930	6300
WP2756	SI	20240515	SI|20240515|2	121	180	0.0275	8.93819e-06	1	58504	58383	4407.5	-930	5337.5
WP2757	SI	20240515	SI|20240515|2	19	180	0.0025	8.12562e-07	1	58988	58969	4345	-930	5275
WP2758	SI	20240515	SI|20240515|2	173	180	0.01	3.25025e-06	1	58988	59161	4345	-930	5275
WP2759	SI	20240515	SI|20240515|2	67	180	0.0275	8.93819e-06	1	59228	59161	4432.5	-930	5362.5
WP2760	SI	20240515	SI|20240515|2	114	180	0.0275	8.93819e-06	1	59754	59640	3707.5	-930	4637.5
WP2761	SI	20240515	SI|20240515|2	90	180	0.025	8.12562e-06	1	60192	60102	3495	-930	4425
WP2762	SI	20240515	SI|20240515|2	154	180	0.035	1.13759e-05	1	60585	60431	3670	-930	4600
WP2763	SI	20240515	SI|20240515|2	68	180	0.0125	4.06281e-06	1	60811	60879	3520	-930	4450
WP2764	SI	20240515	SI|20240515|2	80	180	0.015	4.87537e-06	1	61479	61399	2632.5	-930	3562.5
WP2765	SI	20240515	SI|20240515|2	72	180	0.015	4.87537e-06	1	62079	62007	1570	-930	2500
WP2766	SI	20240515	SI|20240515|2	21	180	0.015	4.87537e-06	1	62330	62309	1645	-930	2575
WP2767	SI	20240515	SI|20240515|2	15	180	0.0125	4.06281e-06	1	62974	62959	1295	-930	2225
WP2768	SI	20240515	SI|20240515|2	125	180	0.02	6.5005e-06	1	62974	63099	1295	-930	2225
WP2769	SI	20240515	SI|20240515|2	57	180	0.0025	8.12562e-07	1	63609	63666	2057.5	-930	2987.5
WP2770	SI	20240515	SI|20240515|2	122	180	0.005	1.62512e-06	1	64443	64321	2020	-930	2950
WP2771	SI	20240515	SI|20240515|2	155	180	0.01	3.25025e-06	1	66590	66435	1220	-930	2150
WP2772	SI	20240515	SI|20240515|2	115	180	0.03	9.75075e-06	1	66590	66705	1220	-930	2150
WP2773	SI	20240515	SI|20240515|2	143	180	0.025	8.12562e-06	1	67201	67058	1145	-930	2075
WP2774	SI	20240515	SI|20240515|2	71	180	0.005	1.62512e-06	1	67201	67272	1145	-930	2075
WP2775	SI	20240515	SI|20240515|2	123	180	0.015	4.87537e-06	1	67992	67869	1170	-930	2100
WP2776	SI	20240515	SI|20240515|2	180	180	0.0025	8.12562e-07	1	68491	68671	1407.5	-930	2337.5
WP2777	SI	20240515	SI|20240515|2	137	180	0.02	6.5005e-06	1	68808	68671	1295	-930	2225
WP2778	SI	20240516	SI|20240516|0	159	180	0.005	1.50386e-06	-1	5221	5062	1620	-930	2550
WP2779	SI	20240516	SI|20240516|0	92	180	0.0175	5.26351e-06	-1	7881	7973	1357.5	-930	2287.5
WP2780	SI	20240516	SI|20240516|0	128	180	0.01	3.00772e-06	-1	8659	8787	1407.5	-930	2337.5
WP2781	SI	20240516	SI|20240516|0	138	180	0.015	4.51158e-06	-1	11120	11258	1232.5	-930	2162.5
WP2782	SI	20240516	SI|20240516|0	128	180	0.0625	1.87982e-05	-1	11478	11606	1120	-930	2050
WP2783	SI	20240516	SI|20240516|0	136	180	0.02	6.01543e-06	-1	12032	12168	1757.5	-930	2687.5
WP2784	SI	20240516	SI|20240516|0	77	180	0.0025	7.51929e-07	-1	13248	13325	1807.5	-930	2737.5
WP2785	SI	20240517	SI|20240517|0	164	180	0.0325	9.90807e-06	1	13403	13567	1045	-930	1975
WP2786	SI	20240517	SI|20240517|2	17	180	0	0	1	53622	53605	6782.5	-930	7712.5
WP2787	SI	20240517	SI|20240517|2	51	180	0.0075	2.28648e-06	1	56370	56421	6195	-930	7125
WP2788	SI	20240517	SI|20240517|2	141	180	0.01	3.04864e-06	1	56929	56788	5957.5	-930	6887.5
WP2789	SI	20240517	SI|20240517|2	40	180	0.0275	8.38375e-06	1	57632	57592	5432.5	-930	6362.5
WP2790	SI	20240517	SI|20240517|2	88	180	0.005	1.52432e-06	1	58445	58357	5282.5	-930	6212.5
WP2791	SI	20240517	SI|20240517|2	59	180	0.0125	3.8108e-06	1	59024	59083	5195	-930	6125
WP2792	SI	20240517	SI|20240517|2	164	180	0.0875	2.66756e-05	1	59247	59083	4695	-930	5625
WP2793	SI	20240517	SI|20240517|2	156	180	0.0325	9.90807e-06	1	59247	59403	4695	-930	5625
WP2794	SI	20240517	SI|20240517|2	117	180	0.035	1.06702e-05	1	59520	59403	4707.5	-930	5637.5
WP2795	SI	20240517	SI|20240517|2	97	180	0.07	2.13405e-05	1	59520	59617	4707.5	-930	5637.5
WP2796	SI	20240517	SI|20240517|2	147	180	0.0725	2.21026e-05	1	59764	59617	4695	-930	5625
WP2797	SI	20240517	SI|20240517|2	117	180	0.05	1.52432e-05	1	60081	59964	4282.5	-930	5212.5
WP2798	SI	20240517	SI|20240517|2	124	180	0.015	4.57296e-06	1	60392	60268	4132.5	-930	5062.5
WP2799	SI	20240517	SI|20240517|2	107	180	0.0175	5.33512e-06	1	60392	60499	4132.5	-930	5062.5
WP2800	SI	20240517	SI|20240517|2	85	180	0.01	3.04864e-06	1	61164	61079	4032.5	-930	4962.5
WP2801	SI	20240517	SI|20240517|2	147	180	0.08	2.43891e-05	1	61164	61311	4032.5	-930	4962.5
WP2802	SI	20240517	SI|20240517|2	128	180	0.005	1.52432e-06	1	62692	62564	4407.5	-930	5337.5
WP2803	SI	20240517	SI|20240517|2	52	180	0.05	1.52432e-05	1	62692	62744	4407.5	-930	5337.5
WP2804	SI	20240517	SI|20240517|2	35	180	0.025	7.6216e-06	1	63803	63768	4507.5	-930	5437.5
WP2805	SI	20240517	SI|20240517|2	127	180	0.015	4.57296e-06	1	65825	65698	3882.5	-930	4812.5
WP2806	SI	20240517	SI|20240517|2	136	180	0.0125	3.8108e-06	1	65825	65961	3882.5	-930	4812.5
WP2807	SI	20240517	SI|20240517|2	164	180	0.0325	9.90807e-06	1	66125	65961	3782.5	-930	4712.5
WP2808	SI	20240517	SI|20240517|2	116	180	0.0175	5.33512e-06	1	67342	67458	3720	-930	4650
WP2809	SI	20240517	SI|20240517|2	140	180	0.06	1.82918e-05	1	67598	67458	3507.5	-930	4437.5
WP2810	SI	20240517	SI|20240517|2	86	180	0.025	7.6216e-06	1	68863	68777	3332.5	-930	4262.5
WP2811	SI	20240517	SI|20240517|2	118	180	0.005	1.52432e-06	1	70036	69918	2457.5	-930	3387.5
WP2812	SI	20240517	SI|20240517|2	77	180	0.0075	2.28648e-06	1	70330	70407	2495	-930	3425
WP2813	SI	20240517	SI|20240517|2	131	180	0.025	7.6216e-06	1	70538	70407	2407.5	-930	3337.5
WP2814	SI	20240517	SI|20240517|2	55	180	0.005	1.52432e-06	1	71296	71351	2407.5	-930	3337.5
WP2815	SI	20240517	SI|20240517|2	176	180	0.025	7.6216e-06	1	71527	71351	2307.5	-930	3237.5
WP2816	SI	20240517	SI|20240517|2	44	180	0.0025	7.6216e-07	1	72633	72589	1920	-930	2850
WP2817	SI	20240517	SI|20240517|2	119	180	0.0225	6.85944e-06	1	73153	73034	1557.5	-930	2487.5
WP2818	SI	20240517	SI|20240517|2	69	180	0.0175	5.33512e-06	1	73480	73411	1420	-930	2350
WP2819	SI	20240517	SI|20240517|2	110	180	0.0375	1.14324e-05	1	73480	73590	1420	-930	2350
WP2820	SI	20240517	SI|20240517|2	75	180	0.0125	3.8108e-06	1	73665	73590	1170	-930	2100
WP2821	SI	20240517	SI|20240517|2	44	180	0.0025	7.6216e-07	1	73919	73875	1182.5	-930	2112.5
WP2822	SI	20240517	SI|20240517|2	89	180	0.0025	7.6216e-07	1	75810	75721	1132.5	-930	2062.5
WP2823	SI	20240520	SI|20240520|0	90	180	0.0175	4.944e-06	1	1035	1125	1432.5	-955	2387.5
WP2824	SI	20240520	SI|20240520|0	109	180	0.005	1.41257e-06	1	1603	1494	1532.5	-955	2487.5
WP2825	SI	20240520	SI|20240520|0	156	180	0.03	8.47542e-06	1	2076	1920	1682.5	-955	2637.5
WP2826	SI	20240520	SI|20240520|0	35	180	0.0325	9.18171e-06	1	2076	2111	1682.5	-955	2637.5
WP2827	SI	20240520	SI|20240520|0	102	180	0.0275	7.76914e-06	1	3284	3386	1532.5	-955	2487.5
WP2828	SI	20240520	SI|20240520|0	138	180	0.0375	1.05943e-05	1	5353	5491	1057.5	-955	2012.5
WP2829	SI	20240520	SI|20240520|0	156	180	0.02	5.65028e-06	1	6271	6115	1382.5	-955	2337.5
WP2830	SI	20240520	SI|20240520|0	47	180	0.01	2.82514e-06	1	7298	7345	1607.5	-955	2562.5
WP2831	SI	20240520	SI|20240520|0	81	180	0.015	4.23771e-06	1	7740	7821	1707.5	-955	2662.5
WP2832	SI	20240520	SI|20240520|0	143	180	0.0275	7.76914e-06	1	9000	9143	1182.5	-955	2137.5
WP2833	SI	20240520	SI|20240520|0	17	180	0.0075	2.11886e-06	-1	15858	15875	3245	-955	4200
WP2834	SI	20240520	SI|20240520|0	16	180	0.0325	9.18171e-06	-1	16102	16118	3207.5	-955	4162.5
WP2835	SI	20240520	SI|20240520|0	145	180	0.0575	1.62446e-05	-1	16548	16403	2995	-955	3950
WP2836	SI	20240520	SI|20240520|0	26	180	0.005	1.41257e-06	-1	17427	17401	2470	-955	3425
WP2837	SI	20240520	SI|20240520|0	144	180	0.0025	7.06285e-07	-1	17908	18052	2707.5	-955	3662.5
WP2838	SI	20240520	SI|20240520|0	146	180	0.0225	6.35657e-06	-1	18198	18052	2607.5	-955	3562.5
WP2839	SI	20240520	SI|20240520|0	49	180	0.0175	4.944e-06	-1	18198	18247	2607.5	-955	3562.5
WP2840	SI	20240520	SI|20240520|0	122	180	0.0425	1.20068e-05	-1	18921	19043	2820	-955	3775
WP2841	SI	20240520	SI|20240520|0	30	180	0.025	7.06285e-06	-1	19073	19043	2482.5	-955	3437.5
WP2842	SI	20240520	SI|20240520|0	98	180	0.005	1.41257e-06	-1	21122	21220	2932.5	-955	3887.5
WP2843	SI	20240520	SI|20240520|0	49	180	0.015	4.23771e-06	-1	22190	22239	3132.5	-955	4087.5
WP2844	SI	20240520	SI|20240520|0	105	180	0.01	2.82514e-06	-1	22602	22707	3157.5	-955	4112.5
WP2845	SI	20240520	SI|20240520|0	64	180	0.005	1.41257e-06	-1	22771	22707	3082.5	-955	4037.5
WP2846	SI	20240520	SI|20240520|0	107	180	0.0025	7.06285e-07	-1	23928	23821	2320	-955	3275
WP2847	SI	20240520	SI|20240520|0	66	180	0.03	8.47542e-06	-1	24371	24305	2020	-955	2975
WP2848	SI	20240520	SI|20240520|0	156	180	0.0075	2.11886e-06	-1	24710	24554	2320	-955	3275
WP2849	SI	20240520	SI|20240520|0	119	180	0.0125	3.53143e-06	-1	25599	25718	2782.5	-955	3737.5
WP2850	SI	20240520	SI|20240520|0	171	180	0.0225	6.35657e-06	-1	25889	25718	2732.5	-955	3687.5
WP2851	SI	20240520	SI|20240520|0	82	180	0.065	1.83634e-05	-1	26402	26484	2507.5	-955	3462.5
WP2852	SI	20240520	SI|20240520|0	131	180	0.035	9.88799e-06	-1	27042	26911	2282.5	-955	3237.5
WP2853	SI	20240520	SI|20240520|0	82	180	0.03	8.47542e-06	-1	27042	27124	2282.5	-955	3237.5
WP2854	SI	20240520	SI|20240520|0	107	180	0.0375	1.05943e-05	-1	27231	27124	1945	-955	2900
WP2855	SI	20240520	SI|20240520|0	170	180	0.0425	1.20068e-05	-1	27231	27401	1945	-955	2900
WP2856	SI	20240520	SI|20240520|0	96	180	0.04	1.13006e-05	-1	27497	27401	2357.5	-955	3312.5
WP2857	SI	20240520	SI|20240520|0	140	180	0.03	8.47542e-06	-1	28142	28002	2307.5	-955	3262.5
WP2858	SI	20240520	SI|20240520|0	130	180	0.01	2.82514e-06	-1	28760	28630	2057.5	-955	3012.5
WP2859	SI	20240520	SI|20240520|0	98	180	0.065	1.83634e-05	-1	28760	28858	2057.5	-955	3012.5
WP2860	SI	20240520	SI|20240520|0	72	180	0.025	7.06285e-06	-1	28930	28858	1857.5	-955	2812.5
WP2861	SI	20240520	SI|20240520|0	111	180	0.025	7.06285e-06	-1	29143	29254	1595	-955	2550
WP2862	SI	20240520	SI|20240520|0	134	180	0.0025	7.06285e-07	-1	29619	29753	1395	-955	2350
WP2863	SI	20240520	SI|20240520|2	5	180	0.0025	7.06285e-07	1	53038	53043	3695	-955	4650
WP2864	SI	20240520	SI|20240520|2	57	180	0.0675	1.90697e-05	1	53800	53743	3170	-955	4125
WP2865	SI	20240520	SI|20240520|2	55	180	0.1	2.82514e-05	1	56222	56167	3207.5	-955	4162.5
WP2866	SI	20240520	SI|20240520|2	30	180	0.04	1.13006e-05	1	57217	57187	1457.5	-955	2412.5
WP2867	SI	20240520	SI|20240520|2	138	180	0.035	9.88799e-06	1	58457	58319	1332.5	-955	2287.5
WP2868	SI	20240520	SI|20240520|2	24	180	0.0425	1.20068e-05	1	58457	58433	1332.5	-955	2287.5
WP2869	SI	20240520	SI|20240520|2	19	180	0.0275	7.76914e-06	1	59300	59281	1332.5	-955	2287.5
WP2870	SI	20240520	SI|20240520|2	74	180	0.01	2.82514e-06	-1	69884	69958	1795	-955	2750
WP2871	SI	20240520	SI|20240520|2	177	180	0.0525	1.4832e-05	-1	70135	69958	2107.5	-955	3062.5
WP2872	SI	20240520	SI|20240520|2	34	180	0.0025	7.06285e-07	-1	70135	70169	2107.5	-955	3062.5
WP2873	SI	20240520	SI|20240520|2	52	180	0	0	-1	71033	70981	1907.5	-955	2862.5
WP2874	SI	20240520	SI|20240520|2	148	180	0.03	8.47542e-06	-1	71033	71181	1907.5	-955	2862.5
WP2875	SI	20240520	SI|20240520|2	140	180	0.0175	4.944e-06	-1	71479	71619	1920	-955	2875
WP2876	SI	20240520	SI|20240520|2	84	180	0.05	1.41257e-05	-1	72258	72342	1970	-955	2925
WP2877	SI	20240520	SI|20240520|2	117	180	0.06	1.69508e-05	-1	72992	73109	1895	-955	2850
WP2878	SI	20240520	SI|20240520|2	50	180	0.0125	3.53143e-06	-1	73159	73109	1657.5	-955	2612.5
WP2879	SI	20240520	SI|20240520|2	131	180	0.0025	7.06285e-07	-1	73159	73290	1657.5	-955	2612.5
WP2880	SI	20240520	SI|20240520|2	122	180	0.015	4.23771e-06	-1	73412	73290	1720	-955	2675
WP2881	SI	20240520	SI|20240520|2	135	180	0.0025	7.06285e-07	-1	73412	73547	1720	-955	2675
WP2882	SI	20240520	SI|20240520|2	84	180	0.005	1.41257e-06	-1	74972	75056	2395	-955	3350
WP2883	SI	20240520	SI|20240520|2	115	180	0.08	2.26011e-05	1	79800	79685	1070	-955	2025
WP2884	SI	20240520	SI|20240520|2	62	180	0.0275	7.76914e-06	1	79800	79862	1070	-955	2025
WP2885	SI	20240521	SI|20240521|0	66	180	0.0025	6.49617e-07	-1	12403	12469	5082.5	-955	6037.5
WP2886	SI	20240521	SI|20240521|0	30	180	0.0375	9.74425e-06	-1	13020	12990	3545	-955	4500
WP2887	SI	20240521	SI|20240521|0	41	180	0.01	2.59847e-06	-1	13955	13914	2345	-955	3300
WP2888	SI	20240521	SI|20240521|0	85	180	0.055	1.42916e-05	-1	13955	14040	2345	-955	3300
WP2889	SI	20240521	SI|20240521|2	172	180	0.0475	1.23427e-05	1	47807	47979	1695	-955	2650
WP2890	SI	20240521	SI|20240521|2	100	180	0.0525	1.3642e-05	1	54023	54123	1582.5	-955	2537.5
WP2891	SI	20240521	SI|20240521|2	131	180	0.0375	9.74425e-06	-1	58357	58488	1095	-955	2050
WP2892	SI	20240521	SI|20240521|2	80	180	0.125	3.24808e-05	1	65054	64974	1845	-955	2800
WP2893	SI	20240521	SI|20240521|2	111	180	0.025	6.49617e-06	1	66244	66133	1007.5	-955	1962.5
WP2894	SI	20240521	SI|20240521|2	112	180	0.025	6.49617e-06	1	69244	69356	1107.5	-955	2062.5
WP2895	SI	20240522	SI|20240522|0	162	180	0.005	1.22448e-06	-1	11096	10934	1070	-955	2025
WP2896	SI	20240522	SI|20240522|0	173	180	0.0225	5.51017e-06	-1	11709	11536	1257.5	-955	2212.5
WP2897	SI	20240522	SI|20240522|0	74	180	0.0075	1.83672e-06	-1	11709	11783	1257.5	-955	2212.5
WP2898	SI	20240522	SI|20240522|0	111	180	0.0325	7.95914e-06	-1	14694	14583	1320	-955	2275
WP2899	SI	20240522	SI|20240522|0	40	180	0.015	3.67345e-06	-1	14999	15039	1495	-955	2450
WP2900	SI	20240522	SI|20240522|2	177	180	0.0575	1.40816e-05	-1	48230	48407	5045	-955	6000
WP2901	SI	20240522	SI|20240522|2	47	180	0.005	1.22448e-06	-1	52935	52982	4557.5	-955	5512.5
WP2902	SI	20240522	SI|20240522|2	65	180	0.0225	5.51017e-06	-1	53303	53368	4770	-955	5725
WP2903	SI	20240522	SI|20240522|2	150	180	0.0025	6.12241e-07	-1	53830	53980	4982.5	-955	5937.5
WP2904	SI	20240522	SI|20240522|2	70	180	0.0425	1.04081e-05	-1	54164	54234	4957.5	-955	5912.5
WP2905	SI	20240522	SI|20240522|2	83	180	0.015	3.67345e-06	-1	54487	54570	4782.5	-955	5737.5
WP2906	SI	20240522	SI|20240522|2	10	180	0.0125	3.06121e-06	-1	55819	55809	5082.5	-955	6037.5
WP2907	SI	20240522	SI|20240522|2	72	180	0.0125	3.06121e-06	-1	56509	56437	4057.5	-955	5012.5
WP2908	SI	20240522	SI|20240522|2	74	180	0.025	6.12241e-06	-1	57045	57119	4132.5	-955	5087.5
WP2909	SI	20240522	SI|20240522|2	107	180	0.035	8.57138e-06	-1	57437	57330	4395	-955	5350
WP2910	SI	20240522	SI|20240522|2	30	180	0.0275	6.73466e-06	-1	60463	60493	2857.5	-955	3812.5
WP2911	SI	20240522	SI|20240522|2	122	180	0.02	4.89793e-06	-1	60615	60493	2820	-955	3775
WP2912	SI	20240522	SI|20240522|2	122	180	0.045	1.10203e-05	-1	60615	60737	2820	-955	3775
WP2913	SI	20240522	SI|20240522|2	40	180	0.025	6.12241e-06	-1	60777	60737	2720	-955	3675
WP2914	SI	20240522	SI|20240522|2	144	180	0.04	9.79586e-06	-1	61379	61235	2682.5	-955	3637.5
WP2915	SI	20240522	SI|20240522|2	120	180	0.0325	7.95914e-06	-1	61880	62000	3082.5	-955	4037.5
WP2916	SI	20240522	SI|20240522|2	32	180	0.015	3.67345e-06	-1	62621	62589	2345	-955	3300
WP2917	SI	20240522	SI|20240522|2	106	180	0.015	3.67345e-06	-1	63156	63262	2670	-955	3625
WP2918	SI	20240522	SI|20240522|2	130	180	0.0025	6.12241e-07	-1	63392	63262	2582.5	-955	3537.5
WP2919	SI	20240522	SI|20240522|2	39	180	0.005	1.22448e-06	-1	63835	63796	2557.5	-955	3512.5
WP2920	SI	20240522	SI|20240522|2	74	180	0.0225	5.51017e-06	-1	64101	64175	2657.5	-955	3612.5
WP2921	SI	20240522	SI|20240522|2	59	180	0.0075	1.83672e-06	-1	64386	64445	2857.5	-955	3812.5
WP2922	SI	20240522	SI|20240522|2	77	180	0.0175	4.28569e-06	-1	64718	64795	2882.5	-955	3837.5
WP2923	SI	20240522	SI|20240522|2	110	180	0.005	1.22448e-06	-1	65798	65908	2795	-955	3750
WP2924	SI	20240522	SI|20240522|2	74	180	0.0025	6.12241e-07	-1	66139	66213	2707.5	-955	3662.5
WP2925	SI	20240522	SI|20240522|2	101	180	0.02	4.89793e-06	-1	66854	66955	2632.5	-955	3587.5
WP2926	SI	20240522	SI|20240522|2	147	180	0.02	4.89793e-06	-1	68425	68572	2670	-955	3625
WP2927	SI	20240522	SI|20240522|2	105	180	0.025	6.12241e-06	-1	68808	68913	2820	-955	3775
WP2928	SI	20240522	SI|20240522|2	125	180	0.025	6.12241e-06	-1	69716	69841	2595	-955	3550
WP2929	SI	20240522	SI|20240522|2	171	180	0.01	2.44897e-06	-1	71580	71751	2020	-955	2975
WP2930	SI	20240522	SI|20240522|2	24	180	0.02	4.89793e-06	-1	72146	72122	1857.5	-955	2812.5
WP2931	SI	20240522	SI|20240522|2	61	180	0.0125	3.06121e-06	-1	72562	72623	2120	-955	3075
WP2932	SI	20240522	SI|20240522|2	81	180	0.0175	4.28569e-06	-1	73113	73032	1745	-955	2700
WP2933	SI	20240523	SI|20240523|0	124	180	0.0025	5.79267e-07	-1	10949	10825	1432.5	-930	2362.5
WP2934	SI	20240523	SI|20240523|0	20	180	0.0125	2.89634e-06	1	28737	28757	1245	-930	2175
WP2935	SI	20240523	SI|20240523|1	131	180	0.005	1.15853e-06	1	35698	35829	1245	-930	2175
WP2936	SI	20240523	SI|20240523|1	66	180	0.02	4.63414e-06	1	36133	36067	1145	-930	2075
WP2937	SI	20240523	SI|20240523|2	97	180	0.02	4.63414e-06	-1	54820	54723	3232.5	-930	4162.5
WP2938	SI	20240523	SI|20240523|2	121	180	0.135	3.12804e-05	-1	57722	57843	3045	-930	3975
WP2939	SI	20240523	SI|20240523|2	78	180	0.04	9.26828e-06	-1	58190	58268	2107.5	-930	3037.5
WP2940	SI	20240523	SI|20240523|2	69	180	0.0525	1.21646e-05	-1	58556	58487	1395	-930	2325
WP2941	SI	20240523	SI|20240523|2	153	180	0.0225	5.21341e-06	-1	58556	58709	1395	-930	2325
WP2942	SI	20240523	SI|20240523|2	58	180	0	0	-1	63484	63542	1607.5	-930	2537.5
WP2943	SI	20240523	SI|20240523|2	130	180	0.01	2.31707e-06	-1	63672	63542	1557.5	-930	2487.5
WP2944	SI	20240523	SI|20240523|2	171	180	0.01	2.31707e-06	-1	63932	64103	1545	-930	2475
WP2945	SI	20240524	SI|20240524|0	31	180	0.02	4.61244e-06	1	10946	10915	1345	-930	2275
WP2946	SI	20240524	SI|20240524|0	126	180	0.055	1.26842e-05	1	10946	11072	1345	-930	2275
WP2947	SI	20240524	SI|20240524|0	104	180	0.015	3.45933e-06	1	11704	11600	1607.5	-930	2537.5
WP2948	SI	20240527	SI|20240527|0	94	180	0.0075	1.90785e-06	1	1298	1204	1670	-930	2600
WP2949	SI	20240527	SI|20240527|0	29	180	0	0	1	10981	11010	1545	-930	2475
WP2950	SI	20240527	SI|20240527|0	165	180	0.025	6.35951e-06	1	11175	11010	1420	-930	2350
WP2951	SI	20240527	SI|20240527|2	31	180	0.0025	6.35951e-07	1	51706	51737	3657.5	-930	4587.5
WP2952	SI	20240527	SI|20240527|2	26	180	0.0325	8.26736e-06	1	55479	55453	1757.5	-930	2687.5
WP2953	SI	20240527	SI|20240527|2	127	180	0.0825	2.09864e-05	1	55479	55606	1757.5	-930	2687.5
WP2954	SI	20240527	SI|20240527|2	177	180	0.0375	9.53926e-06	1	55783	55606	1982.5	-930	2912.5
WP2955	SI	20240527	SI|20240527|2	160	180	0.015	3.8157e-06	1	56520	56360	1357.5	-930	2287.5
WP2956	SI	20240528	SI|20240528|0	34	180	0.06	1.43272e-05	-1	10956	10922	1832.5	-930	2762.5
WP2957	SI	20240528	SI|20240528|0	91	180	0.0175	4.17878e-06	-1	11532	11623	2207.5	-930	3137.5
WP2958	SI	20240528	SI|20240528|0	123	180	0.005	1.19394e-06	-1	12025	11902	1932.5	-930	2862.5
WP2959	SI	20240528	SI|20240528|0	79	180	0.02	4.77574e-06	-1	14610	14531	2082.5	-930	3012.5
WP2960	SI	20240528	SI|20240528|0	99	180	0.0175	4.17878e-06	-1	17350	17449	2045	-930	2975
WP2961	SI	20240528	SI|20240528|0	109	180	0.04	9.55149e-06	-1	28024	27915	1732.5	-930	2662.5
WP2962	SI	20240528	SI|20240528|0	117	180	0.01	2.38787e-06	-1	28024	28141	1732.5	-930	2662.5
WP2963	SI	20240528	SI|20240528|0	138	180	0.0175	4.17878e-06	-1	28744	28882	1470	-930	2400
WP2964	SI	20240528	SI|20240528|0	119	180	0.0875	2.08939e-05	-1	29001	28882	1120	-930	2050
WP2965	SI	20240528	SI|20240528|0	171	180	0.0125	2.98484e-06	-1	29001	29172	1120	-930	2050
WP2966	SI	20240528	SI|20240528|0	73	180	0.02	4.77574e-06	-1	29245	29172	1282.5	-930	2212.5
WP2967	SI	20240528	SI|20240528|2	87	180	0.035	8.35755e-06	1	58265	58352	2520	-930	3450
WP2968	SI	20240528	SI|20240528|2	62	180	0.01	2.38787e-06	1	59582	59520	1295	-930	2225
WP2969	SI	20240528	SI|20240528|2	89	180	0.0175	4.17878e-06	1	60037	59948	1557.5	-930	2487.5
WP2970	SI	20240528	SI|20240528|2	72	180	0.03	7.16362e-06	1	60515	60443	1332.5	-930	2262.5
WP2971	SI	20240528	SI|20240528|2	110	180	0.0325	7.76058e-06	1	61078	60968	1157.5	-930	2087.5
WP2972	SI	20240528	SI|20240528|2	112	180	0.0275	6.56665e-06	1	61078	61190	1157.5	-930	2087.5
WP2973	SI	20240528	SI|20240528|2	69	180	0.0025	5.96968e-07	1	69189	69120	1032.5	-930	1962.5
WP2974	SI	20240528	SI|20240528|2	75	180	0.04	9.55149e-06	1	69483	69408	1245	-930	2175
WP2975	SI	20240528	SI|20240528|2	95	180	0.04	9.55149e-06	1	69483	69578	1245	-930	2175
WP2976	SI	20240528	SI|20240528|2	116	180	0.0175	4.17878e-06	1	69694	69578	1132.5	-930	2062.5
WP2977	SI	20240529	SI|20240529|0	83	180	0.005	1.17589e-06	1	11485	11402	1745	-930	2675
WP2978	SI	20240529	SI|20240529|0	128	180	0.0225	5.29151e-06	1	12791	12663	1432.5	-930	2362.5
WP2979	SI	20240529	SI|20240529|0	144	180	0.085	1.99902e-05	1	12791	12935	1432.5	-930	2362.5
WP2980	SI	20240529	SI|20240529|0	60	180	0.0075	1.76384e-06	1	13221	13281	1895	-930	2825
WP2981	SI	20240529	SI|20240529|0	88	180	0.0425	9.99508e-06	1	13590	13502	1807.5	-930	2737.5
WP2982	SI	20240529	SI|20240529|0	56	180	0.02	4.70357e-06	1	14951	14895	1457.5	-930	2387.5
WP2983	SI	20240529	SI|20240529|0	145	180	0.025	5.87946e-06	1	15480	15335	1182.5	-930	2112.5
WP2984	SI	20240529	SI|20240529|0	134	180	0.02	4.70357e-06	1	18634	18768	1207.5	-930	2137.5
WP2985	SI	20240529	SI|20240529|0	63	180	0.0675	1.58745e-05	1	29297	29234	1195	-930	2125
WP2986	SI	20240529	SI|20240529|0	91	180	0.06	1.41107e-05	1	29297	29388	1195	-930	2125
WP2987	SI	20240529	SI|20240529|0	122	180	0.0175	4.11562e-06	1	30199	30321	1107.5	-930	2037.5
WP2988	SI	20240529	SI|20240529|0	164	180	0.0125	2.93973e-06	1	30485	30321	1132.5	-930	2062.5
WP2989	SI	20240529	SI|20240529|1	67	180	0.01	2.35178e-06	-1	32417	32484	1195	-930	2125
WP2990	SI	20240529	SI|20240529|2	180	180	0.005	1.17589e-06	1	53774	53594	1507.5	-930	2437.5
WP2991	SI	20240529	SI|20240529|2	40	180	0.0125	2.93973e-06	1	54150	54110	1357.5	-930	2287.5
WP2992	SI	20240529	SI|20240529|2	119	180	0.045	1.0583e-05	1	56307	56426	1007.5	-930	1937.5
WP2993	SI	20240530	SI|20240530|0	51	180	0.035	8.32948e-06	-1	10924	10873	2745	-930	3675
WP2994	SI	20240530	SI|20240530|0	156	180	0.0275	6.54459e-06	-1	11951	11795	3082.5	-930	4012.5
WP2995	SI	20240530	SI|20240530|0	165	180	0.02	4.7597e-06	-1	11951	12116	3082.5	-930	4012.5
WP2996	SI	20240530	SI|20240530|0	159	180	0.09	2.14187e-05	-1	12963	12804	2295	-930	3225
WP2997	SI	20240530	SI|20240530|0	86	180	0.015	3.56978e-06	-1	13282	13196	1982.5	-930	2912.5
WP2998	SI	20240530	SI|20240530|0	21	180	0.0075	1.78489e-06	-1	13594	13573	1682.5	-930	2612.5
WP2999	SI	20240530	SI|20240530|0	143	180	0.0375	8.92445e-06	-1	14572	14715	1607.5	-930	2537.5
WP3000	SI	20240530	SI|20240530|0	63	180	0	0	-1	15002	15065	2020	-930	2950
WP3001	SI	20240530	SI|20240530|0	175	180	0.055	1.30892e-05	-1	16441	16616	1370	-930	2300
WP3002	SI	20240530	SI|20240530|0	68	180	0.005	1.18993e-06	-1	16684	16616	1120	-930	2050
WP3003	SI	20240530	SI|20240530|2	89	180	0.0075	1.78489e-06	-1	56732	56821	3045	-930	3975
WP3004	SI	20240530	SI|20240530|2	68	180	0.0225	5.35467e-06	-1	56889	56821	2970	-930	3900
WP3005	SI	20240530	SI|20240530|2	77	180	0.035	8.32948e-06	-1	58179	58102	2257.5	-930	3187.5
WP3006	SI	20240530	SI|20240530|2	169	180	0.0325	7.73452e-06	-1	59521	59352	1895	-930	2825
WP3007	SI	20240530	SI|20240530|2	115	180	0.0125	2.97482e-06	-1	59827	59712	1820	-930	2750
WP3008	SI	20240530	SI|20240530|2	105	180	0.065	1.5469e-05	-1	60171	60066	1382.5	-930	2312.5
WP3009	SI	20240530	SI|20240530|2	157	180	0.005	1.18993e-06	-1	60515	60358	1432.5	-930	2362.5
WP3010	SI	20240530	SI|20240530|2	84	180	0.02	4.7597e-06	-1	60667	60751	1082.5	-930	2012.5
WP3011	SI	20240530	SI|20240530|2	73	180	0.0425	1.01144e-05	-1	61425	61352	1257.5	-930	2187.5
WP3012	SI	20240530	SI|20240530|2	62	180	0.0125	2.97482e-06	-1	61621	61683	1195	-930	2125
WP3013	SI	20240530	SI|20240530|2	90	180	0.01	2.37985e-06	-1	61773	61683	1182.5	-930	2112.5
WP3014	SI	20240530	SI|20240530|2	95	180	0.02	4.7597e-06	-1	61773	61868	1182.5	-930	2112.5
WP3015	SI	20240530	SI|20240530|2	100	180	0.02	4.7597e-06	-1	61968	61868	1182.5	-930	2112.5
WP3016	SI	20240530	SI|20240530|2	143	180	0.015	3.56978e-06	-1	61968	62111	1182.5	-930	2112.5
WP3017	SI	20240530	SI|20240530|2	144	180	0.0325	7.73452e-06	-1	68384	68528	1007.5	-930	1937.5
WP3018	SI	20240531	SI|20240531|0	98	180	0.11	2.56239e-05	1	11781	11683	1495	-930	2425
WP3019	SI	20240531	SI|20240531|0	86	180	0	0	1	18234	18320	1682.5	-930	2612.5
WP3020	SI	20240531	SI|20240531|0	117	180	0.0175	4.07652e-06	1	18437	18320	1595	-930	2525
WP3021	SI	20240531	SI|20240531|0	157	180	0.0075	1.74708e-06	1	18437	18594	1595	-930	2525
WP3022	SI	20240531	SI|20240531|0	97	180	0.0225	5.24124e-06	1	19025	18928	1732.5	-930	2662.5
WP3023	SI	20240531	SI|20240531|0	124	180	0.02	4.65888e-06	1	19025	19149	1732.5	-930	2662.5
WP3024	SI	20240531	SI|20240531|0	144	180	0.0225	5.24124e-06	1	23514	23658	1307.5	-930	2237.5
WP3025	SI	20240531	SI|20240531|2	87	180	0.0025	5.8236e-07	-1	54159	54246	6670	-930	7600
WP3026	SI	20240531	SI|20240531|2	72	180	0.0125	2.9118e-06	-1	54318	54246	6720	-930	7650
WP3027	SI	20240531	SI|20240531|2	89	180	0.0225	5.24124e-06	-1	55645	55556	5357.5	-930	6287.5
WP3028	SI	20240531	SI|20240531|2	128	180	0.0275	6.40596e-06	-1	56073	55945	5182.5	-930	6112.5
WP3029	SI	20240531	SI|20240531|2	47	180	0.015	3.49416e-06	-1	56806	56853	5557.5	-930	6487.5
WP3030	SI	20240531	SI|20240531|2	22	180	0.01	2.32944e-06	-1	57504	57482	4457.5	-930	5387.5
WP3031	SI	20240531	SI|20240531|2	154	180	0.025	5.8236e-06	-1	57636	57482	4532.5	-930	5462.5
WP3032	SI	20240531	SI|20240531|2	174	180	0.0775	1.80532e-05	-1	59462	59288	3932.5	-930	4862.5
WP3033	SI	20240531	SI|20240531|2	77	180	0.0025	5.8236e-07	-1	59869	59792	3670	-930	4600
WP3034	SI	20240531	SI|20240531|2	143	180	0.0025	5.8236e-07	-1	60104	60247	3257.5	-930	4187.5
WP3035	SI	20240531	SI|20240531|2	94	180	0.0175	4.07652e-06	-1	60341	60247	3332.5	-930	4262.5
WP3036	SI	20240531	SI|20240531|2	87	180	0.095	2.21297e-05	-1	60341	60428	3332.5	-930	4262.5
WP3037	SI	20240531	SI|20240531|2	73	180	0.005	1.16472e-06	-1	60501	60428	2832.5	-930	3762.5
WP3038	SI	20240531	SI|20240531|2	159	180	0.06	1.39766e-05	-1	60501	60660	2832.5	-930	3762.5
WP3039	SI	20240531	SI|20240531|2	150	180	0.04	9.31777e-06	-1	60850	61000	2882.5	-930	3812.5
WP3040	SI	20240531	SI|20240531|2	111	180	0.0225	5.24124e-06	-1	61111	61000	2970	-930	3900
WP3041	SI	20240603	SI|20240603|0	28	180	0.0125	2.95592e-06	-1	10949	10921	1307.5	-930	2237.5
WP3042	SI	20240603	SI|20240603|0	25	180	0.0225	5.32065e-06	-1	14553	14578	1870	-930	2800
WP3043	SI	20240603	SI|20240603|0	141	180	0.04	9.45894e-06	-1	14785	14926	1357.5	-930	2287.5
WP3044	SI	20240603	SI|20240603|0	144	180	0.0075	1.77355e-06	-1	16468	16612	1445	-930	2375
WP3045	SI	20240603	SI|20240603|0	88	180	0.05	1.18237e-05	-1	16700	16612	1157.5	-930	2087.5
WP3046	SI	20240603	SI|20240603|0	77	180	0.0125	2.95592e-06	-1	17303	17380	1095	-930	2025
WP3047	SI	20240603	SI|20240603|0	103	180	0.025	5.91184e-06	-1	17483	17380	1157.5	-930	2087.5
WP3048	SI	20240603	SI|20240603|0	87	180	0	0	-1	17715	17802	1057.5	-930	1987.5
WP3049	SI	20240603	SI|20240603|0	85	180	0.0125	2.95592e-06	-1	18248	18333	1107.5	-930	2037.5
WP3050	SI	20240603	SI|20240603|0	23	180	0.05	1.18237e-05	1	27823	27846	1382.5	-930	2312.5
WP3051	SI	20240603	SI|20240603|0	153	180	0.04	9.45894e-06	1	29266	29419	1232.5	-930	2162.5
WP3052	SI	20240603	SI|20240603|1	102	180	0.0025	5.91184e-07	1	35501	35399	1070	-930	2000
WP3053	SI	20240603	SI|20240603|2	64	180	0.0425	1.00501e-05	1	57004	57068	2220	-930	3150
WP3054	SI	20240603	SI|20240603|2	176	180	0.125	2.95592e-05	1	57244	57068	1807.5	-930	2737.5
WP3055	SI	20240603	SI|20240603|2	176	180	0.0275	6.50302e-06	1	57244	57420	1807.5	-930	2737.5
WP3056	SI	20240603	SI|20240603|2	96	180	0.0125	2.95592e-06	1	57516	57420	1882.5	-930	2812.5
WP3057	SI	20240603	SI|20240603|2	155	180	0.185	4.37476e-05	1	57516	57671	1882.5	-930	2812.5
WP3058	SI	20240603	SI|20240603|2	73	180	0.005	1.18237e-06	1	59129	59056	1532.5	-930	2462.5
WP3059	SI	20240603	SI|20240603|2	90	180	0.0475	1.12325e-05	1	59471	59561	1432.5	-930	2362.5
WP3060	SI	20240603	SI|20240603|2	133	180	0.025	5.91184e-06	1	60489	60356	1182.5	-930	2112.5
WP3061	SI	20240603	SI|20240603|2	105	180	0.02	4.72947e-06	1	60489	60594	1182.5	-930	2112.5
WP3062	SI	20240603	SI|20240603|2	140	180	0.0025	5.91184e-07	1	60734	60594	1270	-930	2200
WP3063	SI	20240603	SI|20240603|2	143	180	0.0175	4.13828e-06	1	60734	60877	1270	-930	2200
WP3064	SI	20240603	SI|20240603|2	169	180	0.01	2.36473e-06	1	61743	61912	1420	-930	2350
WP3065	SI	20240603	SI|20240603|2	176	180	0.015	3.5471e-06	1	64813	64637	1032.5	-930	1962.5
WP3066	SI	20240603	SI|20240603|2	79	180	0.015	3.5471e-06	1	64813	64892	1032.5	-930	1962.5
WP3067	SI	20240603	SI|20240603|2	129	180	0.015	3.5471e-06	1	65227	65098	1107.5	-930	2037.5
WP3068	SI	20240603	SI|20240603|2	156	180	0.01	2.36473e-06	1	66459	66303	1407.5	-930	2337.5
WP3069	SI	20240603	SI|20240603|2	103	180	0.01	2.36473e-06	1	66459	66562	1407.5	-930	2337.5
WP3070	SI	20240604	SI|20240604|1	119	180	0.03	6.99423e-06	-1	35290	35171	3207.5	-930	4137.5
WP3071	SI	20240604	SI|20240604|1	25	180	0.01	2.33141e-06	-1	36413	36388	1745	-930	2675
WP3072	SI	20240604	SI|20240604|1	49	180	0.005	1.16571e-06	-1	37714	37665	1295	-930	2225
WP3073	SI	20240604	SI|20240604|1	59	180	0.0075	1.74856e-06	-1	38464	38405	1020	-930	1950
WP3074	SI	20240604	SI|20240604|1	135	180	0.035	8.15994e-06	-1	38905	38770	1207.5	-930	2137.5
WP3075	SI	20240604	SI|20240604|1	96	180	0.0075	1.74856e-06	-1	39195	39099	1132.5	-930	2062.5
WP3076	SI	20240604	SI|20240604|2	45	180	0.005	1.16571e-06	-1	52045	52090	2007.5	-930	2937.5
WP3077	SI	20240604	SI|20240604|2	162	180	0.01	2.33141e-06	-1	53329	53167	2032.5	-930	2962.5
WP3078	SI	20240604	SI|20240604|2	61	180	0.025	5.82853e-06	-1	54062	54123	2520	-930	3450
WP3079	SI	20240604	SI|20240604|2	79	180	0.0475	1.10742e-05	-1	55192	55271	2620	-930	3550
WP3080	SI	20240604	SI|20240604|2	112	180	0.075	1.74856e-05	-1	55383	55271	2007.5	-930	2937.5
WP3081	SI	20240604	SI|20240604|2	144	180	0.0525	1.22399e-05	-1	55383	55527	2007.5	-930	2937.5
WP3082	SI	20240604	SI|20240604|2	116	180	0.0425	9.9085e-06	-1	56347	56231	1095	-930	2025
WP3083	SI	20240605	SI|20240605|2	3	180	0.0025	5.52288e-07	1	51420	51423	1895	-930	2825
WP3084	SI	20240605	SI|20240605|2	120	180	0.01	2.20915e-06	1	51771	51651	1907.5	-930	2837.5
WP3085	SI	20240605	SI|20240605|2	94	180	0.0075	1.65686e-06	1	51964	52058	2045	-930	2975
WP3086	SI	20240605	SI|20240605|2	160	180	0.015	3.31373e-06	1	52540	52700	2220	-930	3150
WP3087	SI	20240605	SI|20240605|2	75	180	0.005	1.10458e-06	1	56261	56336	1957.5	-930	2887.5
WP3088	SI	20240605	SI|20240605|2	14	180	0.0025	5.52288e-07	1	56822	56836	1945	-930	2875
WP3089	SI	20240605	SI|20240605|2	81	180	0.005	1.10458e-06	1	58262	58343	2570	-930	3500
WP3090	SI	20240605	SI|20240605|2	147	180	0.01	2.20915e-06	1	58490	58343	2595	-930	3525
WP3091	SI	20240605	SI|20240605|2	24	180	0.0075	1.65686e-06	1	58490	58514	2595	-930	3525
WP3092	SI	20240605	SI|20240605|2	178	180	0.0525	1.15981e-05	1	59521	59343	1295	-930	2225
WP3093	SI	20240605	SI|20240605|2	173	180	0.0575	1.27026e-05	1	59909	59736	1245	-930	2175
WP3094	SI	20240605	SI|20240605|2	44	180	0.005	1.10458e-06	1	60292	60248	1195	-930	2125
WP3095	SI	20240605	SI|20240605|2	91	180	0.01	2.20915e-06	1	61569	61478	1070	-930	2000
WP3096	SI	20240606	SI|20240606|0	31	180	0.0425	9.57807e-06	1	10923	10954	1732.5	-930	2662.5
WP3097	SI	20240606	SI|20240606|0	72	180	0.005	1.12683e-06	1	11296	11224	1020	-930	1950
WP3098	SI	20240606	SI|20240606|2	120	180	0.0425	9.57807e-06	1	52112	52232	5407.5	-930	6337.5
WP3099	SI	20240606	SI|20240606|2	158	180	0.04	9.01465e-06	1	52932	53090	5632.5	-930	6562.5
WP3100	SI	20240606	SI|20240606|2	175	180	0.03	6.76099e-06	1	53265	53090	5682.5	-930	6612.5
WP3101	SI	20240606	SI|20240606|2	128	180	0.0375	8.45124e-06	1	53664	53536	5782.5	-930	6712.5
WP3102	SI	20240606	SI|20240606|2	134	180	0.0725	1.63391e-05	1	54038	53904	5520	-930	6450
WP3103	SI	20240606	SI|20240606|2	134	180	0.005	1.12683e-06	1	54038	54172	5520	-930	6450
WP3104	SI	20240606	SI|20240606|2	41	180	0.0175	3.94391e-06	1	54416	54457	5845	-930	6775
WP3105	SI	20240606	SI|20240606|2	160	180	0.1	2.25366e-05	1	54617	54457	5257.5	-930	6187.5
WP3106	SI	20240606	SI|20240606|2	39	180	0.0275	6.19757e-06	1	54946	54907	5132.5	-930	6062.5
WP3107	SI	20240606	SI|20240606|2	135	180	0.03	6.76099e-06	1	54946	55081	5132.5	-930	6062.5
WP3108	SI	20240606	SI|20240606|2	114	180	0.0125	2.81708e-06	1	55804	55690	4482.5	-930	5412.5
WP3109	SI	20240606	SI|20240606|2	128	180	0.0325	7.3244e-06	1	58736	58864	4782.5	-930	5712.5
WP3110	SI	20240606	SI|20240606|2	87	180	0.0325	7.3244e-06	1	59635	59722	4407.5	-930	5337.5
WP3111	SI	20240606	SI|20240606|2	152	180	0.0625	1.40854e-05	1	60472	60320	3620	-930	4550
WP3112	SI	20240606	SI|20240606|2	167	180	0.02	4.50733e-06	1	60916	60749	3882.5	-930	4812.5
WP3113	SI	20240606	SI|20240606|2	67	180	0.0225	5.07074e-06	1	61333	61266	3345	-930	4275
WP3114	SI	20240606	SI|20240606|2	74	180	0.005	1.12683e-06	1	62260	62186	2082.5	-930	3012.5
WP3115	SI	20240606	SI|20240606|2	165	180	0.0875	1.97195e-05	1	62643	62478	1695	-930	2625
WP3116	SI	20240606	SI|20240606|2	122	180	0.0175	3.94391e-06	1	63348	63226	1007.5	-930	1937.5
WP3117	SI	20240607	SI|20240607|0	90	180	0.03	6.50317e-06	-1	10831	10921	1070	-930	2000
WP3118	SI	20240607	SI|20240607|0	67	180	0.03	6.50317e-06	-1	10988	10921	1070	-930	2000
WP3119	SI	20240607	SI|20240607|0	145	180	0.005	1.08386e-06	-1	25716	25571	1270	-930	2200
WP3120	SI	20240607	SI|20240607|1	114	180	0.035	7.58703e-06	-1	36928	37042	3182.5	-930	4112.5
WP3121	SI	20240607	SI|20240607|1	108	180	0.0525	1.13805e-05	-1	37459	37567	3245	-930	4175
WP3122	SI	20240607	SI|20240607|1	58	180	0.005	1.08386e-06	-1	37625	37567	2957.5	-930	3887.5
WP3123	SI	20240607	SI|20240607|1	66	180	0.01	2.16772e-06	-1	38298	38232	2445	-930	3375
WP3124	SI	20240607	SI|20240607|1	98	180	0.0325	7.0451e-06	-1	40491	40589	1807.5	-930	2737.5
WP3125	SI	20240607	SI|20240607|1	146	180	0.02	4.33545e-06	-1	40735	40589	1545	-930	2475
WP3126	SI	20240607	SI|20240607|2	123	180	0.045	9.75476e-06	-1	47424	47547	5757.5	-930	6687.5
WP3127	SI	20240607	SI|20240607|2	41	180	0.0125	2.70965e-06	-1	48734	48775	6320	-930	7250
WP3128	SI	20240607	SI|20240607|2	131	180	0.0225	4.87738e-06	-1	48906	48775	6370	-930	7300
WP3129	SI	20240607	SI|20240607|2	120	180	0.0275	5.96124e-06	-1	48906	49026	6370	-930	7300
WP3130	SI	20240607	SI|20240607|2	114	180	0.0525	1.13805e-05	-1	49234	49348	6445	-930	7375
WP3131	SI	20240607	SI|20240607|2	69	180	0	0	-1	49417	49348	6182.5	-930	7112.5
WP3132	SI	20240607	SI|20240607|2	89	180	0.005	1.08386e-06	-1	50492	50581	6157.5	-930	7087.5
WP3133	SI	20240607	SI|20240607|2	117	180	0.015	3.25159e-06	-1	51235	51118	5982.5	-930	6912.5
WP3134	SI	20240607	SI|20240607|2	115	180	0.015	3.25159e-06	-1	52019	52134	5582.5	-930	6512.5
WP3135	SI	20240607	SI|20240607|2	10	180	0	0	-1	52144	52134	5507.5	-930	6437.5
WP3136	SI	20240607	SI|20240607|2	67	180	0.345	7.47865e-05	-1	52144	52211	5507.5	-930	6437.5
WP3137	SI	20240607	SI|20240607|2	84	180	0.24	5.20254e-05	-1	52218	52134	4307.5	-930	5237.5
WP3138	SI	20240607	SI|20240607|2	7	180	0.105	2.27611e-05	-1	52218	52211	4307.5	-930	5237.5
WP3139	SI	20240607	SI|20240607|2	88	180	0.0475	1.02967e-05	-1	52920	52832	4057.5	-930	4987.5
WP3140	SI	20240607	SI|20240607|2	77	180	0.075	1.62579e-05	-1	53447	53370	3382.5	-930	4312.5
WP3141	SI	20240607	SI|20240607|2	28	180	0.005	1.08386e-06	-1	56267	56239	2545	-930	3475
WP3142	SI	20240607	SI|20240607|2	163	180	0.065	1.40902e-05	-1	56609	56772	2557.5	-930	3487.5
WP3143	SI	20240607	SI|20240607|2	64	180	0.005	1.08386e-06	-1	59189	59253	2507.5	-930	3437.5
WP3144	SI	20240607	SI|20240607|2	130	180	0.0225	4.87738e-06	-1	60679	60549	2632.5	-930	3562.5
WP3145	SI	20240607	SI|20240607|2	135	180	0.025	5.41931e-06	-1	61381	61246	1957.5	-930	2887.5
WP3146	SI	20240607	SI|20240607|2	134	180	0.04	8.6709e-06	-1	61689	61823	1970	-930	2900
WP3147	SI	20240607	SI|20240607|2	57	180	0.03	6.50317e-06	-1	69113	69170	1195	-930	2125
WP3148	SI	20240610	SI|20240610|2	121	180	0.055	1.14879e-05	1	58599	58720	1182.5	-930	2112.5
WP3149	SI	20240610	SI|20240610|2	156	180	0.0375	7.83263e-06	1	59083	58927	1070	-930	2000
WP3150	SI	20240610	SI|20240610|2	170	180	0.04	8.35481e-06	1	61647	61477	1082.5	-930	2012.5
WP3151	SI	20240611	SI|20240611|0	70	180	0.145	3.08794e-05	-1	10860	10930	1757.5	-930	2687.5
WP3152	SI	20240611	SI|20240611|0	64	180	0.005	1.06481e-06	-1	11843	11907	2032.5	-930	2962.5
WP3153	SI	20240611	SI|20240611|0	176	180	0.0475	1.01157e-05	-1	12083	11907	2245	-930	3175
WP3154	SI	20240611	SI|20240611|2	92	180	0.04	8.51845e-06	-1	52262	52170	1032.5	-930	1962.5
WP3155	SI	20240612	SI|20240612|2	138	180	0.11	2.35992e-05	-1	54154	54016	2295	-930	3225
WP3156	SI	20240612	SI|20240612|2	77	180	0.035	7.50884e-06	-1	54633	54710	2557.5	-930	3487.5
WP3157	SI	20240612	SI|20240612|2	126	180	0.0475	1.01906e-05	-1	55368	55242	1957.5	-930	2887.5
WP3158	SI	20240612	SI|20240612|2	136	180	0.02	4.29076e-06	-1	55859	55723	1795	-930	2725
WP3159	SI	20240612	SI|20240612|2	171	180	0.005	1.07269e-06	-1	64148	64319	1707.5	-930	2637.5
WP3160	SI	20240612	SI|20240612|2	30	180	0.0025	5.36346e-07	-1	70744	70774	1132.5	-930	2062.5
WP3161	SI	20240613	SI|20240613|0	37	180	0.005	1.06129e-06	1	11597	11634	1657.5	-930	2587.5
WP3162	SI	20240613	SI|20240613|0	65	180	0.0225	4.77578e-06	1	12502	12437	1957.5	-930	2887.5
WP3163	SI	20240613	SI|20240613|0	41	180	0.0525	1.11435e-05	1	13143	13102	1882.5	-930	2812.5
WP3164	SI	20240613	SI|20240613|0	60	180	0.0125	2.65321e-06	1	13632	13572	1582.5	-930	2512.5
WP3165	SI	20240613	SI|20240613|0	97	180	0.015	3.18386e-06	1	13632	13729	1582.5	-930	2512.5
WP3166	SI	20240613	SI|20240613|0	96	180	0.03	6.36771e-06	1	14560	14464	1407.5	-930	2337.5
WP3167	SI	20240613	SI|20240613|0	47	180	0.0275	5.83707e-06	1	15233	15186	1257.5	-930	2187.5
WP3168	SI	20240613	SI|20240613|0	93	180	0.005	1.06129e-06	1	17949	17856	1182.5	-930	2112.5
WP3169	SI	20240613	SI|20240613|0	116	180	0.0175	3.7145e-06	1	18486	18602	1207.5	-930	2137.5
WP3170	SI	20240613	SI|20240613|2	61	180	0.0475	1.00822e-05	-1	53270	53331	2432.5	-930	3362.5
WP3171	SI	20240613	SI|20240613|2	119	180	0.0675	1.43273e-05	-1	53450	53331	1857.5	-930	2787.5
WP3172	SI	20240613	SI|20240613|2	147	180	0.015	3.18386e-06	-1	53846	53699	2120	-930	3050
WP3173	SI	20240613	SI|20240613|2	42	180	0.005	1.06129e-06	-1	54149	54191	2057.5	-930	2987.5
WP3174	SI	20240613	SI|20240613|2	60	180	0.0275	5.83707e-06	-1	56470	56530	2570	-930	3500
WP3175	SI	20240613	SI|20240613|2	148	180	0.09	1.91031e-05	-1	56678	56530	1982.5	-930	2912.5
WP3176	SI	20240613	SI|20240613|2	56	180	0.0025	5.30643e-07	-1	57218	57162	1432.5	-930	2362.5
WP3177	SI	20240613	SI|20240613|2	58	180	0.0025	5.30643e-07	-1	57603	57545	1107.5	-930	2037.5
WP3178	SI	20240613	SI|20240613|2	148	180	0.015	3.18386e-06	1	65274	65422	1170	-930	2100
WP3179	SI	20240614	SI|20240614|2	119	180	0.0225	4.7167e-06	1	56005	55886	1932.5	-930	2862.5
WP3180	SI	20240614	SI|20240614|2	121	180	0.02	4.19262e-06	1	57858	57737	2282.5	-930	3212.5
WP3181	SI	20240614	SI|20240614|2	73	180	0.02	4.19262e-06	1	59348	59421	2007.5	-930	2937.5
WP3182	SI	20240614	SI|20240614|2	170	180	0.045	9.4334e-06	1	59853	60023	2082.5	-930	3012.5
WP3183	SI	20240614	SI|20240614|2	133	180	0	0	1	60869	61002	2282.5	-930	3212.5
WP3184	SI	20240614	SI|20240614|2	123	180	0.01	2.09631e-06	1	63676	63553	2045	-930	2975
WP3185	SI	20240614	SI|20240614|2	94	180	0.015	3.14447e-06	1	66685	66591	1132.5	-930	2062.5
WP3186	SI	20240617	SI|20240617|0	122	180	0.065	1.49047e-05	-1	10923	11045	1282.5	-930	2212.5
WP3187	SI	20240617	SI|20240617|0	145	180	0.025	5.73256e-06	-1	11190	11045	1482.5	-930	2412.5
WP3188	SI	20240617	SI|20240617|0	138	180	0.0225	5.15931e-06	-1	12209	12347	1820	-930	2750
WP3189	SI	20240617	SI|20240617|2	145	180	0.02	4.58605e-06	1	64457	64312	1495	-930	2425
WP3190	SI	20240618	SI|20240618|0	96	180	0.0025	5.88917e-07	-1	11017	10921	1332.5	-930	2262.5
WP3191	SI	20240618	SI|20240618|2	44	180	0.0075	1.76675e-06	1	54814	54770	1320	-930	2250
WP3192	SI	20240618	SI|20240618|2	103	180	0.0575	1.35451e-05	1	55828	55725	1420	-930	2350
WP3193	SI	20240618	SI|20240618|2	68	180	0.085	2.00232e-05	1	55828	55896	1420	-930	2350
WP3194	SI	20240618	SI|20240618|2	123	180	0	0	1	63057	63180	1232.5	-930	2162.5
WP3195	SI	20240618	SI|20240618|2	74	180	0.0275	6.47808e-06	1	63254	63180	1095	-930	2025
WP3196	SI	20240619	SI|20240619|2	117	180	0.025	5.93109e-06	1	54126	54243	1682.5	-930	2612.5
WP3197	SI	20240619	SI|20240619|2	67	180	0.0025	5.93109e-07	1	54482	54549	1645	-930	2575
WP3198	SI	20240619	SI|20240619|2	129	180	0.015	3.55865e-06	1	54924	55053	1695	-930	2625
WP3199	SI	20240619	SI|20240619|2	32	180	0	0	1	56252	56284	1257.5	-930	2187.5
WP3200	SI	20240619	SI|20240619|2	75	180	0.005	1.18622e-06	1	56583	56508	1182.5	-930	2112.5
WP3201	SI	20240620	SI|20240620|2	97	180	0.005	1.22789e-06	1	54123	54220	2745	-930	3675
WP3202	SI	20240620	SI|20240620|2	63	180	0.0325	7.98127e-06	1	54486	54423	2882.5	-930	3812.5
WP3203	SI	20240620	SI|20240620|2	106	180	0.0225	5.52549e-06	1	54486	54592	2882.5	-930	3812.5
WP3204	SI	20240620	SI|20240620|2	141	180	0.005	1.22789e-06	1	55845	55704	2870	-930	3800
WP3205	SI	20240620	SI|20240620|2	15	180	0.01	2.45577e-06	1	55845	55860	2870	-930	3800
WP3206	SI	20240620	SI|20240620|2	87	180	0.0525	1.28928e-05	1	56957	56870	2057.5	-930	2987.5
WP3207	SI	20240620	SI|20240620|2	28	180	0	0	1	57690	57662	1770	-930	2700
WP3208	SI	20240621	SI|20240621|0	69	180	0.0175	4.21332e-06	-1	11264	11195	2132.5	-930	3062.5
WP3209	SI	20240621	SI|20240621|0	37	180	0.0125	3.00951e-06	-1	13302	13265	1032.5	-930	1962.5
WP3210	SI	20240621	SI|20240621|0	28	180	0	0	-1	14580	14552	1020	-930	1950
WP3211	SI	20240621	SI|20240621|0	97	180	0.0075	1.80571e-06	-1	29864	29767	1145	-930	2075
WP3212	SI	20240621	SI|20240621|2	118	180	0.025	6.01902e-06	-1	47648	47766	4670	-930	5600
WP3213	SI	20240621	SI|20240621|2	158	180	0.025	6.01902e-06	-1	53080	52922	3795	-930	4725
WP3214	SI	20240621	SI|20240621|2	117	180	0.0225	5.41712e-06	-1	53658	53541	3620	-930	4550
WP3215	SI	20240621	SI|20240621|2	17	180	0.005	1.2038e-06	-1	54141	54124	3045	-930	3975
WP3216	SI	20240621	SI|20240621|2	87	180	0.0175	4.21332e-06	-1	54910	54997	3757.5	-930	4687.5
WP3217	SI	20240621	SI|20240621|2	69	180	0.02	4.81522e-06	-1	55066	54997	3570	-930	4500
WP3218	SI	20240621	SI|20240621|2	126	180	0.0375	9.02854e-06	-1	55633	55507	3107.5	-930	4037.5
WP3219	SI	20240621	SI|20240621|2	120	180	0.0025	6.01902e-07	-1	55633	55753	3107.5	-930	4037.5
WP3220	SI	20240621	SI|20240621|2	70	180	0.0275	6.62093e-06	-1	55823	55753	2982.5	-930	3912.5
WP3221	SI	20240621	SI|20240621|2	138	180	0.145	3.49103e-05	-1	56581	56719	2132.5	-930	3062.5
WP3222	SI	20240621	SI|20240621|2	123	180	0.02	4.81522e-06	-1	58680	58803	1045	-930	1975
WP3223	SI	20240621	SI|20240621|2	145	180	0.03	7.22283e-06	-1	60726	60581	1345	-930	2275
WP3224	SI	20240621	SI|20240621|2	95	180	0.04	9.63044e-06	-1	61319	61414	1195	-930	2125
WP3225	SI	20240625	SI|20240625|0	158	180	0.07	1.79828e-05	1	14112	13954	1007.5	-930	1937.5
WP3226	SI	20240625	SI|20240625|2	101	180	0.0025	6.42243e-07	-1	53165	53064	3420	-930	4350
WP3227	SI	20240625	SI|20240625|2	148	180	0.015	3.85346e-06	-1	53454	53602	3407.5	-930	4337.5
WP3228	SI	20240625	SI|20240625|2	143	180	0.065	1.66983e-05	-1	54122	54265	2570	-930	3500
WP3229	SI	20240625	SI|20240625|2	155	180	0.0425	1.09181e-05	-1	54420	54265	2682.5	-930	3612.5
WP3230	SI	20240625	SI|20240625|2	164	180	0.035	8.99141e-06	-1	54891	54727	2545	-930	3475
WP3231	SI	20240625	SI|20240625|2	99	180	0.01	2.56897e-06	-1	55636	55537	2557.5	-930	3487.5
WP3232	SI	20240625	SI|20240625|2	131	180	0.025	6.42243e-06	-1	57746	57615	1770	-930	2700
WP3233	SI	20240625	SI|20240625|2	115	180	0.055	1.41294e-05	-1	58829	58944	1582.5	-930	2512.5
WP3234	SI	20240625	SI|20240625|2	141	180	0.015	3.85346e-06	-1	59828	59969	1482.5	-930	2412.5
WP3235	SI	20240625	SI|20240625|2	116	180	0.01	2.56897e-06	-1	60085	59969	1457.5	-930	2387.5
WP3236	SI	20240625	SI|20240625|2	167	180	0.02	5.13795e-06	-1	61742	61575	1582.5	-930	2512.5
WP3237	SI	20240626	SI|20240626|0	81	180	0.03	7.66894e-06	1	14287	14368	1057.5	-930	1987.5
WP3238	SI	20240626	SI|20240626|2	131	180	0.0125	3.19539e-06	-1	51131	51262	1182.5	-930	2112.5
WP3239	SI	20240627	SI|20240627|2	56	180	0.04	1.04836e-05	-1	53164	53220	1182.5	-930	2112.5
WP3240	SI	20240627	SI|20240627|2	165	180	0.005	1.31044e-06	-1	53827	53662	1057.5	-930	1987.5
WP3241	SI	20240628	SI|20240628|0	131	180	0.0075	1.99994e-06	1	10972	11103	1945	-930	2875
WP3242	SI	20240628	SI|20240628|0	163	180	0.01	2.66659e-06	1	11266	11103	2032.5	-930	2962.5
WP3243	SI	20240628	SI|20240628|0	103	180	0.0075	1.99994e-06	1	11266	11369	2032.5	-930	2962.5
WP3244	SI	20240628	SI|20240628|0	127	180	0.0175	4.66654e-06	1	11683	11556	1995	-930	2925
WP3245	SI	20240628	SI|20240628|0	152	180	0.0225	5.99983e-06	1	12874	12722	1920	-930	2850
WP3246	SI	20240628	SI|20240628|0	126	180	0.0225	5.99983e-06	1	13514	13388	1820	-930	2750
WP3247	SI	20240628	SI|20240628|2	23	180	0.0325	8.66642e-06	-1	54144	54121	1945	-930	2875
WP3248	SI	20240628	SI|20240628|2	136	180	0.0575	1.53329e-05	-1	55337	55201	1857.5	-930	2787.5
WP3249	SI	20240628	SI|20240628|2	130	180	0.0125	3.33324e-06	-1	56352	56222	1282.5	-930	2212.5
WP3250	SI	20240628	SI|20240628|2	86	180	0.0125	3.33324e-06	-1	58449	58535	1395	-930	2325
WP3251	SI	20240628	SI|20240628|2	174	180	0.02	5.33318e-06	-1	59478	59304	1132.5	-930	2062.5
