# PORT M3 M3.2 walk-forward evaluation (expanding-window era ladder) (harness=PORT-M3-HARNESS-V1; m2_spec_sha16=f6ef73a41dbf8588)
# params_hash=cdd29ac63e95ba9dfb2e8f6197481e8cbd6b0f03077bbcf8fa51b5d5424a927c
era	asset	d8	realised_usd	day_ceiling_usd	oracle_ceiling_usd	n_seated
E1	HG	20210701	-1101.250000	3222.500000	2181.250000	4
E1	HG	20210702	528.750000	1516.250000	0.000000	3
E1	HG	20210705	1578.750000	2247.500000	2443.750000	3
E1	HG	20210706	-990.000000	4260.000000	4025.000000	3
E1	HG	20210707	-1026.250000	3178.750000	2475.000000	4
E1	HG	20210708	-458.750000	2435.000000	1925.000000	3
E1	HG	20210709	2328.750000	3066.250000	2156.250000	3
E1	HG	20210712	-996.250000	2322.500000	1950.000000	3
E1	HG	20210713	-377.500000	2047.500000	1918.750000	3
E1	HG	20210714	-415.000000	1960.000000	0.000000	3
E1	HG	20210715	366.250000	2253.750000	1806.250000	3
E1	HG	20210716	-465.000000	1591.250000	0.000000	3
E1	HG	20210719	1753.750000	2678.750000	3525.000000	3
E1	HG	20210720	10.000000	2166.250000	1587.500000	3
E1	HG	20210721	-102.500000	2141.250000	1543.750000	3
E1	HG	20210722	53.750000	1697.500000	0.000000	3
E1	HG	20210723	2816.250000	3466.250000	2981.250000	3
E1	HG	20210726	-270.000000	4791.250000	3256.250000	4
E1	HG	20210727	-121.250000	2935.000000	4375.000000	3
E1	HG	20210728	-621.250000	3147.500000	3250.000000	3
E1	HG	20210729	628.750000	2160.000000	2225.000000	3
E1	HG	20210730	-1246.250000	3110.000000	4312.500000	3
E1	HG	20210802	-527.500000	3147.500000	2950.000000	3
E1	HG	20210803	1391.250000	2153.750000	3443.750000	3
E1	HG	20210804	678.750000	1878.750000	1637.500000	3
E1	HG	20210805	172.500000	1535.000000	0.000000	3
E1	HG	20210806	-1283.750000	3066.250000	1737.500000	3
E1	HG	20210809	-40.000000	3653.750000	3362.500000	3
E1	HG	20210810	-852.500000	2203.750000	2037.500000	3
E1	HG	20210811	-52.500000	1616.250000	0.000000	3
E1	HG	20210812	1010.000000	1841.250000	0.000000	3
E1	HG	20210813	1572.500000	2078.750000	1806.250000	3
E1	HG	20210816	778.750000	1972.500000	1712.500000	3
E1	HG	20210817	-776.250000	2685.000000	2068.750000	4
E1	HG	20210818	-2207.500000	3728.750000	4837.500000	4
E1	HG	20210819	3435.000000	5747.500000	3556.250000	3
E1	HG	20210820	-1832.500000	4347.500000	4150.000000	4
E1	HG	20210823	-571.250000	3328.750000	3993.750000	3
E1	HG	20210824	953.750000	2572.500000	1981.250000	3
E1	HG	20210825	-408.750000	1991.250000	0.000000	3
E1	HG	20210826	666.250000	1966.250000	0.000000	3
E1	HG	20210827	-965.000000	2947.500000	2656.250000	3
E1	HG	20210830	366.250000	1947.500000	0.000000	3
E1	HG	20210831	-165.000000	1885.000000	0.000000	3
E1	HG	20210901	378.750000	2572.500000	1968.750000	3
E1	HG	20210902	10.000000	1778.750000	0.000000	3
E1	HG	20210903	635.000000	2441.250000	1506.250000	3
E1	HG	20210906	960.000000	1660.000000	0.000000	3
E1	HG	20210907	422.500000	2185.000000	2131.250000	3
E1	HG	20210908	597.500000	2903.750000	1787.500000	3
E1	HG	20210909	1528.750000	2478.750000	2106.250000	3
E1	HG	20210910	2897.500000	3878.750000	4887.500000	3
E1	HG	20210913	-1407.500000	3316.250000	3331.250000	4
E1	HG	20210914	478.750000	2335.000000	3456.250000	3
E1	HG	20210915	-282.500000	3003.750000	1693.750000	4
E1	HG	20210916	185.000000	3310.000000	2550.000000	3
E1	HG	20210917	-983.750000	4447.500000	4043.750000	3
E1	HG	20210920	-1763.750000	3541.250000	3837.500000	4
E1	HG	20210921	-958.750000	3460.000000	5831.250000	3
E1	HG	20210922	-890.000000	4022.500000	4975.000000	3
E1	HG	20210923	1016.250000	1960.000000	2293.750000	3
E1	HG	20210924	1178.750000	2891.250000	3518.750000	3
E1	HG	20210927	735.000000	1822.500000	1550.000000	3
E1	HG	20210928	355.000000	2903.750000	1731.250000	4
E1	HG	20210929	-1033.750000	3103.750000	0.000000	3
E1	HG	20210930	-471.250000	3572.500000	3706.250000	3
E1	HG	20211001	1666.250000	4978.750000	2856.250000	3
E1	HG	20211004	-1313.750000	3928.750000	3087.500000	4
E1	HG	20211005	992.500000	2535.000000	3218.750000	4
E1	HG	20211006	898.750000	2847.500000	2581.250000	4
E1	HG	20211007	-440.000000	2585.000000	3337.500000	3
E1	HG	20211008	-333.750000	3085.000000	1918.750000	3
E1	HG	20211011	1410.000000	2878.750000	2275.000000	3
E1	HG	20211012	-2118.750000	4485.000000	4318.750000	5
E1	HG	20211013	3078.750000	4572.500000	4256.250000	3
E1	HG	20211014	-233.750000	3960.000000	4681.250000	3
E1	HG	20211015	-1120.000000	4385.000000	5268.750000	4
E1	HG	20211018	1166.250000	3222.500000	4281.250000	3
E1	HG	20211019	-1226.250000	4047.500000	5731.250000	4
E1	HG	20211020	-1238.750000	4253.750000	1993.750000	4
E1	HG	20211021	735.000000	5241.250000	5762.500000	3
E1	HG	20211022	-1737.500000	3716.250000	4612.500000	5
E1	HG	20211025	-446.250000	2828.750000	0.000000	3
E1	HG	20211026	885.000000	2022.500000	3131.250000	3
E1	HG	20211027	241.250000	3053.750000	4318.750000	3
E1	HG	20211028	1253.750000	2535.000000	2687.500000	3
E1	HG	20211029	-638.750000	3228.750000	2125.000000	4
E1	HG	20211101	1910.000000	2141.250000	1818.750000	3
E1	HG	20211102	-1177.500000	3485.000000	4456.250000	3
E1	HG	20211103	-707.500000	3197.500000	4243.750000	4
E1	HG	20211104	2478.750000	3510.000000	3043.750000	3
E1	HG	20211105	1660.000000	2503.750000	2268.750000	3
E1	HG	20211108	-158.750000	2441.250000	2100.000000	3
E1	HG	20211109	-90.000000	3453.750000	2737.500000	3
E1	HG	20211110	-758.750000	4148.750000	4418.750000	3
E1	HG	20211111	960.000000	2422.500000	3906.250000	3
E1	HG	20211112	360.000000	3060.000000	0.000000	3
E1	HG	20211115	122.500000	3422.500000	1900.000000	3
E1	HG	20211116	-432.500000	2397.500000	3543.750000	4
E1	HG	20211117	-2070.000000	5430.000000	5087.500000	4
E1	HG	20211118	-1363.750000	3160.000000	2506.250000	4
E1	HG	20211119	-1515.000000	3898.750000	4756.250000	3
E1	HG	20211122	935.000000	2023.750000	1743.750000	3
E1	HG	20211123	460.000000	2148.750000	1625.000000	3
E1	HG	20211124	-458.750000	2785.000000	2437.500000	3
E1	HG	20211125	328.750000	2441.250000	0.000000	3
E1	HG	20211126	-901.250000	4578.750000	3456.250000	4
E1	HG	20211129	772.500000	2128.750000	1568.750000	3
E1	HG	20211130	547.500000	2410.000000	4287.500000	3
E1	HG	20211201	-1833.750000	4297.500000	4337.500000	3
E1	HG	20211202	366.250000	2222.500000	2012.500000	3
E1	HG	20211203	1698.750000	2305.000000	1581.250000	4
E1	HG	20211206	-15.000000	2360.000000	0.000000	3
E1	HG	20211207	-238.750000	3110.000000	2200.000000	4
E1	HG	20211208	110.000000	2286.250000	1843.750000	3
E1	HG	20211209	278.750000	1978.750000	2243.750000	3
E1	HG	20211210	-440.000000	2048.750000	1575.000000	3
E1	HG	20211213	-252.500000	1435.000000	0.000000	3
E1	HG	20211214	128.750000	1610.000000	0.000000	3
E1	HG	20211215	-2100.000000	5217.500000	4637.500000	5
E1	HG	20211216	-182.500000	2455.000000	2450.000000	4
E1	HG	20211217	-158.750000	1972.500000	0.000000	3
E1	HG	20211220	122.500000	2703.750000	1793.750000	3
E1	HG	20211221	666.250000	1797.500000	0.000000	3
E1	HG	20211222	-1040.000000	1805.000000	0.000000	3
E1	HG	20211223	-788.750000	2023.750000	1662.500000	4
E1	HG	20211227	-182.500000	3328.750000	3643.750000	4
E1	HG	20211228	-483.750000	2372.500000	1756.250000	3
E1	HG	20211229	272.500000	2366.250000	0.000000	3
E1	HG	20211230	-440.000000	1798.750000	0.000000	3
E1	HG	20211231	-433.750000	2091.250000	1556.250000	3
E1	NKD	20210701	-1002.500000	2385.000000	0.000000	3
E1	NKD	20210702	-440.000000	735.000000	0.000000	3
E1	NKD	20210705	-502.500000	1210.000000	0.000000	3
E1	NKD	20210706	-377.500000	2010.000000	1737.500000	3
E1	NKD	20210707	-102.500000	1922.500000	0.000000	3
E1	NKD	20210708	-340.000000	4410.000000	3112.500000	3
E1	NKD	20210709	4797.500000	5560.000000	4275.000000	3
E1	NKD	20210712	585.000000	1897.500000	1525.000000	3
E1	NKD	20210713	-177.500000	1597.500000	0.000000	3
E1	NKD	20210714	-140.000000	1122.500000	0.000000	3
E1	NKD	20210715	22.500000	2785.000000	1525.000000	3
E1	NKD	20210716	472.500000	3197.500000	3187.500000	3
E1	NKD	20210719	-502.500000	2310.000000	3037.500000	3
E1	NKD	20210720	572.500000	3147.500000	2375.000000	3
E1	NKD	20210721	-252.500000	3397.500000	4087.500000	3
E1	NKD	20210722	-90.000000	1710.000000	0.000000	3
E1	NKD	20210723	-215.000000	1135.000000	0.000000	3
E1	NKD	20210726	-115.000000	2760.000000	3587.500000	3
E1	NKD	20210727	505.000000	2647.500000	4462.500000	4
E1	NKD	20210728	1147.500000	2222.500000	1887.500000	3
E1	NKD	20210729	35.000000	1835.000000	1512.500000	3
E1	NKD	20210730	-540.000000	2985.000000	3675.000000	3
E1	NKD	20210802	310.000000	2647.500000	1962.500000	3
E1	NKD	20210803	1022.500000	1710.000000	0.000000	3
E1	NKD	20210804	135.000000	797.500000	0.000000	3
E1	NKD	20210805	-590.000000	1410.000000	0.000000	3
E1	NKD	20210806	835.000000	1047.500000	0.000000	3
E1	NKD	20210809	610.000000	1335.000000	0.000000	3
E1	NKD	20210810	-515.000000	1722.500000	1650.000000	3
E1	NKD	20210811	335.000000	1372.500000	0.000000	3
E1	NKD	20210812	-445.000000	2060.000000	0.000000	4
E1	NKD	20210813	-365.000000	1610.000000	0.000000	3
E1	NKD	20210816	997.500000	3322.500000	1975.000000	3
E1	NKD	20210817	-1045.000000	2572.500000	2550.000000	4
E1	NKD	20210818	922.500000	2447.500000	1662.500000	3
E1	NKD	20210819	-690.000000	3285.000000	2187.500000	3
E1	NKD	20210820	-365.000000	3247.500000	1850.000000	3
E1	NKD	20210823	-352.500000	2197.500000	0.000000	3
E1	NKD	20210824	97.500000	1010.000000	0.000000	3
E1	NKD	20210825	-352.500000	935.000000	0.000000	3
E1	NKD	20210826	-640.000000	1235.000000	0.000000	3
E1	NKD	20210827	-315.000000	1872.500000	1537.500000	3
E1	NKD	20210830	-327.500000	1060.000000	0.000000	3
E1	NKD	20210831	-2082.500000	3460.000000	2475.000000	4
E1	NKD	20210901	-40.000000	2597.500000	1850.000000	3
E1	NKD	20210902	472.500000	1210.000000	0.000000	3
E1	NKD	20210903	1180.000000	5822.500000	4612.500000	4
E1	NKD	20210906	772.500000	3410.000000	3537.500000	3
E1	NKD	20210907	960.000000	2622.500000	3275.000000	3
E1	NKD	20210908	-32.500000	3997.500000	3912.500000	4
E1	NKD	20210909	110.000000	2085.000000	1987.500000	3
E1	NKD	20210910	-1395.000000	3872.500000	3475.000000	4
E1	NKD	20210913	-665.000000	3060.000000	4012.500000	3
E1	NKD	20210914	60.000000	2247.500000	0.000000	3
E1	NKD	20210915	-402.500000	2410.000000	0.000000	3
E1	NKD	20210916	60.000000	2060.000000	1650.000000	3
E1	NKD	20210917	-765.000000	2697.500000	0.000000	3
E1	NKD	20210920	-202.500000	3860.000000	4075.000000	3
E1	NKD	20210921	985.000000	3435.000000	1950.000000	3
E1	NKD	20210922	385.000000	1672.500000	0.000000	3
E1	NKD	20210923	-165.000000	2497.500000	0.000000	3
E1	NKD	20210924	147.500000	2385.000000	0.000000	3
E1	NKD	20210927	322.500000	1285.000000	0.000000	3
E1	NKD	20210928	-127.500000	2547.500000	3600.000000	3
E1	NKD	20210929	1510.000000	2485.000000	1600.000000	3
E1	NKD	20210930	192.500000	3672.500000	4800.000000	4
E1	NKD	20211001	-1490.000000	5085.000000	5025.000000	3
E1	NKD	20211004	-3107.500000	8072.500000	6650.000000	4
E1	NKD	20211005	85.000000	3497.500000	2187.500000	3
E1	NKD	20211006	-1752.500000	8297.500000	6400.000000	3
E1	NKD	20211007	1355.000000	2535.000000	4700.000000	4
E1	NKD	20211008	860.000000	1560.000000	1625.000000	3
E1	NKD	20211011	292.500000	4372.500000	3475.000000	4
E1	NKD	20211012	-2445.000000	4272.500000	2012.500000	4
E1	NKD	20211013	97.500000	2197.500000	1912.500000	3
E1	NKD	20211014	35.000000	2785.000000	3800.000000	3
E1	NKD	20211015	-1165.000000	2197.500000	2600.000000	3
E1	NKD	20211018	510.000000	2647.500000	1662.500000	3
E1	NKD	20211019	-890.000000	1747.500000	1700.000000	3
E1	NKD	20211020	547.500000	1685.000000	0.000000	3
E1	NKD	20211021	35.000000	4247.500000	2500.000000	3
E1	NKD	20211022	-590.000000	3272.500000	2850.000000	3
E1	NKD	20211025	597.500000	2085.000000	1750.000000	3
E1	NKD	20211026	-452.500000	3010.000000	2325.000000	3
E1	NKD	20211027	172.500000	2472.500000	1987.500000	3
E1	NKD	20211028	-415.000000	1397.500000	0.000000	3
E1	NKD	20211029	-215.000000	3385.000000	4637.500000	3
E1	NKD	20211101	785.000000	2347.500000	1500.000000	3
E1	NKD	20211102	-40.000000	635.000000	0.000000	3
E1	NKD	20211103	-290.000000	1690.000000	1837.500000	3
E1	NKD	20211104	1135.000000	1397.500000	0.000000	3
E1	NKD	20211105	135.000000	2160.000000	1637.500000	3
E1	NKD	20211108	110.000000	1997.500000	1975.000000	3
E1	NKD	20211109	-1745.000000	3022.500000	2850.000000	4
E1	NKD	20211110	-377.500000	2585.000000	1900.000000	3
E1	NKD	20211111	-502.500000	2035.000000	2000.000000	3
E1	NKD	20211112	1785.000000	1885.000000	0.000000	3
E1	NKD	20211115	122.500000	860.000000	0.000000	3
E1	NKD	20211116	-70.000000	1160.000000	0.000000	4
E1	NKD	20211117	460.000000	1722.500000	1512.500000	3
E1	NKD	20211118	585.000000	1610.000000	1687.500000	3
E1	NKD	20211119	-402.500000	2235.000000	0.000000	3
E1	NKD	20211122	-1165.000000	2310.000000	0.000000	3
E1	NKD	20211123	660.000000	1685.000000	0.000000	3
E1	NKD	20211124	-1940.000000	3260.000000	2175.000000	3
E1	NKD	20211125	-490.000000	685.000000	0.000000	3
E1	NKD	20211126	147.500000	7322.500000	3812.500000	3
E1	NKD	20211129	3422.500000	4060.000000	3500.000000	3
E1	NKD	20211130	-552.500000	7985.000000	6112.500000	3
E1	NKD	20211201	-1890.000000	6397.500000	5300.000000	3
E1	NKD	20211202	1712.500000	4147.500000	3637.500000	5
E1	NKD	20211203	1847.500000	4985.000000	5950.000000	3
E1	NKD	20211206	-1015.000000	3022.500000	3925.000000	3
E1	NKD	20211207	-2607.500000	4435.000000	3950.000000	4
E1	NKD	20211208	-190.000000	2310.000000	0.000000	3
E1	NKD	20211209	-740.000000	1435.000000	1725.000000	3
E1	NKD	20211210	422.500000	2022.500000	0.000000	3
E1	NKD	20211213	372.500000	1397.500000	0.000000	3
E1	NKD	20211214	292.500000	2385.000000	3650.000000	4
E1	NKD	20211215	3235.000000	3397.500000	1975.000000	3
E1	NKD	20211216	-1295.000000	3347.500000	2350.000000	4
E1	NKD	20211217	-457.500000	2972.500000	2012.500000	4
E1	NKD	20211220	-252.500000	4897.500000	4150.000000	3
E1	NKD	20211221	-1165.000000	2460.000000	1875.000000	3
E1	NKD	20211222	-877.500000	1860.000000	0.000000	3
E1	NKD	20211223	-215.000000	1185.000000	1512.500000	3
E1	NKD	20211227	-2370.000000	2085.000000	1912.500000	4
E1	NKD	20211228	447.500000	1160.000000	0.000000	3
E1	NKD	20211229	360.000000	1497.500000	1887.500000	3
E1	NKD	20211230	135.000000	1972.500000	1662.500000	3
E1	NKD	20211231	85.000000	847.500000	0.000000	3
E1	SI	20210701	-982.500000	2472.500000	2375.000000	4
E1	SI	20210702	-290.000000	3047.500000	3500.000000	3
E1	SI	20210705	-440.000000	1522.500000	0.000000	3
E1	SI	20210706	135.000000	4272.500000	3912.500000	3
E1	SI	20210707	-657.500000	2997.500000	2325.000000	4
E1	SI	20210708	-1812.500000	4010.000000	3575.000000	5
E1	SI	20210709	-890.000000	3010.000000	3550.000000	3
E1	SI	20210712	897.500000	3260.000000	3862.500000	3
E1	SI	20210713	-240.000000	2747.500000	1675.000000	3
E1	SI	20210714	1597.500000	2272.500000	4325.000000	3
E1	SI	20210715	160.000000	1860.000000	0.000000	3
E1	SI	20210716	-2070.000000	4235.000000	4375.000000	4
E1	SI	20210719	1560.000000	2960.000000	3862.500000	3
E1	SI	20210720	-582.500000	2072.500000	1925.000000	4
E1	SI	20210721	-27.500000	3247.500000	4075.000000	3
E1	SI	20210722	-1002.500000	3647.500000	2300.000000	3
E1	SI	20210723	-377.500000	2447.500000	1900.000000	3
E1	SI	20210726	435.000000	2710.000000	0.000000	3
E1	SI	20210727	-777.500000	3660.000000	3412.500000	3
E1	SI	20210728	397.500000	2635.000000	0.000000	3
E1	SI	20210729	-527.500000	3835.000000	4925.000000	3
E1	SI	20210730	410.000000	1310.000000	0.000000	3
E1	SI	20210802	460.000000	1872.500000	0.000000	3
E1	SI	20210803	-252.500000	2197.500000	0.000000	3
E1	SI	20210804	-670.000000	3985.000000	3262.500000	4
E1	SI	20210805	-307.500000	2785.000000	2225.000000	4
E1	SI	20210806	4422.500000	5172.500000	5275.000000	3
E1	SI	20210809	-2120.000000	9710.000000	9112.500000	4
E1	SI	20210810	-57.500000	2747.500000	2250.000000	4
E1	SI	20210811	1760.000000	2010.000000	0.000000	3
E1	SI	20210812	205.000000	1922.500000	3612.500000	4
E1	SI	20210813	-1477.500000	2947.500000	3450.000000	3
E1	SI	20210816	-1265.000000	3022.500000	1812.500000	3
E1	SI	20210817	-582.500000	1610.000000	1650.000000	4
E1	SI	20210818	-1490.000000	2135.000000	2837.500000	3
E1	SI	20210819	-1277.500000	3485.000000	4112.500000	3
E1	SI	20210820	180.000000	1947.500000	1912.500000	4
E1	SI	20210823	785.000000	3122.500000	4300.000000	3
E1	SI	20210824	597.500000	1710.000000	0.000000	3
E1	SI	20210825	672.500000	1960.000000	1600.000000	3
E1	SI	20210826	-540.000000	1610.000000	1625.000000	3
E1	SI	20210827	-740.000000	4635.000000	4575.000000	3
E1	SI	20210830	735.000000	2085.000000	1500.000000	3
E1	SI	20210831	1660.000000	2285.000000	3587.500000	3
E1	SI	20210901	210.000000	1960.000000	1975.000000	3
E1	SI	20210902	-1077.500000	1710.000000	2275.000000	3
E1	SI	20210903	1997.500000	4035.000000	5287.500000	3
E1	SI	20210906	-740.000000	1110.000000	0.000000	3
E1	SI	20210907	747.500000	3772.500000	5100.000000	3
E1	SI	20210908	-1145.000000	2847.500000	2375.000000	4
E1	SI	20210909	1347.500000	2860.000000	4000.000000	3
E1	SI	20210910	617.500000	4047.500000	3950.000000	4
E1	SI	20210913	772.500000	2810.000000	2475.000000	3
E1	SI	20210914	547.500000	3160.000000	3475.000000	3
E1	SI	20210915	-340.000000	1785.000000	0.000000	3
E1	SI	20210916	2547.500000	5347.500000	7650.000000	3
E1	SI	20210917	-265.000000	4260.000000	3225.000000	3
E1	SI	20210920	1222.500000	2435.000000	2337.500000	3
E1	SI	20210921	-640.000000	2972.500000	3925.000000	3
E1	SI	20210922	-1420.000000	3860.000000	4875.000000	4
E1	SI	20210923	-490.000000	2597.500000	1687.500000	3
E1	SI	20210924	-1295.000000	2560.000000	3500.000000	4
E1	SI	20210927	797.500000	2610.000000	3237.500000	3
E1	SI	20210928	35.000000	4685.000000	4400.000000	3
E1	SI	20210929	55.000000	5110.000000	4462.500000	4
E1	SI	20210930	-1090.000000	4135.000000	4487.500000	3
E1	SI	20211001	-227.500000	3235.000000	2112.500000	3
E1	SI	20211004	-1082.500000	4185.000000	2087.500000	4
E1	SI	20211005	2485.000000	2747.500000	1537.500000	3
E1	SI	20211006	-627.500000	3610.000000	3512.500000	3
E1	SI	20211007	-140.000000	2522.500000	2237.500000	3
E1	SI	20211008	-1670.000000	3660.000000	3900.000000	4
E1	SI	20211011	47.500000	2972.500000	1675.000000	3
E1	SI	20211012	1010.000000	1872.500000	3287.500000	3
E1	SI	20211013	92.500000	3935.000000	5600.000000	4
E1	SI	20211014	-52.500000	3497.500000	4325.000000	3
E1	SI	20211015	-590.000000	2610.000000	2612.500000	3
E1	SI	20211018	1347.500000	2035.000000	1550.000000	3
E1	SI	20211019	922.500000	4997.500000	5562.500000	3
E1	SI	20211020	872.500000	3947.500000	5950.000000	3
E1	SI	20211021	-77.500000	2022.500000	3437.500000	3
E1	SI	20211022	-115.000000	3585.000000	3275.000000	3
E1	SI	20211025	160.000000	2710.000000	0.000000	3
E1	SI	20211026	-1720.000000	2760.000000	3725.000000	4
E1	SI	20211027	247.500000	2047.500000	2100.000000	3
E1	SI	20211028	1397.500000	1497.500000	0.000000	3
E1	SI	20211029	-115.000000	2935.000000	3237.500000	3
E1	SI	20211101	-52.500000	1960.000000	1762.500000	3
E1	SI	20211102	-95.000000	2910.000000	3400.000000	4
E1	SI	20211103	580.000000	3660.000000	4937.500000	4
E1	SI	20211104	-90.000000	2722.500000	4450.000000	3
E1	SI	20211105	-502.500000	3722.500000	3475.000000	3
E1	SI	20211108	60.000000	2522.500000	0.000000	3
E1	SI	20211109	242.500000	1985.000000	2212.500000	4
E1	SI	20211110	-1627.500000	3985.000000	8600.000000	3
E1	SI	20211111	2035.000000	3922.500000	4525.000000	3
E1	SI	20211112	-1987.500000	4535.000000	4225.000000	5
E1	SI	20211115	-240.000000	3897.500000	2350.000000	3
E1	SI	20211116	-490.000000	3980.000000	4125.000000	3
E1	SI	20211117	222.500000	2097.500000	2087.500000	3
E1	SI	20211118	1810.000000	2560.000000	2075.000000	3
E1	SI	20211119	1910.000000	2860.000000	2175.000000	3
E1	SI	20211122	-1015.000000	4785.000000	4700.000000	3
E1	SI	20211123	10.000000	4047.500000	4562.500000	3
E1	SI	20211124	910.000000	1485.000000	0.000000	3
E1	SI	20211125	-382.500000	772.500000	0.000000	4
E1	SI	20211126	-1757.500000	4047.500000	4787.500000	4
E1	SI	20211129	-845.000000	3830.000000	3300.000000	4
E1	SI	20211130	-1050.000000	3542.500000	2825.000000	5
E1	SI	20211201	-265.000000	5130.000000	5025.000000	3
E1	SI	20211202	422.500000	1660.000000	0.000000	3
E1	SI	20211203	-1220.000000	3485.000000	2662.500000	4
E1	SI	20211206	297.500000	2385.000000	2525.000000	3
E1	SI	20211207	-690.000000	2135.000000	0.000000	3
E1	SI	20211208	-15.000000	1035.000000	0.000000	3
E1	SI	20211209	1647.500000	2785.000000	3037.500000	3
E1	SI	20211210	-257.500000	2230.000000	1562.500000	4
E1	SI	20211213	360.000000	1010.000000	0.000000	3
E1	SI	20211214	355.000000	2135.000000	3375.000000	4
E1	SI	20211215	-665.000000	4510.000000	4575.000000	3
E1	SI	20211216	-920.000000	2767.500000	1662.500000	4
E1	SI	20211217	-482.500000	2460.000000	0.000000	4
E1	SI	20211220	522.500000	1060.000000	0.000000	3
E1	SI	20211221	-827.500000	3347.500000	2325.000000	3
E1	SI	20211222	1935.000000	2210.000000	0.000000	3
E1	SI	20211223	-577.500000	1785.000000	0.000000	3
E1	SI	20211227	-365.000000	3447.500000	3475.000000	3
E1	SI	20211228	185.000000	2860.000000	2050.000000	3
E1	SI	20211229	-415.000000	2785.000000	2900.000000	3
E1	SI	20211230	-177.500000	2867.500000	2600.000000	3
E1	SI	20211231	297.500000	1705.000000	0.000000	3
E2	HG	20220103	1685.000000	3166.250000	4856.250000	3
E2	HG	20220104	-440.000000	3310.000000	2137.500000	3
E2	HG	20220105	-196.250000	2566.250000	2050.000000	3
E2	HG	20220106	610.000000	2497.500000	2350.000000	3
E2	HG	20220107	-515.000000	2197.500000	1831.250000	3
E2	HG	20220110	1241.250000	1622.500000	2481.250000	3
E2	HG	20220111	-90.000000	2253.750000	1643.750000	3
E2	HG	20220112	610.000000	3778.750000	4268.750000	3
E2	HG	20220113	-627.500000	2810.000000	0.000000	3
E2	HG	20220114	210.000000	3466.250000	3906.250000	3
E2	HG	20220117	116.250000	2535.000000	1518.750000	3
E2	HG	20220118	-132.500000	2035.000000	0.000000	4
E2	HG	20220119	535.000000	2372.500000	2418.750000	3
E2	HG	20220120	1022.500000	3097.500000	2225.000000	3
E2	HG	20220121	1378.750000	2641.250000	3725.000000	3
E2	HG	20220124	747.500000	3641.250000	4318.750000	3
E2	HG	20220125	1716.250000	3260.000000	3475.000000	3
E2	HG	20220126	603.750000	3685.000000	3781.250000	3
E2	HG	20220127	303.750000	3953.750000	1868.750000	3
E2	HG	20220128	28.750000	2960.000000	2475.000000	3
E2	HG	20220131	941.250000	2528.750000	1800.000000	3
E2	HG	20220201	-608.750000	2566.250000	3875.000000	3
E2	HG	20220202	-52.500000	2578.750000	3606.250000	3
E2	HG	20220203	-352.500000	2716.250000	0.000000	3
E2	HG	20220204	2572.500000	3047.500000	4331.250000	3
E2	HG	20220207	103.750000	3335.000000	1825.000000	3
E2	HG	20220208	-571.250000	3566.250000	3737.500000	3
E2	HG	20220209	-1177.500000	5660.000000	5225.000000	3
E2	HG	20220210	666.250000	4760.000000	5112.500000	3
E2	HG	20220211	-2207.500000	6772.500000	2712.500000	4
E2	HG	20220214	-908.750000	3116.250000	1750.000000	3
E2	HG	20220215	560.000000	2235.000000	1968.750000	3
E2	HG	20220216	353.750000	1647.500000	1768.750000	3
E2	HG	20220217	160.000000	3022.500000	2112.500000	3
E2	HG	20220218	-382.500000	3172.500000	1875.000000	4
E2	HG	20220221	-33.750000	1591.250000	0.000000	3
E2	HG	20220222	-621.250000	2072.500000	1537.500000	3
E2	HG	20220223	203.750000	2253.750000	0.000000	3
E2	HG	20220224	-290.000000	5503.750000	5087.500000	3
E2	HG	20220225	641.250000	1891.250000	0.000000	3
E2	HG	20220228	635.000000	2760.000000	3575.000000	3
E2	HG	20220301	435.000000	2428.750000	3231.250000	3
E2	HG	20220302	241.250000	3760.000000	4543.750000	3
E2	HG	20220303	-1233.750000	4260.000000	3843.750000	3
E2	HG	20220304	-665.000000	5816.250000	4837.500000	3
E2	HG	20220307	686.250000	9716.250000	9956.250000	4
E2	HG	20220308	-457.500000	10353.750000	9662.500000	4
E2	HG	20220309	1228.750000	4560.000000	4643.750000	3
E2	HG	20220310	-83.750000	2216.250000	1562.500000	3
E2	HG	20220311	-788.750000	3572.500000	2762.500000	4
E2	HG	20220314	853.750000	3141.250000	2768.750000	3
E2	HG	20220315	1197.500000	2110.000000	1806.250000	3
E2	HG	20220316	-401.250000	3122.500000	3962.500000	4
E2	HG	20220317	-1113.750000	3322.500000	2493.750000	4
E2	HG	20220318	-483.750000	2191.250000	3668.750000	3
E2	HG	20220321	1778.750000	2891.250000	3593.750000	3
E2	HG	20220322	603.750000	2597.500000	2143.750000	3
E2	HG	20220323	422.500000	2178.750000	2225.000000	3
E2	HG	20220324	516.250000	3210.000000	4250.000000	3
E2	HG	20220325	1147.500000	2666.250000	1762.500000	3
E2	HG	20220328	272.500000	2622.500000	3762.500000	3
E2	HG	20220329	-71.250000	2172.500000	0.000000	3
E2	HG	20220330	660.000000	3116.250000	2050.000000	3
E2	HG	20220331	10.000000	2128.750000	1562.500000	3
E2	HG	20220401	-301.250000	2891.250000	3650.000000	4
E2	HG	20220404	10.000000	2266.250000	2618.750000	3
E2	HG	20220405	-1046.250000	3672.500000	2025.000000	3
E2	HG	20220406	303.750000	2760.000000	2168.750000	3
E2	HG	20220407	353.750000	2097.500000	0.000000	3
E2	HG	20220408	428.750000	1528.750000	1581.250000	3
E2	HG	20220411	91.250000	4085.000000	4250.000000	3
E2	HG	20220412	-1058.750000	1985.000000	1825.000000	3
E2	HG	20220413	560.000000	1735.000000	2012.500000	3
E2	HG	20220414	-202.500000	2022.500000	1825.000000	3
E2	HG	20220418	947.500000	3703.750000	3831.250000	3
E2	HG	20220419	1497.500000	2941.250000	2987.500000	3
E2	HG	20220420	716.250000	1885.000000	0.000000	3
E2	HG	20220421	1017.500000	2628.750000	1775.000000	4
E2	HG	20220422	641.250000	3953.750000	4587.500000	3
E2	HG	20220425	2366.250000	5485.000000	4756.250000	3
E2	HG	20220426	291.250000	4766.250000	4106.250000	3
E2	HG	20220427	-1176.250000	2603.750000	3687.500000	4
E2	HG	20220428	1897.500000	2747.500000	2187.500000	3
E2	HG	20220429	-613.750000	4485.000000	4587.500000	4
E2	HG	20220502	1855.000000	4366.250000	5200.000000	4
E2	HG	20220503	-371.250000	2591.250000	3462.500000	3
E2	HG	20220504	-158.750000	3322.500000	4712.500000	3
E2	HG	20220505	791.250000	3585.000000	2687.500000	3
E2	HG	20220506	160.000000	2210.000000	1500.000000	3
E2	HG	20220509	-702.500000	4147.500000	4912.500000	3
E2	HG	20220510	1628.750000	3897.500000	4962.500000	3
E2	HG	20220511	1878.750000	3078.750000	3837.500000	3
E2	HG	20220512	-602.500000	4303.750000	4650.000000	3
E2	HG	20220513	-65.000000	4466.250000	2431.250000	3
E2	HG	20220516	-1296.250000	3341.250000	1656.250000	3
E2	HG	20220517	-852.500000	2647.500000	1943.750000	3
E2	HG	20220518	653.750000	2897.500000	1656.250000	3
E2	HG	20220519	678.750000	3510.000000	4537.500000	3
E2	HG	20220520	360.000000	2772.500000	3350.000000	3
E2	HG	20220523	428.750000	2116.250000	0.000000	3
E2	HG	20220524	598.750000	2603.750000	1512.500000	4
E2	HG	20220525	-970.000000	2785.000000	2431.250000	4
E2	HG	20220526	141.250000	2966.250000	1881.250000	3
E2	HG	20220527	-196.250000	2291.250000	0.000000	3
E2	HG	20220530	-583.750000	1297.500000	0.000000	3
E2	HG	20220531	460.000000	2672.500000	0.000000	3
E2	HG	20220601	647.500000	2672.500000	2168.750000	3
E2	HG	20220602	-1583.750000	5585.000000	4362.500000	3
E2	HG	20220603	953.750000	2785.000000	1625.000000	3
E2	HG	20220606	316.250000	2016.250000	1506.250000	3
E2	HG	20220607	-1182.500000	3153.750000	2275.000000	4
E2	HG	20220608	897.500000	2178.750000	0.000000	3
E2	HG	20220609	285.000000	2041.250000	2131.250000	3
E2	HG	20220610	460.000000	3147.500000	3306.250000	3
E2	HG	20220613	1397.500000	2591.250000	3437.500000	3
E2	HG	20220614	41.250000	3685.000000	4018.750000	3
E2	HG	20220615	866.250000	2335.000000	3706.250000	3
E2	HG	20220616	2216.250000	4266.250000	4875.000000	3
E2	HG	20220617	385.000000	2822.500000	3068.750000	3
E2	HG	20220620	1547.500000	2910.000000	2087.500000	3
E2	HG	20220621	685.000000	2841.250000	3637.500000	3
E2	HG	20220622	-583.750000	4378.750000	3587.500000	3
E2	HG	20220623	847.500000	4928.750000	5637.500000	3
E2	HG	20220624	780.000000	4622.500000	5881.250000	4
E2	HG	20220627	-33.750000	2822.500000	1900.000000	3
E2	HG	20220628	-1633.750000	4141.250000	4156.250000	3
E2	HG	20220629	241.250000	3647.500000	4100.000000	3
E2	HG	20220630	410.000000	2416.250000	2593.750000	3
E2	NKD	20220103	1060.000000	2072.500000	0.000000	3
E2	NKD	20220104	497.500000	2310.000000	1575.000000	3
E2	NKD	20220105	-807.500000	2335.000000	1912.500000	4
E2	NKD	20220106	-915.000000	4785.000000	2950.000000	3
E2	NKD	20220107	-402.500000	3010.000000	2625.000000	3
E2	NKD	20220110	385.000000	2747.500000	4862.500000	3
E2	NKD	20220111	-140.000000	3510.000000	0.000000	3
E2	NKD	20220112	285.000000	2672.500000	1875.000000	3
E2	NKD	20220113	-527.500000	3260.000000	2137.500000	3
E2	NKD	20220114	560.000000	3110.000000	1500.000000	3
E2	NKD	20220117	197.500000	715.000000	0.000000	3
E2	NKD	20220118	-165.000000	3647.500000	3800.000000	3
E2	NKD	20220119	-3445.000000	6222.500000	2862.500000	4
E2	NKD	20220120	3347.500000	5897.500000	6575.000000	3
E2	NKD	20220121	-2232.500000	5010.000000	4850.000000	4
E2	NKD	20220124	-2207.500000	6460.000000	5250.000000	4
E2	NKD	20220125	1122.500000	3810.000000	4275.000000	3
E2	NKD	20220126	-45.000000	4535.000000	4700.000000	4
E2	NKD	20220127	217.500000	7947.500000	7700.000000	4
E2	NKD	20220128	-1090.000000	5122.500000	2762.500000	3
E2	NKD	20220131	-2002.500000	5160.000000	5012.500000	3
E2	NKD	20220201	1135.000000	2722.500000	1975.000000	3
E2	NKD	20220202	147.500000	2172.500000	1925.000000	3
E2	NKD	20220203	747.500000	1810.000000	1650.000000	3
E2	NKD	20220204	510.000000	2922.500000	1875.000000	3
E2	NKD	20220207	960.000000	1510.000000	1537.500000	3
E2	NKD	20220208	722.500000	1797.500000	0.000000	3
E2	NKD	20220209	-302.500000	2372.500000	2375.000000	3
E2	NKD	20220210	-1565.000000	2497.500000	3637.500000	3
E2	NKD	20220211	435.000000	3222.500000	2850.000000	3
E2	NKD	20220214	435.000000	1985.000000	1625.000000	3
E2	NKD	20220215	735.000000	4035.000000	3775.000000	3
E2	NKD	20220216	760.000000	1647.500000	0.000000	3
E2	NKD	20220217	-577.500000	3260.000000	3775.000000	3
E2	NKD	20220218	-802.500000	2472.500000	3237.500000	3
E2	NKD	20220221	-1015.000000	3535.000000	4437.500000	3
E2	NKD	20220222	172.500000	3822.500000	4500.000000	3
E2	NKD	20220223	-840.000000	3060.000000	3925.000000	3
E2	NKD	20220224	-382.500000	5835.000000	5487.500000	4
E2	NKD	20220225	510.000000	4922.500000	3762.500000	3
E2	NKD	20220228	497.500000	2622.500000	4362.500000	3
E2	NKD	20220301	-327.500000	3422.500000	3962.500000	3
E2	NKD	20220302	222.500000	2985.000000	0.000000	3
E2	NKD	20220303	410.000000	2285.000000	1900.000000	3
E2	NKD	20220304	-832.500000	4010.000000	4500.000000	4
E2	NKD	20220307	760.000000	5935.000000	6137.500000	3
E2	NKD	20220308	3447.500000	5947.500000	6612.500000	3
E2	NKD	20220309	735.000000	4972.500000	4587.500000	3
E2	NKD	20220310	-552.500000	3422.500000	3850.000000	3
E2	NKD	20220311	-420.000000	4697.500000	3287.500000	4
E2	NKD	20220314	-477.500000	2997.500000	3725.000000	3
E2	NKD	20220315	-15.000000	3422.500000	3175.000000	3
E2	NKD	20220316	-552.500000	4797.500000	5825.000000	3
E2	NKD	20220317	2885.000000	2885.000000	3962.500000	3
E2	NKD	20220318	-1690.000000	3697.500000	3700.000000	3
E2	NKD	20220321	1122.500000	1435.000000	0.000000	3
E2	NKD	20220322	-165.000000	2485.000000	3062.500000	3
E2	NKD	20220323	-190.000000	3660.000000	4375.000000	3
E2	NKD	20220324	-1290.000000	4222.500000	4512.500000	3
E2	NKD	20220325	-140.000000	2810.000000	3525.000000	3
E2	NKD	20220328	697.500000	3672.500000	4112.500000	3
E2	NKD	20220329	85.000000	2447.500000	3025.000000	3
E2	NKD	20220330	1697.500000	2385.000000	4500.000000	3
E2	NKD	20220331	-1115.000000	2697.500000	4062.500000	3
E2	NKD	20220401	435.000000	2347.500000	2362.500000	3
E2	NKD	20220404	-177.500000	1960.000000	1950.000000	3
E2	NKD	20220405	372.500000	2110.000000	3525.000000	3
E2	NKD	20220406	2260.000000	2485.000000	4087.500000	3
E2	NKD	20220407	-782.500000	2435.000000	3850.000000	4
E2	NKD	20220408	517.500000	2085.000000	2125.000000	4
E2	NKD	20220411	-490.000000	2885.000000	0.000000	3
E2	NKD	20220412	-1027.500000	4597.500000	4112.500000	3
E2	NKD	20220413	-677.500000	4310.000000	3487.500000	3
E2	NKD	20220414	-715.000000	3435.000000	2275.000000	3
E2	NKD	20220418	210.000000	1972.500000	2025.000000	3
E2	NKD	20220419	-415.000000	3097.500000	3737.500000	3
E2	NKD	20220420	972.500000	1522.500000	1675.000000	3
E2	NKD	20220421	-1602.500000	5322.500000	4250.000000	3
E2	NKD	20220422	135.000000	3660.000000	3725.000000	3
E2	NKD	20220425	397.500000	3647.500000	3450.000000	3
E2	NKD	20220426	-1340.000000	4147.500000	4950.000000	3
E2	NKD	20220427	-1327.500000	3972.500000	3487.500000	3
E2	NKD	20220428	-1202.500000	4835.000000	6862.500000	3
E2	NKD	20220429	2247.500000	5622.500000	4587.500000	3
E2	NKD	20220502	922.500000	3122.500000	3825.000000	3
E2	NKD	20220503	1172.500000	2972.500000	0.000000	3
E2	NKD	20220504	335.000000	3522.500000	5350.000000	3
E2	NKD	20220505	722.500000	3797.500000	4150.000000	3
E2	NKD	20220506	-882.500000	3710.000000	4500.000000	4
E2	NKD	20220509	-420.000000	4785.000000	4025.000000	4
E2	NKD	20220510	-1352.500000	3635.000000	4887.500000	3
E2	NKD	20220511	360.000000	4210.000000	4675.000000	3
E2	NKD	20220512	1785.000000	2635.000000	3987.500000	3
E2	NKD	20220513	-1365.000000	4997.500000	5800.000000	3
E2	NKD	20220516	2022.500000	2497.500000	2175.000000	3
E2	NKD	20220517	-690.000000	2647.500000	2125.000000	3
E2	NKD	20220518	-102.500000	3710.000000	5100.000000	3
E2	NKD	20220519	217.500000	3160.000000	3612.500000	4
E2	NKD	20220520	1210.000000	4360.000000	2900.000000	3
E2	NKD	20220523	-352.500000	2647.500000	0.000000	3
E2	NKD	20220524	1047.500000	2647.500000	1637.500000	3
E2	NKD	20220525	172.500000	2085.000000	1562.500000	3
E2	NKD	20220526	-490.000000	2672.500000	2187.500000	3
E2	NKD	20220527	-177.500000	2935.000000	2175.000000	3
E2	NKD	20220530	160.000000	1510.000000	1812.500000	3
E2	NKD	20220531	760.000000	1485.000000	0.000000	3
E2	NKD	20220601	-127.500000	2222.500000	3550.000000	3
E2	NKD	20220602	-702.500000	2347.500000	1837.500000	3
E2	NKD	20220603	310.000000	1635.000000	0.000000	3
E2	NKD	20220606	-607.500000	2860.000000	3012.500000	4
E2	NKD	20220607	-357.500000	2247.500000	1700.000000	4
E2	NKD	20220608	485.000000	1410.000000	0.000000	3
E2	NKD	20220609	-632.500000	2560.000000	1637.500000	4
E2	NKD	20220610	585.000000	3297.500000	2637.500000	3
E2	NKD	20220613	247.500000	3922.500000	4562.500000	3
E2	NKD	20220614	1422.500000	3135.000000	1925.000000	3
E2	NKD	20220615	347.500000	3547.500000	3875.000000	3
E2	NKD	20220616	-352.500000	6485.000000	6275.000000	3
E2	NKD	20220617	997.500000	3060.000000	3662.500000	3
E2	NKD	20220620	-15.000000	3210.000000	3550.000000	3
E2	NKD	20220621	-1070.000000	2610.000000	3212.500000	4
E2	NKD	20220622	822.500000	3235.000000	3850.000000	3
E2	NKD	20220623	522.500000	2735.000000	1875.000000	3
E2	NKD	20220624	-665.000000	3485.000000	3975.000000	3
E2	NKD	20220627	-257.500000	1997.500000	0.000000	4
E2	NKD	20220628	-1790.000000	4535.000000	4687.500000	3
E2	NKD	20220629	-165.000000	1497.500000	0.000000	3
E2	NKD	20220630	1022.500000	3285.000000	4487.500000	3
E2	SI	20220103	710.000000	3447.500000	4750.000000	3
E2	SI	20220104	147.500000	3347.500000	3825.000000	3
E2	SI	20220105	1922.500000	3605.000000	2087.500000	3
E2	SI	20220106	1235.000000	3210.000000	5350.000000	3
E2	SI	20220107	-152.500000	2467.500000	3725.000000	3
E2	SI	20220110	-677.500000	2922.500000	1575.000000	3
E2	SI	20220111	285.000000	2585.000000	1600.000000	3
E2	SI	20220112	-270.000000	3042.500000	1662.500000	4
E2	SI	20220113	547.500000	1347.500000	0.000000	3
E2	SI	20220114	572.500000	2060.000000	2300.000000	3
E2	SI	20220117	885.000000	1347.500000	0.000000	3
E2	SI	20220118	835.000000	5097.500000	5137.500000	3
E2	SI	20220119	-1615.000000	4692.500000	4537.500000	3
E2	SI	20220120	985.000000	2292.500000	2075.000000	3
E2	SI	20220121	2672.500000	3292.500000	1750.000000	3
E2	SI	20220124	3135.000000	3380.000000	3687.500000	3
E2	SI	20220125	372.500000	2447.500000	3625.000000	3
E2	SI	20220126	-840.000000	4330.000000	3762.500000	3
E2	SI	20220127	1260.000000	4260.000000	4800.000000	3
E2	SI	20220128	-1427.500000	3172.500000	3675.000000	3
E2	SI	20220131	1135.000000	2560.000000	1750.000000	3
E2	SI	20220201	1297.500000	3422.500000	4687.500000	3
E2	SI	20220202	-152.500000	1897.500000	1712.500000	3
E2	SI	20220203	-852.500000	3072.500000	2687.500000	3
E2	SI	20220204	847.500000	2692.500000	4387.500000	3
E2	SI	20220207	-2.500000	3160.000000	1887.500000	3
E2	SI	20220208	-765.000000	2810.000000	2325.000000	3
E2	SI	20220209	85.000000	1697.500000	0.000000	3
E2	SI	20220210	2672.500000	3222.500000	3825.000000	3
E2	SI	20220211	-577.500000	5405.000000	4650.000000	3
E2	SI	20220214	822.500000	2447.500000	0.000000	3
E2	SI	20220215	1260.000000	4410.000000	5787.500000	3
E2	SI	20220216	872.500000	1955.000000	0.000000	3
E2	SI	20220217	-287.500000	2385.000000	2150.000000	5
E2	SI	20220218	-15.000000	2780.000000	2075.000000	3
E2	SI	20220221	-202.500000	2935.000000	3437.500000	3
E2	SI	20220222	-165.000000	3085.000000	4037.500000	3
E2	SI	20220223	-565.000000	2830.000000	2150.000000	3
E2	SI	20220224	1017.500000	11817.500000	5125.000000	4
E2	SI	20220225	2097.500000	3567.500000	3900.000000	3
E2	SI	20220228	385.000000	4160.000000	4075.000000	3
E2	SI	20220301	-952.500000	6692.500000	5675.000000	3
E2	SI	20220302	-477.500000	3860.000000	4250.000000	3
E2	SI	20220303	1835.000000	2817.500000	3425.000000	3
E2	SI	20220304	160.000000	4880.000000	5550.000000	3
E2	SI	20220307	2585.000000	4260.000000	4975.000000	3
E2	SI	20220308	72.500000	7430.000000	9200.000000	3
E2	SI	20220309	3692.500000	9422.500000	8625.000000	4
E2	SI	20220310	-2277.500000	3972.500000	5587.500000	3
E2	SI	20220311	422.500000	3905.000000	5850.000000	3
E2	SI	20220314	-1112.500000	5810.000000	6000.000000	5
E2	SI	20220315	-1807.500000	4047.500000	4462.500000	4
E2	SI	20220316	110.000000	4135.000000	5937.500000	3
E2	SI	20220317	1572.500000	2772.500000	3537.500000	3
E2	SI	20220318	360.000000	3122.500000	4062.500000	3
E2	SI	20220321	385.000000	2335.000000	2250.000000	3
E2	SI	20220322	747.500000	4160.000000	5562.500000	3
E2	SI	20220323	-240.000000	3522.500000	4325.000000	3
E2	SI	20220324	-877.500000	4185.000000	5800.000000	3
E2	SI	20220325	1422.500000	1697.500000	2425.000000	3
E2	SI	20220328	222.500000	4710.000000	5025.000000	3
E2	SI	20220329	-745.000000	6197.500000	7800.000000	4
E2	SI	20220330	1222.500000	2322.500000	1525.000000	3
E2	SI	20220331	-1507.500000	4510.000000	3062.500000	4
E2	SI	20220401	610.000000	1860.000000	3525.000000	3
E2	SI	20220404	2235.000000	2685.000000	3900.000000	3
E2	SI	20220405	-1040.000000	4672.500000	3425.000000	3
E2	SI	20220406	460.000000	2510.000000	2350.000000	3
E2	SI	20220407	-1545.000000	3022.500000	2175.000000	4
E2	SI	20220408	-452.500000	2772.500000	2200.000000	3
E2	SI	20220411	-182.500000	4135.000000	3987.500000	4
E2	SI	20220412	-240.000000	4535.000000	4475.000000	3
E2	SI	20220413	-315.000000	2822.500000	1950.000000	3
E2	SI	20220414	1510.000000	3547.500000	3762.500000	3
E2	SI	20220418	-15.000000	3772.500000	4737.500000	3
E2	SI	20220419	-607.500000	5422.500000	5825.000000	4
E2	SI	20220420	85.000000	2772.500000	2075.000000	3
E2	SI	20220421	-440.000000	4072.500000	5525.000000	3
E2	SI	20220422	160.000000	2972.500000	2900.000000	3
E2	SI	20220425	-1402.500000	5047.500000	4812.500000	3
E2	SI	20220426	310.000000	3072.500000	3800.000000	3
E2	SI	20220427	292.500000	4072.500000	2400.000000	4
E2	SI	20220428	1172.500000	3235.000000	4250.000000	3
E2	SI	20220429	-720.000000	4885.000000	4837.500000	4
E2	SI	20220502	622.500000	4222.500000	3387.500000	3
E2	SI	20220503	2222.500000	2622.500000	2212.500000	3
E2	SI	20220504	4160.000000	4397.500000	4600.000000	3
E2	SI	20220505	985.000000	5947.500000	6787.500000	3
E2	SI	20220506	1822.500000	3322.500000	4000.000000	3
E2	SI	20220509	-107.500000	4172.500000	4700.000000	4
E2	SI	20220510	-2082.500000	6272.500000	4500.000000	4
E2	SI	20220511	685.000000	4472.500000	6325.000000	3
E2	SI	20220512	-2382.500000	5535.000000	5962.500000	4
E2	SI	20220513	-802.500000	4722.500000	5675.000000	3
E2	SI	20220516	460.000000	5535.000000	5975.000000	3
E2	SI	20220517	272.500000	2210.000000	2000.000000	3
E2	SI	20220518	185.000000	2260.000000	1825.000000	3
E2	SI	20220519	-302.500000	3410.000000	4487.500000	3
E2	SI	20220520	1322.500000	1947.500000	2425.000000	3
E2	SI	20220523	372.500000	3397.500000	2700.000000	3
E2	SI	20220524	410.000000	2660.000000	3650.000000	3
E2	SI	20220525	-252.500000	2710.000000	2125.000000	3
E2	SI	20220526	-890.000000	2685.000000	0.000000	3
E2	SI	20220527	1097.500000	3085.000000	4475.000000	3
E2	SI	20220530	-652.500000	2697.500000	1950.000000	3
E2	SI	20220531	3022.500000	3760.000000	2625.000000	3
E2	SI	20220601	22.500000	2422.500000	2725.000000	3
E2	SI	20220602	-340.000000	2910.000000	2400.000000	3
E2	SI	20220603	172.500000	3535.000000	2387.500000	3
E2	SI	20220606	680.000000	4410.000000	5062.500000	4
E2	SI	20220607	-902.500000	2835.000000	2050.000000	3
E2	SI	20220608	610.000000	3635.000000	3287.500000	3
E2	SI	20220609	-752.500000	2797.500000	1875.000000	3
E2	SI	20220610	-1195.000000	4460.000000	6125.000000	4
E2	SI	20220613	-340.000000	5597.500000	6925.000000	3
E2	SI	20220614	30.000000	2772.500000	4037.500000	4
E2	SI	20220615	235.000000	3947.500000	4575.000000	3
E2	SI	20220616	-27.500000	4322.500000	4175.000000	3
E2	SI	20220617	-190.000000	2372.500000	1937.500000	3
E2	SI	20220620	-315.000000	1860.000000	0.000000	3
E2	SI	20220621	1272.500000	2347.500000	1725.000000	3
E2	SI	20220622	-115.000000	2635.000000	3800.000000	3
E2	SI	20220623	-865.000000	4322.500000	3012.500000	3
E2	SI	20220624	-990.000000	5847.500000	4225.000000	3
E2	SI	20220627	-540.000000	3297.500000	3875.000000	3
E2	SI	20220628	235.000000	3322.500000	3150.000000	3
E2	SI	20220629	1072.500000	2947.500000	4075.000000	3
E2	SI	20220630	1960.000000	3810.000000	4637.500000	3
E3	HG	20220701	828.750000	4316.250000	4406.250000	3
E3	HG	20220704	-146.250000	3153.750000	1725.000000	3
E3	HG	20220705	-183.750000	4666.250000	5756.250000	3
E3	HG	20220706	2560.000000	5391.250000	7281.250000	3
E3	HG	20220707	1622.500000	4810.000000	5875.000000	3
E3	HG	20220708	691.250000	3628.750000	3162.500000	3
E3	HG	20220711	1478.750000	2847.500000	4968.750000	3
E3	HG	20220712	1416.250000	4866.250000	5743.750000	3
E3	HG	20220713	1316.250000	4460.000000	5012.500000	3
E3	HG	20220714	1016.250000	3328.750000	4812.500000	3
E3	HG	20220715	-1477.500000	5378.750000	5525.000000	3
E3	HG	20220718	1710.000000	3791.250000	1775.000000	3
E3	HG	20220719	1197.500000	2278.750000	3093.750000	3
E3	HG	20220720	1047.500000	2428.750000	1987.500000	3
E3	HG	20220721	422.500000	2316.250000	1581.250000	3
E3	HG	20220722	-46.250000	3110.000000	2187.500000	3
E3	HG	20220725	816.250000	2128.750000	2156.250000	3
E3	HG	20220726	710.000000	3653.750000	4718.750000	3
E3	HG	20220727	278.750000	3453.750000	1668.750000	3
E3	HG	20220728	710.000000	2928.750000	1581.250000	3
E3	HG	20220729	-196.250000	3766.250000	4443.750000	3
E3	HG	20220801	816.250000	2416.250000	1900.000000	3
E3	HG	20220802	772.500000	4103.750000	2231.250000	3
E3	HG	20220803	1241.250000	2116.250000	3350.000000	3
E3	HG	20220804	-1490.000000	3503.750000	2450.000000	3
E3	HG	20220805	378.750000	3635.000000	2443.750000	3
E3	HG	20220808	391.250000	2491.250000	2206.250000	3
E3	HG	20220809	728.750000	1816.250000	0.000000	3
E3	HG	20220810	478.750000	2478.750000	2668.750000	3
E3	HG	20220811	485.000000	1597.500000	1512.500000	3
E3	HG	20220812	-215.000000	2247.500000	1762.500000	3
E3	HG	20220815	185.000000	4153.750000	4037.500000	3
E3	HG	20220816	1072.500000	1897.500000	0.000000	3
E3	HG	20220817	797.500000	1597.500000	1625.000000	3
E3	HG	20220818	35.000000	3710.000000	2643.750000	3
E3	HG	20220819	1366.250000	2535.000000	1687.500000	3
E3	HG	20220822	941.250000	2516.250000	1900.000000	3
E3	HG	20220823	1510.000000	2128.750000	1818.750000	3
E3	HG	20220824	1078.750000	2010.000000	0.000000	3
E3	HG	20220825	366.250000	1747.500000	1756.250000	3
E3	HG	20220826	41.250000	4278.750000	3518.750000	3
E3	HG	20220829	785.000000	3116.250000	4250.000000	3
E3	HG	20220830	360.000000	2478.750000	1650.000000	3
E3	HG	20220831	-315.000000	4922.500000	3843.750000	3
E3	HG	20220901	616.250000	2885.000000	0.000000	3
E3	HG	20220902	1278.750000	1935.000000	1550.000000	3
E3	HG	20220905	-346.250000	2947.500000	1625.000000	3
E3	HG	20220906	-283.750000	2622.500000	0.000000	3
E3	HG	20220907	847.500000	2253.750000	1575.000000	3
E3	HG	20220908	1253.750000	3528.750000	3475.000000	3
E3	HG	20220909	141.250000	3110.000000	2293.750000	3
E3	HG	20220912	210.000000	2835.000000	2200.000000	3
E3	HG	20220913	-515.000000	5241.250000	2431.250000	3
E3	HG	20220914	622.500000	1103.750000	0.000000	3
E3	HG	20220915	235.000000	2935.000000	1706.250000	3
E3	HG	20220916	1260.000000	3385.000000	2381.250000	3
E3	HG	20220919	-508.750000	2872.500000	2087.500000	3
E3	HG	20220920	791.250000	2010.000000	0.000000	3
E3	HG	20220921	-602.500000	2116.250000	1556.250000	3
E3	HG	20220922	1247.500000	3210.000000	2087.500000	3
E3	HG	20220923	-246.250000	3878.750000	3631.250000	3
E3	HG	20220926	541.250000	4272.500000	3768.750000	3
E3	HG	20220927	572.500000	2447.500000	3650.000000	3
E3	HG	20220928	-108.750000	4753.750000	2843.750000	3
E3	HG	20220929	-83.750000	4978.750000	3175.000000	3
E3	HG	20220930	372.500000	2810.000000	3481.250000	3
E3	HG	20221003	366.250000	2297.500000	0.000000	3
E3	HG	20221004	678.750000	5435.000000	5431.250000	3
E3	HG	20221005	272.500000	4503.750000	2725.000000	3
E3	HG	20221006	-771.250000	4328.750000	4837.500000	3
E3	HG	20221007	385.000000	1885.000000	1600.000000	3
E3	HG	20221010	410.000000	2091.250000	2000.000000	3
E3	HG	20221011	1566.250000	2153.750000	2175.000000	3
E3	HG	20221012	641.250000	2172.500000	0.000000	3
E3	HG	20221013	328.750000	4210.000000	4275.000000	3
E3	HG	20221014	247.500000	3541.250000	2062.500000	3
E3	HG	20221017	341.250000	2722.500000	1843.750000	3
E3	HG	20221018	672.500000	2347.500000	1581.250000	3
E3	HG	20221019	397.500000	2291.250000	0.000000	3
E3	HG	20221020	247.500000	2985.000000	3287.500000	3
E3	HG	20221021	-8.750000	4385.000000	3706.250000	3
E3	HG	20221024	141.250000	2410.000000	1650.000000	3
E3	HG	20221025	760.000000	2422.500000	1618.750000	3
E3	HG	20221026	85.000000	3753.750000	3781.250000	3
E3	HG	20221027	385.000000	2053.750000	0.000000	3
E3	HG	20221028	47.500000	2547.500000	2162.500000	3
E3	HG	20221031	347.500000	1835.000000	1775.000000	3
E3	HG	20221101	516.250000	3241.250000	3081.250000	3
E3	HG	20221102	153.750000	3128.750000	1506.250000	3
E3	HG	20221103	753.750000	2460.000000	2075.000000	3
E3	HG	20221104	-1808.750000	7622.500000	5725.000000	3
E3	HG	20221107	1260.000000	2072.500000	0.000000	3
E3	HG	20221108	1935.000000	2735.000000	3431.250000	3
E3	HG	20221109	991.250000	3241.250000	3850.000000	3
E3	HG	20221110	497.500000	4847.500000	5531.250000	3
E3	HG	20221111	516.250000	4610.000000	4762.500000	3
E3	HG	20221114	941.250000	4522.500000	4931.250000	3
E3	HG	20221115	428.750000	3091.250000	3856.250000	3
E3	HG	20221116	897.500000	1803.750000	1737.500000	3
E3	HG	20221117	960.000000	3491.250000	2618.750000	3
E3	HG	20221118	366.250000	2047.500000	0.000000	3
E3	HG	20221121	916.250000	2091.250000	0.000000	3
E3	HG	20221122	-77.500000	3316.250000	3600.000000	3
E3	HG	20221123	472.500000	2672.500000	1625.000000	3
E3	HG	20221124	878.750000	1028.750000	0.000000	3
E3	HG	20221125	110.000000	2810.000000	1912.500000	3
E3	HG	20221128	722.500000	2503.750000	1787.500000	3
E3	HG	20221129	291.250000	2522.500000	2156.250000	3
E3	HG	20221130	135.000000	3735.000000	4600.000000	3
E3	HG	20221201	310.000000	2591.250000	1687.500000	3
E3	HG	20221202	135.000000	4447.500000	2862.500000	3
E3	HG	20221205	-346.250000	3110.000000	2543.750000	3
E3	HG	20221206	1047.500000	1616.250000	1712.500000	3
E3	HG	20221207	1516.250000	2622.500000	1868.750000	3
E3	HG	20221208	341.250000	1410.000000	1950.000000	3
E3	HG	20221209	97.500000	2710.000000	1900.000000	3
E3	HG	20221212	960.000000	1703.750000	0.000000	3
E3	HG	20221213	53.750000	2903.750000	4506.250000	3
E3	HG	20221214	928.750000	1860.000000	1662.500000	3
E3	HG	20221215	1022.500000	2741.250000	2193.750000	3
E3	HG	20221216	385.000000	2010.000000	0.000000	3
E3	HG	20221219	703.750000	2753.750000	0.000000	3
E3	HG	20221220	1016.250000	2441.250000	1700.000000	3
E3	HG	20221221	553.750000	1297.500000	0.000000	3
E3	HG	20221222	435.000000	1972.500000	2475.000000	3
E3	HG	20221223	78.750000	2003.750000	0.000000	3
E3	HG	20221227	-146.250000	4116.250000	4093.750000	3
E3	HG	20221228	497.500000	1466.250000	0.000000	3
E3	HG	20221229	16.250000	1735.000000	0.000000	3
E3	HG	20221230	1085.000000	1791.250000	0.000000	3
E3	NKD	20220701	-352.500000	5497.500000	5537.500000	3
E3	NKD	20220704	985.000000	1647.500000	3100.000000	3
E3	NKD	20220705	710.000000	3222.500000	3462.500000	3
E3	NKD	20220706	1072.500000	2447.500000	1500.000000	3
E3	NKD	20220707	185.000000	2622.500000	3450.000000	3
E3	NKD	20220708	547.500000	2847.500000	2300.000000	3
E3	NKD	20220711	335.000000	2585.000000	1775.000000	3
E3	NKD	20220712	960.000000	2885.000000	2212.500000	3
E3	NKD	20220713	147.500000	1797.500000	1675.000000	3
E3	NKD	20220714	110.000000	3247.500000	2350.000000	3
E3	NKD	20220715	-277.500000	2922.500000	3075.000000	3
E3	NKD	20220718	110.000000	2072.500000	1700.000000	3
E3	NKD	20220719	122.500000	2985.000000	2475.000000	3
E3	NKD	20220720	410.000000	2522.500000	1950.000000	3
E3	NKD	20220721	-365.000000	2347.500000	0.000000	3
E3	NKD	20220722	347.500000	2197.500000	1937.500000	3
E3	NKD	20220725	35.000000	1547.500000	0.000000	3
E3	NKD	20220726	297.500000	1485.000000	1500.000000	3
E3	NKD	20220727	172.500000	2447.500000	2537.500000	3
E3	NKD	20220728	297.500000	2897.500000	3775.000000	3
E3	NKD	20220729	122.500000	2110.000000	0.000000	3
E3	NKD	20220801	410.000000	1710.000000	0.000000	3
E3	NKD	20220802	710.000000	2547.500000	3650.000000	3
E3	NKD	20220803	-52.500000	2022.500000	1887.500000	3
E3	NKD	20220804	435.000000	1672.500000	0.000000	3
E3	NKD	20220805	172.500000	2197.500000	1787.500000	3
E3	NKD	20220808	460.000000	1847.500000	0.000000	3
E3	NKD	20220809	285.000000	1435.000000	2037.500000	3
E3	NKD	20220810	297.500000	1660.000000	1500.000000	3
E3	NKD	20220811	185.000000	997.500000	0.000000	3
E3	NKD	20220812	-402.500000	3135.000000	1662.500000	3
E3	NKD	20220815	-77.500000	2222.500000	0.000000	3
E3	NKD	20220816	160.000000	1322.500000	0.000000	3
E3	NKD	20220817	360.000000	2285.000000	0.000000	3
E3	NKD	20220818	522.500000	1422.500000	0.000000	3
E3	NKD	20220819	10.000000	1985.000000	0.000000	3
E3	NKD	20220822	297.500000	2297.500000	0.000000	3
E3	NKD	20220823	360.000000	1510.000000	0.000000	3
E3	NKD	20220824	397.500000	1685.000000	0.000000	3
E3	NKD	20220825	-2.500000	1935.000000	0.000000	3
E3	NKD	20220826	-940.000000	3972.500000	1862.500000	3
E3	NKD	20220829	785.000000	1535.000000	0.000000	3
E3	NKD	20220830	110.000000	3435.000000	2212.500000	3
E3	NKD	20220831	247.500000	2460.000000	0.000000	3
E3	NKD	20220901	85.000000	2460.000000	0.000000	3
E3	NKD	20220902	522.500000	2797.500000	2100.000000	3
E3	NKD	20220905	135.000000	1135.000000	0.000000	3
E3	NKD	20220906	1797.500000	2272.500000	0.000000	3
E3	NKD	20220907	522.500000	2347.500000	0.000000	3
E3	NKD	20220908	1460.000000	3347.500000	3462.500000	3
E3	NKD	20220909	172.500000	1647.500000	1637.500000	3
E3	NKD	20220912	435.000000	760.000000	0.000000	3
E3	NKD	20220913	-715.000000	4135.000000	5237.500000	3
E3	NKD	20220914	772.500000	2360.000000	0.000000	3
E3	NKD	20220915	-265.000000	2135.000000	0.000000	3
E3	NKD	20220916	1197.500000	1360.000000	0.000000	3
E3	NKD	20220919	-102.500000	2460.000000	1637.500000	3
E3	NKD	20220920	860.000000	2372.500000	1625.000000	3
E3	NKD	20220921	-965.000000	4410.000000	4237.500000	3
E3	NKD	20220922	585.000000	2510.000000	2462.500000	3
E3	NKD	20220923	360.000000	2897.500000	3037.500000	3
E3	NKD	20220926	647.500000	2597.500000	0.000000	3
E3	NKD	20220927	835.000000	1722.500000	1837.500000	3
E3	NKD	20220928	1110.000000	5310.000000	5475.000000	3
E3	NKD	20220929	1897.500000	2485.000000	3162.500000	3
E3	NKD	20220930	-2.500000	4210.000000	4212.500000	3
E3	NKD	20221003	172.500000	5072.500000	4575.000000	3
E3	NKD	20221004	-377.500000	3597.500000	3950.000000	3
E3	NKD	20221005	735.000000	1935.000000	1662.500000	3
E3	NKD	20221006	272.500000	3322.500000	1775.000000	3
E3	NKD	20221007	335.000000	2972.500000	2325.000000	3
E3	NKD	20221010	297.500000	1635.000000	0.000000	3
E3	NKD	20221011	1260.000000	2797.500000	3337.500000	3
E3	NKD	20221012	647.500000	1247.500000	0.000000	3
E3	NKD	20221013	-740.000000	6135.000000	6550.000000	3
E3	NKD	20221014	685.000000	4585.000000	4162.500000	3
E3	NKD	20221017	-302.500000	3010.000000	1850.000000	3
E3	NKD	20221018	2235.000000	2572.500000	3475.000000	3
E3	NKD	20221019	1297.500000	1397.500000	0.000000	3
E3	NKD	20221020	122.500000	2285.000000	1625.000000	3
E3	NKD	20221021	-127.500000	2435.000000	1587.500000	3
E3	NKD	20221024	-615.000000	3922.500000	1650.000000	3
E3	NKD	20221025	585.000000	2372.500000	2012.500000	3
E3	NKD	20221026	885.000000	1735.000000	0.000000	3
E3	NKD	20221027	-165.000000	2522.500000	2137.500000	3
E3	NKD	20221028	422.500000	3397.500000	3250.000000	3
E3	NKD	20221031	160.000000	1185.000000	0.000000	3
E3	NKD	20221101	97.500000	1847.500000	0.000000	3
E3	NKD	20221102	110.000000	2497.500000	1550.000000	3
E3	NKD	20221103	460.000000	1410.000000	0.000000	3
E3	NKD	20221104	222.500000	2710.000000	1662.500000	3
E3	NKD	20221107	285.000000	1635.000000	0.000000	3
E3	NKD	20221108	135.000000	2072.500000	1587.500000	3
E3	NKD	20221109	185.000000	2397.500000	1512.500000	3
E3	NKD	20221110	-15.000000	3472.500000	2387.500000	3
E3	NKD	20221111	172.500000	2647.500000	3450.000000	3
E3	NKD	20221114	-202.500000	1860.000000	0.000000	3
E3	NKD	20221115	360.000000	1697.500000	3012.500000	3
E3	NKD	20221116	347.500000	2072.500000	1687.500000	3
E3	NKD	20221117	72.500000	1847.500000	0.000000	3
E3	NKD	20221118	-102.500000	1297.500000	0.000000	3
E3	NKD	20221121	447.500000	822.500000	0.000000	3
E3	NKD	20221122	472.500000	1797.500000	0.000000	3
E3	NKD	20221123	285.000000	585.000000	0.000000	3
E3	NKD	20221124	547.500000	722.500000	0.000000	3
E3	NKD	20221125	347.500000	772.500000	0.000000	3
E3	NKD	20221128	222.500000	1572.500000	0.000000	3
E3	NKD	20221129	885.000000	1272.500000	0.000000	3
E3	NKD	20221130	22.500000	3310.000000	3500.000000	3
E3	NKD	20221201	160.000000	2722.500000	1750.000000	3
E3	NKD	20221202	1197.500000	2210.000000	0.000000	3
E3	NKD	20221205	460.000000	1960.000000	0.000000	3
E3	NKD	20221206	260.000000	2060.000000	1975.000000	3
E3	NKD	20221207	835.000000	922.500000	0.000000	3
E3	NKD	20221208	810.000000	1560.000000	1775.000000	3
E3	NKD	20221209	1147.500000	2022.500000	0.000000	3
E3	NKD	20221212	147.500000	1572.500000	1812.500000	3
E3	NKD	20221213	197.500000	2210.000000	3675.000000	3
E3	NKD	20221214	297.500000	1922.500000	1537.500000	3
E3	NKD	20221215	660.000000	2360.000000	2687.500000	3
E3	NKD	20221216	-465.000000	2672.500000	2125.000000	3
E3	NKD	20221219	572.500000	1422.500000	0.000000	3
E3	NKD	20221220	-927.500000	5410.000000	4275.000000	3
E3	NKD	20221221	1122.500000	2172.500000	1787.500000	3
E3	NKD	20221222	960.000000	2285.000000	2925.000000	3
E3	NKD	20221223	597.500000	1385.000000	0.000000	3
E3	NKD	20221227	1085.000000	1360.000000	1675.000000	3
E3	NKD	20221228	210.000000	1847.500000	0.000000	3
E3	NKD	20221229	485.000000	1760.000000	2187.500000	3
E3	NKD	20221230	460.000000	2322.500000	3400.000000	3
E3	SI	20220701	-327.500000	5647.500000	5675.000000	3
E3	SI	20220704	535.000000	1697.500000	0.000000	3
E3	SI	20220705	260.000000	5722.500000	4775.000000	3
E3	SI	20220706	1972.500000	3447.500000	2562.500000	3
E3	SI	20220707	322.500000	2685.000000	1612.500000	3
E3	SI	20220708	872.500000	2347.500000	1675.000000	3
E3	SI	20220711	2022.500000	2085.000000	0.000000	3
E3	SI	20220712	1147.500000	2635.000000	3237.500000	3
E3	SI	20220713	735.000000	2035.000000	2675.000000	3
E3	SI	20220714	685.000000	3985.000000	4987.500000	3
E3	SI	20220715	-202.500000	3047.500000	2975.000000	3
E3	SI	20220718	535.000000	2810.000000	1637.500000	3
E3	SI	20220719	235.000000	1960.000000	1650.000000	3
E3	SI	20220720	2410.000000	2560.000000	2312.500000	3
E3	SI	20220721	-152.500000	5547.500000	4962.500000	3
E3	SI	20220722	97.500000	2672.500000	2025.000000	3
E3	SI	20220725	635.000000	3010.000000	2300.000000	3
E3	SI	20220726	1172.500000	1972.500000	1525.000000	3
E3	SI	20220727	-90.000000	4972.500000	4587.500000	3
E3	SI	20220728	535.000000	5147.500000	4512.500000	3
E3	SI	20220729	-440.000000	3885.000000	4087.500000	3
E3	SI	20220801	710.000000	2860.000000	2037.500000	3
E3	SI	20220802	-577.500000	4310.000000	4050.000000	3
E3	SI	20220803	10.000000	2697.500000	1650.000000	3
E3	SI	20220804	910.000000	2472.500000	2200.000000	3
E3	SI	20220805	-1352.500000	3772.500000	3250.000000	3
E3	SI	20220808	-390.000000	4185.000000	5012.500000	3
E3	SI	20220809	372.500000	1672.500000	1550.000000	3
E3	SI	20220810	-515.000000	1760.000000	3825.000000	3
E3	SI	20220811	-1077.500000	2735.000000	1800.000000	3
E3	SI	20220812	-1015.000000	4285.000000	2175.000000	3
E3	SI	20220815	-427.500000	3672.500000	4025.000000	3
E3	SI	20220816	372.500000	1947.500000	1900.000000	3
E3	SI	20220817	810.000000	3260.000000	2600.000000	3
E3	SI	20220818	-65.000000	3722.500000	3962.500000	3
E3	SI	20220819	-315.000000	2610.000000	3462.500000	3
E3	SI	20220822	572.500000	2385.000000	3137.500000	3
E3	SI	20220823	1422.500000	2872.500000	2425.000000	3
E3	SI	20220824	1285.000000	1935.000000	0.000000	3
E3	SI	20220825	797.500000	1835.000000	1525.000000	3
E3	SI	20220826	-1102.500000	3547.500000	3287.500000	3
E3	SI	20220829	147.500000	3185.000000	3937.500000	3
E3	SI	20220830	-377.500000	2285.000000	1600.000000	3
E3	SI	20220831	-90.000000	4147.500000	2937.500000	3
E3	SI	20220901	872.500000	2835.000000	3362.500000	3
E3	SI	20220902	872.500000	1635.000000	2100.000000	3
E3	SI	20220905	210.000000	1597.500000	0.000000	3
E3	SI	20220906	1047.500000	3485.000000	2000.000000	3
E3	SI	20220907	310.000000	3497.500000	3712.500000	3
E3	SI	20220908	-1065.000000	2010.000000	1750.000000	3
E3	SI	20220909	560.000000	3822.500000	2087.500000	3
E3	SI	20220912	860.000000	5060.000000	5337.500000	3
E3	SI	20220913	272.500000	4835.000000	3725.000000	3
E3	SI	20220914	510.000000	1922.500000	1525.000000	3
E3	SI	20220915	110.000000	3260.000000	2425.000000	3
E3	SI	20220916	685.000000	5235.000000	5125.000000	3
E3	SI	20220919	10.000000	3035.000000	2150.000000	3
E3	SI	20220920	1035.000000	2047.500000	1725.000000	3
E3	SI	20220921	1260.000000	3097.500000	4837.500000	3
E3	SI	20220922	1822.500000	3510.000000	4075.000000	3
E3	SI	20220923	-915.000000	5810.000000	5950.000000	3
E3	SI	20220926	-315.000000	5772.500000	3550.000000	3
E3	SI	20220927	97.500000	3385.000000	4387.500000	3
E3	SI	20220928	210.000000	6672.500000	6925.000000	3
E3	SI	20220929	797.500000	2822.500000	3812.500000	3
E3	SI	20220930	2085.000000	2247.500000	4262.500000	3
E3	SI	20221003	247.500000	8522.500000	7125.000000	3
E3	SI	20221004	1772.500000	3185.000000	4012.500000	3
E3	SI	20221005	597.500000	7172.500000	7400.000000	3
E3	SI	20221006	1235.000000	4097.500000	3537.500000	3
E3	SI	20221007	1222.500000	4497.500000	4537.500000	3
E3	SI	20221010	-102.500000	4310.000000	4687.500000	3
E3	SI	20221011	35.000000	4497.500000	4700.000000	3
E3	SI	20221012	1310.000000	2060.000000	1637.500000	3
E3	SI	20221013	1835.000000	3560.000000	6462.500000	3
E3	SI	20221014	1235.000000	5310.000000	4775.000000	3
E3	SI	20221017	1385.000000	2497.500000	3637.500000	3
E3	SI	20221018	1747.500000	2860.000000	3287.500000	3
E3	SI	20221019	-165.000000	2060.000000	2262.500000	3
E3	SI	20221020	2460.000000	4185.000000	4812.500000	3
E3	SI	20221021	-1090.000000	7160.000000	4750.000000	3
E3	SI	20221024	2097.500000	2910.000000	4275.000000	3
E3	SI	20221025	697.500000	5122.500000	3275.000000	3
E3	SI	20221026	997.500000	2597.500000	2925.000000	3
E3	SI	20221027	647.500000	2985.000000	3275.000000	3
E3	SI	20221028	1147.500000	2860.000000	4512.500000	3
E3	SI	20221031	960.000000	1860.000000	1650.000000	3
E3	SI	20221101	-327.500000	5585.000000	6187.500000	3
E3	SI	20221102	4147.500000	4660.000000	5325.000000	3
E3	SI	20221103	210.000000	6085.000000	6200.000000	3
E3	SI	20221104	-240.000000	7435.000000	6612.500000	3
E3	SI	20221107	485.000000	2910.000000	4250.000000	3
E3	SI	20221108	2635.000000	5572.500000	7112.500000	3
E3	SI	20221109	797.500000	4297.500000	3162.500000	3
E3	SI	20221110	1297.500000	4392.500000	5787.500000	3
E3	SI	20221111	-540.000000	5580.000000	3987.500000	3
E3	SI	20221114	1860.000000	4785.000000	5362.500000	3
E3	SI	20221115	272.500000	4822.500000	5075.000000	3
E3	SI	20221116	997.500000	6122.500000	3400.000000	3
E3	SI	20221117	610.000000	4097.500000	4450.000000	3
E3	SI	20221118	485.000000	2672.500000	2175.000000	3
E3	SI	20221121	22.500000	3247.500000	3587.500000	3
E3	SI	20221122	635.000000	2972.500000	2550.000000	3
E3	SI	20221123	-240.000000	4422.500000	4150.000000	3
E3	SI	20221124	522.500000	1260.000000	0.000000	3
E3	SI	20221125	522.500000	2147.500000	3100.000000	3
E3	SI	20221128	-952.500000	6480.000000	6637.500000	3
E3	SI	20221129	610.000000	3622.500000	4037.500000	3
E3	SI	20221130	-290.000000	5230.000000	5712.500000	3
E3	SI	20221201	60.000000	5560.000000	5625.000000	3
E3	SI	20221202	860.000000	5985.000000	7525.000000	3
E3	SI	20221205	797.500000	6997.500000	6675.000000	3
E3	SI	20221206	735.000000	3522.500000	3712.500000	3
E3	SI	20221207	397.500000	2960.000000	3850.000000	3
E3	SI	20221208	847.500000	2847.500000	3512.500000	3
E3	SI	20221209	1272.500000	3910.000000	4925.000000	3
E3	SI	20221212	972.500000	2435.000000	3550.000000	3
E3	SI	20221213	1172.500000	3160.000000	5237.500000	3
E3	SI	20221214	260.000000	3810.000000	4575.000000	3
E3	SI	20221215	347.500000	6697.500000	6450.000000	3
E3	SI	20221216	2010.000000	5310.000000	2850.000000	3
E3	SI	20221219	847.500000	3242.500000	3687.500000	3
E3	SI	20221220	1547.500000	8797.500000	7487.500000	3
E3	SI	20221221	710.000000	2835.000000	2312.500000	3
E3	SI	20221222	260.000000	3797.500000	3775.000000	3
E3	SI	20221223	160.000000	2022.500000	2050.000000	3
E3	SI	20221227	1522.500000	2760.000000	4950.000000	3
E3	SI	20221228	697.500000	3497.500000	4237.500000	3
E3	SI	20221229	547.500000	2260.000000	2700.000000	3
E3	SI	20221230	2397.500000	3235.000000	3250.000000	3
E4	HG	20230103	1447.500000	3422.500000	4056.250000	3
E4	HG	20230104	-233.750000	2022.500000	2443.750000	3
E4	HG	20230105	3.750000	3135.000000	2625.000000	3
E4	HG	20230106	153.750000	3997.500000	4318.750000	3
E4	HG	20230109	1491.250000	2216.250000	3243.750000	3
E4	HG	20230110	-33.750000	2541.250000	1606.250000	3
E4	HG	20230111	266.250000	3122.500000	1668.750000	3
E4	HG	20230112	847.500000	1966.250000	0.000000	3
E4	HG	20230113	122.500000	2885.000000	2331.250000	3
E4	HG	20230116	-115.000000	2078.750000	0.000000	3
E4	HG	20230117	691.250000	3322.500000	3106.250000	3
E4	HG	20230118	-671.250000	5091.250000	5581.250000	3
E4	HG	20230119	147.500000	3385.000000	1687.500000	3
E4	HG	20230120	378.750000	2866.250000	1500.000000	3
E4	HG	20230123	916.250000	1497.500000	0.000000	3
E4	HG	20230124	-196.250000	2241.250000	0.000000	3
E4	HG	20230125	-627.500000	2241.250000	0.000000	3
E4	HG	20230126	235.000000	1835.000000	0.000000	3
E4	HG	20230127	-777.500000	2303.750000	2712.500000	3
E4	HG	20230130	-215.000000	2472.500000	1812.500000	3
E4	HG	20230131	-183.750000	3860.000000	2012.500000	3
E4	HG	20230201	247.500000	2822.500000	3937.500000	3
E4	HG	20230202	-658.750000	3716.250000	2018.750000	3
E4	HG	20230203	-946.250000	3710.000000	1568.750000	3
E4	HG	20230206	497.500000	2178.750000	0.000000	3
E4	HG	20230207	1947.500000	1997.500000	2062.500000	3
E4	HG	20230208	47.500000	2678.750000	2518.750000	3
E4	HG	20230209	291.250000	2622.500000	3093.750000	3
E4	HG	20230210	510.000000	2066.250000	1725.000000	3
E4	HG	20230213	-646.250000	2491.250000	0.000000	3
E4	HG	20230214	353.750000	1841.250000	1662.500000	3
E4	HG	20230215	-771.250000	3016.250000	1931.250000	3
E4	HG	20230216	203.750000	3110.000000	1825.000000	3
E4	HG	20230217	72.500000	2722.500000	1812.500000	3
E4	HG	20230220	478.750000	1922.500000	2400.000000	3
E4	HG	20230221	1235.000000	2041.250000	2375.000000	3
E4	HG	20230222	510.000000	2297.500000	1887.500000	3
E4	HG	20230223	-202.500000	4228.750000	4718.750000	3
E4	HG	20230224	-715.000000	2772.500000	1762.500000	3
E4	HG	20230227	-346.250000	2966.250000	0.000000	3
E4	HG	20230228	922.500000	2678.750000	1543.750000	3
E4	HG	20230301	-808.750000	2978.750000	2318.750000	3
E4	HG	20230302	-1133.750000	3560.000000	2412.500000	3
E4	HG	20230303	-196.250000	1703.750000	0.000000	3
E4	HG	20230306	-927.500000	3628.750000	1962.500000	3
E4	HG	20230307	103.750000	3172.500000	2737.500000	3
E4	HG	20230308	935.000000	2166.250000	2768.750000	3
E4	HG	20230309	-252.500000	1978.750000	0.000000	3
E4	HG	20230310	1772.500000	2185.000000	1875.000000	3
E4	HG	20230313	1091.250000	5135.000000	4106.250000	3
E4	HG	20230314	1122.500000	2097.500000	1656.250000	3
E4	HG	20230315	-465.000000	3860.000000	4687.500000	3
E4	HG	20230316	1403.750000	2122.500000	1931.250000	3
E4	HG	20230317	272.500000	2872.500000	2050.000000	3
E4	HG	20230320	-1115.000000	3741.250000	3931.250000	3
E4	HG	20230321	947.500000	2666.250000	2637.500000	3
E4	HG	20230322	91.250000	3372.500000	2043.750000	3
E4	HG	20230323	685.000000	3653.750000	2587.500000	3
E4	HG	20230324	-252.500000	3160.000000	1681.250000	3
E4	HG	20230327	978.750000	2747.500000	1725.000000	3
E4	HG	20230328	-140.000000	1760.000000	0.000000	3
E4	HG	20230329	378.750000	2853.750000	2087.500000	3
E4	HG	20230330	285.000000	2560.000000	1887.500000	3
E4	HG	20230331	-771.250000	3772.500000	3962.500000	3
E4	HG	20230403	685.000000	1597.500000	0.000000	3
E4	HG	20230404	-215.000000	3266.250000	1831.250000	3
E4	HG	20230405	-533.750000	2291.250000	0.000000	3
E4	HG	20230406	491.250000	2216.250000	0.000000	3
E4	HG	20230410	397.500000	1803.750000	1912.500000	3
E4	HG	20230411	522.500000	1435.000000	0.000000	3
E4	HG	20230412	-907.500000	2972.500000	0.000000	4
E4	HG	20230413	-90.000000	1578.750000	2218.750000	3
E4	HG	20230414	835.000000	2916.250000	3975.000000	3
E4	HG	20230417	328.750000	1785.000000	0.000000	3
E4	HG	20230418	297.500000	1397.500000	0.000000	3
E4	HG	20230419	-471.250000	2528.750000	0.000000	3
E4	HG	20230420	1628.750000	2772.500000	3218.750000	3
E4	HG	20230421	728.750000	1535.000000	0.000000	3
E4	HG	20230424	753.750000	1503.750000	0.000000	3
E4	HG	20230425	-1252.500000	2897.500000	2718.750000	3
E4	HG	20230426	578.750000	1466.250000	0.000000	3
E4	HG	20230427	-558.750000	3003.750000	0.000000	3
E4	HG	20230428	16.250000	2178.750000	0.000000	3
E4	HG	20230501	-215.000000	2428.750000	2506.250000	3
E4	HG	20230502	3.750000	2278.750000	1568.750000	3
E4	HG	20230503	1010.000000	1047.500000	0.000000	3
E4	HG	20230504	-257.500000	1903.750000	2037.500000	4
E4	HG	20230505	516.250000	2278.750000	1993.750000	3
E4	HG	20230508	-571.250000	2041.250000	2068.750000	3
E4	HG	20230509	216.250000	1660.000000	0.000000	3
E4	HG	20230510	-415.000000	2228.750000	1793.750000	3
E4	HG	20230511	2622.500000	3928.750000	3850.000000	3
E4	HG	20230512	-2.500000	1485.000000	0.000000	3
E4	HG	20230515	-115.000000	2572.500000	0.000000	3
E4	HG	20230516	653.750000	2185.000000	3300.000000	3
E4	HG	20230517	-1233.750000	2316.250000	2925.000000	3
E4	HG	20230518	841.250000	1485.000000	1700.000000	3
E4	HG	20230519	-302.500000	2603.750000	1975.000000	3
E4	HG	20230522	-315.000000	2347.500000	0.000000	3
E4	HG	20230523	-415.000000	2372.500000	0.000000	3
E4	HG	20230524	-896.250000	3116.250000	1787.500000	3
E4	HG	20230525	403.750000	1722.500000	0.000000	3
E4	HG	20230526	-652.500000	2097.500000	1718.750000	3
E4	HG	20230529	122.500000	1410.000000	0.000000	3
E4	HG	20230530	716.250000	1810.000000	1668.750000	3
E4	HG	20230531	366.250000	1928.750000	0.000000	3
E4	HG	20230601	-427.500000	2828.750000	0.000000	3
E4	HG	20230602	522.500000	2966.250000	0.000000	3
E4	HG	20230605	-552.500000	1947.500000	0.000000	3
E4	HG	20230606	1160.000000	2572.500000	0.000000	3
E4	HG	20230607	-977.500000	2335.000000	3237.500000	3
E4	HG	20230608	1160.000000	2803.750000	1562.500000	3
E4	HG	20230609	460.000000	3103.750000	0.000000	3
E4	HG	20230612	441.250000	1210.000000	0.000000	3
E4	HG	20230613	-771.250000	2653.750000	1937.500000	3
E4	HG	20230614	-796.250000	2041.250000	0.000000	3
E4	HG	20230615	241.250000	2010.000000	1837.500000	3
E4	HG	20230616	-308.750000	2047.500000	0.000000	3
E4	HG	20230619	285.000000	1153.750000	0.000000	3
E4	HG	20230620	341.250000	1322.500000	0.000000	3
E4	HG	20230621	91.250000	2591.250000	0.000000	3
E4	HG	20230622	141.250000	2797.500000	1893.750000	3
E4	HG	20230623	-258.750000	2566.250000	1550.000000	3
E4	HG	20230626	-115.000000	1647.500000	0.000000	3
E4	HG	20230627	47.500000	2210.000000	1618.750000	3
E4	HG	20230628	91.250000	1922.500000	2031.250000	3
E4	HG	20230629	297.500000	1460.000000	0.000000	3
E4	HG	20230630	210.000000	2228.750000	0.000000	3
E4	NKD	20230103	260.000000	2110.000000	1875.000000	3
E4	NKD	20230104	322.500000	1910.000000	0.000000	3
E4	NKD	20230105	172.500000	1322.500000	0.000000	3
E4	NKD	20230106	97.500000	2110.000000	1600.000000	3
E4	NKD	20230109	947.500000	1647.500000	0.000000	3
E4	NKD	20230110	310.000000	1585.000000	0.000000	3
E4	NKD	20230111	-227.500000	1185.000000	0.000000	3
E4	NKD	20230112	410.000000	1835.000000	1550.000000	3
E4	NKD	20230113	347.500000	2410.000000	2425.000000	3
E4	NKD	20230116	-2.500000	922.500000	0.000000	3
E4	NKD	20230117	572.500000	1960.000000	2862.500000	3
E4	NKD	20230118	447.500000	4410.000000	5200.000000	3
E4	NKD	20230119	47.500000	1822.500000	1687.500000	3
E4	NKD	20230120	-802.500000	2872.500000	3162.500000	3
E4	NKD	20230123	-90.000000	1572.500000	1600.000000	3
E4	NKD	20230124	522.500000	1272.500000	0.000000	3
E4	NKD	20230125	372.500000	2897.500000	1662.500000	3
E4	NKD	20230126	385.000000	1160.000000	0.000000	3
E4	NKD	20230127	472.500000	1222.500000	0.000000	3
E4	NKD	20230130	510.000000	1210.000000	0.000000	3
E4	NKD	20230131	-165.000000	2460.000000	0.000000	3
E4	NKD	20230201	-390.000000	2972.500000	1762.500000	3
E4	NKD	20230202	660.000000	1185.000000	0.000000	3
E4	NKD	20230203	835.000000	1510.000000	0.000000	3
E4	NKD	20230206	35.000000	1585.000000	0.000000	3
E4	NKD	20230207	-665.000000	2197.500000	1550.000000	3
E4	NKD	20230208	672.500000	1697.500000	0.000000	3
E4	NKD	20230209	-302.500000	1935.000000	0.000000	3
E4	NKD	20230210	1185.000000	1585.000000	0.000000	3
E4	NKD	20230213	797.500000	2097.500000	2387.500000	3
E4	NKD	20230214	622.500000	1622.500000	0.000000	3
E4	NKD	20230215	-415.000000	2335.000000	1575.000000	3
E4	NKD	20230216	685.000000	1110.000000	0.000000	3
E4	NKD	20230217	585.000000	1010.000000	0.000000	3
E4	NKD	20230220	-477.500000	540.000000	0.000000	3
E4	NKD	20230221	-177.500000	1435.000000	0.000000	3
E4	NKD	20230222	497.500000	1460.000000	0.000000	3
E4	NKD	20230223	-202.500000	1272.500000	0.000000	3
E4	NKD	20230224	497.500000	1610.000000	0.000000	3
E4	NKD	20230227	85.000000	1085.000000	0.000000	3
E4	NKD	20230228	-677.500000	1785.000000	0.000000	3
E4	NKD	20230301	-515.000000	1572.500000	0.000000	3
E4	NKD	20230302	297.500000	1585.000000	0.000000	3
E4	NKD	20230303	110.000000	2747.500000	3412.500000	3
E4	NKD	20230306	385.000000	585.000000	0.000000	3
E4	NKD	20230307	35.000000	2060.000000	0.000000	3
E4	NKD	20230308	-815.000000	2622.500000	0.000000	3
E4	NKD	20230309	472.500000	2472.500000	1825.000000	3
E4	NKD	20230310	-932.500000	4597.500000	4112.500000	4
E4	NKD	20230313	755.000000	4572.500000	4412.500000	4
E4	NKD	20230314	222.500000	3147.500000	3887.500000	3
E4	NKD	20230315	510.000000	4735.000000	4912.500000	3
E4	NKD	20230316	-277.500000	5235.000000	4912.500000	3
E4	NKD	20230317	122.500000	2822.500000	2025.000000	3
E4	NKD	20230320	-902.500000	4547.500000	3350.000000	3
E4	NKD	20230321	-115.000000	1847.500000	0.000000	3
E4	NKD	20230322	-265.000000	3110.000000	3137.500000	3
E4	NKD	20230323	1085.000000	2535.000000	3737.500000	3
E4	NKD	20230324	-565.000000	3447.500000	1900.000000	3
E4	NKD	20230327	-340.000000	1985.000000	0.000000	3
E4	NKD	20230328	647.500000	1110.000000	0.000000	3
E4	NKD	20230329	-90.000000	2535.000000	3000.000000	3
E4	NKD	20230330	347.500000	1485.000000	1775.000000	3
E4	NKD	20230331	-165.000000	1485.000000	0.000000	3
E4	NKD	20230403	1097.500000	1222.500000	0.000000	3
E4	NKD	20230404	110.000000	1722.500000	1612.500000	3
E4	NKD	20230405	672.500000	2222.500000	2887.500000	3
E4	NKD	20230406	510.000000	1247.500000	0.000000	3
E4	NKD	20230407	10.000000	1047.500000	0.000000	3
E4	NKD	20230410	-340.000000	1710.000000	0.000000	3
E4	NKD	20230411	860.000000	1297.500000	0.000000	3
E4	NKD	20230412	-377.500000	1872.500000	1637.500000	3
E4	NKD	20230413	197.500000	2860.000000	3425.000000	3
E4	NKD	20230414	722.500000	1460.000000	0.000000	3
E4	NKD	20230417	-102.500000	1297.500000	0.000000	3
E4	NKD	20230418	710.000000	1210.000000	0.000000	3
E4	NKD	20230419	297.500000	1410.000000	0.000000	3
E4	NKD	20230420	235.000000	1735.000000	0.000000	3
E4	NKD	20230421	197.500000	2022.500000	0.000000	3
E4	NKD	20230424	-152.500000	822.500000	0.000000	3
E4	NKD	20230425	160.000000	2072.500000	0.000000	3
E4	NKD	20230426	297.500000	1585.000000	0.000000	3
E4	NKD	20230427	-315.000000	2247.500000	1787.500000	3
E4	NKD	20230428	-890.000000	3435.000000	1525.000000	3
E4	NKD	20230501	22.500000	1310.000000	0.000000	3
E4	NKD	20230502	310.000000	2622.500000	2750.000000	3
E4	NKD	20230503	1122.500000	2097.500000	0.000000	3
E4	NKD	20230504	72.500000	1422.500000	0.000000	3
E4	NKD	20230505	47.500000	2260.000000	2175.000000	3
E4	NKD	20230508	-165.000000	1335.000000	0.000000	3
E4	NKD	20230509	-265.000000	1635.000000	0.000000	3
E4	NKD	20230510	1085.000000	1447.500000	0.000000	3
E4	NKD	20230511	-90.000000	1347.500000	0.000000	3
E4	NKD	20230512	185.000000	2347.500000	0.000000	3
E4	NKD	20230515	-977.500000	1972.500000	0.000000	3
E4	NKD	20230516	710.000000	1135.000000	0.000000	3
E4	NKD	20230517	-490.000000	2810.000000	2525.000000	3
E4	NKD	20230518	797.500000	2785.000000	2500.000000	3
E4	NKD	20230519	1510.000000	2272.500000	0.000000	3
E4	NKD	20230522	-445.000000	2560.000000	2025.000000	4
E4	NKD	20230523	935.000000	4310.000000	4450.000000	3
E4	NKD	20230524	285.000000	2585.000000	0.000000	3
E4	NKD	20230525	-102.500000	3047.500000	3587.500000	3
E4	NKD	20230526	-440.000000	3385.000000	3175.000000	3
E4	NKD	20230529	260.000000	2897.500000	2500.000000	3
E4	NKD	20230530	-127.500000	3460.000000	3600.000000	3
E4	NKD	20230531	722.500000	2210.000000	1775.000000	3
E4	NKD	20230601	-102.500000	3485.000000	4487.500000	3
E4	NKD	20230602	-390.000000	3435.000000	2762.500000	3
E4	NKD	20230605	-1182.500000	5310.000000	4700.000000	4
E4	NKD	20230606	135.000000	4160.000000	1950.000000	3
E4	NKD	20230607	610.000000	5322.500000	5300.000000	3
E4	NKD	20230608	-1465.000000	3510.000000	5162.500000	3
E4	NKD	20230609	-102.500000	3385.000000	3475.000000	3
E4	NKD	20230612	210.000000	1860.000000	1862.500000	3
E4	NKD	20230613	-190.000000	3997.500000	3887.500000	3
E4	NKD	20230614	1022.500000	4122.500000	4400.000000	3
E4	NKD	20230615	-640.000000	4622.500000	4150.000000	3
E4	NKD	20230616	-90.000000	4735.000000	4800.000000	3
E4	NKD	20230619	-582.500000	3022.500000	4187.500000	4
E4	NKD	20230620	1347.500000	2785.000000	3475.000000	3
E4	NKD	20230621	10.000000	3560.000000	4212.500000	3
E4	NKD	20230622	-265.000000	3797.500000	3875.000000	3
E4	NKD	20230623	1660.000000	5847.500000	5537.500000	3
E4	NKD	20230626	1460.000000	2635.000000	4175.000000	3
E4	NKD	20230627	1472.500000	3010.000000	3900.000000	3
E4	NKD	20230628	-177.500000	3285.000000	3087.500000	3
E4	NKD	20230629	1647.500000	2547.500000	1500.000000	3
E4	NKD	20230630	-127.500000	2272.500000	2737.500000	3
E4	SI	20230103	-757.500000	6122.500000	5425.000000	4
E4	SI	20230104	-602.500000	5522.500000	5625.000000	3
E4	SI	20230105	822.500000	3797.500000	4625.000000	3
E4	SI	20230106	10.000000	3397.500000	4100.000000	3
E4	SI	20230109	-90.000000	3910.000000	4175.000000	3
E4	SI	20230110	1022.500000	2247.500000	1725.000000	3
E4	SI	20230111	1660.000000	3597.500000	4237.500000	3
E4	SI	20230112	147.500000	3385.000000	5187.500000	3
E4	SI	20230113	-465.000000	4972.500000	3525.000000	3
E4	SI	20230116	260.000000	3710.000000	2912.500000	3
E4	SI	20230117	-52.500000	3047.500000	1687.500000	3
E4	SI	20230118	-315.000000	6285.000000	7050.000000	3
E4	SI	20230119	-95.000000	5022.500000	5862.500000	4
E4	SI	20230120	2205.000000	2617.500000	1575.000000	4
E4	SI	20230123	4142.500000	5105.000000	10425.000000	4
E4	SI	20230124	385.000000	3622.500000	2725.000000	3
E4	SI	20230125	-65.000000	4135.000000	4112.500000	3
E4	SI	20230126	935.000000	3035.000000	2975.000000	3
E4	SI	20230127	635.000000	2792.500000	3975.000000	3
E4	SI	20230130	1035.000000	2147.500000	0.000000	3
E4	SI	20230131	-852.500000	6010.000000	3650.000000	3
E4	SI	20230201	-757.500000	4435.000000	4962.500000	4
E4	SI	20230202	197.500000	7510.000000	7062.500000	3
E4	SI	20230203	-295.000000	6585.000000	7150.000000	4
E4	SI	20230206	-377.500000	3072.500000	2050.000000	3
E4	SI	20230207	2122.500000	2230.000000	1962.500000	3
E4	SI	20230208	210.000000	2110.000000	1787.500000	3
E4	SI	20230209	-1077.500000	4272.500000	4650.000000	3
E4	SI	20230210	85.000000	3242.500000	3925.000000	3
E4	SI	20230213	810.000000	2022.500000	0.000000	3
E4	SI	20230214	510.000000	2447.500000	4075.000000	3
E4	SI	20230215	-702.500000	2560.000000	2300.000000	3
E4	SI	20230216	1135.000000	1997.500000	1850.000000	3
E4	SI	20230217	-290.000000	4710.000000	4387.500000	3
E4	SI	20230220	760.000000	1860.000000	1725.000000	3
E4	SI	20230221	772.500000	1422.500000	1662.500000	3
E4	SI	20230222	460.000000	2747.500000	2062.500000	3
E4	SI	20230223	97.500000	2622.500000	1950.000000	3
E4	SI	20230224	-570.000000	2967.500000	1712.500000	4
E4	SI	20230227	-465.000000	2467.500000	1500.000000	3
E4	SI	20230228	597.500000	2822.500000	3250.000000	3
E4	SI	20230301	760.000000	2310.000000	1550.000000	3
E4	SI	20230302	1147.500000	2410.000000	0.000000	3
E4	SI	20230303	-527.500000	3155.000000	2287.500000	3
E4	SI	20230306	85.000000	1460.000000	0.000000	3
E4	SI	20230307	-1090.000000	5292.500000	5400.000000	3
E4	SI	20230308	185.000000	1697.500000	0.000000	3
E4	SI	20230309	285.000000	1910.000000	1625.000000	3
E4	SI	20230310	647.500000	3855.000000	4475.000000	3
E4	SI	20230313	760.000000	6847.500000	6850.000000	3
E4	SI	20230314	1060.000000	3135.000000	3625.000000	3
E4	SI	20230315	-140.000000	4647.500000	4312.500000	3
E4	SI	20230316	1072.500000	3747.500000	4275.000000	3
E4	SI	20230317	-1252.500000	5947.500000	4350.000000	3
E4	SI	20230320	910.000000	4185.000000	4750.000000	3
E4	SI	20230321	1872.500000	2072.500000	1500.000000	3
E4	SI	20230322	-1782.500000	4385.000000	5137.500000	4
E4	SI	20230323	1460.000000	2835.000000	3500.000000	3
E4	SI	20230324	835.000000	2972.500000	3825.000000	3
E4	SI	20230327	635.000000	2985.000000	0.000000	3
E4	SI	20230328	1460.000000	3322.500000	4062.500000	3
E4	SI	20230329	-65.000000	2260.000000	1512.500000	3
E4	SI	20230330	-165.000000	4522.500000	3637.500000	3
E4	SI	20230331	722.500000	2222.500000	1850.000000	3
E4	SI	20230403	-1415.000000	4847.500000	2750.000000	3
E4	SI	20230404	-327.500000	6672.500000	6412.500000	3
E4	SI	20230405	47.500000	2535.000000	3262.500000	3
E4	SI	20230406	822.500000	3247.500000	2312.500000	3
E4	SI	20230410	-40.000000	3072.500000	3512.500000	3
E4	SI	20230411	122.500000	1785.000000	0.000000	3
E4	SI	20230412	1397.500000	4935.000000	6050.000000	3
E4	SI	20230413	97.500000	2510.000000	3462.500000	3
E4	SI	20230414	-157.500000	5535.000000	4287.500000	4
E4	SI	20230417	580.000000	3235.000000	4400.000000	4
E4	SI	20230418	1235.000000	1585.000000	2000.000000	3
E4	SI	20230419	-520.000000	5610.000000	5900.000000	4
E4	SI	20230420	-707.500000	3522.500000	3675.000000	4
E4	SI	20230421	210.000000	2872.500000	2425.000000	3
E4	SI	20230424	-15.000000	3597.500000	1825.000000	3
E4	SI	20230425	-602.500000	4860.000000	4450.000000	3
E4	SI	20230426	747.500000	2222.500000	3537.500000	3
E4	SI	20230427	1647.500000	3260.000000	2675.000000	3
E4	SI	20230428	-40.000000	2697.500000	1600.000000	3
E4	SI	20230501	1885.000000	6372.500000	8387.500000	3
E4	SI	20230502	-420.000000	5272.500000	6662.500000	4
E4	SI	20230503	-777.500000	3247.500000	1550.000000	3
E4	SI	20230504	897.500000	4460.000000	4700.000000	3
E4	SI	20230505	2422.500000	3460.000000	6325.000000	3
E4	SI	20230508	247.500000	1947.500000	0.000000	3
E4	SI	20230509	697.500000	2772.500000	3275.000000	3
E4	SI	20230510	560.000000	3810.000000	4987.500000	3
E4	SI	20230511	-540.000000	7360.000000	5687.500000	3
E4	SI	20230512	-512.500000	2722.500000	2475.000000	5
E4	SI	20230515	1197.500000	2297.500000	0.000000	3
E4	SI	20230516	310.000000	2835.000000	3762.500000	3
E4	SI	20230517	72.500000	1422.500000	1700.000000	3
E4	SI	20230518	547.500000	1872.500000	1912.500000	3
E4	SI	20230519	785.000000	2985.000000	4550.000000	3
E4	SI	20230522	-240.000000	2772.500000	1512.500000	3
E4	SI	20230523	410.000000	3947.500000	2887.500000	3
E4	SI	20230524	372.500000	3072.500000	2575.000000	3
E4	SI	20230525	322.500000	2622.500000	3637.500000	3
E4	SI	20230526	-665.000000	3560.000000	4487.500000	3
E4	SI	20230529	347.500000	1397.500000	0.000000	3
E4	SI	20230530	97.500000	3160.000000	3787.500000	3
E4	SI	20230531	1647.500000	3022.500000	2025.000000	3
E4	SI	20230601	1485.000000	4060.000000	3225.000000	3
E4	SI	20230602	-152.500000	2510.000000	0.000000	3
E4	SI	20230605	360.000000	2122.500000	2325.000000	3
E4	SI	20230606	422.500000	2622.500000	2275.000000	3
E4	SI	20230607	-440.000000	4085.000000	3275.000000	3
E4	SI	20230608	122.500000	3972.500000	4725.000000	3
E4	SI	20230609	1022.500000	1810.000000	1675.000000	3
E4	SI	20230612	560.000000	2372.500000	1725.000000	3
E4	SI	20230613	10.000000	4560.000000	3962.500000	3
E4	SI	20230614	797.500000	1860.000000	1525.000000	3
E4	SI	20230615	372.500000	6572.500000	6075.000000	3
E4	SI	20230616	897.500000	2647.500000	3500.000000	3
E4	SI	20230619	172.500000	1385.000000	0.000000	3
E4	SI	20230620	-252.500000	4860.000000	4037.500000	3
E4	SI	20230621	-752.500000	2560.000000	4337.500000	3
E4	SI	20230622	-1370.000000	3122.500000	1600.000000	4
E4	SI	20230623	1247.500000	2085.000000	2337.500000	3
E4	SI	20230626	-140.000000	3072.500000	3575.000000	3
E4	SI	20230627	1010.000000	2410.000000	1700.000000	3
E4	SI	20230628	72.500000	2310.000000	0.000000	3
E4	SI	20230629	997.500000	2697.500000	3837.500000	3
E4	SI	20230630	-127.500000	3347.500000	4050.000000	3
E5	HG	20230703	1003.750000	1135.000000	0.000000	3
E5	HG	20230704	216.250000	735.000000	0.000000	3
E5	HG	20230705	503.750000	1816.250000	0.000000	3
E5	HG	20230706	641.250000	1516.250000	0.000000	3
E5	HG	20230707	603.750000	1710.000000	0.000000	3
E5	HG	20230710	-233.750000	2053.750000	0.000000	3
E5	HG	20230711	566.250000	1360.000000	0.000000	3
E5	HG	20230712	-208.750000	2672.500000	1512.500000	3
E5	HG	20230713	172.500000	2866.250000	3368.750000	3
E5	HG	20230714	-777.500000	1741.250000	0.000000	3
E5	HG	20230717	-258.750000	2872.500000	2600.000000	3
E5	HG	20230718	-390.000000	2010.000000	0.000000	3
E5	HG	20230719	-171.250000	2003.750000	0.000000	3
E5	HG	20230720	78.750000	3028.750000	1581.250000	3
E5	HG	20230721	453.750000	1928.750000	0.000000	3
E5	HG	20230724	235.000000	2647.500000	1512.500000	3
E5	HG	20230725	203.750000	2122.500000	2150.000000	3
E5	HG	20230726	-252.500000	1647.500000	0.000000	3
E5	HG	20230727	647.500000	2653.750000	0.000000	3
E5	HG	20230728	-640.000000	2428.750000	0.000000	3
E5	HG	20230731	-15.000000	3685.000000	1581.250000	3
E5	HG	20230801	291.250000	2922.500000	1712.500000	3
E5	HG	20230802	66.250000	2478.750000	1537.500000	3
E5	HG	20230803	-415.000000	2810.000000	2000.000000	3
E5	HG	20230804	22.500000	2528.750000	2556.250000	3
E5	HG	20230807	72.500000	1653.750000	0.000000	3
E5	HG	20230808	-758.750000	3441.250000	2831.250000	3
E5	HG	20230809	-690.000000	2572.500000	1575.000000	3
E5	HG	20230810	-171.250000	2872.500000	2118.750000	3
E5	HG	20230811	210.000000	2235.000000	0.000000	3
E5	HG	20230814	-177.500000	2197.500000	0.000000	3
E5	HG	20230815	-615.000000	2847.500000	2306.250000	3
E5	HG	20230816	-58.750000	2166.250000	0.000000	3
E5	HG	20230817	-40.000000	2285.000000	2112.500000	3
E5	HG	20230818	-371.250000	2278.750000	0.000000	3
E5	HG	20230821	78.750000	1572.500000	0.000000	3
E5	HG	20230822	353.750000	1891.250000	1537.500000	3
E5	HG	20230823	372.500000	1466.250000	0.000000	3
E5	HG	20230824	266.250000	1322.500000	0.000000	3
E5	HG	20230825	503.750000	1835.000000	0.000000	3
E5	HG	20230828	272.500000	1378.750000	0.000000	3
E5	HG	20230829	603.750000	2016.250000	0.000000	3
E5	HG	20230830	216.250000	1203.750000	0.000000	3
E5	HG	20230831	-27.500000	1566.250000	0.000000	3
E5	HG	20230901	-96.250000	2916.250000	0.000000	3
E5	HG	20230904	135.000000	1341.250000	0.000000	3
E5	HG	20230905	541.250000	1728.750000	0.000000	3
E5	HG	20230906	960.000000	1710.000000	0.000000	3
E5	HG	20230907	310.000000	1247.500000	0.000000	3
E5	HG	20230908	-33.750000	1472.500000	0.000000	3
E5	HG	20230911	316.250000	2485.000000	1900.000000	3
E5	HG	20230912	435.000000	1010.000000	0.000000	3
E5	HG	20230913	-40.000000	1910.000000	0.000000	3
E5	HG	20230914	1135.000000	1872.500000	0.000000	3
E5	HG	20230915	735.000000	1235.000000	0.000000	3
E5	HG	20230918	-90.000000	1385.000000	0.000000	3
E5	HG	20230919	378.750000	1560.000000	0.000000	3
E5	HG	20230920	53.750000	1772.500000	0.000000	3
E5	HG	20230921	472.500000	2935.000000	3162.500000	3
E5	HG	20230922	-565.000000	2278.750000	0.000000	3
E5	HG	20230925	878.750000	1347.500000	0.000000	3
E5	HG	20230926	1266.250000	1566.250000	0.000000	3
E5	HG	20230927	653.750000	791.250000	0.000000	3
E5	HG	20230928	-290.000000	2666.250000	0.000000	3
E5	HG	20230929	-271.250000	2460.000000	1518.750000	3
E5	HG	20231002	466.250000	2753.750000	1612.500000	3
E5	HG	20231003	428.750000	1878.750000	1618.750000	3
E5	HG	20231004	1460.000000	1847.500000	0.000000	3
E5	HG	20231005	753.750000	1653.750000	0.000000	3
E5	HG	20231006	1453.750000	3010.000000	0.000000	3
E5	HG	20231009	316.250000	1535.000000	0.000000	3
E5	HG	20231010	47.500000	2572.500000	1631.250000	3
E5	HG	20231011	-15.000000	1616.250000	0.000000	3
E5	HG	20231012	1047.500000	2078.750000	0.000000	3
E5	HG	20231013	453.750000	1353.750000	0.000000	3
E5	HG	20231016	722.500000	1235.000000	0.000000	3
E5	HG	20231017	291.250000	1997.500000	0.000000	3
E5	HG	20231018	491.250000	1853.750000	0.000000	3
E5	HG	20231019	535.000000	1260.000000	0.000000	3
E5	HG	20231020	-102.500000	1491.250000	0.000000	3
E5	HG	20231023	-15.000000	2260.000000	0.000000	3
E5	HG	20231024	-15.000000	2847.500000	0.000000	3
E5	HG	20231025	153.750000	1685.000000	0.000000	3
E5	HG	20231026	235.000000	922.500000	0.000000	3
E5	HG	20231027	178.750000	1685.000000	0.000000	3
E5	HG	20231030	72.500000	2410.000000	1537.500000	3
E5	HG	20231031	728.750000	1253.750000	0.000000	3
E5	HG	20231101	216.250000	1628.750000	0.000000	3
E5	HG	20231102	335.000000	1597.500000	0.000000	3
E5	HG	20231103	716.250000	1778.750000	0.000000	3
E5	HG	20231106	347.500000	1310.000000	0.000000	3
E5	HG	20231107	-96.250000	2053.750000	0.000000	3
E5	HG	20231108	597.500000	2266.250000	0.000000	3
E5	HG	20231109	391.250000	1547.500000	0.000000	3
E5	HG	20231110	228.750000	1516.250000	0.000000	3
E5	HG	20231113	10.000000	2497.500000	0.000000	3
E5	HG	20231114	1085.000000	1453.750000	1512.500000	3
E5	HG	20231115	710.000000	1535.000000	0.000000	3
E5	HG	20231116	335.000000	2010.000000	0.000000	3
E5	HG	20231117	91.250000	1785.000000	1600.000000	3
E5	HG	20231120	316.250000	2391.250000	0.000000	3
E5	HG	20231121	241.250000	1403.750000	0.000000	3
E5	HG	20231122	978.750000	1347.500000	0.000000	3
E5	HG	20231123	141.250000	1210.000000	0.000000	3
E5	HG	20231124	122.500000	1316.250000	0.000000	3
E5	HG	20231127	3.750000	1028.750000	0.000000	3
E5	HG	20231128	103.750000	2003.750000	0.000000	3
E5	HG	20231129	228.750000	1503.750000	0.000000	3
E5	HG	20231130	266.250000	1928.750000	0.000000	3
E5	HG	20231201	278.750000	2135.000000	0.000000	3
E5	HG	20231204	-533.750000	3491.250000	0.000000	3
E5	HG	20231205	85.000000	1885.000000	0.000000	3
E5	HG	20231206	-258.750000	3353.750000	2362.500000	3
E5	HG	20231207	-40.000000	1760.000000	0.000000	3
E5	HG	20231208	635.000000	1910.000000	0.000000	3
E5	HG	20231211	3.750000	1385.000000	0.000000	3
E5	HG	20231212	778.750000	1035.000000	0.000000	3
E5	HG	20231213	-402.500000	2785.000000	0.000000	3
E5	HG	20231214	153.750000	2278.750000	0.000000	3
E5	HG	20231215	-252.500000	2035.000000	1637.500000	3
E5	HG	20231218	78.750000	1578.750000	0.000000	3
E5	HG	20231219	1116.250000	2016.250000	0.000000	3
E5	HG	20231220	-877.500000	2247.500000	0.000000	3
E5	HG	20231221	66.250000	1960.000000	0.000000	3
E5	HG	20231222	228.750000	1547.500000	0.000000	3
E5	HG	20231226	3.750000	1416.250000	0.000000	3
E5	HG	20231227	222.500000	1722.500000	0.000000	3
E5	HG	20231228	253.750000	1616.250000	0.000000	3
E5	HG	20231229	235.000000	1435.000000	0.000000	3
E5	NKD	20230703	597.500000	1860.000000	0.000000	3
E5	NKD	20230704	-277.500000	1872.500000	1687.500000	3
E5	NKD	20230705	197.500000	2922.500000	3700.000000	3
E5	NKD	20230706	510.000000	3097.500000	4137.500000	3
E5	NKD	20230707	2860.000000	3160.000000	4487.500000	3
E5	NKD	20230710	635.000000	3210.000000	3900.000000	3
E5	NKD	20230711	235.000000	2460.000000	1962.500000	3
E5	NKD	20230712	1347.500000	3922.500000	5337.500000	3
E5	NKD	20230713	185.000000	4110.000000	4337.500000	3
E5	NKD	20230714	-1190.000000	4010.000000	5112.500000	3
E5	NKD	20230717	322.500000	2485.000000	1637.500000	3
E5	NKD	20230718	-152.500000	3385.000000	4175.000000	3
E5	NKD	20230719	-127.500000	2610.000000	1950.000000	3
E5	NKD	20230720	-665.000000	3197.500000	2787.500000	3
E5	NKD	20230721	960.000000	3022.500000	4537.500000	3
E5	NKD	20230724	997.500000	2260.000000	1662.500000	3
E5	NKD	20230725	772.500000	935.000000	0.000000	3
E5	NKD	20230726	360.000000	1510.000000	1537.500000	3
E5	NKD	20230727	-327.500000	6060.000000	3987.500000	3
E5	NKD	20230728	1122.500000	6110.000000	6887.500000	3
E5	NKD	20230731	835.000000	1360.000000	1950.000000	3
E5	NKD	20230801	60.000000	1747.500000	1600.000000	3
E5	NKD	20230802	510.000000	5597.500000	4637.500000	3
E5	NKD	20230803	847.500000	3597.500000	4675.000000	3
E5	NKD	20230804	1022.500000	3510.000000	3700.000000	3
E5	NKD	20230807	-477.500000	3322.500000	2775.000000	3
E5	NKD	20230808	97.500000	2335.000000	3150.000000	3
E5	NKD	20230809	760.000000	1310.000000	0.000000	3
E5	NKD	20230810	-740.000000	3997.500000	4675.000000	3
E5	NKD	20230811	147.500000	1260.000000	0.000000	3
E5	NKD	20230814	197.500000	3660.000000	2950.000000	3
E5	NKD	20230815	-15.000000	2522.500000	2050.000000	3
E5	NKD	20230816	-77.500000	2060.000000	0.000000	3
E5	NKD	20230817	-727.500000	4172.500000	2000.000000	3
E5	NKD	20230818	360.000000	2047.500000	1600.000000	3
E5	NKD	20230821	935.000000	2785.000000	1887.500000	3
E5	NKD	20230822	-102.500000	2510.000000	1687.500000	3
E5	NKD	20230823	-490.000000	3485.000000	1887.500000	3
E5	NKD	20230824	-302.500000	3522.500000	3087.500000	3
E5	NKD	20230825	-215.000000	2835.000000	1525.000000	3
E5	NKD	20230828	-127.500000	2572.500000	1725.000000	3
E5	NKD	20230829	-2.500000	1997.500000	1512.500000	3
E5	NKD	20230830	1272.500000	2422.500000	1837.500000	3
E5	NKD	20230831	335.000000	2410.000000	3100.000000	3
E5	NKD	20230901	560.000000	1710.000000	1937.500000	3
E5	NKD	20230904	-427.500000	2047.500000	1887.500000	3
E5	NKD	20230905	622.500000	1722.500000	1725.000000	3
E5	NKD	20230906	572.500000	1610.000000	0.000000	3
E5	NKD	20230907	335.000000	2035.000000	0.000000	3
E5	NKD	20230908	872.500000	2622.500000	1825.000000	3
E5	NKD	20230911	572.500000	2547.500000	0.000000	3
E5	NKD	20230912	385.000000	2172.500000	1787.500000	3
E5	NKD	20230913	447.500000	1922.500000	0.000000	3
E5	NKD	20230914	-727.500000	3097.500000	1950.000000	3
E5	NKD	20230915	310.000000	2435.000000	1725.000000	3
E5	NKD	20230918	135.000000	1097.500000	0.000000	3
E5	NKD	20230919	822.500000	1347.500000	0.000000	3
E5	NKD	20230920	160.000000	2585.000000	0.000000	3
E5	NKD	20230921	-640.000000	3885.000000	3500.000000	3
E5	NKD	20230922	-515.000000	2447.500000	0.000000	3
E5	NKD	20230925	385.000000	2797.500000	1775.000000	3
E5	NKD	20230926	-15.000000	3147.500000	1675.000000	3
E5	NKD	20230927	-40.000000	3035.000000	2575.000000	3
E5	NKD	20230928	1360.000000	3122.500000	4025.000000	3
E5	NKD	20230929	1410.000000	3635.000000	3487.500000	3
E5	NKD	20231002	-240.000000	4710.000000	2900.000000	3
E5	NKD	20231003	35.000000	5185.000000	3662.500000	3
E5	NKD	20231004	-352.500000	4435.000000	2550.000000	3
E5	NKD	20231005	660.000000	3497.500000	4125.000000	3
E5	NKD	20231006	297.500000	3460.000000	4200.000000	3
E5	NKD	20231009	710.000000	2435.000000	1675.000000	3
E5	NKD	20231010	1085.000000	3572.500000	2837.500000	3
E5	NKD	20231011	760.000000	1472.500000	0.000000	3
E5	NKD	20231012	10.000000	4860.000000	4487.500000	3
E5	NKD	20231013	197.500000	3872.500000	4012.500000	3
E5	NKD	20231016	535.000000	3222.500000	4087.500000	3
E5	NKD	20231017	422.500000	3022.500000	3850.000000	3
E5	NKD	20231018	547.500000	2847.500000	0.000000	3
E5	NKD	20231019	-465.000000	4035.000000	3825.000000	3
E5	NKD	20231020	1135.000000	3010.000000	1562.500000	3
E5	NKD	20231023	160.000000	3285.000000	4400.000000	3
E5	NKD	20231024	435.000000	4347.500000	5575.000000	3
E5	NKD	20231025	10.000000	3160.000000	1750.000000	3
E5	NKD	20231026	372.500000	3210.000000	3362.500000	3
E5	NKD	20231027	-40.000000	3660.000000	2437.500000	3
E5	NKD	20231030	1372.500000	2460.000000	1675.000000	3
E5	NKD	20231031	-102.500000	4010.000000	4312.500000	3
E5	NKD	20231101	-1115.000000	4072.500000	1575.000000	3
E5	NKD	20231102	-115.000000	2897.500000	2625.000000	3
E5	NKD	20231103	347.500000	2385.000000	2975.000000	3
E5	NKD	20231106	710.000000	1397.500000	0.000000	3
E5	NKD	20231107	-2.500000	3272.500000	3300.000000	3
E5	NKD	20231108	410.000000	2822.500000	3512.500000	3
E5	NKD	20231109	-165.000000	4422.500000	3375.000000	3
E5	NKD	20231110	-302.500000	3960.000000	3775.000000	3
E5	NKD	20231113	222.500000	2872.500000	2437.500000	3
E5	NKD	20231114	-290.000000	3147.500000	2825.000000	3
E5	NKD	20231115	-65.000000	2597.500000	1512.500000	3
E5	NKD	20231116	1622.500000	2010.000000	1962.500000	3
E5	NKD	20231117	360.000000	2247.500000	0.000000	3
E5	NKD	20231120	-52.500000	3497.500000	2525.000000	3
E5	NKD	20231121	572.500000	1235.000000	1500.000000	3
E5	NKD	20231122	435.000000	3097.500000	4212.500000	3
E5	NKD	20231123	122.500000	472.500000	0.000000	3
E5	NKD	20231124	-252.500000	1622.500000	0.000000	3
E5	NKD	20231127	185.000000	2485.000000	0.000000	3
E5	NKD	20231128	835.000000	1660.000000	0.000000	3
E5	NKD	20231129	785.000000	2347.500000	0.000000	3
E5	NKD	20231130	435.000000	2410.000000	0.000000	3
E5	NKD	20231201	1785.000000	1910.000000	0.000000	3
E5	NKD	20231204	797.500000	2772.500000	3862.500000	3
E5	NKD	20231205	372.500000	2410.000000	1800.000000	3
E5	NKD	20231206	-465.000000	3985.000000	2912.500000	3
E5	NKD	20231207	572.500000	4435.000000	4587.500000	3
E5	NKD	20231208	447.500000	3185.000000	1725.000000	3
E5	NKD	20231211	660.000000	2747.500000	1975.000000	3
E5	NKD	20231212	-727.500000	2947.500000	2150.000000	3
E5	NKD	20231213	-552.500000	1935.000000	0.000000	3
E5	NKD	20231214	-302.500000	3410.000000	4150.000000	3
E5	NKD	20231215	110.000000	2622.500000	3812.500000	3
E5	NKD	20231218	1360.000000	1735.000000	1612.500000	3
E5	NKD	20231219	397.500000	5860.000000	5700.000000	3
E5	NKD	20231220	-1390.000000	4060.000000	5037.500000	3
E5	NKD	20231221	372.500000	1922.500000	0.000000	3
E5	NKD	20231222	272.500000	1785.000000	1587.500000	3
E5	NKD	20231226	397.500000	1385.000000	1925.000000	3
E5	NKD	20231227	272.500000	1997.500000	0.000000	3
E5	NKD	20231228	135.000000	1772.500000	0.000000	3
E5	NKD	20231229	435.000000	2360.000000	1712.500000	3
E5	SI	20230703	60.000000	2085.000000	1550.000000	3
E5	SI	20230704	-102.500000	1160.000000	0.000000	3
E5	SI	20230705	510.000000	2610.000000	2762.500000	3
E5	SI	20230706	447.500000	3322.500000	5025.000000	3
E5	SI	20230707	-877.500000	2410.000000	3175.000000	3
E5	SI	20230710	535.000000	2522.500000	2125.000000	3
E5	SI	20230711	422.500000	1810.000000	1775.000000	3
E5	SI	20230712	-15.000000	5922.500000	5125.000000	3
E5	SI	20230713	-240.000000	4372.500000	3587.500000	3
E5	SI	20230714	935.000000	1572.500000	0.000000	3
E5	SI	20230717	1060.000000	1610.000000	1562.500000	3
E5	SI	20230718	547.500000	2097.500000	0.000000	3
E5	SI	20230719	535.000000	1460.000000	0.000000	3
E5	SI	20230720	235.000000	3272.500000	2075.000000	3
E5	SI	20230721	472.500000	2085.000000	0.000000	3
E5	SI	20230724	760.000000	2747.500000	0.000000	3
E5	SI	20230725	372.500000	2160.000000	0.000000	3
E5	SI	20230726	397.500000	2760.000000	2250.000000	3
E5	SI	20230727	510.000000	6210.000000	5787.500000	3
E5	SI	20230728	235.000000	1410.000000	0.000000	3
E5	SI	20230731	-327.500000	3510.000000	3900.000000	3
E5	SI	20230801	847.500000	2010.000000	4550.000000	3
E5	SI	20230802	-365.000000	4947.500000	4250.000000	3
E5	SI	20230803	10.000000	2510.000000	1850.000000	3
E5	SI	20230804	447.500000	2435.000000	1975.000000	3
E5	SI	20230807	-127.500000	3285.000000	3700.000000	3
E5	SI	20230808	-190.000000	2322.500000	2250.000000	3
E5	SI	20230809	-227.500000	2622.500000	0.000000	3
E5	SI	20230810	-165.000000	2272.500000	3450.000000	3
E5	SI	20230811	622.500000	1460.000000	0.000000	3
E5	SI	20230814	1197.500000	2185.000000	1800.000000	3
E5	SI	20230815	22.500000	3260.000000	3600.000000	3
E5	SI	20230816	322.500000	2135.000000	0.000000	3
E5	SI	20230817	110.000000	3435.000000	3462.500000	3
E5	SI	20230818	560.000000	1335.000000	0.000000	3
E5	SI	20230821	-290.000000	3560.000000	5025.000000	3
E5	SI	20230822	-90.000000	1947.500000	0.000000	3
E5	SI	20230823	-365.000000	4285.000000	4150.000000	3
E5	SI	20230824	260.000000	1622.500000	0.000000	3
E5	SI	20230825	1372.500000	2885.000000	2375.000000	3
E5	SI	20230828	460.000000	1597.500000	1500.000000	3
E5	SI	20230829	-152.500000	3822.500000	2875.000000	3
E5	SI	20230830	72.500000	2797.500000	2500.000000	3
E5	SI	20230831	85.000000	1660.000000	1512.500000	3
E5	SI	20230901	-590.000000	4735.000000	3975.000000	3
E5	SI	20230904	-652.500000	2272.500000	1650.000000	3
E5	SI	20230905	135.000000	3797.500000	4275.000000	3
E5	SI	20230906	710.000000	2285.000000	2762.500000	3
E5	SI	20230907	185.000000	1310.000000	0.000000	3
E5	SI	20230908	435.000000	2122.500000	1525.000000	3
E5	SI	20230911	622.500000	1672.500000	1675.000000	3
E5	SI	20230912	947.500000	2585.000000	0.000000	3
E5	SI	20230913	297.500000	1997.500000	1562.500000	3
E5	SI	20230914	2210.000000	3535.000000	3975.000000	3
E5	SI	20230915	897.500000	3385.000000	3312.500000	3
E5	SI	20230918	235.000000	2285.000000	1525.000000	3
E5	SI	20230919	222.500000	2435.000000	1700.000000	3
E5	SI	20230920	1335.000000	3322.500000	1750.000000	3
E5	SI	20230921	1085.000000	3922.500000	5250.000000	3
E5	SI	20230922	22.500000	2122.500000	1900.000000	3
E5	SI	20230925	885.000000	3485.000000	2400.000000	3
E5	SI	20230926	-177.500000	2422.500000	0.000000	3
E5	SI	20230927	460.000000	2510.000000	2100.000000	3
E5	SI	20230928	935.000000	1747.500000	1725.000000	3
E5	SI	20230929	-1277.500000	9185.000000	4800.000000	3
E5	SI	20231002	-802.500000	6860.000000	4587.500000	3
E5	SI	20231003	2785.000000	3260.000000	4450.000000	3
E5	SI	20231004	1960.000000	2847.500000	4950.000000	3
E5	SI	20231005	572.500000	2810.000000	3875.000000	3
E5	SI	20231006	-40.000000	5135.000000	3037.500000	3
E5	SI	20231009	-165.000000	3110.000000	3287.500000	3
E5	SI	20231010	172.500000	2260.000000	1500.000000	3
E5	SI	20231011	472.500000	1735.000000	1550.000000	3
E5	SI	20231012	985.000000	2647.500000	0.000000	3
E5	SI	20231013	385.000000	4297.500000	4025.000000	3
E5	SI	20231016	572.500000	1335.000000	0.000000	3
E5	SI	20231017	1147.500000	2547.500000	4037.500000	3
E5	SI	20231018	-1077.500000	4535.000000	4987.500000	3
E5	SI	20231019	2385.000000	2872.500000	3125.000000	3
E5	SI	20231020	2435.000000	4222.500000	5512.500000	3
E5	SI	20231023	310.000000	2910.000000	3200.000000	3
E5	SI	20231024	35.000000	3960.000000	2737.500000	3
E5	SI	20231025	435.000000	1935.000000	3750.000000	3
E5	SI	20231026	1560.000000	3072.500000	4362.500000	3
E5	SI	20231027	1235.000000	3497.500000	2300.000000	3
E5	SI	20231030	1497.500000	2110.000000	2862.500000	3
E5	SI	20231031	-490.000000	3835.000000	4612.500000	3
E5	SI	20231101	1672.500000	3272.500000	2387.500000	3
E5	SI	20231102	822.500000	2372.500000	2175.000000	3
E5	SI	20231103	110.000000	3310.000000	5650.000000	3
E5	SI	20231106	-315.000000	1922.500000	0.000000	3
E5	SI	20231107	47.500000	2610.000000	3887.500000	3
E5	SI	20231108	785.000000	3260.000000	4137.500000	3
E5	SI	20231109	1597.500000	3447.500000	3850.000000	3
E5	SI	20231110	-302.500000	2572.500000	3150.000000	3
E5	SI	20231113	522.500000	3747.500000	3875.000000	3
E5	SI	20231114	372.500000	4285.000000	4512.500000	3
E5	SI	20231115	-577.500000	2722.500000	3000.000000	3
E5	SI	20231116	1935.000000	3360.000000	4350.000000	3
E5	SI	20231117	-540.000000	4180.000000	2450.000000	3
E5	SI	20231120	847.500000	2485.000000	1925.000000	3
E5	SI	20231121	1397.500000	3810.000000	3637.500000	3
E5	SI	20231122	997.500000	2122.500000	0.000000	3
E5	SI	20231123	322.500000	947.500000	0.000000	3
E5	SI	20231124	660.000000	4147.500000	3725.000000	3
E5	SI	20231127	760.000000	3560.000000	4175.000000	3
E5	SI	20231128	-177.500000	3022.500000	1500.000000	3
E5	SI	20231129	735.000000	2397.500000	2075.000000	3
E5	SI	20231130	235.000000	2222.500000	1525.000000	3
E5	SI	20231201	1185.000000	3160.000000	3225.000000	3
E5	SI	20231204	272.500000	8310.000000	5187.500000	3
E5	SI	20231205	897.500000	3672.500000	4387.500000	3
E5	SI	20231206	-102.500000	2972.500000	1500.000000	3
E5	SI	20231207	947.500000	2335.000000	2137.500000	3
E5	SI	20231208	-740.000000	4835.000000	5512.500000	3
E5	SI	20231211	797.500000	1985.000000	1800.000000	3
E5	SI	20231212	210.000000	2585.000000	2112.500000	3
E5	SI	20231213	6460.000000	7330.000000	6137.500000	3
E5	SI	20231214	647.500000	2197.500000	1950.000000	3
E5	SI	20231215	60.000000	3455.000000	2462.500000	3
E5	SI	20231218	1285.000000	2747.500000	3225.000000	3
E5	SI	20231219	660.000000	1322.500000	1550.000000	3
E5	SI	20231220	-1227.500000	2130.000000	2525.000000	3
E5	SI	20231221	-302.500000	2160.000000	1775.000000	3
E5	SI	20231222	272.500000	3142.500000	2200.000000	3
E5	SI	20231226	760.000000	1810.000000	1800.000000	3
E5	SI	20231227	747.500000	2435.000000	3362.500000	3
E5	SI	20231228	-52.500000	3005.000000	1787.500000	3
E5	SI	20231229	910.000000	3072.500000	4050.000000	3
E6	HG	20240102	103.750000	1342.500000	0.000000	3
E6	HG	20240103	235.000000	1485.000000	0.000000	3
E6	HG	20240104	-308.750000	1767.500000	0.000000	3
E6	HG	20240105	66.250000	2516.250000	1550.000000	3
E6	HG	20240108	347.500000	1653.750000	0.000000	3
E6	HG	20240109	-46.250000	1966.250000	0.000000	3
E6	HG	20240110	522.500000	1472.500000	0.000000	3
E6	HG	20240111	-77.500000	1716.250000	0.000000	3
E6	HG	20240112	-115.000000	2567.500000	1618.750000	3
E6	HG	20240115	316.250000	1147.500000	0.000000	3
E6	HG	20240116	78.750000	1166.250000	0.000000	3
E6	HG	20240117	-283.750000	1535.000000	0.000000	3
E6	HG	20240118	-302.500000	2122.500000	0.000000	3
E6	HG	20240119	166.250000	1516.250000	0.000000	3
E6	HG	20240122	-383.750000	1572.500000	0.000000	3
E6	HG	20240123	97.500000	2078.750000	0.000000	3
E6	HG	20240124	685.000000	2297.500000	2287.500000	3
E6	HG	20240125	22.500000	1285.000000	0.000000	3
E6	HG	20240126	-746.250000	1822.500000	0.000000	3
E6	HG	20240129	-152.500000	1897.500000	0.000000	3
E6	HG	20240130	47.500000	2053.750000	0.000000	3
E6	HG	20240131	147.500000	2367.500000	0.000000	3
E6	HG	20240201	-102.500000	1417.500000	0.000000	3
E6	HG	20240202	-215.000000	2010.000000	0.000000	3
E6	HG	20240205	128.750000	1636.250000	1693.750000	3
E6	HG	20240206	372.500000	1022.500000	0.000000	3
E6	HG	20240207	-65.000000	1897.500000	0.000000	3
E6	HG	20240208	172.500000	1753.750000	1831.250000	3
E6	HG	20240209	828.750000	1128.750000	0.000000	3
E6	HG	20240212	-296.250000	1753.750000	0.000000	3
E6	HG	20240213	-21.250000	1697.500000	0.000000	3
E6	HG	20240214	-40.000000	1322.500000	0.000000	3
E6	HG	20240215	-52.500000	1416.250000	0.000000	3
E6	HG	20240216	441.250000	1516.250000	1693.750000	3
E6	HG	20240219	153.750000	703.750000	0.000000	3
E6	HG	20240220	203.750000	1697.500000	0.000000	3
E6	HG	20240221	397.500000	1178.750000	0.000000	3
E6	HG	20240222	366.250000	1585.000000	0.000000	3
E6	HG	20240223	528.750000	1641.250000	0.000000	3
E6	HG	20240226	-121.250000	1260.000000	0.000000	3
E6	HG	20240227	28.750000	1160.000000	0.000000	3
E6	HG	20240228	-140.000000	1053.750000	0.000000	3
E6	HG	20240229	-46.250000	1342.500000	0.000000	3
E6	HG	20240301	372.500000	1222.500000	0.000000	3
E6	HG	20240304	410.000000	1428.750000	0.000000	3
E6	HG	20240305	-133.750000	1535.000000	0.000000	3
E6	HG	20240306	803.750000	1072.500000	0.000000	3
E6	HG	20240307	-833.750000	1828.750000	0.000000	3
E6	HG	20240308	522.500000	1610.000000	0.000000	3
E6	HG	20240311	-177.500000	1353.750000	0.000000	3
E6	HG	20240312	966.250000	1453.750000	0.000000	3
E6	HG	20240313	-1108.750000	3428.750000	0.000000	3
E6	HG	20240314	560.000000	2166.250000	0.000000	3
E6	HG	20240315	247.500000	2991.250000	1837.500000	3
E6	HG	20240318	441.250000	1691.250000	0.000000	3
E6	HG	20240319	-133.750000	1928.750000	0.000000	3
E6	HG	20240320	-277.500000	2491.250000	1512.500000	3
E6	HG	20240321	560.000000	2035.000000	0.000000	3
E6	HG	20240322	766.250000	1972.500000	0.000000	3
E6	HG	20240325	885.000000	1697.500000	0.000000	3
E6	HG	20240326	403.750000	1741.250000	0.000000	3
E6	HG	20240327	3.750000	1778.750000	0.000000	3
E6	HG	20240328	316.250000	1660.000000	0.000000	3
E6	HG	20240401	616.250000	1441.250000	0.000000	3
E6	HG	20240402	410.000000	1397.500000	0.000000	3
E6	HG	20240403	-277.500000	4428.750000	1706.250000	3
E6	HG	20240404	803.750000	1428.750000	0.000000	3
E6	HG	20240405	491.250000	2416.250000	1637.500000	3
E6	HG	20240408	-208.750000	3972.500000	3812.500000	3
E6	HG	20240409	278.750000	2491.250000	1800.000000	3
E6	HG	20240410	372.500000	2260.000000	0.000000	3
E6	HG	20240411	1622.500000	1797.500000	0.000000	3
E6	HG	20240412	1410.000000	3428.750000	3325.000000	3
E6	HG	20240415	661.250000	3903.750000	4525.000000	4
E6	HG	20240416	222.500000	2435.000000	0.000000	3
E6	HG	20240417	1253.750000	2097.500000	1656.250000	3
E6	HG	20240418	-402.500000	3778.750000	4356.250000	3
E6	HG	20240419	1103.750000	2403.750000	0.000000	3
E6	HG	20240422	247.500000	3422.500000	3243.750000	3
E6	HG	20240423	491.250000	3147.500000	0.000000	3
E6	HG	20240424	366.250000	2472.500000	1743.750000	3
E6	HG	20240425	297.500000	3178.750000	2281.250000	3
E6	HG	20240426	735.000000	2785.000000	1712.500000	3
E6	HG	20240429	116.250000	2866.250000	1650.000000	3
E6	HG	20240430	-433.750000	3722.500000	2975.000000	3
E6	HG	20240501	-515.000000	1835.000000	1500.000000	3
E6	HG	20240502	-2.500000	3341.250000	2750.000000	3
E6	HG	20240503	866.250000	2910.000000	1768.750000	3
E6	HG	20240506	-490.000000	2028.750000	1806.250000	3
E6	HG	20240507	-515.000000	2360.000000	0.000000	3
E6	HG	20240508	-2.500000	2372.500000	1862.500000	3
E6	HG	20240509	16.250000	2728.750000	0.000000	3
E6	HG	20240510	-477.500000	3960.000000	5406.250000	3
E6	HG	20240513	-152.500000	4047.500000	3300.000000	3
E6	HG	20240514	-1865.000000	5403.750000	6618.750000	3
E6	HG	20240515	-1440.000000	10522.500000	6318.750000	3
E6	HG	20240516	1822.500000	4928.750000	5518.750000	3
E6	HG	20240517	-1327.500000	6772.500000	6506.250000	3
E6	HG	20240520	510.000000	5266.250000	5281.250000	3
E6	HG	20240521	703.750000	4760.000000	6600.000000	3
E6	HG	20240522	147.500000	7972.500000	7993.750000	3
E6	HG	20240523	441.250000	4366.250000	2518.750000	3
E6	HG	20240524	872.500000	2060.000000	0.000000	3
E6	HG	20240527	-608.750000	2328.750000	2418.750000	3
E6	HG	20240528	-358.750000	3141.250000	2800.000000	3
E6	HG	20240529	66.250000	3128.750000	3318.750000	3
E6	HG	20240530	760.000000	3910.000000	5281.250000	3
E6	HG	20240531	2228.750000	2678.750000	2456.250000	3
E6	HG	20240603	228.750000	2766.250000	2393.750000	3
E6	HG	20240604	128.750000	3666.250000	4081.250000	3
E6	HG	20240605	403.750000	3441.250000	3812.500000	3
E6	HG	20240606	660.000000	2010.000000	0.000000	3
E6	HG	20240607	-1321.250000	6572.500000	5793.750000	3
E6	HG	20240610	128.750000	3160.000000	3100.000000	3
E6	HG	20240611	22.500000	3872.500000	2412.500000	3
E6	HG	20240612	566.250000	2591.250000	4731.250000	3
E6	HG	20240613	335.000000	3153.750000	4068.750000	3
E6	HG	20240614	1453.750000	2403.750000	1681.250000	3
E6	HG	20240617	41.250000	3453.750000	3637.500000	3
E6	HG	20240618	-1133.750000	4703.750000	5368.750000	3
E6	HG	20240619	135.000000	2897.500000	1906.250000	3
E6	HG	20240620	141.250000	2703.750000	1993.750000	3
E6	HG	20240621	-608.750000	3472.500000	3175.000000	3
E6	HG	20240624	1403.750000	1522.500000	0.000000	3
E6	HG	20240625	122.500000	2128.750000	2093.750000	3
E6	HG	20240626	103.750000	2035.000000	0.000000	3
E6	HG	20240627	-365.000000	2966.250000	1593.750000	3
E6	HG	20240628	-615.000000	3441.250000	3081.250000	3
E6	NKD	20240102	-27.500000	2985.000000	3800.000000	3
E6	NKD	20240103	85.000000	1972.500000	1525.000000	3
E6	NKD	20240104	72.500000	4135.000000	4275.000000	3
E6	NKD	20240105	1547.500000	2085.000000	3087.500000	3
E6	NKD	20240108	-15.000000	3672.500000	3362.500000	3
E6	NKD	20240109	285.000000	2685.000000	3575.000000	3
E6	NKD	20240110	-327.500000	5235.000000	4925.000000	3
E6	NKD	20240111	460.000000	3572.500000	4062.500000	3
E6	NKD	20240112	985.000000	3160.000000	2687.500000	3
E6	NKD	20240115	97.500000	3672.500000	3450.000000	3
E6	NKD	20240116	885.000000	3635.000000	3762.500000	3
E6	NKD	20240117	422.500000	5122.500000	2262.500000	3
E6	NKD	20240118	710.000000	3197.500000	4300.000000	3
E6	NKD	20240119	1435.000000	2460.000000	3750.000000	3
E6	NKD	20240122	260.000000	2122.500000	1962.500000	3
E6	NKD	20240123	985.000000	4372.500000	3262.500000	3
E6	NKD	20240124	685.000000	3097.500000	3337.500000	3
E6	NKD	20240125	-77.500000	2460.000000	2087.500000	3
E6	NKD	20240126	710.000000	3072.500000	3900.000000	3
E6	NKD	20240129	572.500000	2697.500000	1900.000000	3
E6	NKD	20240130	597.500000	2522.500000	3025.000000	3
E6	NKD	20240131	-627.500000	5097.500000	3325.000000	3
E6	NKD	20240201	-1152.500000	4210.000000	2850.000000	3
E6	NKD	20240202	-152.500000	3522.500000	3500.000000	3
E6	NKD	20240205	660.000000	2047.500000	1500.000000	3
E6	NKD	20240206	235.000000	2285.000000	3437.500000	3
E6	NKD	20240207	422.500000	2685.000000	2050.000000	3
E6	NKD	20240208	1197.500000	5197.500000	4950.000000	3
E6	NKD	20240209	-15.000000	3010.000000	1800.000000	3
E6	NKD	20240212	172.500000	2110.000000	2625.000000	3
E6	NKD	20240213	835.000000	6885.000000	3387.500000	3
E6	NKD	20240214	360.000000	2885.000000	3625.000000	3
E6	NKD	20240215	-252.500000	3247.500000	4362.500000	3
E6	NKD	20240216	735.000000	3997.500000	4250.000000	3
E6	NKD	20240219	-177.500000	1672.500000	1625.000000	3
E6	NKD	20240220	1572.500000	2135.000000	4550.000000	3
E6	NKD	20240221	-945.000000	3972.500000	3975.000000	4
E6	NKD	20240222	-1340.000000	4247.500000	2537.500000	3
E6	NKD	20240223	1060.000000	1947.500000	1787.500000	3
E6	NKD	20240226	185.000000	2697.500000	3237.500000	3
E6	NKD	20240227	660.000000	1497.500000	1575.000000	3
E6	NKD	20240228	222.500000	2147.500000	1575.000000	3
E6	NKD	20240229	-515.000000	3985.000000	3637.500000	3
E6	NKD	20240301	1397.500000	5635.000000	6337.500000	3
E6	NKD	20240304	1460.000000	2110.000000	1587.500000	3
E6	NKD	20240305	1197.500000	2822.500000	4487.500000	3
E6	NKD	20240306	347.500000	3410.000000	3737.500000	3
E6	NKD	20240307	1597.500000	7197.500000	7587.500000	3
E6	NKD	20240308	260.000000	5122.500000	5737.500000	3
E6	NKD	20240311	2097.500000	2997.500000	3600.000000	3
E6	NKD	20240312	-302.500000	4797.500000	4512.500000	3
E6	NKD	20240313	-302.500000	4722.500000	4812.500000	3
E6	NKD	20240314	885.000000	3335.000000	2950.000000	3
E6	NKD	20240315	1260.000000	3472.500000	3600.000000	3
E6	NKD	20240318	-1065.000000	4610.000000	5337.500000	3
E6	NKD	20240319	360.000000	4185.000000	4562.500000	3
E6	NKD	20240320	272.500000	2660.000000	3387.500000	3
E6	NKD	20240321	497.500000	3235.000000	3750.000000	3
E6	NKD	20240322	685.000000	1722.500000	3537.500000	3
E6	NKD	20240325	-490.000000	3435.000000	3250.000000	3
E6	NKD	20240326	-452.500000	1960.000000	2012.500000	3
E6	NKD	20240327	1197.500000	2785.000000	2650.000000	3
E6	NKD	20240328	-452.500000	2960.000000	2050.000000	3
E6	NKD	20240401	472.500000	5210.000000	5950.000000	3
E6	NKD	20240402	1622.500000	2485.000000	4500.000000	3
E6	NKD	20240403	472.500000	3422.500000	5212.500000	3
E6	NKD	20240404	-1452.500000	6885.000000	6712.500000	3
E6	NKD	20240405	847.500000	3235.000000	4087.500000	3
E6	NKD	20240408	360.000000	2297.500000	2137.500000	3
E6	NKD	20240409	1897.500000	4497.500000	2162.500000	3
E6	NKD	20240410	35.000000	3160.000000	4787.500000	3
E6	NKD	20240411	2122.500000	5610.000000	5387.500000	3
E6	NKD	20240412	-440.000000	5010.000000	5650.000000	3
E6	NKD	20240415	-102.500000	5810.000000	5387.500000	3
E6	NKD	20240416	360.000000	2722.500000	3350.000000	3
E6	NKD	20240417	-77.500000	6960.000000	6400.000000	3
E6	NKD	20240418	422.500000	4560.000000	4512.500000	3
E6	NKD	20240419	1297.500000	6660.000000	7537.500000	3
E6	NKD	20240422	-665.000000	3985.000000	4750.000000	3
E6	NKD	20240423	-252.500000	3710.000000	2687.500000	3
E6	NKD	20240424	-290.000000	4497.500000	4650.000000	3
E6	NKD	20240425	-815.000000	5785.000000	3900.000000	3
E6	NKD	20240426	1222.500000	4147.500000	5250.000000	3
E6	NKD	20240429	772.500000	2272.500000	4250.000000	3
E6	NKD	20240430	-252.500000	3460.000000	4662.500000	3
E6	NKD	20240501	4272.500000	4472.500000	3712.500000	3
E6	NKD	20240502	885.000000	3260.000000	4837.500000	3
E6	NKD	20240503	247.500000	3135.000000	3875.000000	3
E6	NKD	20240506	-677.500000	2697.500000	2687.500000	3
E6	NKD	20240507	1735.000000	2197.500000	1987.500000	3
E6	NKD	20240508	-15.000000	3397.500000	3025.000000	3
E6	NKD	20240509	-627.500000	3747.500000	2387.500000	3
E6	NKD	20240510	722.500000	3547.500000	3100.000000	3
E6	NKD	20240513	685.000000	1310.000000	1587.500000	3
E6	NKD	20240514	697.500000	2735.000000	2037.500000	3
E6	NKD	20240515	-765.000000	4397.500000	3675.000000	3
E6	NKD	20240516	-277.500000	3872.500000	4137.500000	3
E6	NKD	20240517	1360.000000	2060.000000	1550.000000	3
E6	NKD	20240520	1735.000000	2647.500000	5462.500000	3
E6	NKD	20240521	210.000000	2622.500000	2750.000000	3
E6	NKD	20240522	-627.500000	3522.500000	3200.000000	3
E6	NKD	20240523	-265.000000	5372.500000	5100.000000	3
E6	NKD	20240524	472.500000	2085.000000	3512.500000	3
E6	NKD	20240527	-402.500000	1222.500000	1587.500000	3
E6	NKD	20240528	347.500000	1547.500000	0.000000	3
E6	NKD	20240529	-1277.500000	4710.000000	5387.500000	3
E6	NKD	20240530	2160.000000	3747.500000	4900.000000	3
E6	NKD	20240531	-27.500000	4497.500000	4512.500000	3
E6	NKD	20240603	1035.000000	3347.500000	4300.000000	3
E6	NKD	20240604	1247.500000	2860.000000	2775.000000	3
E6	NKD	20240605	47.500000	3172.500000	3087.500000	3
E6	NKD	20240606	660.000000	2272.500000	1575.000000	3
E6	NKD	20240607	822.500000	1760.000000	1762.500000	3
E6	NKD	20240610	-165.000000	3897.500000	3862.500000	3
E6	NKD	20240611	385.000000	1722.500000	1875.000000	3
E6	NKD	20240612	547.500000	1947.500000	2337.500000	3
E6	NKD	20240613	-482.500000	3560.000000	5037.500000	4
E6	NKD	20240614	447.500000	4060.000000	3625.000000	3
E6	NKD	20240617	572.500000	3997.500000	5675.000000	3
E6	NKD	20240618	360.000000	1560.000000	0.000000	3
E6	NKD	20240619	-415.000000	1897.500000	2400.000000	3
E6	NKD	20240620	497.500000	2747.500000	3762.500000	3
E6	NKD	20240621	622.500000	1860.000000	1987.500000	3
E6	NKD	20240624	122.500000	3060.000000	1712.500000	3
E6	NKD	20240625	-27.500000	3547.500000	3950.000000	3
E6	NKD	20240626	835.000000	2760.000000	2887.500000	3
E6	NKD	20240627	1135.000000	1910.000000	2362.500000	3
E6	NKD	20240628	960.000000	2072.500000	3550.000000	3
E6	SI	20240102	-352.500000	3710.000000	3162.500000	3
E6	SI	20240103	847.500000	3435.000000	4700.000000	3
E6	SI	20240104	147.500000	1885.000000	1912.500000	3
E6	SI	20240105	-165.000000	3042.500000	2737.500000	3
E6	SI	20240108	447.500000	2372.500000	1812.500000	3
E6	SI	20240109	210.000000	2817.500000	1787.500000	3
E6	SI	20240110	660.000000	2022.500000	0.000000	3
E6	SI	20240111	1022.500000	3072.500000	3862.500000	3
E6	SI	20240112	1435.000000	3042.500000	5687.500000	3
E6	SI	20240115	897.500000	1122.500000	0.000000	3
E6	SI	20240116	310.000000	2272.500000	0.000000	3
E6	SI	20240117	-590.000000	3372.500000	1562.500000	3
E6	SI	20240118	-465.000000	2510.000000	1712.500000	3
E6	SI	20240119	435.000000	1880.000000	0.000000	3
E6	SI	20240122	-315.000000	3742.500000	4737.500000	3
E6	SI	20240123	-1177.500000	3247.500000	1937.500000	3
E6	SI	20240124	347.500000	3035.000000	4737.500000	3
E6	SI	20240125	547.500000	2135.000000	1525.000000	3
E6	SI	20240126	85.000000	1597.500000	0.000000	3
E6	SI	20240129	622.500000	2897.500000	2287.500000	3
E6	SI	20240130	960.000000	1847.500000	1862.500000	3
E6	SI	20240131	922.500000	3292.500000	4225.000000	3
E6	SI	20240201	-1227.500000	4910.000000	2475.000000	3
E6	SI	20240202	1360.000000	3172.500000	3100.000000	3
E6	SI	20240205	697.500000	1985.000000	1887.500000	3
E6	SI	20240206	172.500000	1572.500000	0.000000	3
E6	SI	20240207	1135.000000	2260.000000	0.000000	3
E6	SI	20240208	-590.000000	3460.000000	4150.000000	3
E6	SI	20240209	1085.000000	2035.000000	0.000000	3
E6	SI	20240212	-40.000000	3260.000000	4450.000000	3
E6	SI	20240213	-415.000000	4710.000000	4162.500000	3
E6	SI	20240214	-215.000000	2505.000000	1875.000000	3
E6	SI	20240215	135.000000	2622.500000	3725.000000	3
E6	SI	20240216	235.000000	3472.500000	3250.000000	3
E6	SI	20240219	185.000000	2472.500000	1812.500000	3
E6	SI	20240220	-690.000000	1785.000000	0.000000	3
E6	SI	20240221	735.000000	2385.000000	2112.500000	3
E6	SI	20240222	197.500000	2347.500000	2175.000000	3
E6	SI	20240223	710.000000	2897.500000	1950.000000	3
E6	SI	20240226	-795.000000	2185.000000	1987.500000	4
E6	SI	20240227	-765.000000	1585.000000	1500.000000	3
E6	SI	20240228	-15.000000	1222.500000	0.000000	3
E6	SI	20240229	-352.500000	2935.000000	2450.000000	3
E6	SI	20240301	572.500000	3922.500000	3550.000000	3
E6	SI	20240304	35.000000	4597.500000	4525.000000	3
E6	SI	20240305	347.500000	3760.000000	4575.000000	3
E6	SI	20240306	72.500000	2992.500000	2337.500000	3
E6	SI	20240307	535.000000	2347.500000	3337.500000	3
E6	SI	20240308	722.500000	2535.000000	3887.500000	3
E6	SI	20240311	547.500000	1310.000000	0.000000	3
E6	SI	20240312	-240.000000	3422.500000	2825.000000	3
E6	SI	20240313	-727.500000	4572.500000	5712.500000	3
E6	SI	20240314	-690.000000	2735.000000	1750.000000	3
E6	SI	20240315	35.000000	3410.000000	3700.000000	3
E6	SI	20240318	10.000000	2547.500000	1775.000000	3
E6	SI	20240319	1285.000000	2447.500000	1825.000000	3
E6	SI	20240320	-1557.500000	4710.000000	4637.500000	4
E6	SI	20240321	-965.000000	5610.000000	5762.500000	3
E6	SI	20240322	910.000000	3797.500000	2650.000000	3
E6	SI	20240325	247.500000	2572.500000	1625.000000	3
E6	SI	20240326	-165.000000	3597.500000	4262.500000	3
E6	SI	20240327	-690.000000	2385.000000	0.000000	3
E6	SI	20240328	-702.500000	3910.000000	3837.500000	3
E6	SI	20240401	1772.500000	3335.000000	3175.000000	3
E6	SI	20240402	-1515.000000	6435.000000	5800.000000	3
E6	SI	20240403	-515.000000	6535.000000	5137.500000	3
E6	SI	20240404	1585.000000	3610.000000	3000.000000	3
E6	SI	20240405	1597.500000	7522.500000	3500.000000	3
E6	SI	20240408	-1045.000000	7972.500000	5887.500000	4
E6	SI	20240409	1285.000000	4910.000000	5475.000000	3
E6	SI	20240410	130.000000	4260.000000	7187.500000	4
E6	SI	20240411	3422.500000	4822.500000	3662.500000	3
E6	SI	20240412	-1690.000000	13547.500000	10037.500000	3
E6	SI	20240415	672.500000	8347.500000	7787.500000	3
E6	SI	20240416	922.500000	5872.500000	6200.000000	3
E6	SI	20240417	-977.500000	5247.500000	5675.000000	3
E6	SI	20240418	97.500000	4072.500000	4125.000000	3
E6	SI	20240419	1560.000000	5897.500000	7837.500000	3
E6	SI	20240422	-1020.000000	7772.500000	8450.000000	4
E6	SI	20240423	772.500000	5535.000000	6475.000000	3
E6	SI	20240424	1547.500000	2510.000000	2275.000000	3
E6	SI	20240425	3122.500000	3422.500000	5187.500000	3
E6	SI	20240426	-65.000000	4272.500000	5137.500000	3
E6	SI	20240429	2235.000000	3097.500000	4112.500000	3
E6	SI	20240430	297.500000	3960.000000	4512.500000	3
E6	SI	20240501	-940.000000	2547.500000	2837.500000	3
E6	SI	20240502	310.000000	5810.000000	5487.500000	3
E6	SI	20240503	1522.500000	3285.000000	5237.500000	3
E6	SI	20240506	-315.000000	5197.500000	5012.500000	3
E6	SI	20240507	-340.000000	2485.000000	1837.500000	3
E6	SI	20240508	1660.000000	2510.000000	2150.000000	3
E6	SI	20240509	-1545.000000	5422.500000	5250.000000	4
E6	SI	20240510	372.500000	4510.000000	2650.000000	3
E6	SI	20240513	1222.500000	1622.500000	2000.000000	3
E6	SI	20240514	597.500000	3747.500000	4712.500000	3
E6	SI	20240515	-677.500000	7385.000000	7775.000000	3
E6	SI	20240516	1372.500000	4160.000000	3725.000000	3
E6	SI	20240517	472.500000	10660.000000	9175.000000	3
E6	SI	20240520	-852.500000	8710.000000	8275.000000	3
E6	SI	20240521	1797.500000	8722.500000	8837.500000	3
E6	SI	20240522	-27.500000	7585.000000	7125.000000	3
E6	SI	20240523	-1840.000000	6985.000000	6737.500000	3
E6	SI	20240524	797.500000	3785.000000	4787.500000	3
E6	SI	20240527	-857.500000	5972.500000	8500.000000	4
E6	SI	20240528	-1090.000000	6647.500000	5087.500000	3
E6	SI	20240529	617.500000	4672.500000	6262.500000	4
E6	SI	20240530	997.500000	6872.500000	8137.500000	3
E6	SI	20240531	572.500000	9572.500000	11612.500000	3
E6	SI	20240603	-1990.000000	5347.500000	4250.000000	3
E6	SI	20240604	1085.000000	7935.000000	9125.000000	3
E6	SI	20240605	-357.500000	4472.500000	5050.000000	4
E6	SI	20240606	-365.000000	8172.500000	8100.000000	3
E6	SI	20240607	-440.000000	12647.500000	10400.000000	3
E6	SI	20240610	1072.500000	4247.500000	3500.000000	3
E6	SI	20240611	272.500000	5122.500000	5587.500000	3
E6	SI	20240612	947.500000	3335.000000	7562.500000	3
E6	SI	20240613	1405.000000	4972.500000	8775.000000	4
E6	SI	20240614	-1677.500000	4497.500000	5587.500000	3
E6	SI	20240617	997.500000	4660.000000	2737.500000	3
E6	SI	20240618	-840.000000	5535.000000	6037.500000	3
E6	SI	20240619	147.500000	2935.000000	3400.000000	3
E6	SI	20240620	-1652.500000	6447.500000	7412.500000	3
E6	SI	20240621	-1877.500000	7872.500000	7825.000000	3
E6	SI	20240624	1210.000000	1647.500000	0.000000	3
E6	SI	20240625	-240.000000	5210.000000	6062.500000	3
E6	SI	20240626	2585.000000	3322.500000	2462.500000	3
E6	SI	20240627	522.500000	2135.000000	2900.000000	3
E6	SI	20240628	-1040.000000	5110.000000	4387.500000	3
E7	HG	20240701	547.500000	2016.250000	2131.250000	3
E7	HG	20240702	191.250000	2391.250000	2006.250000	3
E7	HG	20240703	97.500000	2828.750000	4906.250000	3
E7	HG	20240704	478.750000	1372.500000	1787.500000	3
E7	HG	20240705	-883.750000	4741.250000	4275.000000	3
E7	HG	20240708	-765.000000	3991.250000	3831.250000	3
E7	HG	20240709	-1277.500000	2328.750000	3075.000000	3
E7	HG	20240710	-208.750000	2691.250000	2700.000000	3
E7	HG	20240711	1385.000000	2591.250000	1900.000000	3
E7	HG	20240712	172.500000	3178.750000	3118.750000	3
E7	HG	20240715	-183.750000	2841.250000	3031.250000	3
E7	HG	20240716	503.750000	2072.500000	2237.500000	3
E7	HG	20240717	216.250000	2003.750000	1712.500000	3
E7	HG	20240718	-33.750000	4616.250000	5175.000000	3
E7	HG	20240719	553.750000	2128.750000	0.000000	3
E7	HG	20240722	903.750000	2647.500000	1993.750000	3
E7	HG	20240723	-883.750000	2591.250000	1887.500000	3
E7	HG	20240724	210.000000	2897.500000	1925.000000	3
E7	HG	20240725	647.500000	3247.500000	3056.250000	3
E7	HG	20240726	928.750000	2303.750000	0.000000	3
E7	HG	20240729	-152.500000	2047.500000	0.000000	3
E7	HG	20240730	616.250000	2578.750000	1687.500000	3
E7	HG	20240731	-227.500000	2885.000000	3587.500000	3
E7	HG	20240801	72.500000	4178.750000	4812.500000	3
E7	HG	20240802	678.750000	2585.000000	1512.500000	3
E7	HG	20240805	1541.250000	7228.750000	6762.500000	3
E7	HG	20240806	1578.750000	3153.750000	2456.250000	3
E7	HG	20240807	491.250000	2641.250000	3081.250000	3
E7	HG	20240808	91.250000	2197.500000	0.000000	3
E7	HG	20240809	247.500000	2935.000000	3068.750000	3
E7	HG	20240812	-1015.000000	2622.500000	3637.500000	3
E7	HG	20240813	672.500000	2041.250000	0.000000	3
E7	HG	20240814	247.500000	2553.750000	1543.750000	3
E7	HG	20240815	-321.250000	2878.750000	3993.750000	3
E7	HG	20240816	60.000000	2735.000000	1556.250000	3
E7	HG	20240819	885.000000	1797.500000	0.000000	3
E7	HG	20240820	-8.750000	2535.000000	1650.000000	3
E7	HG	20240821	-52.500000	2610.000000	0.000000	3
E7	HG	20240822	266.250000	2216.250000	1575.000000	3
E7	HG	20240823	416.250000	1835.000000	0.000000	3
E7	HG	20240826	72.500000	1728.750000	0.000000	3
E7	HG	20240827	822.500000	1666.250000	0.000000	3
E7	HG	20240828	-133.750000	2397.500000	2125.000000	3
E7	HG	20240829	691.250000	2060.000000	1800.000000	3
E7	HG	20240830	1228.750000	2328.750000	0.000000	3
E7	HG	20240902	-290.000000	2266.250000	0.000000	3
E7	HG	20240903	-371.250000	3778.750000	3218.750000	3
E7	HG	20240904	222.500000	2297.500000	0.000000	3
E7	HG	20240905	-58.750000	3241.250000	3187.500000	3
E7	HG	20240906	1222.500000	4160.000000	2050.000000	3
E7	HG	20240909	-333.750000	2472.500000	2237.500000	3
E7	HG	20240910	778.750000	1585.000000	0.000000	3
E7	HG	20240911	-715.000000	2985.000000	3275.000000	3
E7	HG	20240912	1141.250000	1960.000000	1900.000000	3
E7	HG	20240913	1091.250000	1535.000000	0.000000	3
E7	HG	20240916	541.250000	2853.750000	3031.250000	3
E7	HG	20240917	328.750000	1941.250000	0.000000	3
E7	HG	20240918	516.250000	2985.000000	3231.250000	3
E7	HG	20240919	-140.000000	3760.000000	3537.500000	3
E7	HG	20240920	785.000000	2035.000000	0.000000	3
E7	HG	20240923	922.500000	2141.250000	2287.500000	3
E7	HG	20240924	16.250000	4816.250000	4550.000000	3
E7	HG	20240925	910.000000	2753.750000	3525.000000	3
E7	HG	20240926	-1152.500000	4716.250000	4206.250000	3
E7	HG	20240927	735.000000	2028.750000	0.000000	3
E7	HG	20240930	-346.250000	6172.500000	6143.750000	3
E7	HG	20241001	785.000000	2247.500000	3481.250000	3
E7	HG	20241002	53.750000	3722.500000	2150.000000	3
E7	HG	20241003	722.500000	3578.750000	3375.000000	3
E7	HG	20241004	1022.500000	1497.500000	0.000000	3
E7	HG	20241007	1003.750000	2485.000000	1706.250000	3
E7	HG	20241008	410.000000	4316.250000	4300.000000	3
E7	HG	20241009	1278.750000	2566.250000	3950.000000	3
E7	HG	20241010	785.000000	2672.500000	0.000000	3
E7	HG	20241011	-40.000000	2460.000000	0.000000	3
E7	HG	20241014	191.250000	2991.250000	2143.750000	3
E7	HG	20241015	-733.750000	2378.750000	1981.250000	3
E7	HG	20241016	478.750000	1797.500000	0.000000	3
E7	HG	20241017	-821.250000	3378.750000	2975.000000	3
E7	HG	20241018	328.750000	2228.750000	0.000000	3
E7	HG	20241021	597.500000	3128.750000	3712.500000	3
E7	HG	20241022	535.000000	1678.750000	0.000000	3
E7	HG	20241023	866.250000	1478.750000	1543.750000	3
E7	HG	20241024	116.250000	2935.000000	1800.000000	3
E7	HG	20241025	428.750000	1878.750000	1575.000000	3
E7	HG	20241028	1303.750000	1735.000000	0.000000	3
E7	HG	20241029	2391.250000	3803.750000	1875.000000	3
E7	HG	20241030	291.250000	2216.250000	0.000000	3
E7	HG	20241031	1578.750000	1672.500000	0.000000	3
E7	HG	20241101	491.250000	2260.000000	1587.500000	3
E7	HG	20241104	-458.750000	3422.500000	1818.750000	3
E7	HG	20241105	53.750000	2328.750000	0.000000	3
E7	HG	20241106	-471.250000	6497.500000	4562.500000	3
E7	HG	20241107	-65.000000	5236.250000	5625.000000	3
E7	HG	20241108	528.750000	3278.750000	3250.000000	3
E7	HG	20241111	647.500000	2085.000000	2018.750000	3
E7	HG	20241112	-565.000000	3535.000000	2587.500000	3
E7	HG	20241113	-471.250000	2960.000000	1637.500000	3
E7	HG	20241114	591.250000	3172.500000	4493.750000	3
E7	HG	20241115	-1302.500000	4528.750000	2800.000000	3
E7	HG	20241118	316.250000	2303.750000	1968.750000	3
E7	HG	20241119	16.250000	3191.250000	2150.000000	3
E7	HG	20241120	397.500000	941.250000	0.000000	3
E7	HG	20241121	147.500000	2116.250000	0.000000	3
E7	HG	20241122	666.250000	1841.250000	0.000000	3
E7	HG	20241125	828.750000	1091.250000	0.000000	3
E7	HG	20241126	535.000000	3085.000000	3143.750000	3
E7	HG	20241127	203.750000	1516.250000	0.000000	3
E7	HG	20241128	116.250000	1028.750000	0.000000	3
E7	HG	20241129	47.500000	1591.250000	0.000000	3
E7	HG	20241202	-102.500000	2311.250000	1568.750000	3
E7	HG	20241203	266.250000	2897.500000	4356.250000	3
E7	HG	20241204	91.250000	1622.500000	0.000000	3
E7	HG	20241205	328.750000	1560.000000	0.000000	3
E7	HG	20241206	347.500000	2742.500000	0.000000	3
E7	HG	20241209	447.500000	2641.250000	2487.500000	3
E7	HG	20241210	260.000000	1417.500000	0.000000	3
E7	HG	20241211	441.250000	1922.500000	2018.750000	3
E7	HG	20241212	160.000000	3403.750000	0.000000	3
E7	HG	20241213	41.250000	1841.250000	0.000000	3
E7	HG	20241216	447.500000	1666.250000	0.000000	3
E7	HG	20241217	-321.250000	1722.500000	1581.250000	3
E7	HG	20241218	-1077.500000	3185.000000	1950.000000	3
E7	HG	20241219	272.500000	1597.500000	0.000000	3
E7	HG	20241220	-108.750000	1866.250000	0.000000	3
E7	HG	20241223	528.750000	1385.000000	0.000000	3
E7	HG	20241224	-71.250000	1072.500000	0.000000	3
E7	HG	20241226	-165.000000	1985.000000	1531.250000	3
E7	HG	20241227	628.750000	985.000000	0.000000	3
E7	HG	20241230	210.000000	1410.000000	0.000000	3
E7	HG	20241231	60.000000	2053.750000	0.000000	3
E7	NKD	20240701	797.500000	3160.000000	3725.000000	3
E7	NKD	20240702	-115.000000	5672.500000	4862.500000	3
E7	NKD	20240703	685.000000	2972.500000	2350.000000	3
E7	NKD	20240704	272.500000	1297.500000	1837.500000	3
E7	NKD	20240705	710.000000	2060.000000	1562.500000	3
E7	NKD	20240708	472.500000	1760.000000	1625.000000	3
E7	NKD	20240709	410.000000	4260.000000	4250.000000	3
E7	NKD	20240710	-190.000000	5060.000000	4775.000000	3
E7	NKD	20240711	-852.500000	5347.500000	3962.500000	3
E7	NKD	20240712	1222.500000	4122.500000	4312.500000	3
E7	NKD	20240715	697.500000	1822.500000	1862.500000	3
E7	NKD	20240716	-590.000000	3122.500000	1725.000000	3
E7	NKD	20240717	-527.500000	6210.000000	5462.500000	3
E7	NKD	20240718	1135.000000	2635.000000	3437.500000	3
E7	NKD	20240719	1010.000000	3410.000000	4162.500000	3
E7	NKD	20240722	-252.500000	3860.000000	4262.500000	3
E7	NKD	20240723	785.000000	3522.500000	3075.000000	3
E7	NKD	20240724	-152.500000	6885.000000	6587.500000	3
E7	NKD	20240725	3085.000000	6760.000000	3425.000000	3
E7	NKD	20240726	-65.000000	5060.000000	3100.000000	3
E7	NKD	20240729	260.000000	2897.500000	2425.000000	3
E7	NKD	20240730	347.500000	5697.500000	4150.000000	3
E7	NKD	20240731	-152.500000	10822.500000	4137.500000	3
E7	NKD	20240801	1747.500000	11910.000000	8362.500000	3
E7	NKD	20240802	1397.500000	9097.500000	9475.000000	3
E7	NKD	20240805	-3015.000000	32285.000000	13112.500000	3
E7	NKD	20240806	6747.500000	10097.500000	13287.500000	3
E7	NKD	20240807	4022.500000	17997.500000	14325.000000	3
E7	NKD	20240808	3197.500000	12285.000000	11487.500000	3
E7	NKD	20240809	2897.500000	7222.500000	5762.500000	3
E7	NKD	20240812	1335.000000	2597.500000	5075.000000	3
E7	NKD	20240813	-965.000000	7160.000000	7450.000000	3
E7	NKD	20240814	1022.500000	4347.500000	5900.000000	3
E7	NKD	20240815	322.500000	7347.500000	8687.500000	3
E7	NKD	20240816	-315.000000	5710.000000	4112.500000	3
E7	NKD	20240819	-690.000000	7297.500000	4775.000000	3
E7	NKD	20240820	1010.000000	3622.500000	3962.500000	3
E7	NKD	20240821	447.500000	4722.500000	6262.500000	3
E7	NKD	20240822	985.000000	4272.500000	3587.500000	3
E7	NKD	20240823	460.000000	3872.500000	3150.000000	3
E7	NKD	20240826	-252.500000	4085.000000	2787.500000	3
E7	NKD	20240827	-90.000000	2672.500000	3400.000000	3
E7	NKD	20240828	510.000000	3297.500000	3150.000000	3
E7	NKD	20240829	-602.500000	4322.500000	4750.000000	3
E7	NKD	20240830	-1477.500000	3410.000000	4875.000000	3
E7	NKD	20240902	872.500000	2960.000000	3512.500000	3
E7	NKD	20240903	-702.500000	6960.000000	8187.500000	3
E7	NKD	20240904	-790.000000	6772.500000	6375.000000	3
E7	NKD	20240905	2385.000000	5660.000000	4462.500000	3
E7	NKD	20240906	-1327.500000	11935.000000	9612.500000	3
E7	NKD	20240909	860.000000	7672.500000	8300.000000	3
E7	NKD	20240910	2197.500000	4472.500000	4237.500000	3
E7	NKD	20240911	-1402.500000	7747.500000	11262.500000	3
E7	NKD	20240912	697.500000	4022.500000	3512.500000	3
E7	NKD	20240913	585.000000	3210.000000	5012.500000	3
E7	NKD	20240916	-652.500000	3785.000000	2062.500000	3
E7	NKD	20240917	3222.500000	4347.500000	4750.000000	3
E7	NKD	20240918	1035.000000	3047.500000	2962.500000	3
E7	NKD	20240919	1322.500000	5272.500000	8087.500000	3
E7	NKD	20240920	-415.000000	4472.500000	3775.000000	3
E7	NKD	20240923	1322.500000	2685.000000	2662.500000	3
E7	NKD	20240924	1385.000000	3235.000000	4862.500000	3
E7	NKD	20240925	110.000000	3535.000000	2162.500000	3
E7	NKD	20240926	410.000000	5960.000000	6137.500000	3
E7	NKD	20240927	510.000000	13947.500000	10175.000000	3
E7	NKD	20240930	-452.500000	5422.500000	6675.000000	3
E7	NKD	20241001	-240.000000	5835.000000	8025.000000	3
E7	NKD	20241002	-1152.500000	6247.500000	6275.000000	3
E7	NKD	20241003	-940.000000	3272.500000	4937.500000	3
E7	NKD	20241004	785.000000	5560.000000	6775.000000	3
E7	NKD	20241007	1672.500000	4072.500000	6675.000000	3
E7	NKD	20241008	347.500000	3272.500000	3912.500000	3
E7	NKD	20241009	185.000000	3397.500000	4637.500000	3
E7	NKD	20241010	-615.000000	4785.000000	6562.500000	3
E7	NKD	20241011	1235.000000	2210.000000	4200.000000	3
E7	NKD	20241014	172.500000	2372.500000	2925.000000	3
E7	NKD	20241015	-1027.500000	6835.000000	6487.500000	3
E7	NKD	20241016	85.000000	3047.500000	4150.000000	3
E7	NKD	20241017	1235.000000	2510.000000	5725.000000	3
E7	NKD	20241018	10.000000	1822.500000	1925.000000	3
E7	NKD	20241021	1572.500000	3385.000000	2400.000000	3
E7	NKD	20241022	-1052.500000	4947.500000	4662.500000	3
E7	NKD	20241023	410.000000	3710.000000	4725.000000	3
E7	NKD	20241024	1185.000000	3560.000000	4900.000000	3
E7	NKD	20241025	1260.000000	3122.500000	3225.000000	3
E7	NKD	20241028	-1477.500000	9172.500000	8850.000000	3
E7	NKD	20241029	10.000000	4160.000000	4875.000000	3
E7	NKD	20241030	-515.000000	4097.500000	4612.500000	3
E7	NKD	20241031	2722.500000	4447.500000	5837.500000	3
E7	NKD	20241101	1160.000000	5010.000000	5675.000000	3
E7	NKD	20241104	510.000000	2735.000000	2000.000000	3
E7	NKD	20241105	660.000000	3797.500000	4637.500000	3
E7	NKD	20241106	-102.500000	9160.000000	10750.000000	3
E7	NKD	20241107	-577.500000	6147.500000	5362.500000	3
E7	NKD	20241108	60.000000	4910.000000	6312.500000	3
E7	NKD	20241111	922.500000	3185.000000	5075.000000	3
E7	NKD	20241112	1547.500000	4397.500000	5462.500000	3
E7	NKD	20241113	-1002.500000	6097.500000	5550.000000	3
E7	NKD	20241114	72.500000	4172.500000	5025.000000	3
E7	NKD	20241115	-1402.500000	4885.000000	7687.500000	3
E7	NKD	20241118	310.000000	2810.000000	3012.500000	3
E7	NKD	20241119	1160.000000	5472.500000	6800.000000	3
E7	NKD	20241120	235.000000	3660.000000	5600.000000	3
E7	NKD	20241121	597.500000	4235.000000	4675.000000	3
E7	NKD	20241122	1197.500000	4222.500000	2987.500000	3
E7	NKD	20241125	-177.500000	2785.000000	2462.500000	3
E7	NKD	20241126	-40.000000	3660.000000	5237.500000	3
E7	NKD	20241127	1635.000000	3585.000000	4587.500000	3
E7	NKD	20241128	660.000000	2997.500000	2950.000000	3
E7	NKD	20241129	772.500000	2422.500000	3925.000000	3
E7	NKD	20241202	272.500000	3410.000000	2962.500000	3
E7	NKD	20241203	1560.000000	5572.500000	5600.000000	3
E7	NKD	20241204	1435.000000	3747.500000	4662.500000	3
E7	NKD	20241205	-115.000000	3460.000000	1900.000000	3
E7	NKD	20241206	697.500000	3122.500000	2625.000000	3
E7	NKD	20241209	-490.000000	3497.500000	4712.500000	3
E7	NKD	20241210	910.000000	1760.000000	1550.000000	3
E7	NKD	20241211	922.500000	3922.500000	4625.000000	3
E7	NKD	20241212	-540.000000	2072.500000	2350.000000	3
E7	NKD	20241213	1135.000000	2810.000000	2437.500000	3
E7	NKD	20241216	297.500000	2072.500000	1762.500000	3
E7	NKD	20241217	435.000000	2997.500000	2425.000000	3
E7	NKD	20241218	-1427.500000	6372.500000	6287.500000	3
E7	NKD	20241219	1235.000000	6172.500000	6150.000000	3
E7	NKD	20241220	1335.000000	4772.500000	6337.500000	3
E7	NKD	20241223	-102.500000	4035.000000	4175.000000	3
E7	NKD	20241224	172.500000	2222.500000	1737.500000	3
E7	NKD	20241226	460.000000	3385.000000	4437.500000	3
E7	NKD	20241227	-115.000000	5135.000000	5675.000000	3
E7	NKD	20241230	-1002.500000	4872.500000	5000.000000	3
E7	NKD	20241231	-65.000000	2722.500000	1725.000000	3
E7	SI	20240701	1285.000000	2722.500000	3787.500000	3
E7	SI	20240702	1372.500000	2110.000000	4450.000000	3
E7	SI	20240703	-490.000000	4897.500000	6487.500000	3
E7	SI	20240704	22.500000	2035.000000	1900.000000	3
E7	SI	20240705	772.500000	5847.500000	6512.500000	3
E7	SI	20240708	722.500000	4897.500000	6737.500000	3
E7	SI	20240709	-1440.000000	3397.500000	4387.500000	3
E7	SI	20240710	1022.500000	2547.500000	4162.500000	3
E7	SI	20240711	1210.000000	4110.000000	6587.500000	3
E7	SI	20240712	510.000000	5397.500000	6087.500000	3
E7	SI	20240715	1685.000000	4422.500000	5187.500000	3
E7	SI	20240716	-1002.500000	5860.000000	5700.000000	3
E7	SI	20240717	72.500000	6722.500000	7012.500000	3
E7	SI	20240718	-227.500000	4747.500000	4762.500000	3
E7	SI	20240719	-252.500000	4710.000000	4037.500000	3
E7	SI	20240722	-102.500000	4110.000000	4325.000000	3
E7	SI	20240723	-1115.000000	5672.500000	3200.000000	3
E7	SI	20240724	435.000000	4335.000000	4262.500000	3
E7	SI	20240725	1722.500000	7322.500000	7887.500000	3
E7	SI	20240726	1585.000000	3335.000000	2312.500000	3
E7	SI	20240729	-552.500000	3860.000000	4275.000000	3
E7	SI	20240730	-790.000000	4435.000000	4375.000000	3
E7	SI	20240731	-577.500000	3785.000000	4537.500000	3
E7	SI	20240801	2097.500000	4497.500000	6025.000000	3
E7	SI	20240802	-840.000000	7247.500000	8575.000000	3
E7	SI	20240805	8835.000000	13160.000000	12600.000000	3
E7	SI	20240806	585.000000	5635.000000	7875.000000	3
E7	SI	20240807	310.000000	5222.500000	5187.500000	3
E7	SI	20240808	185.000000	5547.500000	5750.000000	3
E7	SI	20240809	722.500000	2247.500000	2537.500000	3
E7	SI	20240812	-915.000000	5185.000000	6475.000000	3
E7	SI	20240813	-252.500000	3585.000000	4187.500000	3
E7	SI	20240814	-1252.500000	3735.000000	2412.500000	3
E7	SI	20240815	122.500000	5597.500000	7875.000000	3
E7	SI	20240816	-515.000000	5935.000000	6125.000000	3
E7	SI	20240819	-452.500000	5685.000000	4550.000000	3
E7	SI	20240820	-52.500000	5122.500000	6962.500000	3
E7	SI	20240821	660.000000	3135.000000	2312.500000	3
E7	SI	20240822	1097.500000	5060.000000	6025.000000	3
E7	SI	20240823	-165.000000	5310.000000	5900.000000	3
E7	SI	20240826	2497.500000	3710.000000	2725.000000	3
E7	SI	20240827	872.500000	2447.500000	1750.000000	3
E7	SI	20240828	-890.000000	5047.500000	5812.500000	3
E7	SI	20240829	635.000000	3335.000000	2425.000000	3
E7	SI	20240830	697.500000	4722.500000	4525.000000	3
E7	SI	20240902	322.500000	3997.500000	3225.000000	3
E7	SI	20240903	1547.500000	3647.500000	5200.000000	3
E7	SI	20240904	-277.500000	3347.500000	3825.000000	3
E7	SI	20240905	597.500000	4247.500000	4925.000000	3
E7	SI	20240906	-827.500000	7147.500000	6812.500000	3
E7	SI	20240909	422.500000	3510.000000	3287.500000	3
E7	SI	20240910	1685.000000	3047.500000	2650.000000	3
E7	SI	20240911	-1627.500000	5747.500000	3450.000000	3
E7	SI	20240912	322.500000	7060.000000	5900.000000	3
E7	SI	20240913	1735.000000	5072.500000	6787.500000	3
E7	SI	20240916	422.500000	3072.500000	3675.000000	3
E7	SI	20240917	435.000000	2460.000000	2412.500000	3
E7	SI	20240918	-227.500000	6522.500000	6287.500000	3
E7	SI	20240919	-1002.500000	8347.500000	10100.000000	3
E7	SI	20240920	672.500000	4135.000000	5600.000000	3
E7	SI	20240923	1147.500000	3972.500000	4112.500000	3
E7	SI	20240924	1660.000000	8072.500000	9525.000000	3
E7	SI	20240925	-915.000000	4835.000000	3425.000000	3
E7	SI	20240926	-1152.500000	6485.000000	7950.000000	3
E7	SI	20240927	872.500000	5347.500000	5325.000000	3
E7	SI	20240930	-77.500000	4897.500000	6475.000000	3
E7	SI	20241001	622.500000	3722.500000	4962.500000	3
E7	SI	20241002	135.000000	3547.500000	6637.500000	3
E7	SI	20241003	1360.000000	4272.500000	5375.000000	3
E7	SI	20241004	2047.500000	5022.500000	6012.500000	3
E7	SI	20241007	-302.500000	4472.500000	5887.500000	3
E7	SI	20241008	-1352.500000	7897.500000	9737.500000	3
E7	SI	20241009	1510.000000	3072.500000	2825.000000	3
E7	SI	20241010	572.500000	4360.000000	4575.000000	3
E7	SI	20241011	1110.000000	3372.500000	4200.000000	3
E7	SI	20241014	-527.500000	6047.500000	6025.000000	3
E7	SI	20241015	-490.000000	4247.500000	6762.500000	3
E7	SI	20241016	-902.500000	4472.500000	6887.500000	3
E7	SI	20241017	-1690.000000	5035.000000	5137.500000	3
E7	SI	20241018	-240.000000	10197.500000	10075.000000	3
E7	SI	20241021	910.000000	4822.500000	6250.000000	3
E7	SI	20241022	-1515.000000	5572.500000	6087.500000	3
E7	SI	20241023	1372.500000	5997.500000	8175.000000	3
E7	SI	20241024	-1202.500000	5460.000000	7037.500000	3
E7	SI	20241025	1885.000000	5147.500000	4675.000000	3
E7	SI	20241028	1260.000000	4810.000000	5275.000000	3
E7	SI	20241029	697.500000	4222.500000	4962.500000	3
E7	SI	20241030	-190.000000	3535.000000	4050.000000	3
E7	SI	20241031	497.500000	6910.000000	7750.000000	3
E7	SI	20241101	-577.500000	4997.500000	3175.000000	3
E7	SI	20241104	497.500000	4847.500000	4375.000000	3
E7	SI	20241105	-65.000000	2905.000000	3425.000000	3
E7	SI	20241106	4447.500000	12847.500000	9250.000000	3
E7	SI	20241107	1047.500000	5722.500000	7887.500000	3
E7	SI	20241108	-77.500000	5555.000000	7012.500000	3
E7	SI	20241111	3085.000000	4967.500000	5662.500000	3
E7	SI	20241112	-640.000000	4755.000000	5912.500000	3
E7	SI	20241113	460.000000	4805.000000	5037.500000	3
E7	SI	20241114	97.500000	6192.500000	8462.500000	3
E7	SI	20241115	235.000000	5160.000000	6137.500000	3
E7	SI	20241118	385.000000	4447.500000	6050.000000	3
E7	SI	20241119	1235.000000	2597.500000	2425.000000	3
E7	SI	20241120	-677.500000	3617.500000	2662.500000	3
E7	SI	20241121	-1002.500000	4505.000000	4537.500000	3
E7	SI	20241122	1360.000000	4397.500000	5487.500000	3
E7	SI	20241125	210.000000	6960.000000	8862.500000	3
E7	SI	20241126	572.500000	3455.000000	2912.500000	3
E7	SI	20241127	-15.000000	5047.500000	5287.500000	3
E7	SI	20241128	610.000000	3022.500000	3275.000000	3
E7	SI	20241129	122.500000	4035.000000	3650.000000	3
E7	SI	20241202	660.000000	3692.500000	5412.500000	3
E7	SI	20241203	-327.500000	3822.500000	4700.000000	3
E7	SI	20241204	1022.500000	4860.000000	5025.000000	3
E7	SI	20241205	1647.500000	2447.500000	3787.500000	3
E7	SI	20241206	147.500000	4322.500000	5337.500000	3
E7	SI	20241209	22.500000	6135.000000	7837.500000	3
E7	SI	20241210	922.500000	2205.000000	2437.500000	3
E7	SI	20241211	-265.000000	3510.000000	5750.000000	3
E7	SI	20241212	-665.000000	9505.000000	8137.500000	3
E7	SI	20241213	410.000000	2992.500000	5462.500000	3
E7	SI	20241216	435.000000	1547.500000	0.000000	3
E7	SI	20241217	-1015.000000	3997.500000	4362.500000	3
E7	SI	20241218	-752.500000	6192.500000	6487.500000	3
E7	SI	20241219	1372.500000	4097.500000	4937.500000	3
E7	SI	20241220	72.500000	6160.000000	5175.000000	3
E7	SI	20241223	835.000000	2897.500000	1812.500000	3
E7	SI	20241224	372.500000	1385.000000	0.000000	3
E7	SI	20241226	797.500000	2497.500000	3075.000000	3
E7	SI	20241227	485.000000	2935.000000	3612.500000	3
E7	SI	20241230	810.000000	4247.500000	4350.000000	3
E7	SI	20241231	185.000000	1935.000000	0.000000	3
E8	HG	20250102	641.250000	1847.500000	0.000000	3
E8	HG	20250103	16.250000	2067.500000	0.000000	3
E8	HG	20250106	916.250000	3160.000000	3943.750000	3
E8	HG	20250107	-183.750000	2023.750000	1512.500000	3
E8	HG	20250108	-52.500000	3298.750000	1656.250000	3
E8	HG	20250109	85.000000	2360.000000	1687.500000	3
E8	HG	20250110	747.500000	2580.000000	1937.500000	3
E8	HG	20250113	366.250000	1947.500000	0.000000	3
E8	HG	20250114	603.750000	1785.000000	0.000000	3
E8	HG	20250115	435.000000	2367.500000	0.000000	3
E8	HG	20250116	866.250000	2266.250000	1500.000000	3
E8	HG	20250117	316.250000	3635.000000	2618.750000	3
E8	HG	20250120	391.250000	2166.250000	2450.000000	3
E8	HG	20250121	-346.250000	2941.250000	0.000000	3
E8	HG	20250122	-221.250000	2366.250000	0.000000	3
E8	HG	20250123	-1333.750000	3041.250000	1656.250000	3
E8	HG	20250124	-115.000000	3247.500000	3237.500000	3
E8	HG	20250127	-121.250000	2541.250000	1881.250000	3
E8	HG	20250128	341.250000	1685.000000	0.000000	3
E8	HG	20250129	-252.500000	2660.000000	1818.750000	3
E8	HG	20250130	-307.500000	2255.000000	0.000000	4
E8	HG	20250131	-332.500000	1998.750000	0.000000	4
E8	HG	20250203	672.500000	4536.250000	0.000000	3
E8	HG	20250204	878.750000	2366.250000	1587.500000	3
E8	HG	20250205	-1121.250000	3348.750000	2825.000000	3
E8	HG	20250206	378.750000	3353.750000	3318.750000	3
E8	HG	20250207	166.250000	3403.750000	3993.750000	3
E8	HG	20250210	-108.750000	3422.500000	3675.000000	3
E8	HG	20250211	-290.000000	3655.000000	4050.000000	3
E8	HG	20250212	553.750000	3735.000000	3025.000000	3
E8	HG	20250213	110.000000	3360.000000	3668.750000	3
E8	HG	20250214	-1263.750000	5448.750000	4925.000000	4
E8	HG	20250217	-652.500000	1941.250000	0.000000	3
E8	HG	20250218	1066.250000	1672.500000	1850.000000	3
E8	HG	20250219	735.000000	1747.500000	0.000000	3
E8	HG	20250220	310.000000	2078.750000	1912.500000	3
E8	HG	20250221	-665.000000	2991.250000	0.000000	3
E8	HG	20250224	1285.000000	2361.250000	0.000000	3
E8	HG	20250225	2242.500000	5605.000000	4550.000000	4
E8	HG	20250226	666.250000	4666.250000	5468.750000	3
E8	HG	20250227	278.750000	3816.250000	3206.250000	3
E8	HG	20250228	535.000000	2528.750000	3287.500000	3
E8	HG	20250303	-315.000000	3860.000000	2925.000000	3
E8	HG	20250304	897.500000	3960.000000	2162.500000	3
E8	HG	20250305	-2732.500000	6378.750000	7275.000000	4
E8	HG	20250306	1366.250000	3735.000000	2456.250000	3
E8	HG	20250307	-302.500000	2953.750000	2331.250000	3
E8	HG	20250310	535.000000	2766.250000	3543.750000	3
E8	HG	20250311	-1040.000000	4560.000000	5131.250000	3
E8	HG	20250312	-1581.250000	3841.250000	5187.500000	5
E8	HG	20250313	-1258.750000	3822.500000	4543.750000	3
E8	HG	20250314	153.750000	2228.750000	1912.500000	3
E8	HG	20250317	286.250000	3178.750000	2112.500000	4
E8	HG	20250318	147.500000	2035.000000	1687.500000	3
E8	HG	20250319	-477.500000	3191.250000	3181.250000	3
E8	HG	20250320	416.250000	2466.250000	3431.250000	3
E8	HG	20250321	241.250000	3803.750000	3962.500000	3
E8	HG	20250324	-121.250000	4647.500000	4118.750000	3
E8	HG	20250325	-1008.750000	3622.500000	2881.250000	3
E8	HG	20250326	-713.750000	3991.250000	5862.500000	4
E8	HG	20250327	1241.250000	4528.750000	4768.750000	3
E8	HG	20250328	1560.000000	2735.000000	2556.250000	3
E8	HG	20250331	-33.750000	4003.750000	4787.500000	3
E8	HG	20250401	553.750000	3135.000000	3700.000000	3
E8	HG	20250402	5.000000	4091.250000	6675.000000	4
E8	HG	20250403	-321.250000	5091.250000	6431.250000	3
E8	HG	20250404	-1921.250000	11203.750000	8262.500000	3
E8	HG	20250407	3597.500000	13610.000000	11475.000000	3
E8	HG	20250408	-908.750000	8422.500000	7956.250000	3
E8	HG	20250409	-2282.500000	12366.250000	9475.000000	4
E8	HG	20250410	2672.500000	4072.500000	6731.250000	3
E8	HG	20250411	-1563.750000	6803.750000	6993.750000	4
E8	HG	20250414	-2093.750000	4628.750000	5625.000000	5
E8	HG	20250415	153.750000	2903.750000	3212.500000	3
E8	HG	20250416	722.500000	4635.000000	5381.250000	3
E8	HG	20250417	-3675.000000	7016.250000	9075.000000	5
E8	HG	20250421	816.250000	4610.000000	2793.750000	3
E8	HG	20250422	-240.000000	3753.750000	5175.000000	3
E8	HG	20250423	403.750000	3991.250000	4918.750000	3
E8	HG	20250424	1747.500000	2610.000000	3518.750000	3
E8	HG	20250425	-1463.750000	4716.250000	5493.750000	4
E8	HG	20250428	1878.750000	2178.750000	2268.750000	3
E8	HG	20250429	-857.500000	4491.250000	2993.750000	4
E8	HG	20250430	-907.500000	7422.500000	9937.500000	4
E8	HG	20250501	147.500000	2572.500000	3425.000000	3
E8	HG	20250502	1091.250000	3778.750000	5318.750000	3
E8	HG	20250505	-132.500000	3910.000000	4493.750000	4
E8	HG	20250506	1847.500000	3110.000000	2981.250000	3
E8	HG	20250507	-115.000000	5103.750000	4743.750000	3
E8	HG	20250508	2910.000000	3916.250000	5200.000000	3
E8	HG	20250509	242.500000	5041.250000	8743.750000	4
E8	HG	20250512	611.250000	3353.750000	5525.000000	4
E8	HG	20250513	-408.750000	3703.750000	4368.750000	3
E8	HG	20250514	1147.500000	3466.250000	3668.750000	3
E8	HG	20250515	-1051.250000	3835.000000	4568.750000	4
E8	HG	20250516	-333.750000	2616.250000	4093.750000	3
E8	HG	20250519	-677.500000	2391.250000	2862.500000	3
E8	HG	20250520	-1346.250000	3916.250000	3856.250000	3
E8	HG	20250521	85.000000	2616.250000	0.000000	3
E8	HG	20250522	-2126.250000	6503.750000	4206.250000	4
E8	HG	20250523	-621.250000	7078.750000	8643.750000	3
E8	HG	20250526	872.500000	1328.750000	1731.250000	3
E8	HG	20250527	210.000000	3253.750000	3725.000000	3
E8	HG	20250528	497.500000	3366.250000	4487.500000	3
E8	HG	20250529	178.750000	3247.500000	3862.500000	3
E8	HG	20250530	1222.500000	2410.000000	1900.000000	3
E8	HG	20250602	-1020.000000	6547.500000	2656.250000	4
E8	HG	20250603	-171.250000	5635.000000	3668.750000	3
E8	HG	20250604	597.500000	3135.000000	3356.250000	3
E8	HG	20250605	-1488.750000	7353.750000	6468.750000	4
E8	HG	20250606	41.250000	4422.500000	5525.000000	3
E8	HG	20250609	-15.000000	2147.500000	4050.000000	3
E8	HG	20250610	378.750000	2485.000000	1581.250000	3
E8	HG	20250611	-557.500000	3891.250000	5275.000000	4
E8	HG	20250612	-140.000000	2522.500000	1787.500000	3
E8	HG	20250613	-395.000000	5910.000000	2868.750000	4
E8	HG	20250616	635.000000	4241.250000	3800.000000	3
E8	HG	20250617	-65.000000	2116.250000	0.000000	3
E8	HG	20250618	-996.250000	2685.000000	1725.000000	3
E8	HG	20250619	-40.000000	1991.250000	1937.500000	3
E8	HG	20250620	472.500000	4022.500000	3206.250000	3
E8	HG	20250623	-583.750000	3622.500000	3993.750000	3
E8	HG	20250624	1136.250000	2835.000000	4012.500000	4
E8	HG	20250625	1341.250000	2166.250000	0.000000	3
E8	HG	20250626	-302.500000	3541.250000	3993.750000	3
E8	HG	20250627	422.500000	4466.250000	5100.000000	3
E8	HG	20250630	935.000000	2310.000000	0.000000	3
E8	NKD	20250102	572.500000	2522.500000	4475.000000	3
E8	NKD	20250103	-127.500000	2110.000000	1562.500000	3
E8	NKD	20250106	-115.000000	5310.000000	3825.000000	3
E8	NKD	20250107	-420.000000	4322.500000	5350.000000	4
E8	NKD	20250108	785.000000	2210.000000	3737.500000	3
E8	NKD	20250109	847.500000	2485.000000	2650.000000	3
E8	NKD	20250110	1185.000000	5297.500000	4487.500000	3
E8	NKD	20250113	647.500000	4997.500000	5337.500000	3
E8	NKD	20250114	-1190.000000	4710.000000	4650.000000	3
E8	NKD	20250115	1085.000000	3647.500000	4650.000000	3
E8	NKD	20250116	172.500000	3472.500000	4250.000000	3
E8	NKD	20250117	-377.500000	3797.500000	6312.500000	3
E8	NKD	20250120	722.500000	1835.000000	1650.000000	3
E8	NKD	20250121	335.000000	3610.000000	4950.000000	3
E8	NKD	20250122	1085.000000	2347.500000	4187.500000	3
E8	NKD	20250123	1172.500000	1822.500000	1662.500000	3
E8	NKD	20250124	797.500000	4160.000000	5675.000000	3
E8	NKD	20250127	-1702.500000	8385.000000	6487.500000	3
E8	NKD	20250128	597.500000	3860.000000	4637.500000	3
E8	NKD	20250129	-1957.500000	3310.000000	2512.500000	4
E8	NKD	20250130	947.500000	1960.000000	3375.000000	3
E8	NKD	20250131	-552.500000	2872.500000	2700.000000	3
E8	NKD	20250203	1197.500000	4935.000000	5875.000000	3
E8	NKD	20250204	42.500000	3635.000000	5787.500000	4
E8	NKD	20250205	1347.500000	3647.500000	4325.000000	3
E8	NKD	20250206	1260.000000	2347.500000	1837.500000	3
E8	NKD	20250207	-27.500000	3147.500000	3725.000000	3
E8	NKD	20250210	422.500000	3272.500000	2575.000000	3
E8	NKD	20250211	147.500000	1460.000000	1637.500000	3
E8	NKD	20250212	-307.500000	3047.500000	2325.000000	4
E8	NKD	20250213	522.500000	2360.000000	2387.500000	3
E8	NKD	20250214	47.500000	2785.000000	2962.500000	3
E8	NKD	20250217	-365.000000	897.500000	0.000000	3
E8	NKD	20250218	660.000000	1760.000000	1812.500000	3
E8	NKD	20250219	1847.500000	2435.000000	2225.000000	3
E8	NKD	20250220	1422.500000	2560.000000	4300.000000	3
E8	NKD	20250221	-1240.000000	5335.000000	5875.000000	3
E8	NKD	20250224	810.000000	3197.500000	4175.000000	3
E8	NKD	20250225	2335.000000	3235.000000	5662.500000	3
E8	NKD	20250226	360.000000	4122.500000	5337.500000	3
E8	NKD	20250227	-240.000000	5047.500000	5287.500000	3
E8	NKD	20250228	510.000000	6685.000000	6062.500000	3
E8	NKD	20250303	-1852.500000	8472.500000	6987.500000	3
E8	NKD	20250304	3435.000000	9447.500000	8925.000000	3
E8	NKD	20250305	655.000000	4347.500000	4612.500000	4
E8	NKD	20250306	-682.500000	5785.000000	6387.500000	4
E8	NKD	20250307	-652.500000	5397.500000	5000.000000	3
E8	NKD	20250310	-927.500000	5072.500000	4475.000000	3
E8	NKD	20250311	-1945.000000	6560.000000	7675.000000	4
E8	NKD	20250312	2610.000000	2997.500000	2412.500000	3
E8	NKD	20250313	-977.500000	4135.000000	5225.000000	3
E8	NKD	20250314	-1027.500000	4972.500000	5387.500000	3
E8	NKD	20250317	-595.000000	2760.000000	4200.000000	4
E8	NKD	20250318	647.500000	1510.000000	1850.000000	3
E8	NKD	20250319	285.000000	3160.000000	2825.000000	3
E8	NKD	20250320	-282.500000	3422.500000	2812.500000	4
E8	NKD	20250321	1135.000000	2897.500000	3062.500000	3
E8	NKD	20250324	-265.000000	2422.500000	2112.500000	3
E8	NKD	20250325	1097.500000	3072.500000	2150.000000	3
E8	NKD	20250326	35.000000	2435.000000	2825.000000	3
E8	NKD	20250327	835.000000	2122.500000	0.000000	3
E8	NKD	20250328	-290.000000	5660.000000	5437.500000	3
E8	NKD	20250331	1310.000000	5935.000000	5112.500000	3
E8	NKD	20250401	1197.500000	5672.500000	5162.500000	3
E8	NKD	20250402	-882.500000	10097.500000	8650.000000	4
E8	NKD	20250403	-927.500000	12547.500000	12812.500000	3
E8	NKD	20250404	-1412.500000	12622.500000	10750.000000	5
E8	NKD	20250407	9035.000000	17235.000000	10075.000000	3
E8	NKD	20250408	-950.000000	14135.000000	12212.500000	5
E8	NKD	20250409	-345.000000	24135.000000	11575.000000	4
E8	NKD	20250410	2317.500000	11072.500000	17000.000000	4
E8	NKD	20250411	-2437.500000	10172.500000	5450.000000	5
E8	NKD	20250414	767.500000	2710.000000	5512.500000	4
E8	NKD	20250415	447.500000	1847.500000	2225.000000	3
E8	NKD	20250416	-832.500000	6022.500000	7525.000000	4
E8	NKD	20250417	-457.500000	4285.000000	6437.500000	4
E8	NKD	20250421	172.500000	3022.500000	3887.500000	3
E8	NKD	20250422	-277.500000	4135.000000	4825.000000	3
E8	NKD	20250423	1330.000000	5385.000000	3900.000000	4
E8	NKD	20250424	-1770.000000	5247.500000	4275.000000	4
E8	NKD	20250425	-2857.500000	5497.500000	4725.000000	4
E8	NKD	20250428	610.000000	1447.500000	1825.000000	3
E8	NKD	20250429	297.500000	1472.500000	1950.000000	3
E8	NKD	20250430	872.500000	3860.000000	3475.000000	3
E8	NKD	20250501	-2607.500000	3960.000000	6787.500000	4
E8	NKD	20250502	-1570.000000	3710.000000	4600.000000	4
E8	NKD	20250505	297.500000	1785.000000	2125.000000	3
E8	NKD	20250506	1635.000000	2397.500000	4300.000000	3
E8	NKD	20250507	-1015.000000	3360.000000	2575.000000	3
E8	NKD	20250508	-2362.500000	4060.000000	6237.500000	5
E8	NKD	20250509	-252.500000	2285.000000	3387.500000	3
E8	NKD	20250512	-1245.000000	6610.000000	4525.000000	4
E8	NKD	20250513	422.500000	4110.000000	3687.500000	3
E8	NKD	20250514	-157.500000	4497.500000	5012.500000	4
E8	NKD	20250515	-15.000000	1635.000000	0.000000	3
E8	NKD	20250516	730.000000	2422.500000	2525.000000	4
E8	NKD	20250519	-952.500000	3897.500000	2687.500000	3
E8	NKD	20250520	485.000000	2822.500000	2700.000000	3
E8	NKD	20250521	-1507.500000	4547.500000	5312.500000	4
E8	NKD	20250522	447.500000	3310.000000	2537.500000	3
E8	NKD	20250523	822.500000	3097.500000	6312.500000	3
E8	NKD	20250526	-715.000000	4122.500000	5287.500000	3
E8	NKD	20250527	-1477.500000	4035.000000	4812.500000	3
E8	NKD	20250528	-640.000000	4110.000000	3337.500000	3
E8	NKD	20250529	310.000000	4372.500000	6387.500000	3
E8	NKD	20250530	680.000000	2285.000000	4700.000000	4
E8	NKD	20250602	-682.500000	3485.000000	4587.500000	4
E8	NKD	20250603	585.000000	2672.500000	2125.000000	3
E8	NKD	20250604	-202.500000	1697.500000	1975.000000	3
E8	NKD	20250605	910.000000	2147.500000	3425.000000	3
E8	NKD	20250606	210.000000	2622.500000	3787.500000	3
E8	NKD	20250609	222.500000	1497.500000	2187.500000	3
E8	NKD	20250610	-90.000000	2485.000000	1862.500000	3
E8	NKD	20250611	-152.500000	2847.500000	2300.000000	3
E8	NKD	20250612	-415.000000	2485.000000	3200.000000	3
E8	NKD	20250613	1172.500000	3285.000000	6075.000000	3
E8	NKD	20250616	-627.500000	4085.000000	3975.000000	3
E8	NKD	20250617	-377.500000	2722.500000	3100.000000	3
E8	NKD	20250618	-415.000000	5272.500000	4100.000000	3
E8	NKD	20250619	460.000000	3372.500000	3575.000000	3
E8	NKD	20250620	210.000000	2410.000000	1812.500000	3
E8	NKD	20250623	-427.500000	4197.500000	4762.500000	3
E8	NKD	20250624	172.500000	1997.500000	2100.000000	3
E8	NKD	20250625	-402.500000	2447.500000	2250.000000	3
E8	NKD	20250626	-552.500000	5097.500000	5337.500000	3
E8	NKD	20250627	-265.000000	3485.000000	5237.500000	3
E8	NKD	20250630	-1340.000000	3197.500000	2575.000000	3
E8	SI	20250102	310.000000	5085.000000	4437.500000	3
E8	SI	20250103	-740.000000	2422.500000	2212.500000	3
E8	SI	20250106	-807.500000	3760.000000	8137.500000	4
E8	SI	20250107	-190.000000	3322.500000	3087.500000	3
E8	SI	20250108	1060.000000	2830.000000	4400.000000	3
E8	SI	20250109	822.500000	2497.500000	5112.500000	3
E8	SI	20250110	1217.500000	4022.500000	5612.500000	4
E8	SI	20250113	-1067.500000	5767.500000	7175.000000	6
E8	SI	20250114	347.500000	2547.500000	3625.000000	3
E8	SI	20250115	-807.500000	6455.000000	5587.500000	4
E8	SI	20250116	60.000000	2935.000000	2200.000000	3
E8	SI	20250117	522.500000	3555.000000	4175.000000	3
E8	SI	20250120	-915.000000	4560.000000	4462.500000	3
E8	SI	20250121	1142.500000	4755.000000	5887.500000	4
E8	SI	20250122	1347.500000	2447.500000	3787.500000	3
E8	SI	20250123	2210.000000	3460.000000	4550.000000	3
E8	SI	20250124	-840.000000	5797.500000	5087.500000	3
E8	SI	20250127	1997.500000	5592.500000	3837.500000	3
E8	SI	20250128	-915.000000	4335.000000	2325.000000	3
E8	SI	20250129	142.500000	4267.500000	6612.500000	4
E8	SI	20250130	135.000000	5555.000000	7687.500000	3
E8	SI	20250131	685.000000	3610.000000	4412.500000	3
E8	SI	20250203	1967.500000	6180.000000	6675.000000	4
E8	SI	20250204	697.500000	4110.000000	3337.500000	3
E8	SI	20250205	572.500000	3760.000000	4962.500000	3
E8	SI	20250206	-627.500000	4772.500000	5675.000000	3
E8	SI	20250207	260.000000	5755.000000	6425.000000	3
E8	SI	20250210	-1020.000000	4597.500000	2825.000000	4
E8	SI	20250211	310.000000	5247.500000	6237.500000	3
E8	SI	20250212	-940.000000	5447.500000	5875.000000	3
E8	SI	20250213	2422.500000	4080.000000	2950.000000	3
E8	SI	20250214	-4042.500000	13392.500000	9100.000000	6
E8	SI	20250217	-127.500000	2660.000000	4025.000000	3
E8	SI	20250218	-307.500000	4385.000000	4350.000000	4
E8	SI	20250219	292.500000	3830.000000	4825.000000	4
E8	SI	20250220	-377.500000	4622.500000	5650.000000	3
E8	SI	20250221	1185.000000	4855.000000	4550.000000	3
E8	SI	20250224	1135.000000	3972.500000	4587.500000	3
E8	SI	20250225	662.500000	4092.500000	6400.000000	5
E8	SI	20250226	630.000000	3597.500000	2550.000000	4
E8	SI	20250227	1135.000000	5567.500000	5650.000000	3
E8	SI	20250228	1285.000000	3035.000000	2187.500000	3
E8	SI	20250303	272.500000	3747.500000	4162.500000	3
E8	SI	20250304	2097.500000	4172.500000	3112.500000	3
E8	SI	20250305	-727.500000	5705.000000	6125.000000	3
E8	SI	20250306	517.500000	3267.500000	4425.000000	4
E8	SI	20250307	1597.500000	2492.500000	5037.500000	3
E8	SI	20250310	-677.500000	4335.000000	4412.500000	3
E8	SI	20250311	-1570.000000	6035.000000	7425.000000	4
E8	SI	20250312	-852.500000	3685.000000	2950.000000	3
E8	SI	20250313	-2457.500000	7310.000000	7162.500000	4
E8	SI	20250314	1522.500000	3610.000000	4200.000000	3
E8	SI	20250317	-2.500000	2860.000000	3887.500000	3
E8	SI	20250318	597.500000	2697.500000	5050.000000	3
E8	SI	20250319	2247.500000	2772.500000	4962.500000	3
E8	SI	20250320	-1202.500000	5085.000000	4837.500000	3
E8	SI	20250321	1972.500000	4422.500000	6062.500000	3
E8	SI	20250324	485.000000	2385.000000	1737.500000	3
E8	SI	20250325	-1620.000000	3960.000000	4662.500000	4
E8	SI	20250326	1722.500000	2685.000000	2050.000000	3
E8	SI	20250327	-1352.500000	7397.500000	6912.500000	3
E8	SI	20250328	235.000000	4372.500000	5212.500000	3
E8	SI	20250331	-402.500000	6022.500000	4037.500000	3
E8	SI	20250401	430.000000	3297.500000	4900.000000	4
E8	SI	20250402	255.000000	4660.000000	4712.500000	4
E8	SI	20250403	-3400.000000	12322.500000	10112.500000	5
E8	SI	20250404	-2275.000000	13397.500000	12300.000000	5
E8	SI	20250407	5012.500000	14610.000000	13662.500000	5
E8	SI	20250408	-1920.000000	5060.000000	4412.500000	4
E8	SI	20250409	-857.500000	9197.500000	9337.500000	4
E8	SI	20250410	-90.000000	6260.000000	6387.500000	3
E8	SI	20250411	-527.500000	7385.000000	6800.000000	3
E8	SI	20250414	572.500000	4397.500000	3500.000000	3
E8	SI	20250415	360.000000	1860.000000	1675.000000	3
E8	SI	20250416	1460.000000	4222.500000	6850.000000	3
E8	SI	20250417	2972.500000	4547.500000	6587.500000	3
E8	SI	20250421	1010.000000	5185.000000	6075.000000	3
E8	SI	20250422	1022.500000	4872.500000	6050.000000	3
E8	SI	20250423	935.000000	7885.000000	9187.500000	3
E8	SI	20250424	-277.500000	3297.500000	4225.000000	3
E8	SI	20250425	-227.500000	2985.000000	6200.000000	3
E8	SI	20250428	-1282.500000	4372.500000	2600.000000	4
E8	SI	20250429	-662.500000	4735.000000	5300.000000	5
E8	SI	20250430	-820.000000	6435.000000	6912.500000	4
E8	SI	20250501	1222.500000	6822.500000	4312.500000	3
E8	SI	20250502	-1395.000000	5085.000000	5550.000000	4
E8	SI	20250505	622.500000	3872.500000	3612.500000	3
E8	SI	20250506	-290.000000	4285.000000	5650.000000	3
E8	SI	20250507	780.000000	4297.500000	5937.500000	4
E8	SI	20250508	197.500000	4485.000000	3587.500000	3
E8	SI	20250509	905.000000	3060.000000	4875.000000	4
E8	SI	20250512	-2062.500000	10435.000000	8512.500000	5
E8	SI	20250513	-902.500000	5372.500000	3762.500000	3
E8	SI	20250514	-132.500000	5035.000000	5225.000000	4
E8	SI	20250515	-1320.000000	6122.500000	8100.000000	4
E8	SI	20250516	-1540.000000	4372.500000	4350.000000	3
E8	SI	20250519	1185.000000	2635.000000	2037.500000	3
E8	SI	20250520	-2340.000000	6285.000000	6512.500000	3
E8	SI	20250521	-320.000000	2897.500000	4600.000000	4
E8	SI	20250522	-540.000000	7260.000000	5862.500000	3
E8	SI	20250523	-2207.500000	4572.500000	4787.500000	4
E8	SI	20250526	922.500000	1785.000000	1650.000000	3
E8	SI	20250527	-320.000000	5072.500000	4837.500000	4
E8	SI	20250528	-502.500000	2722.500000	3562.500000	3
E8	SI	20250529	935.000000	4835.000000	4262.500000	3
E8	SI	20250530	1097.500000	3035.000000	3837.500000	3
E8	SI	20250602	-1482.500000	10147.500000	8975.000000	4
E8	SI	20250603	-102.500000	4735.000000	6000.000000	3
E8	SI	20250604	910.000000	2960.000000	4062.500000	3
E8	SI	20250605	-2392.500000	8797.500000	10487.500000	6
E8	SI	20250606	-2.500000	4972.500000	5650.000000	3
E8	SI	20250609	-1745.000000	4985.000000	6312.500000	4
E8	SI	20250610	-482.500000	4985.000000	5250.000000	4
E8	SI	20250611	1055.000000	4010.000000	5637.500000	4
E8	SI	20250612	822.500000	4847.500000	5000.000000	3
E8	SI	20250613	1697.500000	4647.500000	3475.000000	3
E8	SI	20250616	2372.500000	3147.500000	3637.500000	3
E8	SI	20250617	4185.000000	6935.000000	7787.500000	3
E8	SI	20250618	835.000000	3597.500000	4812.500000	3
E8	SI	20250619	-1120.000000	2860.000000	2900.000000	4
E8	SI	20250620	-590.000000	6785.000000	6437.500000	3
E8	SI	20250623	1160.000000	2972.500000	2087.500000	3
E8	SI	20250624	2755.000000	5297.500000	3762.500000	4
E8	SI	20250625	-1295.000000	4422.500000	3225.000000	4
E8	SI	20250626	697.500000	3522.500000	5175.000000	3
E8	SI	20250627	617.500000	4447.500000	6412.500000	4
E8	SI	20250630	-1302.500000	6397.500000	4325.000000	3
