date,open,high,low,close,volume
2016-08-15,16850.0,16945.0,16820.0,16885.0,5320
2016-08-16,16875.0,16900.0,16530.0,16575.0,11742
2016-08-17,16600.0,16765.0,16555.0,16680.0,8080
2016-08-18,16650.0,16740.0,16480.0,16550.0,9169
2016-08-19,16550.0,16615.0,16415.0,16485.0,8418
2016-08-22,16560.0,16645.0,16495.0,16550.0,9973
2016-08-23,16570.0,16660.0,16445.0,16555.0,9153
2016-08-24,16575.0,16640.0,16510.0,16540.0,8350
2016-08-25,16555.0,16660.0,16485.0,16505.0,8276
2016-08-26,16525.0,16600.0,16335.0,16595.0,17068
2016-08-29,16585.0,16785.0,16580.0,16710.0,8974
2016-08-30,16705.0,16890.0,16690.0,16865.0,10185
2016-08-31,16845.0,16930.0,16815.0,16925.0,9280
2016-09-01,16885.0,17075.0,16855.0,16965.0,11414
2016-09-02,16985.0,17170.0,16860.0,17140.0,11439
2016-09-06,17125.0,17170.0,16900.0,16945.0,35592
2016-09-07,16930.0,17025.0,16885.0,16970.0,22587
2016-09-08,16985.0,17005.0,16830.0,16990.0,13183
2016-09-09,16960.0,16980.0,16725.0,16735.0,12398
2016-09-12,16735.0,16770.0,16475.0,16735.0,13290
2016-09-13,16740.0,16800.0,16470.0,16605.0,12423
2016-09-14,16620.0,16670.0,16390.0,16430.0,11923
2016-09-15,16445.0,16485.0,16300.0,16470.0,10581
2016-09-16,16465.0,16480.0,16305.0,16325.0,10479
2016-09-19,16335.0,16425.0,16275.0,16330.0,4668
2016-09-20,16335.0,16575.0,16325.0,16415.0,7469
2016-09-21,16445.0,16795.0,16310.0,16555.0,21862
2016-09-22,16530.0,16880.0,16510.0,16815.0,8388
2016-09-23,16805.0,16870.0,16590.0,16630.0,8618
2016-09-26,16655.0,16655.0,16300.0,16330.0,9552
2016-09-27,16335.0,16605.0,16205.0,16510.0,14078
2016-09-28,16540.0,16600.0,16410.0,16590.0,8296
2016-09-29,16590.0,16790.0,16490.0,16560.0,12935
2016-09-30,16560.0,16635.0,16350.0,16595.0,14297
2016-10-03,16570.0,16680.0,16565.0,16650.0,6785
2016-10-04,16640.0,16895.0,16635.0,16770.0,13010
2016-10-05,16795.0,17010.0,16745.0,16985.0,8777
2016-10-06,16985.0,17000.0,16865.0,16975.0,8402
2016-10-07,16965.0,16970.0,16770.0,16820.0,11140
2016-10-11,16985.0,17100.0,16855.0,16915.0,9909
2016-10-12,16920.0,17020.0,16855.0,17000.0,8755
2016-10-13,16985.0,17010.0,16680.0,16805.0,12509
2016-10-14,16815.0,17000.0,16755.0,16910.0,8627
2016-10-17,16890.0,16970.0,16840.0,16880.0,6421
2016-10-18,16880.0,17040.0,16860.0,16970.0,6119
2016-10-19,16965.0,17045.0,16955.0,17015.0,6140
2016-10-20,17005.0,17320.0,16990.0,17305.0,14599
2016-10-21,17320.0,17365.0,17150.0,17275.0,8597
2016-10-24,17255.0,17395.0,17195.0,17365.0,9557
2016-10-25,17380.0,17460.0,17335.0,17380.0,8800
2016-10-26,17350.0,17410.0,17290.0,17385.0,9889
2016-10-27,17385.0,17515.0,17305.0,17475.0,11907
2016-10-28,17480.0,17515.0,17360.0,17425.0,11442
2016-10-31,17415.0,17475.0,17345.0,17420.0,7681
2016-11-01,17470.0,17595.0,17170.0,17270.0,12723
2016-11-02,17260.0,17305.0,16975.0,17040.0,13782
2016-11-03,17035.0,17145.0,16935.0,16995.0,7039
2016-11-04,17000.0,17030.0,16830.0,16880.0,11534
2016-11-07,17050.0,17340.0,17045.0,17335.0,11591
2016-11-08,17320.0,17400.0,17135.0,17340.0,10228
2016-11-09,17345.0,17465.0,16140.0,17240.0,54170
2016-11-10,17255.0,17580.0,17145.0,17520.0,23515
2016-11-14,17440.0,17760.0,17435.0,17720.0,14105
2016-11-15,17710.0,17930.0,17630.0,17920.0,10211
2016-11-16,17910.0,17965.0,17795.0,17800.0,9274
2016-11-17,17810.0,18135.0,17765.0,18125.0,9550
2016-11-18,18125.0,18150.0,17935.0,18040.0,11997
2016-11-21,18045.0,18180.0,18010.0,18050.0,10378
2016-11-22,18070.0,18260.0,18050.0,18225.0,8937
2016-11-23,18215.0,18455.0,18165.0,18440.0,8327
2016-11-25,18435.0,18495.0,18285.0,18400.0,15009
2016-11-28,18370.0,18385.0,18220.0,18295.0,9780
2016-11-29,18265.0,18460.0,18245.0,18365.0,9043
2016-11-30,18360.0,18665.0,18295.0,18620.0,13703
2016-12-01,18615.0,18755.0,18400.0,18450.0,13802
2016-12-02,18465.0,18480.0,18255.0,18375.0,11965
2016-12-05,18250.0,18570.0,18235.0,18400.0,36997
2016-12-06,18420.0,18495.0,18320.0,18455.0,15945
2016-12-07,18470.0,18665.0,18415.0,18625.0,17730
2016-12-08,18650.0,18915.0,18615.0,18855.0,19838
2016-12-09,18890.0,19260.0,18825.0,19255.0,13858
2016-12-12,19275.0,19335.0,19085.0,19135.0,12825
2016-12-13,19135.0,19370.0,19075.0,19340.0,9816
2016-12-14,19340.0,19480.0,19185.0,19410.0,13755
2016-12-15,19400.0,19570.0,19185.0,19500.0,17537
2016-12-16,19495.0,19515.0,19305.0,19365.0,9010
2016-12-19,19350.0,19480.0,19315.0,19445.0,7943
2016-12-20,19435.0,19680.0,19390.0,19595.0,10034
2016-12-21,19610.0,19615.0,19395.0,19470.0,8234
2016-12-22,19450.0,19475.0,19340.0,19445.0,5424
2016-12-23,19440.0,19500.0,19410.0,19460.0,2849
2016-12-27,19420.0,19505.0,19385.0,19450.0,2958
2016-12-28,19480.0,19535.0,19360.0,19390.0,3913
2016-12-29,19395.0,19395.0,18990.0,19090.0,12532
2016-12-30,19085.0,19235.0,19035.0,19110.0,6806
2017-01-03,19175.0,19485.0,19165.0,19380.0,10413
2017-01-04,19365.0,19720.0,19325.0,19685.0,12273
2017-01-05,19675.0,19705.0,19420.0,19480.0,14330
2017-01-06,19480.0,19675.0,19375.0,19635.0,9318
2017-01-09,19645.0,19745.0,19450.0,19475.0,7717
2017-01-10,19470.0,19525.0,19285.0,19370.0,11431
2017-01-11,19390.0,19555.0,19165.0,19395.0,16674
2017-01-12,19425.0,19430.0,19000.0,19225.0,18063
2017-01-13,19225.0,19420.0,19195.0,19345.0,13448
2017-01-17,19325.0,19330.0,18710.0,18775.0,26786
2017-01-18,18785.0,19075.0,18680.0,19060.0,12951
2017-01-19,19060.0,19220.0,19015.0,19105.0,12904
2017-01-20,19120.0,19320.0,19075.0,19185.0,11619
2017-01-23,19160.0,19175.0,18835.0,18940.0,15785
2017-01-24,18875.0,19120.0,18810.0,19080.0,12104
2017-01-25,19080.0,19325.0,19015.0,19250.0,15698
2017-01-26,19255.0,19600.0,19245.0,19540.0,14072
2017-01-27,19520.0,19585.0,19435.0,19505.0,11803
2017-01-30,19455.0,19470.0,19095.0,19210.0,16137
2017-01-31,19200.0,19220.0,18850.0,19020.0,20913
2017-02-01,19020.0,19315.0,18945.0,19195.0,17587
2017-02-02,19200.0,19215.0,18885.0,19075.0,15177
2017-02-03,19090.0,19135.0,18845.0,19080.0,17563
2017-02-06,19065.0,19135.0,18825.0,18875.0,11566
2017-02-07,18875.0,19000.0,18825.0,18970.0,9928
2017-02-08,18960.0,19070.0,18885.0,18960.0,11255
2017-02-09,18950.0,19235.0,18895.0,19185.0,14282
2017-02-10,19195.0,19485.0,19190.0,19360.0,17538
2017-02-13,19390.0,19555.0,19390.0,19540.0,11601
2017-02-14,19535.0,19545.0,19250.0,19500.0,14060
2017-02-15,19495.0,19520.0,19365.0,19440.0,11892
2017-02-16,19460.0,19540.0,19190.0,19290.0,15769
2017-02-17,19275.0,19295.0,19045.0,19150.0,13267
2017-02-21,19140.0,19495.0,19125.0,19460.0,14703
2017-02-22,19465.0,19475.0,19290.0,19350.0,12581
2017-02-23,19370.0,19400.0,19235.0,19295.0,9948
2017-02-24,19285.0,19430.0,19095.0,19170.0,12123
2017-02-27,19170.0,19235.0,19005.0,19205.0,12503
2017-02-28,19200.0,19280.0,19035.0,19195.0,11723
2017-03-01,19200.0,19635.0,19175.0,19575.0,22680
2017-03-02,19605.0,19685.0,19550.0,19565.0,11550
2017-03-03,19570.0,19600.0,19405.0,19470.0,12124
2017-03-06,19450.0,19515.0,19305.0,19375.0,35854
2017-03-07,19350.0,19395.0,19315.0,19340.0,17086
2017-03-08,19325.0,19415.0,19195.0,19320.0,12307
2017-03-09,19290.0,19435.0,19265.0,19410.0,10083
2017-03-10,19370.0,19600.0,19370.0,19520.0,13274
2017-03-13,19520.0,19630.0,19465.0,19610.0,6112
2017-03-14,19620.0,19665.0,19460.0,19505.0,5940
2017-03-15,19510.0,19545.0,19410.0,19440.0,7749
2017-03-16,19450.0,19595.0,19375.0,19405.0,12549
2017-03-17,19415.0,19475.0,19330.0,19360.0,9692
2017-03-20,19400.0,19460.0,19285.0,19335.0,5707
2017-03-21,19320.0,19415.0,19015.0,19030.0,15574
2017-03-22,19040.0,19100.0,18835.0,18970.0,16782
2017-03-23,18995.0,19060.0,18875.0,18970.0,13408
2017-03-24,18995.0,19230.0,18960.0,19155.0,15075
2017-03-27,19145.0,19145.0,18800.0,19055.0,13346
2017-03-28,19070.0,19280.0,19005.0,19255.0,13286
2017-03-29,19255.0,19315.0,19165.0,19220.0,10500
2017-03-30,19220.0,19285.0,19085.0,19250.0,9431
2017-03-31,19290.0,19300.0,18950.0,19015.0,15301
2017-04-03,19005.0,19125.0,18960.0,19045.0,11981
2017-04-04,19035.0,19060.0,18755.0,18965.0,14591
2017-04-05,18995.0,19080.0,18830.0,18845.0,14796
2017-04-06,18820.0,18845.0,18585.0,18790.0,17935
2017-04-07,18815.0,18905.0,18565.0,18840.0,21992
2017-04-10,18840.0,18910.0,18750.0,18810.0,7222
2017-04-11,18760.0,18820.0,18605.0,18695.0,14693
2017-04-12,18690.0,18695.0,18495.0,18520.0,14200
2017-04-13,18515.0,18520.0,18355.0,18405.0,14105
2017-04-17,18350.0,18535.0,18255.0,18525.0,9043
2017-04-18,18535.0,18590.0,18315.0,18380.0,10461
2017-04-19,18345.0,18555.0,18345.0,18435.0,8542
2017-04-20,18410.0,18660.0,18400.0,18620.0,9955
2017-04-21,18625.0,18705.0,18585.0,18650.0,9478
2017-04-24,18930.0,19070.0,18880.0,18900.0,19333
2017-04-25,18910.0,19270.0,18885.0,19225.0,14992
2017-04-26,19215.0,19355.0,19185.0,19200.0,12115
2017-04-27,19210.0,19325.0,19210.0,19255.0,8953
2017-04-28,19255.0,19285.0,19170.0,19235.0,8146
2017-05-01,19225.0,19385.0,19185.0,19365.0,5783
2017-05-02,19370.0,19530.0,19345.0,19480.0,7148
2017-05-03,19475.0,19655.0,19390.0,19620.0,7007
2017-05-04,19580.0,19690.0,19520.0,19585.0,6158
2017-05-05,19620.0,19755.0,19475.0,19725.0,5361
2017-05-08,19775.0,19945.0,19730.0,19925.0,13671
2017-05-09,19930.0,20040.0,19860.0,19960.0,10293
2017-05-10,19950.0,19985.0,19875.0,19965.0,9315
2017-05-11,19955.0,20005.0,19805.0,19875.0,11797
2017-05-12,19885.0,19955.0,19795.0,19820.0,9204
2017-05-15,19795.0,19995.0,19765.0,19950.0,8576
2017-05-16,19960.0,20005.0,19815.0,19860.0,9380
2017-05-17,19830.0,19850.0,19445.0,19460.0,21545
2017-05-18,19445.0,19660.0,19295.0,19610.0,22065
2017-05-19,19625.0,19755.0,19505.0,19695.0,10915
2017-05-22,19695.0,19730.0,19620.0,19695.0,6466
2017-05-23,19705.0,19785.0,19590.0,19780.0,9464
2017-05-24,19790.0,19800.0,19695.0,19735.0,7701
2017-05-25,19735.0,19860.0,19715.0,19815.0,10890
2017-05-26,19825.0,19825.0,19595.0,19715.0,10992
2017-05-30,19705.0,19745.0,19570.0,19620.0,10685
2017-05-31,19655.0,19720.0,19595.0,19675.0,9699
2017-06-01,19700.0,19950.0,19665.0,19935.0,13032
2017-06-02,19950.0,20250.0,19925.0,20160.0,18838
2017-06-05,20125.0,20225.0,20090.0,20150.0,24029
2017-06-06,20140.0,20155.0,19895.0,19945.0,26963
2017-06-07,19940.0,20025.0,19905.0,19990.0,12683
2017-06-08,20015.0,20075.0,19900.0,20030.0,16054
2017-06-09,20015.0,20120.0,19870.0,19960.0,14302
2017-06-12,19960.0,19975.0,19800.0,19850.0,10601
2017-06-13,19865.0,20075.0,19850.0,19960.0,7587
2017-06-14,19990.0,20020.0,19765.0,19900.0,11336
2017-06-15,19885.0,19980.0,19750.0,19920.0,12282
2017-06-16,19920.0,20020.0,19900.0,19975.0,9674
2017-06-19,19990.0,20185.0,19950.0,20165.0,7974
2017-06-20,20170.0,20320.0,20165.0,20205.0,8795
2017-06-21,20190.0,20215.0,20075.0,20135.0,8459
2017-06-22,20135.0,20195.0,20075.0,20135.0,6516
2017-06-23,20145.0,20165.0,20080.0,20130.0,4717
2017-06-26,20110.0,20235.0,19950.0,20225.0,7557
2017-06-27,20215.0,20250.0,20135.0,20180.0,8875
2017-06-28,20180.0,20255.0,20060.0,20245.0,12948
2017-06-29,20255.0,20315.0,19890.0,20010.0,13618
2017-06-30,20025.0,20130.0,19965.0,20105.0,10346
2017-07-03,20080.0,20225.0,20055.0,20180.0,8407
2017-07-05,20200.0,20230.0,19915.0,20100.0,17835
2017-07-06,20130.0,20140.0,19895.0,19930.0,15076
2017-07-07,19905.0,20085.0,19870.0,20060.0,9533
2017-07-10,20065.0,20155.0,20025.0,20085.0,10048
2017-07-11,20075.0,20215.0,20075.0,20150.0,7601
2017-07-12,20165.0,20190.0,20060.0,20165.0,9100
2017-07-13,20175.0,20205.0,20075.0,20140.0,6157
2017-07-14,20160.0,20170.0,20040.0,20065.0,6223
2017-07-17,20035.0,20140.0,19995.0,20060.0,3241
2017-07-18,20070.0,20105.0,19915.0,20000.0,9021
2017-07-19,20000.0,20060.0,19960.0,20035.0,5689
2017-07-20,20050.0,20160.0,20035.0,20110.0,8288
2017-07-21,20105.0,20130.0,19970.0,20005.0,8626
2017-07-24,20005.0,20005.0,19875.0,19975.0,7035
2017-07-25,19965.0,20105.0,19935.0,20080.0,7421
2017-07-26,20095.0,20125.0,20005.0,20020.0,6163
2017-07-27,20025.0,20180.0,19970.0,20045.0,10789
2017-07-28,20060.0,20080.0,19925.0,19970.0,8201
2017-07-31,19965.0,20020.0,19915.0,19940.0,6448
2017-08-01,19905.0,20060.0,19905.0,20015.0,6577
2017-08-02,20060.0,20105.0,20010.0,20075.0,7533
2017-08-03,20080.0,20080.0,19960.0,19970.0,6540
2017-08-04,19980.0,20065.0,19935.0,20045.0,6484
2017-08-07,20050.0,20095.0,20030.0,20055.0,3265
2017-08-08,20065.0,20065.0,19935.0,19945.0,7706
2017-08-09,19940.0,19940.0,19650.0,19765.0,15911
2017-08-10,19775.0,19820.0,19365.0,19365.0,13356
2017-08-11,19365.0,19495.0,19300.0,19410.0,9786
2017-08-14,19440.0,19615.0,19405.0,19600.0,10728
2017-08-15,19605.0,19825.0,19585.0,19730.0,10359
2017-08-16,19730.0,19805.0,19690.0,19715.0,7989
2017-08-17,19705.0,19725.0,19465.0,19485.0,10425
2017-08-18,19465.0,19550.0,19320.0,19455.0,10304
2017-08-21,19470.0,19540.0,19265.0,19330.0,8117
2017-08-22,19355.0,19500.0,19340.0,19485.0,10383
2017-08-23,19500.0,19615.0,19345.0,19355.0,7665
2017-08-24,19340.0,19435.0,19315.0,19415.0,7275
2017-08-25,19415.0,19540.0,19375.0,19450.0,7555
2017-08-28,19450.0,19525.0,19395.0,19470.0,4702
2017-08-29,19285.0,19505.0,19060.0,19475.0,17275
2017-08-30,19480.0,19590.0,19435.0,19565.0,10222
2017-08-31,19550.0,19735.0,19550.0,19675.0,13291
2017-09-01,19690.0,19750.0,19620.0,19695.0,10558
2017-09-05,19510.0,19620.0,19270.0,19355.0,42221
2017-09-06,19355.0,19490.0,19260.0,19470.0,18541
2017-09-07,19445.0,19485.0,19355.0,19415.0,12284
2017-09-08,19320.0,19330.0,19140.0,19200.0,8306
2017-09-11,19250.0,19610.0,19250.0,19595.0,8873
2017-09-12,19615.0,19815.0,19565.0,19765.0,9809
2017-09-13,19800.0,19815.0,19710.0,19790.0,6357
2017-09-14,19770.0,19820.0,19695.0,19765.0,9129
2017-09-15,19760.0,19930.0,19665.0,19880.0,10002
2017-09-18,19895.0,20030.0,19890.0,20015.0,4685
2017-09-19,20020.0,20210.0,20000.0,20180.0,10702
2017-09-20,20160.0,20320.0,20150.0,20315.0,10012
2017-09-21,20300.0,20400.0,20210.0,20295.0,10009
2017-09-22,20270.0,20315.0,20155.0,20235.0,9936
2017-09-25,20245.0,20345.0,20205.0,20205.0,8944
2017-09-26,20235.0,20295.0,20180.0,20270.0,7508
2017-09-27,20270.0,20460.0,20240.0,20425.0,13521
2017-09-28,20410.0,20435.0,20325.0,20360.0,7823
2017-09-29,20355.0,20405.0,20305.0,20385.0,7215
2017-10-02,20365.0,20510.0,20365.0,20500.0,11164
2017-10-03,20520.0,20705.0,20475.0,20705.0,8022
2017-10-04,20700.0,20720.0,20625.0,20700.0,7606
2017-10-05,20685.0,20740.0,20630.0,20730.0,7135
2017-10-06,20735.0,20790.0,20670.0,20695.0,8389
2017-10-09,20650.0,20780.0,20605.0,20720.0,2562
2017-10-10,20735.0,20875.0,20695.0,20855.0,10543
2017-10-11,20855.0,21005.0,20820.0,20975.0,9835
2017-10-12,21005.0,21065.0,20955.0,21015.0,7591
2017-10-13,21030.0,21300.0,20960.0,21265.0,14078
2017-10-16,21250.0,21390.0,21230.0,21370.0,10931
2017-10-17,21375.0,21430.0,21265.0,21400.0,11388
2017-10-18,21390.0,21475.0,21350.0,21470.0,10488
2017-10-19,21470.0,21535.0,21240.0,21370.0,20324
2017-10-20,21375.0,21595.0,21340.0,21580.0,10849
2017-10-23,21640.0,21865.0,21625.0,21675.0,14705
2017-10-24,21665.0,21955.0,21655.0,21930.0,12931
2017-10-25,21945.0,21955.0,21615.0,21735.0,18461
2017-10-26,21765.0,21890.0,21720.0,21875.0,10447
2017-10-27,21890.0,22140.0,21840.0,22075.0,14495
2017-10-30,22105.0,22125.0,21865.0,21910.0,9626
2017-10-31,21930.0,22245.0,21855.0,22225.0,13734
2017-11-01,22230.0,22615.0,22180.0,22550.0,18777
2017-11-02,22540.0,22670.0,22390.0,22580.0,14046
2017-11-03,22610.0,22660.0,22520.0,22625.0,5956
2017-11-06,22625.0,22675.0,22450.0,22595.0,12995
2017-11-07,22595.0,23010.0,22540.0,22880.0,17946
2017-11-08,22865.0,22990.0,22770.0,22960.0,12546
2017-11-09,22970.0,23445.0,22335.0,22660.0,60643
2017-11-10,22660.0,22750.0,22355.0,22485.0,27660
2017-11-13,22525.0,22645.0,22130.0,22375.0,22380
2017-11-14,22370.0,22555.0,22275.0,22315.0,19898
2017-11-15,22315.0,22340.0,21845.0,22120.0,34870
2017-11-16,22080.0,22630.0,21995.0,22595.0,24358
2017-11-17,22595.0,22780.0,22290.0,22345.0,26858
2017-11-20,22250.0,22515.0,22185.0,22465.0,16515
2017-11-21,22470.0,22680.0,22420.0,22670.0,12663
2017-11-22,22670.0,22700.0,22350.0,22410.0,14139
2017-11-24,22390.0,22670.0,22325.0,22655.0,14139
2017-11-27,22675.0,22710.0,22425.0,22480.0,13268
2017-11-28,22490.0,22650.0,22375.0,22635.0,13515
2017-11-29,22600.0,22805.0,22525.0,22655.0,16951
2017-11-30,22680.0,22970.0,22520.0,22880.0,20768
2017-12-01,22895.0,23005.0,22375.0,22655.0,44420
2017-12-04,22810.0,22940.0,22480.0,22485.0,41301
2017-12-05,22505.0,22690.0,22455.0,22475.0,28192
2017-12-06,22485.0,22540.0,22060.0,22240.0,24164
2017-12-07,22265.0,22640.0,22260.0,22555.0,16324
2017-12-08,22665.0,22915.0,22570.0,22900.0,12752
2017-12-11,22935.0,23070.0,22805.0,22960.0,7989
2017-12-12,22955.0,23010.0,22835.0,22900.0,9395
2017-12-13,22925.0,22940.0,22695.0,22705.0,10953
2017-12-14,22730.0,22800.0,22550.0,22605.0,10169
2017-12-15,22605.0,22760.0,22480.0,22730.0,11492
2017-12-18,22735.0,23020.0,22725.0,23000.0,10886
2017-12-19,23010.0,23045.0,22805.0,22810.0,9412
2017-12-20,22810.0,22940.0,22810.0,22855.0,8841
2017-12-21,22835.0,22950.0,22725.0,22835.0,7522
2017-12-22,22830.0,22915.0,22810.0,22875.0,2374
2017-12-26,22905.0,22965.0,22880.0,22910.0,2374
2017-12-27,22920.0,22990.0,22895.0,22945.0,5383
2017-12-28,22955.0,22985.0,22760.0,22825.0,6329
2017-12-29,22820.0,22915.0,22605.0,22740.0,6363
2018-01-02,22750.0,22935.0,22655.0,22855.0,5047
2018-01-03,22825.0,23245.0,22795.0,23200.0,8252
2018-01-04,23215.0,23700.0,23115.0,23670.0,16435
2018-01-05,23680.0,23850.0,23545.0,23810.0,11577
2018-01-08,23840.0,23990.0,23825.0,23980.0,15332
2018-01-09,23975.0,24025.0,23790.0,23865.0,13811
2018-01-10,23830.0,23880.0,23580.0,23640.0,17008
2018-01-11,23640.0,23835.0,23620.0,23810.0,12529
2018-01-12,23800.0,23870.0,23595.0,23855.0,14093
2018-01-16,23845.0,24015.0,23660.0,23750.0,26762
2018-01-17,23780.0,24145.0,23695.0,24090.0,14661
2018-01-18,24070.0,24140.0,23710.0,23850.0,17354
2018-01-19,23830.0,23915.0,23735.0,23860.0,16124
2018-01-22,23830.0,23980.0,23695.0,23970.0,10080
2018-01-23,23965.0,24200.0,23930.0,24035.0,16023
2018-01-24,24020.0,24075.0,23620.0,23765.0,20304
2018-01-25,23765.0,23840.0,23465.0,23630.0,22163
2018-01-26,23690.0,23800.0,23555.0,23745.0,15884
2018-01-29,23765.0,23800.0,23490.0,23555.0,17138
2018-01-30,23570.0,23610.0,23115.0,23215.0,26302
2018-01-31,23205.0,23380.0,23095.0,23285.0,21205
2018-02-01,23300.0,23510.0,23240.0,23305.0,21090
2018-02-02,23385.0,23390.0,22950.0,22980.0,25495
2018-02-05,22960.0,22995.0,21365.0,21410.0,45045
2018-02-06,21620.0,22315.0,21065.0,22270.0,85607
2018-02-07,22245.0,22370.0,21475.0,21855.0,48325
2018-02-08,21780.0,22020.0,21100.0,21190.0,47100
2018-02-09,21185.0,21580.0,20565.0,21295.0,36148
2018-02-12,21320.0,21735.0,21280.0,21660.0,14913
2018-02-13,21635.0,21730.0,20930.0,21235.0,27407
2018-02-14,21280.0,21530.0,20945.0,21525.0,32303
2018-02-15,21505.0,21630.0,21310.0,21500.0,21993
2018-02-16,21510.0,21925.0,21505.0,21900.0,18930
2018-02-20,21865.0,22160.0,21810.0,21870.0,24460
2018-02-21,21860.0,22195.0,21810.0,21865.0,19391
2018-02-22,21865.0,21885.0,21550.0,21715.0,20319
2018-02-23,21735.0,22045.0,21695.0,22035.0,0
2018-02-26,22075.0,22430.0,22050.0,22425.0,14875
2018-02-27,22415.0,22510.0,22175.0,22180.0,14965
2018-02-28,22200.0,22380.0,21880.0,21920.0,17941
2018-03-01,21910.0,21970.0,21035.0,21120.0,36633
2018-03-02,21135.0,21270.0,20690.0,21125.0,29828
2018-03-05,21115.0,21465.0,20845.0,21415.0,39359
2018-03-06,21430.0,21805.0,21390.0,21635.0,33468
2018-03-07,21495.0,21495.0,21190.0,21450.0,38365
2018-03-08,21465.0,21680.0,21300.0,21660.0,15082
2018-03-09,21525.0,21780.0,21245.0,21760.0,17496
2018-03-12,21800.0,21865.0,21565.0,21625.0,10264
2018-03-13,21625.0,21980.0,21585.0,21650.0,15579
2018-03-14,21620.0,21790.0,21475.0,21615.0,13719
2018-03-15,21615.0,21755.0,21420.0,21705.0,14634
2018-03-16,21700.0,21730.0,21385.0,21470.0,11611
2018-03-19,21475.0,21530.0,20955.0,21175.0,16871
2018-03-20,21170.0,21365.0,21085.0,21345.0,9945
2018-03-21,21355.0,21415.0,21175.0,21180.0,7117
2018-03-22,21205.0,21445.0,20760.0,20900.0,21851
2018-03-23,20830.0,20850.0,20170.0,20215.0,25294
2018-03-26,20190.0,20745.0,20180.0,20725.0,19764
2018-03-27,20740.0,21220.0,20655.0,20740.0,19385
2018-03-28,20730.0,21365.0,20710.0,21270.0,31683
2018-03-29,21300.0,21665.0,21030.0,21510.0,0
2018-04-02,21475.0,21630.0,20955.0,21075.0,14674
2018-04-03,21095.0,21560.0,21070.0,21525.0,13118
2018-04-04,21515.0,21605.0,21060.0,21600.0,15948
2018-04-05,21565.0,21950.0,21485.0,21905.0,12458
2018-04-06,21900.0,21920.0,21340.0,21460.0,19887
2018-04-09,21485.0,21835.0,21485.0,21625.0,14587
2018-04-10,21655.0,21990.0,21560.0,21865.0,17404
2018-04-11,21900.0,21900.0,21595.0,21680.0,9914
2018-04-12,21695.0,21875.0,21620.0,21840.0,9451
2018-04-13,21875.0,21945.0,21720.0,21795.0,13867
2018-04-16,21880.0,22025.0,21785.0,21835.0,7353
2018-04-17,21845.0,21975.0,21800.0,21905.0,9331
2018-04-18,21905.0,22220.0,21905.0,22175.0,9521
2018-04-19,22180.0,22375.0,22070.0,22160.0,8835
2018-04-20,22155.0,22280.0,22065.0,22100.0,10490
2018-04-23,22220.0,22230.0,22040.0,22210.0,8976
2018-04-24,22230.0,22365.0,21985.0,22095.0,13028
2018-04-25,22110.0,22330.0,22085.0,22305.0,12442
2018-04-26,22335.0,22465.0,22285.0,22450.0,8179
2018-04-27,22455.0,22565.0,22370.0,22465.0,7915
2018-04-30,22485.0,22655.0,22435.0,22450.0,5524
2018-05-01,22445.0,22610.0,22430.0,22560.0,5569
2018-05-02,22595.0,22605.0,22410.0,22435.0,7540
2018-05-03,22425.0,22425.0,22105.0,22360.0,8209
2018-05-04,22365.0,22520.0,22175.0,22480.0,5583
2018-05-07,22510.0,22555.0,22360.0,22475.0,7227
2018-05-08,22480.0,22575.0,22415.0,22505.0,9213
2018-05-09,22500.0,22505.0,22370.0,22500.0,7942
2018-05-10,22505.0,22555.0,22435.0,22520.0,6834
2018-05-11,22535.0,22785.0,22515.0,22715.0,8340
2018-05-14,22745.0,22900.0,22730.0,22890.0,5734
2018-05-15,22895.0,22915.0,22725.0,22755.0,9170
2018-05-16,22750.0,22835.0,22695.0,22820.0,5460
2018-05-17,22845.0,22960.0,22795.0,22900.0,6995
2018-05-18,22905.0,22960.0,22810.0,22850.0,6219
2018-05-21,22915.0,23060.0,22900.0,23030.0,6989
2018-05-22,23025.0,23030.0,22915.0,22940.0,5239
2018-05-23,22915.0,22950.0,22475.0,22620.0,20803
2018-05-24,22610.0,22640.0,22075.0,22320.0,17158
2018-05-25,22300.0,22515.0,22260.0,22360.0,11310
2018-05-29,22420.0,22455.0,21920.0,22040.0,19804
2018-05-30,22040.0,22275.0,21925.0,22255.0,10657
2018-05-31,22245.0,22270.0,22015.0,22100.0,9965
2018-06-01,22070.0,22380.0,22070.0,22370.0,8740
2018-06-04,22345.0,22575.0,22290.0,22560.0,22751
2018-06-05,22560.0,22605.0,22445.0,22515.0,15282
2018-06-06,22555.0,22755.0,22505.0,22750.0,11358
2018-06-07,22775.0,22880.0,22650.0,22725.0,14100
2018-06-08,22695.0,22860.0,22500.0,22670.0,8316
2018-06-11,22640.0,22985.0,22600.0,22960.0,7294
2018-06-12,22955.0,23005.0,22780.0,22835.0,8402
2018-06-13,22855.0,22970.0,22820.0,22820.0,4655
2018-06-14,22820.0,22905.0,22700.0,22875.0,6933
2018-06-15,22855.0,22900.0,22670.0,22800.0,12395
2018-06-18,22800.0,22855.0,22570.0,22695.0,6344
2018-06-19,22695.0,22710.0,22105.0,22255.0,13339
2018-06-20,22260.0,22585.0,22155.0,22520.0,10003
2018-06-21,22480.0,22765.0,22395.0,22425.0,10832
2018-06-22,22405.0,22625.0,22390.0,22540.0,7420
2018-06-25,22470.0,22555.0,22025.0,22195.0,14863
2018-06-26,22210.0,22405.0,22095.0,22335.0,8652
2018-06-27,22310.0,22440.0,22125.0,22165.0,11740
2018-06-28,22175.0,22345.0,22060.0,22320.0,10896
2018-06-29,22335.0,22370.0,22165.0,22265.0,9695
2018-07-02,22265.0,22330.0,21715.0,21885.0,12903
2018-07-03,21900.0,21945.0,21580.0,21735.0,0
2018-07-05,21720.0,21755.0,21475.0,21720.0,13526
2018-07-06,21700.0,21895.0,21655.0,21830.0,9818
2018-07-09,21815.0,22225.0,21815.0,22215.0,9148
2018-07-10,22220.0,22325.0,22165.0,22260.0,7230
2018-07-11,22150.0,22165.0,21760.0,22030.0,11671
2018-07-12,22015.0,22360.0,21995.0,22355.0,8217
2018-07-13,22345.0,22705.0,22335.0,22590.0,10441
2018-07-16,22605.0,22745.0,22555.0,22565.0,3732
2018-07-17,22545.0,22890.0,22510.0,22875.0,9342
2018-07-18,22865.0,22955.0,22785.0,22885.0,5795
2018-07-19,22885.0,22930.0,22690.0,22725.0,5515
2018-07-20,22710.0,22875.0,22505.0,22545.0,11165
2018-07-23,22510.0,22560.0,22345.0,22485.0,7224
2018-07-24,22480.0,22625.0,22410.0,22580.0,6624
2018-07-25,22565.0,22670.0,22515.0,22625.0,7019
2018-07-26,22575.0,22680.0,22535.0,22640.0,6121
2018-07-27,22675.0,22755.0,22580.0,22635.0,7550
2018-07-30,22630.0,22635.0,22475.0,22490.0,5910
2018-07-31,22475.0,22710.0,22355.0,22640.0,11356
2018-08-01,22660.0,22830.0,22560.0,22650.0,7798
2018-08-02,22705.0,22750.0,22385.0,22585.0,7778
2018-08-03,22625.0,22740.0,22450.0,22580.0,5081
2018-08-06,22580.0,22620.0,22450.0,22545.0,8672
2018-08-07,22535.0,22690.0,22530.0,22685.0,4825
2018-08-08,22660.0,22810.0,22550.0,22580.0,5691
2018-08-09,22570.0,22630.0,22495.0,22575.0,4572
2018-08-10,22545.0,22620.0,22070.0,22185.0,13859
2018-08-13,22125.0,22155.0,21830.0,22050.0,15749
2018-08-14,22085.0,22385.0,22030.0,22335.0,8673
2018-08-15,22345.0,22365.0,21855.0,22010.0,9839
2018-08-16,22005.0,22360.0,21875.0,22290.0,10325
2018-08-17,22300.0,22340.0,22090.0,22270.0,6943
2018-08-20,22270.0,22280.0,22135.0,22180.0,4655
2018-08-21,22150.0,22370.0,22045.0,22315.0,5862
2018-08-22,22230.0,22455.0,22145.0,22370.0,5801
2018-08-23,22400.0,22525.0,22365.0,22500.0,5950
2018-08-24,22490.0,22645.0,22445.0,22615.0,4758
2018-08-27,22625.0,22920.0,22625.0,22890.0,5684
2018-08-28,22915.0,22990.0,22775.0,22810.0,6274
2018-08-29,22780.0,23020.0,22780.0,22985.0,7044
2018-08-30,23020.0,23145.0,22665.0,22740.0,9990
2018-08-31,22715.0,22905.0,22685.0,22825.0,0
2018-09-04,22770.0,22810.0,22595.0,22715.0,12020
2018-09-05,22745.0,22745.0,22490.0,22530.0,8915
2018-09-06,22510.0,22565.0,22365.0,22410.0,13503
2018-09-07,22400.0,22450.0,22160.0,22350.0,15134
2018-09-10,22370.0,22500.0,22245.0,22450.0,13533
2018-09-11,22465.0,22750.0,22450.0,22715.0,14591
2018-09-12,22735.0,22740.0,22535.0,22650.0,14690
2018-09-13,22645.0,23005.0,22625.0,22980.0,12557
2018-09-14,22855.0,23130.0,22820.0,23095.0,18329
2018-09-17,23055.0,23240.0,23005.0,23055.0,6352
2018-09-18,23060.0,23765.0,22910.0,23710.0,17859
2018-09-19,23695.0,23730.0,23545.0,23615.0,11286
2018-09-20,23635.0,23740.0,23455.0,23720.0,9229
2018-09-21,23725.0,23855.0,23650.0,23770.0,9477
2018-09-24,23695.0,23750.0,23625.0,23735.0,4523
2018-09-25,23750.0,23905.0,23690.0,23840.0,7713
2018-09-26,23870.0,24060.0,23865.0,23915.0,8561
2018-09-27,23900.0,24155.0,23810.0,24055.0,12520
2018-09-28,24090.0,24320.0,24030.0,24185.0,13249
2018-10-01,24250.0,24515.0,24170.0,24455.0,8933
2018-10-02,24440.0,24475.0,24125.0,24255.0,10388
2018-10-03,24265.0,24390.0,24060.0,24310.0,9050
2018-10-04,24300.0,24325.0,23650.0,23790.0,15051
2018-10-05,23800.0,23970.0,23585.0,23695.0,14476
2018-10-08,23720.0,23840.0,23395.0,23655.0,6679
2018-10-09,23630.0,23650.0,23355.0,23555.0,11379
2018-10-10,23555.0,23625.0,22740.0,22835.0,17148
2018-10-11,22770.0,22945.0,22275.0,22525.0,37321
2018-10-12,22585.0,22790.0,22250.0,22590.0,18626
2018-10-15,22605.0,22630.0,22070.0,22300.0,15694
2018-10-16,22250.0,22935.0,22185.0,22910.0,12891
2018-10-17,22935.0,22980.0,22670.0,22900.0,12618
2018-10-18,22930.0,22980.0,22195.0,22345.0,12610
2018-10-19,22320.0,22720.0,22250.0,22485.0,11447
2018-10-22,22430.0,22745.0,22295.0,22500.0,11574
2018-10-23,22470.0,22515.0,21670.0,22205.0,27726
2018-10-24,22160.0,22240.0,21375.0,21430.0,26533
2018-10-25,21505.0,21815.0,21230.0,21590.0,26625
2018-10-26,21540.0,21560.0,20825.0,21280.0,33931
2018-10-29,21300.0,21525.0,20830.0,21055.0,21955
2018-10-30,21045.0,21705.0,20985.0,21655.0,23650
2018-10-31,21700.0,21970.0,21590.0,21795.0,15724
2018-11-01,21800.0,21890.0,21535.0,21790.0,14628
2018-11-02,21715.0,22340.0,21690.0,22030.0,23698
2018-11-05,21990.0,22105.0,21880.0,22020.0,8733
2018-11-06,22035.0,22285.0,21995.0,22270.0,10888
2018-11-07,22245.0,22590.0,22010.0,22585.0,17723
2018-11-08,22570.0,22600.0,22380.0,22480.0,14191
2018-11-09,22460.0,22500.0,22025.0,22150.0,11728
2018-11-12,22150.0,22340.0,21750.0,21800.0,9984
2018-11-13,21770.0,21975.0,21490.0,21785.0,15977
2018-11-14,21775.0,22000.0,21560.0,21675.0,13770
2018-11-15,21675.0,21950.0,21550.0,21950.0,17360
2018-11-16,21925.0,21925.0,21505.0,21755.0,13467
2018-11-19,21695.0,21925.0,21540.0,21605.0,8980
2018-11-20,21585.0,21695.0,21185.0,21235.0,18206
2018-11-21,21245.0,21760.0,21180.0,21655.0,11408
2018-11-23,21580.0,21695.0,21460.0,21485.0,7549
2018-11-26,21495.0,22095.0,21495.0,22055.0,8383
2018-11-27,21975.0,22205.0,21825.0,22095.0,12260
2018-11-28,22135.0,22425.0,22050.0,22400.0,14093
2018-11-29,22400.0,22440.0,22200.0,22300.0,9860
2018-11-30,22295.0,22435.0,22235.0,22420.0,8424
2018-12-03,22600.0,22780.0,22535.0,22645.0,16575
2018-12-04,22635.0,22635.0,21580.0,21610.0,18404
2018-12-06,21910.0,21910.0,21075.0,21580.0,26754
2018-12-07,21615.0,21735.0,21250.0,21340.0,19869
2018-12-10,21300.0,21390.0,20950.0,21320.0,27991
2018-12-11,21355.0,21530.0,21070.0,21345.0,23641
2018-12-12,21275.0,21825.0,21275.0,21645.0,20495
2018-12-13,21670.0,21925.0,21665.0,21715.0,13721
2018-12-14,21710.0,21730.0,21225.0,21265.0,13433
2018-12-17,21195.0,21540.0,20950.0,21130.0,12242
2018-12-18,21150.0,21295.0,20955.0,21005.0,12843
2018-12-19,20990.0,21165.0,20545.0,20665.0,17156
2018-12-20,20670.0,20815.0,20065.0,20385.0,21539
2018-12-21,20390.0,20425.0,19760.0,19835.0,21704
2018-12-24,19785.0,19945.0,19275.0,19290.0,6465
2018-12-26,19220.0,20110.0,18960.0,20070.0,19555
2018-12-27,20060.0,20225.0,19540.0,20075.0,15844
2018-12-28,20035.0,20095.0,19750.0,19960.0,13276
2018-12-31,20055.0,20120.0,19755.0,19860.0,3993
2019-01-02,19900.0,20005.0,19320.0,19855.0,10961
2019-01-03,19600.0,19690.0,19325.0,19425.0,10889
2019-01-04,19445.0,20225.0,19250.0,20135.0,18200
2019-01-07,20190.0,20335.0,20000.0,20205.0,10856
2019-01-08,20215.0,20440.0,20120.0,20330.0,10767
2019-01-09,20330.0,20510.0,20200.0,20290.0,10548
2019-01-10,20295.0,20405.0,20060.0,20375.0,9114
2019-01-11,20385.0,20405.0,20205.0,20305.0,10287
2019-01-14,20290.0,20290.0,20000.0,20130.0,3804
2019-01-15,20145.0,20595.0,20140.0,20525.0,10734
2019-01-16,20550.0,20600.0,20325.0,20510.0,6784
2019-01-17,20520.0,20630.0,20210.0,20515.0,9634
2019-01-18,20545.0,20990.0,20465.0,20950.0,10877
2019-01-22,20945.0,20965.0,20350.0,20450.0,15374
2019-01-23,20440.0,20740.0,20420.0,20575.0,9117
2019-01-24,20560.0,20655.0,20445.0,20595.0,6749
2019-01-25,20600.0,20910.0,20555.0,20810.0,8690
2019-01-28,20810.0,20840.0,20475.0,20595.0,7059
2019-01-29,20570.0,20755.0,20405.0,20630.0,9424
2019-01-30,20700.0,20845.0,20515.0,20805.0,12149
2019-01-31,20810.0,20885.0,20635.0,20835.0,11220
2019-02-01,20845.0,20920.0,20715.0,20805.0,12296
2019-02-04,20770.0,20905.0,20755.0,20890.0,147686
2019-02-05,20885.0,20970.0,20805.0,20930.0,6442
2019-02-06,20945.0,20950.0,20815.0,20870.0,5529
2019-02-07,20855.0,20895.0,20450.0,20540.0,11665
2019-02-08,20535.0,20540.0,20170.0,20310.0,10404
2019-02-11,20345.0,20480.0,20210.0,20450.0,5423
2019-02-12,20425.0,20965.0,20395.0,20930.0,10089
2019-02-13,20950.0,21195.0,20910.0,21105.0,8420
2019-02-14,21105.0,21240.0,20940.0,21000.0,9927
2019-02-15,20965.0,21245.0,20820.0,21220.0,9834
2019-02-19,21220.0,21400.0,21175.0,21330.0,13758
2019-02-20,21325.0,21480.0,21290.0,21400.0,6599
2019-02-21,21400.0,21545.0,21300.0,21360.0,7154
2019-02-22,21340.0,21495.0,21320.0,21430.0,4943
2019-02-25,21480.0,21630.0,21440.0,21570.0,6868
2019-02-26,21565.0,21615.0,21380.0,21525.0,6863
2019-02-27,21520.0,21600.0,21455.0,21565.0,7954
2019-02-28,21570.0,21570.0,21290.0,21490.0,10870
2019-03-01,21460.0,21775.0,21440.0,21760.0,9492
2019-03-04,21820.0,21865.0,21600.0,21685.0,15877
2019-03-05,21675.0,21835.0,21655.0,21690.0,18980
2019-03-06,21690.0,21700.0,21530.0,21535.0,22529
2019-03-07,21535.0,21540.0,21220.0,21285.0,11733
2019-03-08,21110.0,21175.0,20680.0,20935.0,17773
2019-03-11,20990.0,21190.0,20780.0,21165.0,7141
2019-03-12,21200.0,21410.0,21175.0,21260.0,8512
2019-03-13,21270.0,21360.0,21015.0,21320.0,7634
2019-03-14,21360.0,21385.0,21120.0,21200.0,10124
2019-03-15,21175.0,21400.0,21170.0,21355.0,8873
2019-03-18,21370.0,21475.0,21340.0,21435.0,5862
2019-03-19,21445.0,21520.0,21275.0,21420.0,8394
2019-03-20,21420.0,21490.0,21255.0,21290.0,8554
2019-03-21,21270.0,21445.0,21160.0,21440.0,6152
2019-03-22,21440.0,21505.0,20950.0,21000.0,12840
2019-03-25,21025.0,21065.0,20705.0,20965.0,14418
2019-03-26,20970.0,21365.0,20960.0,21290.0,10795
2019-03-27,21330.0,21415.0,21085.0,21205.0,12428
2019-03-28,21195.0,21250.0,20985.0,21225.0,11556
2019-03-29,21225.0,21330.0,21165.0,21285.0,10905
2019-04-01,21350.0,21695.0,21350.0,21650.0,13536
2019-04-02,21630.0,21765.0,21490.0,21545.0,9595
2019-04-03,21535.0,21850.0,21500.0,21780.0,10921
2019-04-04,21785.0,21805.0,21685.0,21795.0,5361
2019-04-05,21795.0,21890.0,21750.0,21875.0,6012
2019-04-08,21875.0,21985.0,21735.0,21815.0,5572
2019-04-09,21825.0,21835.0,21610.0,21635.0,5562
2019-04-10,21640.0,21750.0,21565.0,21665.0,6378
2019-04-11,21665.0,21755.0,21635.0,21725.0,6070
2019-04-12,21725.0,22095.0,21705.0,22070.0,7699
2019-04-15,22075.0,22240.0,22055.0,22160.0,7302
2019-04-16,22170.0,22330.0,22140.0,22265.0,6231
2019-04-17,22270.0,22365.0,22200.0,22280.0,6672
2019-04-18,22275.0,22305.0,22070.0,22265.0,7244
2019-04-22,22270.0,22305.0,22105.0,22260.0,5680
2019-04-23,22285.0,22375.0,22130.0,22355.0,5981
2019-04-24,22360.0,22390.0,22145.0,22240.0,6122
2019-04-25,22175.0,22375.0,22165.0,22220.0,9128
2019-04-26,22165.0,22380.0,22075.0,22345.0,9870
2019-04-29,22365.0,22470.0,22345.0,22405.0,3102
2019-04-30,22400.0,22430.0,22275.0,22375.0,5198
2019-05-01,22500.0,22500.0,22190.0,22215.0,4496
2019-05-02,22160.0,22380.0,22160.0,22295.0,5049
2019-05-03,22310.0,22505.0,22225.0,22490.0,3861
2019-05-06,22310.0,22310.0,21925.0,22210.0,10256
2019-05-07,22135.0,22170.0,21535.0,21675.0,15353
2019-05-08,21680.0,21695.0,21435.0,21545.0,14148
2019-05-09,21530.0,21560.0,21085.0,21340.0,16686
2019-05-10,21330.0,21595.0,21085.0,21505.0,24261
2019-05-13,21325.0,21385.0,20785.0,20820.0,14538
2019-05-14,20815.0,21195.0,20765.0,21145.0,11790
2019-05-15,21165.0,21205.0,20890.0,21170.0,11394
2019-05-16,21195.0,21355.0,20955.0,21265.0,10262
2019-05-17,21250.0,21405.0,21150.0,21235.0,10038
2019-05-20,21200.0,21445.0,21065.0,21155.0,9667
2019-05-21,21205.0,21400.0,21165.0,21380.0,6873
2019-05-22,21375.0,21415.0,21190.0,21240.0,8256
2019-05-23,21240.0,21240.0,20820.0,20865.0,9033
2019-05-24,20855.0,21200.0,20805.0,21130.0,8005
2019-05-28,21150.0,21295.0,20995.0,21020.0,10448
2019-05-29,20980.0,21065.0,20735.0,20880.0,11413
2019-05-30,20900.0,20995.0,20810.0,20955.0,6781
2019-05-31,20950.0,20965.0,20380.0,20425.0,20732
2019-06-03,20390.0,20525.0,20295.0,20465.0,13974
2019-06-04,20470.0,20730.0,20285.0,20725.0,11991
2019-06-05,20725.0,20870.0,20645.0,20790.0,11316
2019-06-06,20780.0,20915.0,20660.0,20880.0,11599
2019-06-07,20855.0,21065.0,20805.0,21035.0,13033
2019-06-10,21150.0,21250.0,21075.0,21120.0,16826
2019-06-11,21125.0,21330.0,21070.0,21190.0,16688
2019-06-12,21175.0,21260.0,21025.0,21045.0,7178
2019-06-13,21030.0,21135.0,20935.0,21070.0,8653
2019-06-14,21010.0,21085.0,20945.0,21015.0,7033
2019-06-17,21020.0,21155.0,21015.0,21095.0,8582
2019-06-18,21105.0,21230.0,20875.0,21210.0,14852
2019-06-19,21210.0,21335.0,21200.0,21310.0,9863
2019-06-20,21310.0,21595.0,21300.0,21460.0,14186
2019-06-21,21475.0,21475.0,21140.0,21190.0,16420
2019-06-24,21145.0,21285.0,21130.0,21180.0,9952
2019-06-25,21170.0,21265.0,21030.0,21055.0,8402
2019-06-26,21035.0,21240.0,21015.0,21115.0,7288
2019-06-27,21090.0,21320.0,21080.0,21220.0,8435
2019-06-28,21225.0,21380.0,21170.0,21320.0,6660
2019-07-01,21560.0,21825.0,21540.0,21695.0,9808
2019-07-02,21675.0,21760.0,21585.0,21710.0,6410
2019-07-03,21710.0,21720.0,21545.0,21705.0,4665
2019-07-05,21725.0,21730.0,21570.0,21665.0,6526
2019-07-08,21730.0,21735.0,21475.0,21595.0,4565
2019-07-09,21580.0,21665.0,21460.0,21515.0,5576
2019-07-10,21530.0,21625.0,21480.0,21545.0,6160
2019-07-11,21535.0,21635.0,21510.0,21610.0,8213
2019-07-12,21615.0,21685.0,21565.0,21585.0,4564
2019-07-15,21600.0,21690.0,21510.0,21600.0,3831
2019-07-16,21575.0,21630.0,21445.0,21485.0,6228
2019-07-17,21470.0,21470.0,21285.0,21330.0,6896
2019-07-18,21290.0,21315.0,20965.0,21135.0,9724
2019-07-19,21160.0,21445.0,21095.0,21270.0,9148
2019-07-22,21290.0,21415.0,21280.0,21390.0,5164
2019-07-23,21410.0,21705.0,21375.0,21700.0,7113
2019-07-24,21690.0,21750.0,21605.0,21745.0,6222
2019-07-25,21730.0,21805.0,21595.0,21625.0,9280
2019-07-26,21615.0,21680.0,21570.0,21655.0,6817
2019-07-29,21650.0,21660.0,21490.0,21625.0,5729
2019-07-30,21630.0,21770.0,21455.0,21485.0,6951
2019-07-31,21505.0,21565.0,21245.0,21375.0,11039
2019-08-01,21315.0,21570.0,21025.0,21045.0,18582
2019-08-02,21030.0,21155.0,20765.0,20885.0,20815
2019-08-05,20885.0,20925.0,20170.0,20250.0,22511
2019-08-06,20185.0,20650.0,19900.0,20630.0,22339
2019-08-07,20630.0,20650.0,20220.0,20610.0,17264
2019-08-08,20610.0,20795.0,20445.0,20780.0,11867
2019-08-09,20720.0,20765.0,20370.0,20490.0,10356
2019-08-12,20525.0,20585.0,20220.0,20280.0,10928
2019-08-13,20285.0,20760.0,20215.0,20725.0,21829
2019-08-14,20735.0,20765.0,20100.0,20125.0,15428
2019-08-15,20080.0,20500.0,20075.0,20320.0,20722
2019-08-16,20315.0,20595.0,20280.0,20570.0,6992
2019-08-19,20570.0,20685.0,20485.0,20645.0,5303
2019-08-20,20630.0,20665.0,20455.0,20485.0,5441
2019-08-21,20455.0,20725.0,20450.0,20685.0,4656
2019-08-22,20700.0,20745.0,20530.0,20595.0,4746
2019-08-23,20610.0,20720.0,20135.0,20195.0,14454
2019-08-26,20050.0,20600.0,19845.0,20540.0,18812
2019-08-27,20530.0,20565.0,20365.0,20415.0,7625
2019-08-28,20415.0,20520.0,20315.0,20515.0,6590
2019-08-29,20475.0,20725.0,20360.0,20705.0,6234
2019-08-30,20675.0,20790.0,20620.0,20665.0,6982
2019-09-03,20480.0,20675.0,20400.0,20595.0,9646
2019-09-04,20605.0,20820.0,20555.0,20810.0,9498
2019-09-05,20810.0,21265.0,20785.0,21150.0,9444
2019-09-06,21140.0,21245.0,21130.0,21220.0,5497
2019-09-09,21235.0,21375.0,21190.0,21350.0,10676
2019-09-10,21340.0,21475.0,21295.0,21455.0,16327
2019-09-11,21475.0,21690.0,21445.0,21665.0,14283
2019-09-12,21675.0,21875.0,21675.0,21845.0,18466
2019-09-13,21700.0,21955.0,21695.0,21915.0,8692
2019-09-16,21840.0,21845.0,21660.0,21790.0,5341
2019-09-17,21810.0,21910.0,21745.0,21890.0,9965
2019-09-18,21885.0,21960.0,21785.0,21945.0,7823
2019-09-19,21970.0,22120.0,21865.0,21985.0,8237
2019-09-20,21985.0,22055.0,21815.0,21830.0,8608
2019-09-23,21830.0,21990.0,21715.0,21810.0,10093
2019-09-24,21820.0,22020.0,21680.0,21730.0,12275
2019-09-25,21740.0,21925.0,21680.0,21910.0,8984
2019-09-26,21920.0,22035.0,21840.0,21985.0,10991
2019-09-27,21990.0,22005.0,21690.0,21730.0,11988
2019-09-30,21850.0,21900.0,21680.0,21895.0,8240
2019-10-01,21890.0,22045.0,21675.0,21700.0,8718
2019-10-02,21715.0,21805.0,21300.0,21365.0,10683
2019-10-03,21380.0,21480.0,21070.0,21380.0,13739
2019-10-04,21375.0,21565.0,21285.0,21555.0,8596
2019-10-07,21425.0,21625.0,21310.0,21510.0,6005
2019-10-08,21495.0,21650.0,21345.0,21355.0,11827
2019-10-09,21375.0,21635.0,21340.0,21595.0,10322
2019-10-10,21600.0,21765.0,21325.0,21700.0,15146
2019-10-11,21750.0,22265.0,21695.0,22060.0,12276
2019-10-14,22055.0,22130.0,21905.0,22010.0,5754
2019-10-15,22015.0,22580.0,22015.0,22540.0,13709
2019-10-16,22535.0,22630.0,22445.0,22540.0,8488
2019-10-17,22545.0,22705.0,22430.0,22540.0,8195
2019-10-18,22550.0,22660.0,22420.0,22505.0,5785
2019-10-21,22490.0,22715.0,22460.0,22705.0,4945
2019-10-22,22705.0,22820.0,22635.0,22700.0,3732
2019-10-23,22660.0,22810.0,22495.0,22805.0,5950
2019-10-24,22805.0,22875.0,22740.0,22825.0,5428
2019-10-25,22785.0,22860.0,22725.0,22835.0,3768
2019-10-28,22870.0,22990.0,22830.0,22975.0,4475
2019-10-29,22980.0,23005.0,22905.0,22935.0,3525
2019-10-30,22925.0,22975.0,22765.0,22940.0,6081
2019-10-31,22965.0,22990.0,22665.0,22730.0,19235
2019-11-01,22725.0,23005.0,22695.0,22955.0,11712
2019-11-04,22970.0,23185.0,22960.0,23140.0,3723
2019-11-05,23135.0,23390.0,23115.0,23345.0,5918
2019-11-06,23340.0,23385.0,23260.0,23315.0,4794
2019-11-07,23315.0,23660.0,23260.0,23550.0,7254
2019-11-08,23550.0,23610.0,23310.0,23485.0,6072
2019-11-11,23475.0,23490.0,23235.0,23380.0,4924
2019-11-12,23390.0,23590.0,23315.0,23480.0,5331
2019-11-13,23495.0,23505.0,23175.0,23345.0,6807
2019-11-14,23310.0,23370.0,23015.0,23165.0,7047
2019-11-15,23160.0,23410.0,23130.0,23380.0,5130
2019-11-18,23385.0,23505.0,23275.0,23400.0,6104
2019-11-19,23400.0,23445.0,23215.0,23255.0,7771
2019-11-20,23220.0,23305.0,23020.0,23145.0,11399
2019-11-21,23085.0,23160.0,22725.0,23090.0,11618
2019-11-22,23075.0,23215.0,23035.0,23170.0,5832
2019-11-25,23215.0,23440.0,23200.0,23435.0,120946
2019-11-26,23445.0,23625.0,23320.0,23440.0,7068
2019-11-27,23435.0,23600.0,23420.0,23590.0,5106
2019-11-29,23605.0,23605.0,23285.0,23330.0,9728
2019-12-02,23365.0,23595.0,23070.0,23215.0,21417
2019-12-03,23185.0,23390.0,22900.0,23135.0,12897
2019-12-04,23125.0,23385.0,22970.0,23345.0,9200
2019-12-05,23340.0,23445.0,23250.0,23330.0,8343
2019-12-06,23315.0,23565.0,23305.0,23530.0,6664
2019-12-09,23550.0,23560.0,23350.0,23375.0,18670
2019-12-10,23355.0,23485.0,23265.0,23450.0,13771
2019-12-11,23430.0,23475.0,23325.0,23445.0,9192
2019-12-12,23450.0,23795.0,23375.0,23770.0,16957
2019-12-13,23815.0,24075.0,23770.0,23940.0,20104
2019-12-16,23960.0,24140.0,23920.0,24105.0,7236
2019-12-17,24120.0,24120.0,23960.0,24035.0,6976
2019-12-18,24025.0,24025.0,23840.0,23900.0,4175
2019-12-19,23905.0,23915.0,23765.0,23815.0,3866
2019-12-20,23830.0,23875.0,23710.0,23830.0,5520
2019-12-23,23845.0,23895.0,23760.0,23825.0,3117
2019-12-24,23825.0,23830.0,23755.0,23780.0,1132
2019-12-26,23770.0,23960.0,23725.0,23955.0,2050
2019-12-27,23910.0,23960.0,23770.0,23795.0,3829
2019-12-30,23830.0,23830.0,23415.0,23430.0,5257
2019-12-31,23445.0,23485.0,23320.0,23455.0,2895
2020-01-02,23465.0,23790.0,23450.0,23710.0,6562
2020-01-03,23700.0,23800.0,23170.0,23315.0,10253
2020-01-06,23215.0,23365.0,23055.0,23345.0,10566
2020-01-07,23315.0,23570.0,23275.0,23375.0,9216
2020-01-08,23355.0,23605.0,22950.0,23540.0,18677
2020-01-09,23505.0,23800.0,23470.0,23770.0,5001
2020-01-10,23760.0,23895.0,23660.0,23695.0,5315
2020-01-13,23720.0,23975.0,23710.0,23955.0,6242
2020-01-14,23950.0,24045.0,23855.0,24000.0,7859
2020-01-15,23995.0,24000.0,23865.0,23955.0,5506
2020-01-16,23965.0,24090.0,23895.0,24065.0,4624
2020-01-17,24085.0,24135.0,24005.0,24050.0,4516
2020-01-21,24085.0,24095.0,23760.0,23770.0,14048
2020-01-22,23795.0,24035.0,23775.0,23850.0,7222
2020-01-23,23820.0,23900.0,23615.0,23810.0,9534
2020-01-24,23805.0,23910.0,23560.0,23655.0,9497
2020-01-27,23395.0,23455.0,23045.0,23050.0,227800
2020-01-28,23065.0,23400.0,23015.0,23360.0,11372
2020-01-29,23370.0,23410.0,23200.0,23250.0,8110
2020-01-30,23245.0,23295.0,22835.0,23210.0,16671
2020-01-31,23200.0,23410.0,22630.0,22730.0,18114
2020-02-03,22645.0,23020.0,22640.0,22875.0,11774
2020-02-04,22860.0,23415.0,22820.0,23380.0,10333
2020-02-05,23365.0,23715.0,23225.0,23695.0,11362
2020-02-06,23725.0,23990.0,23645.0,23960.0,8561
2020-02-07,23975.0,24030.0,23670.0,23680.0,8833
2020-02-10,23680.0,23810.0,23535.0,23700.0,7315
2020-02-11,23700.0,24020.0,23685.0,23895.0,4419
2020-02-12,23910.0,23980.0,23720.0,23955.0,7022
2020-02-13,23965.0,23975.0,23560.0,23720.0,10623
2020-02-14,23720.0,23770.0,23470.0,23540.0,7442
2020-02-18,23525.0,23625.0,23090.0,23200.0,14442
2020-02-19,23205.0,23670.0,23205.0,23590.0,11033
2020-02-20,23595.0,23800.0,23330.0,23530.0,16164
2020-02-21,23495.0,23580.0,23100.0,23195.0,14944
2020-02-24,23000.0,23000.0,22075.0,22175.0,20843
2020-02-25,22165.0,22735.0,21900.0,22080.0,35807
2020-02-26,22110.0,22515.0,22005.0,22220.0,40257
2020-02-27,22220.0,22335.0,21185.0,21230.0,47837
2020-02-28,21205.0,21460.0,20475.0,21030.0,51214
2020-03-02,20715.0,21610.0,20520.0,21435.0,693900
2020-03-03,21525.0,21740.0,20690.0,20890.0,34381
2020-03-04,20875.0,21445.0,20800.0,21395.0,20275
2020-03-05,21425.0,21460.0,20745.0,20795.0,16150
2020-03-06,20825.0,21065.0,20215.0,20440.0,30230
2020-03-09,20150.0,20150.0,18520.0,18890.0,35609
2020-03-10,18860.0,20190.0,18605.0,19980.0,34438
2020-03-11,19965.0,19985.0,18935.0,19160.0,19093
2020-03-12,19135.0,19350.0,16870.0,17060.0,21661
2020-03-13,17085.0,18610.0,16780.0,18220.0,10020
2020-03-16,18240.0,18240.0,16060.0,16465.0,16239
2020-03-17,16510.0,17570.0,16400.0,17330.0,14644
2020-03-18,17370.0,17520.0,16205.0,16735.0,15084
2020-03-19,16620.0,17800.0,16275.0,17400.0,22789
2020-03-20,17330.0,18220.0,17160.0,17365.0,6403
2020-03-23,17060.0,18220.0,15600.0,17765.0,8450
2020-03-24,17860.0,19460.0,17825.0,19435.0,7075
2020-03-25,19475.0,19750.0,18840.0,19410.0,7968
2020-03-26,19425.0,19525.0,18680.0,19475.0,7906
2020-03-27,19450.0,19575.0,18840.0,18880.0,5640
2020-03-30,18565.0,19405.0,18465.0,19335.0,7657
2020-03-31,19405.0,19600.0,18750.0,18865.0,7806
2020-04-01,18860.0,18980.0,17780.0,17805.0,5237
2020-04-02,17805.0,18335.0,17725.0,18280.0,7522
2020-04-03,18305.0,18310.0,17760.0,17865.0,3935
2020-04-06,17890.0,19125.0,17840.0,19070.0,7448
2020-04-07,19085.0,20030.0,18680.0,19120.0,10651
2020-04-08,19115.0,19595.0,18860.0,19300.0,8766
2020-04-09,19300.0,19760.0,19250.0,19600.0,6325
2020-04-13,19750.0,19750.0,19075.0,19230.0,4481
2020-04-14,19260.0,19825.0,19215.0,19625.0,6594
2020-04-15,19645.0,19730.0,19265.0,19405.0,5529
2020-04-16,19390.0,19525.0,19095.0,19310.0,5841
2020-04-17,19690.0,20010.0,19465.0,19690.0,7261
2020-04-20,19685.0,19855.0,19385.0,19395.0,4723
2020-04-21,19445.0,19595.0,19055.0,19110.0,6025
2020-04-22,19160.0,19410.0,18910.0,19345.0,4228
2020-04-23,19345.0,19725.0,19265.0,19425.0,5235
2020-04-24,19385.0,19525.0,19215.0,19495.0,3366
2020-04-27,19510.0,19890.0,19405.0,19850.0,4932
2020-04-28,19835.0,20200.0,19685.0,20025.0,5356
2020-04-29,20000.0,20560.0,19955.0,20455.0,3051
2020-04-30,20475.0,20500.0,19860.0,20035.0,7084
2020-05-01,20000.0,20005.0,19480.0,19545.0,5648
2020-05-04,19440.0,19455.0,19100.0,19425.0,3299
2020-05-05,19445.0,19780.0,19405.0,19580.0,3222
2020-05-06,19580.0,19775.0,19390.0,19395.0,2099
2020-05-07,19405.0,19870.0,19310.0,19815.0,6739
2020-05-08,19820.0,20280.0,19805.0,20250.0,4403
2020-05-11,20220.0,20645.0,20185.0,20530.0,4622
2020-05-12,20525.0,20560.0,20090.0,20175.0,3411
2020-05-13,20105.0,20435.0,20065.0,20190.0,5380
2020-05-14,20190.0,20255.0,19635.0,20090.0,5033
2020-05-15,20105.0,20205.0,19850.0,20045.0,4101
2020-05-18,20060.0,20705.0,20020.0,20665.0,5867
2020-05-19,20650.0,20705.0,20385.0,20415.0,5167
2020-05-20,20405.0,20830.0,20365.0,20740.0,4963
2020-05-21,20755.0,20775.0,20465.0,20475.0,4068
2020-05-22,20485.0,20625.0,20245.0,20565.0,4455
2020-05-26,20570.0,21370.0,20570.0,21290.0,11143
2020-05-27,21285.0,21730.0,21150.0,21655.0,7932
2020-05-28,21680.0,22110.0,21590.0,21920.0,9314
2020-05-29,21915.0,22045.0,21665.0,21955.0,8769
2020-06-01,21940.0,22245.0,21750.0,22230.0,5708
2020-06-02,22195.0,22710.0,22120.0,22655.0,6788
2020-06-03,22635.0,22965.0,22475.0,22925.0,7836
2020-06-04,22910.0,23000.0,22505.0,22735.0,8213
2020-06-05,22750.0,23310.0,22575.0,23145.0,12805
2020-06-08,23155.0,23275.0,22965.0,23220.0,11888
2020-06-09,23220.0,23230.0,22710.0,22895.0,10034
2020-06-10,22885.0,23170.0,22750.0,22870.0,6888
2020-06-11,22845.0,22935.0,21635.0,21715.0,11512
2020-06-12,21785.0,22510.0,21730.0,22240.0,9414
2020-06-15,22065.0,22270.0,21405.0,21990.0,12147
2020-06-16,21995.0,22630.0,21995.0,22415.0,8268
2020-06-17,22410.0,22775.0,22255.0,22525.0,6417
2020-06-18,22490.0,22545.0,22120.0,22420.0,6465
2020-06-19,22425.0,22725.0,22325.0,22350.0,6568
2020-06-22,22265.0,22635.0,22170.0,22610.0,5625
2020-06-23,22615.0,22825.0,22245.0,22570.0,9466
2020-06-24,22565.0,22660.0,22100.0,22285.0,7447
2020-06-25,22285.0,22545.0,22065.0,22500.0,9394
2020-06-26,22500.0,22580.0,22250.0,22300.0,5615
2020-06-29,22135.0,22420.0,21985.0,22385.0,6896
2020-06-30,22385.0,22475.0,22200.0,22340.0,6462
2020-07-01,22370.0,22420.0,22000.0,22240.0,8109
2020-07-02,22240.0,22470.0,22090.0,22360.0,6157
2020-07-06,22270.0,22790.0,22260.0,22680.0,8706
2020-07-07,22700.0,22745.0,22440.0,22455.0,5132
2020-07-08,22485.0,22670.0,22360.0,22530.0,5410
2020-07-09,22550.0,22700.0,22300.0,22420.0,8527
2020-07-10,22430.0,22645.0,22260.0,22630.0,6538
2020-07-13,22605.0,22885.0,22535.0,22570.0,6039
2020-07-14,22605.0,22765.0,22515.0,22730.0,7302
2020-07-15,22845.0,23045.0,22815.0,22920.0,5157
2020-07-16,22980.0,22980.0,22680.0,22765.0,4323
2020-07-17,22785.0,22865.0,22640.0,22710.0,5465
2020-07-20,22685.0,22835.0,22580.0,22820.0,4596
2020-07-21,22805.0,22955.0,22730.0,22745.0,4962
2020-07-22,22755.0,22855.0,22655.0,22785.0,4500
2020-07-23,22795.0,22910.0,22495.0,22560.0,5614
2020-07-24,22575.0,22645.0,22275.0,22355.0,5699
2020-07-27,22380.0,22740.0,22350.0,22690.0,5908
2020-07-28,22685.0,22840.0,22510.0,22535.0,4752
2020-07-29,22540.0,22570.0,22365.0,22550.0,4068
2020-07-30,22550.0,22565.0,21970.0,22250.0,8073
2020-07-31,22305.0,22350.0,21705.0,21940.0,9446
2020-08-03,21955.0,22415.0,21895.0,22405.0,6935
2020-08-04,22415.0,22655.0,22380.0,22520.0,5717
2020-08-05,22505.0,22640.0,22355.0,22490.0,3804
2020-08-06,22510.0,22585.0,22270.0,22430.0,4115
2020-08-07,22435.0,22485.0,22205.0,22450.0,3988
2020-08-10,22440.0,22540.0,22345.0,22515.0,3629
2020-08-11,22535.0,22960.0,22475.0,22700.0,5511
2020-08-12,22740.0,23255.0,22670.0,23205.0,7624
2020-08-13,23240.0,23315.0,23145.0,23210.0,4480
2020-08-14,23220.0,23355.0,23065.0,23155.0,4554
2020-08-17,23170.0,23250.0,23065.0,23165.0,3536
2020-08-18,23135.0,23170.0,22940.0,23075.0,4318
2020-08-19,23095.0,23205.0,22955.0,23125.0,3537
2020-08-20,23100.0,23100.0,22845.0,22980.0,4334
2020-08-21,23015.0,23140.0,22710.0,22900.0,6853
2020-08-24,22925.0,23180.0,22845.0,23180.0,7189
2020-08-25,23135.0,23430.0,23135.0,23305.0,7427
2020-08-26,23305.0,23345.0,23155.0,23290.0,6459
2020-08-27,23310.0,23350.0,23145.0,23225.0,6560
2020-08-28,23280.0,23390.0,22565.0,22945.0,12502
2020-08-31,22945.0,23375.0,22945.0,23105.0,8517
2020-09-01,23070.0,23225.0,23005.0,23205.0,4762
2020-09-02,23225.0,23530.0,23170.0,23505.0,8482
2020-09-03,23520.0,23630.0,22975.0,23100.0,9881
2020-09-04,23095.0,23325.0,22835.0,23175.0,11609
2020-09-08,23235.0,23310.0,22925.0,23030.0,16026
2020-09-09,22905.0,23240.0,22810.0,23190.0,9084
2020-09-10,23205.0,23275.0,23060.0,23095.0,9680
2020-09-11,23005.0,23325.0,23005.0,23250.0,7604
2020-09-14,23280.0,23510.0,23280.0,23360.0,4813
2020-09-15,23360.0,23420.0,23255.0,23380.0,4226
2020-09-16,23375.0,23425.0,23295.0,23360.0,4269
2020-09-17,23345.0,23400.0,23120.0,23260.0,7140
2020-09-18,23255.0,23310.0,23085.0,23155.0,7944
2020-09-21,23135.0,23285.0,22515.0,22855.0,8086
2020-09-22,22825.0,22975.0,22620.0,22940.0,3468
2020-09-23,22965.0,23305.0,22925.0,23125.0,7800
2020-09-24,23115.0,23165.0,22915.0,23075.0,7416
2020-09-25,23070.0,23245.0,22890.0,23210.0,4603
2020-09-28,23255.0,23450.0,23210.0,23430.0,3693
2020-09-29,23470.0,23650.0,23380.0,23500.0,4587
2020-09-30,23465.0,23560.0,23165.0,23305.0,7716
2020-10-01,23315.0,23405.0,23260.0,23380.0,4974
2020-10-02,23350.0,23385.0,22990.0,23220.0,7435
2020-10-05,23300.0,23465.0,23250.0,23445.0,2980
2020-10-06,23450.0,23475.0,23255.0,23310.0,5071
2020-10-07,23270.0,23560.0,23265.0,23535.0,2857
2020-10-08,23525.0,23735.0,23500.0,23660.0,4109
2020-10-09,23705.0,23765.0,23580.0,23600.0,7198
2020-10-12,23640.0,23670.0,23515.0,23640.0,5798
2020-10-13,23670.0,23690.0,23500.0,23535.0,5164
2020-10-14,23560.0,23670.0,23530.0,23570.0,4384
2020-10-15,23560.0,23595.0,23380.0,23525.0,5095
2020-10-16,23535.0,23580.0,23395.0,23535.0,3359
2020-10-19,23545.0,23745.0,23505.0,23520.0,4178
2020-10-20,23585.0,23680.0,23525.0,23610.0,3217
2020-10-21,23605.0,23700.0,23535.0,23570.0,3678
2020-10-22,23600.0,23620.0,23430.0,23600.0,5331
2020-10-23,23600.0,23620.0,23465.0,23565.0,3177
2020-10-26,23550.0,23570.0,23365.0,23425.0,3714
2020-10-27,23430.0,23535.0,23245.0,23425.0,3969
2020-10-28,23395.0,23450.0,23070.0,23075.0,8349
2020-10-29,23075.0,23405.0,23075.0,23315.0,4512
2020-10-30,23235.0,23310.0,22885.0,23165.0,6453
2020-11-02,23135.0,23455.0,23060.0,23435.0,5420
2020-11-03,23455.0,23925.0,23455.0,23855.0,5312
2020-11-04,23845.0,24080.0,23505.0,23905.0,16022
2020-11-05,24015.0,24385.0,23870.0,24275.0,7738
2020-11-06,24250.0,24470.0,24090.0,24340.0,6305
2020-11-09,24420.0,25910.0,24365.0,25450.0,21338
2020-11-10,25420.0,25480.0,24850.0,25240.0,8868
2020-11-11,25300.0,25715.0,25170.0,25600.0,8137
2020-11-12,25560.0,25590.0,25230.0,25300.0,7740
2020-11-13,25380.0,25680.0,25225.0,25635.0,7611
2020-11-16,25675.0,26220.0,25650.0,26180.0,7451
2020-11-17,26150.0,26180.0,25870.0,26015.0,4749
2020-11-18,25940.0,25970.0,25565.0,25645.0,4581
2020-11-19,25600.0,25685.0,25415.0,25610.0,5907
2020-11-20,25505.0,25770.0,25435.0,25745.0,4000
2020-11-23,25705.0,26060.0,25660.0,25940.0,3866
2020-11-24,25935.0,26530.0,25935.0,26475.0,6413
2020-11-25,26460.0,26715.0,26190.0,26310.0,6593
2020-11-27,26360.0,26815.0,26265.0,26785.0,5277
2020-11-30,26825.0,26940.0,26305.0,26315.0,6940
2020-12-01,26515.0,26970.0,26460.0,26910.0,6640
2020-12-02,26885.0,26915.0,26690.0,26830.0,6196
2020-12-03,26875.0,26920.0,26700.0,26725.0,4553
2020-12-04,26765.0,26875.0,26655.0,26855.0,4618
2020-12-07,26850.0,26955.0,26325.0,26435.0,12065
2020-12-08,26365.0,26580.0,26320.0,26575.0,11780
2020-12-09,26570.0,26910.0,26510.0,26685.0,9338
2020-12-10,26665.0,26845.0,26640.0,26715.0,3668
2020-12-11,26700.0,26795.0,26410.0,26565.0,3842
2020-12-14,26680.0,26840.0,26590.0,26690.0,4294
2020-12-15,26645.0,26810.0,26575.0,26795.0,2901
2020-12-16,26800.0,26845.0,26690.0,26790.0,2642
2020-12-17,26795.0,26835.0,26650.0,26785.0,2283
2020-12-18,26805.0,26920.0,26680.0,26740.0,2507
2020-12-21,26895.0,27000.0,26195.0,26545.0,6222
2020-12-22,26530.0,26620.0,26335.0,26585.0,3190
2020-12-23,26525.0,26725.0,26390.0,26670.0,3516
2020-12-24,26670.0,26720.0,26570.0,26635.0,1186
2020-12-28,26595.0,26955.0,26545.0,26925.0,2722
2020-12-29,26930.0,27715.0,26895.0,27515.0,6098
2020-12-30,27530.0,27630.0,27350.0,27435.0,4120
2020-12-31,27490.0,27585.0,27430.0,27535.0,1526
2021-01-04,27585.0,27685.0,27040.0,27125.0,8337
2021-01-05,27145.0,27275.0,26965.0,27160.0,5224
2021-01-06,27165.0,27480.0,26955.0,27340.0,9294
2021-01-07,27365.0,27675.0,27330.0,27625.0,4323
2021-01-08,27615.0,28380.0,27615.0,28315.0,7319
2021-01-11,28335.0,28355.0,27965.0,28045.0,6731
2021-01-12,28075.0,28295.0,27975.0,28215.0,4341
2021-01-13,28180.0,28520.0,28125.0,28465.0,5478
2021-01-14,28450.0,28995.0,28420.0,28875.0,8418
2021-01-15,28850.0,28925.0,28170.0,28350.0,6904
2021-01-19,28300.0,28800.0,28120.0,28735.0,9704
2021-01-20,28760.0,28835.0,28405.0,28725.0,7564
2021-01-21,28705.0,28855.0,28525.0,28680.0,5033
2021-01-22,28690.0,28700.0,28410.0,28625.0,3987
2021-01-25,28630.0,28855.0,28480.0,28840.0,5329
2021-01-26,28825.0,28825.0,28515.0,28725.0,4090
2021-01-27,28720.0,28760.0,28095.0,28195.0,6502
2021-01-28,28195.0,28535.0,27825.0,28410.0,170010
2021-01-29,28390.0,28390.0,27580.0,27785.0,11770
2021-02-01,27720.0,28310.0,27575.0,28300.0,7792
2021-02-02,28265.0,28520.0,28080.0,28490.0,5222
2021-02-03,28480.0,28725.0,28405.0,28585.0,3326
2021-02-04,28610.0,28680.0,28295.0,28620.0,3815
2021-02-05,28655.0,28900.0,28535.0,28790.0,3968
2021-02-08,28810.0,29535.0,28810.0,29445.0,6946
2021-02-09,29515.0,29590.0,29350.0,29420.0,3624
2021-02-10,29445.0,29560.0,29175.0,29270.0,5805
2021-02-11,29320.0,29495.0,29235.0,29465.0,1856
2021-02-12,29490.0,29670.0,29305.0,29625.0,3740
2021-02-16,29645.0,30725.0,29640.0,30415.0,12225
2021-02-17,30450.0,30450.0,30150.0,30350.0,6493
2021-02-18,30355.0,30575.0,29890.0,30130.0,7596
2021-02-19,30135.0,30320.0,29750.0,30205.0,6346
2021-02-22,30205.0,30460.0,29975.0,29990.0,6387
2021-02-23,29995.0,30140.0,29650.0,30005.0,5066
2021-02-24,30015.0,30120.0,29620.0,30065.0,7319
2021-02-25,30065.0,30245.0,29505.0,29620.0,7021
2021-02-26,29585.0,29670.0,28985.0,29285.0,11191
2021-03-01,29285.0,29935.0,29280.0,29905.0,6097
2021-03-02,29930.0,30030.0,29315.0,29520.0,7728
2021-03-03,29530.0,29765.0,29255.0,29275.0,7431
2021-03-04,29335.0,29345.0,28715.0,28910.0,11024
2021-03-05,28900.0,29220.0,28305.0,29175.0,11534
2021-03-08,29235.0,29470.0,28565.0,28835.0,17013
2021-03-09,28845.0,29285.0,28620.0,29220.0,11662
2021-03-10,29205.0,29265.0,28965.0,29105.0,7004
2021-03-11,29110.0,29375.0,29010.0,29290.0,7381
2021-03-12,29210.0,29625.0,29065.0,29570.0,5867
2021-03-15,29575.0,29750.0,29445.0,29660.0,3965
2021-03-16,29695.0,29890.0,29600.0,29725.0,3852
2021-03-17,29745.0,29885.0,29660.0,29840.0,3770
2021-03-18,29855.0,30345.0,29750.0,29760.0,6624
2021-03-19,29765.0,29905.0,28950.0,29375.0,9455
2021-03-22,29310.0,29330.0,28755.0,29145.0,6822
2021-03-23,29125.0,29345.0,28640.0,28710.0,5221
2021-03-24,28730.0,28735.0,28135.0,28360.0,8092
2021-03-25,28300.0,28935.0,28260.0,28885.0,9100
2021-03-26,28945.0,29485.0,28805.0,29435.0,7240
2021-03-29,29445.0,29470.0,29035.0,29360.0,7874
2021-03-30,29455.0,29560.0,29310.0,29405.0,5645
2021-03-31,29340.0,29460.0,29165.0,29370.0,4353
2021-04-01,29385.0,29745.0,29335.0,29695.0,4211
2021-04-05,30060.0,30270.0,30005.0,30205.0,3769
2021-04-06,30290.0,30310.0,29635.0,29705.0,5727
2021-04-07,29675.0,29885.0,29540.0,29710.0,4175
2021-04-08,29710.0,29800.0,29535.0,29720.0,3545
2021-04-09,29785.0,30100.0,29775.0,29945.0,4778
2021-04-12,29935.0,30010.0,29560.0,29640.0,3200
2021-04-13,29620.0,29920.0,29580.0,29850.0,4639
2021-04-14,29840.0,29860.0,29590.0,29620.0,5190
2021-04-15,29670.0,29810.0,29545.0,29770.0,4749
2021-04-16,29770.0,29850.0,29630.0,29810.0,3947
2021-04-19,29790.0,29830.0,29210.0,29355.0,8190
2021-04-20,29355.0,29425.0,28540.0,28650.0,6403
2021-04-21,28605.0,28920.0,28430.0,28910.0,6258
2021-04-22,28900.0,29225.0,28820.0,28935.0,5080
2021-04-23,28910.0,29330.0,28780.0,29225.0,3048
2021-04-26,29205.0,29295.0,28915.0,29250.0,3192
2021-04-27,29215.0,29290.0,28850.0,29070.0,4445
2021-04-28,29015.0,29155.0,28890.0,28955.0,4883
2021-04-29,28940.0,29205.0,28875.0,29090.0,3099
2021-04-30,29030.0,29065.0,28780.0,28865.0,4117
2021-05-03,28960.0,29150.0,28885.0,29120.0,2368
2021-05-04,29085.0,29160.0,28600.0,28735.0,3449
2021-05-05,28715.0,29195.0,28685.0,29090.0,2534
2021-05-06,29040.0,29455.0,28985.0,29370.0,4596
2021-05-07,29390.0,29470.0,29250.0,29420.0,3580
2021-05-10,29440.0,29705.0,29240.0,29280.0,4051
2021-05-11,29255.0,29320.0,28270.0,28625.0,10194
2021-05-12,28585.0,28845.0,27665.0,27750.0,12095
2021-05-13,27670.0,27825.0,27145.0,27705.0,11807
2021-05-14,27720.0,28330.0,27715.0,28315.0,5107
2021-05-17,28305.0,28355.0,27635.0,27795.0,5378
2021-05-18,27785.0,28495.0,27770.0,28135.0,4729
2021-05-19,28045.0,28225.0,27605.0,27945.0,6792
2021-05-20,27945.0,28330.0,27795.0,28240.0,4870
2021-05-21,28220.0,28480.0,28200.0,28380.0,3168
2021-05-24,28345.0,28585.0,28230.0,28500.0,3665
2021-05-25,28505.0,28625.0,28355.0,28410.0,2284
2021-05-26,28455.0,28725.0,28390.0,28615.0,2564
2021-05-27,28595.0,28915.0,28365.0,28850.0,3704
2021-05-28,28915.0,29200.0,28890.0,29020.0,4141
2021-06-01,29050.0,29145.0,28610.0,28750.0,6504
2021-06-02,28795.0,29020.0,28565.0,28880.0,4163
2021-06-03,28880.0,29155.0,28840.0,28990.0,3958
2021-06-04,28975.0,29200.0,28765.0,29125.0,4350
2021-06-07,29175.0,29280.0,28945.0,29150.0,15090
2021-06-08,29145.0,29205.0,28950.0,28985.0,8460
2021-06-09,28970.0,29000.0,28765.0,28820.0,5148
2021-06-10,28875.0,29145.0,28820.0,28975.0,4058
2021-06-11,28975.0,29070.0,28820.0,29030.0,3049
2021-06-14,29075.0,29295.0,29010.0,29265.0,2282
2021-06-15,29285.0,29475.0,29235.0,29345.0,5718
2021-06-16,29340.0,29420.0,29150.0,29355.0,3659
2021-06-17,29255.0,29285.0,28850.0,29150.0,3802
2021-06-18,29170.0,29245.0,28445.0,28540.0,4075
2021-06-21,28465.0,28750.0,27750.0,28725.0,8263
2021-06-22,28720.0,28890.0,28530.0,28820.0,3243
2021-06-23,28875.0,28990.0,28695.0,28745.0,2397
2021-06-24,28800.0,29180.0,28740.0,29005.0,2555
2021-06-25,29035.0,29140.0,28975.0,29035.0,2683
2021-06-28,29035.0,29105.0,28880.0,28945.0,3277
2021-06-29,28910.0,28920.0,28735.0,28870.0,1925
2021-06-30,28870.0,29020.0,28550.0,28785.0,4211
2021-07-01,28825.0,28875.0,28580.0,28810.0,3416
2021-07-02,28775.0,28850.0,28700.0,28790.0,2584
2021-07-06,28780.0,28780.0,28275.0,28405.0,5180
2021-07-07,28340.0,28490.0,28140.0,28360.0,3659
2021-07-08,28340.0,28375.0,27510.0,27770.0,6192
2021-07-09,27745.0,28575.0,27415.0,28560.0,8294
2021-07-12,28520.0,28715.0,28400.0,28675.0,3304
2021-07-13,28665.0,28860.0,28495.0,28570.0,3081
2021-07-14,28570.0,28700.0,28470.0,28535.0,2232
2021-07-15,28535.0,28575.0,28005.0,28105.0,4417
2021-07-16,28005.0,28200.0,27710.0,27805.0,3864
2021-07-19,27740.0,27790.0,27080.0,27285.0,7516
2021-07-20,27270.0,27815.0,27270.0,27755.0,5161
2021-07-21,27715.0,27995.0,27430.0,27970.0,4528
2021-07-22,27900.0,28080.0,27880.0,27970.0,2569
2021-07-23,28020.0,28250.0,28010.0,28200.0,3011
2021-07-26,28220.0,28255.0,27660.0,27970.0,4047
2021-07-27,27930.0,28040.0,27390.0,27615.0,6761
2021-07-28,27565.0,27905.0,27465.0,27810.0,4475
2021-07-29,27810.0,27950.0,27645.0,27775.0,3485
2021-07-30,27750.0,27765.0,27270.0,27470.0,6015
2021-08-02,27460.0,27840.0,27455.0,27525.0,4498
2021-08-03,27575.0,27730.0,27425.0,27685.0,3373
2021-08-04,27630.0,27650.0,27455.0,27540.0,2920
2021-08-05,27540.0,27870.0,27500.0,27825.0,3253
2021-08-06,27830.0,27965.0,27710.0,27895.0,3378
2021-08-09,27900.0,27940.0,27700.0,27910.0,1756
2021-08-10,27940.0,28130.0,27800.0,27975.0,3504
2021-08-11,27990.0,28255.0,27950.0,28245.0,3218
2021-08-12,28240.0,28280.0,27930.0,28080.0,3033
2021-08-13,28100.0,28130.0,27845.0,27915.0,3044
2021-08-16,27830.0,27885.0,27400.0,27670.0,4303
2021-08-17,27670.0,27750.0,27240.0,27465.0,3700
2021-08-18,27460.0,27675.0,27345.0,27425.0,5865
2021-08-19,27395.0,27505.0,26965.0,27265.0,6268
2021-08-20,27270.0,27315.0,26860.0,27270.0,6695
2021-08-23,27230.0,27635.0,27200.0,27605.0,3473
2021-08-24,27640.0,27850.0,27630.0,27775.0,3873
2021-08-25,27805.0,27890.0,27655.0,27805.0,3971
2021-08-26,27810.0,27820.0,27605.0,27655.0,2694
2021-08-27,27690.0,27875.0,27460.0,27865.0,3576
2021-08-30,27855.0,27925.0,27650.0,27695.0,6391
2021-08-31,27725.0,28205.0,27600.0,28070.0,6622
2021-09-01,28115.0,28665.0,28075.0,28535.0,7986
2021-09-02,28575.0,28735.0,28420.0,28610.0,5055
2021-09-03,28660.0,29640.0,28600.0,29600.0,14603
2021-09-07,29605.0,30205.0,29480.0,29965.0,26804
2021-09-08,29955.0,30260.0,29815.0,29965.0,10145
2021-09-09,29945.0,30255.0,29870.0,30130.0,7590
2021-09-10,29950.0,30390.0,29885.0,29970.0,9141
2021-09-13,30000.0,30605.0,30000.0,30465.0,10617
2021-09-14,30420.0,30660.0,30155.0,30190.0,10057
2021-09-15,30200.0,30485.0,30175.0,30460.0,5509
2021-09-16,30470.0,30505.0,30065.0,30375.0,5784
2021-09-17,30325.0,30450.0,30100.0,30210.0,6643
2021-09-20,30160.0,30240.0,29315.0,29565.0,9520
2021-09-21,29565.0,30075.0,29535.0,29845.0,8845
2021-09-22,29780.0,29965.0,29480.0,29840.0,7007
2021-09-23,29840.0,30185.0,29840.0,30150.0,4006
2021-09-24,30165.0,30220.0,29930.0,30085.0,4560
2021-09-27,30085.0,30280.0,30015.0,30105.0,3258
2021-09-28,30095.0,30115.0,29520.0,29585.0,6683
2021-09-29,29595.0,29890.0,29400.0,29750.0,8172
2021-09-30,29805.0,29835.0,29310.0,29350.0,7682
2021-10-01,29355.0,29455.0,28730.0,29100.0,9948
2021-10-04,29125.0,29245.0,27690.0,27935.0,16113
2021-10-05,27920.0,28320.0,27495.0,28215.0,10883
2021-10-06,28260.0,28275.0,27020.0,27765.0,21133
2021-10-07,27730.0,28180.0,27600.0,28075.0,9350
2021-10-08,28100.0,28355.0,28025.0,28100.0,5203
2021-10-11,28120.0,28810.0,27915.0,28505.0,6316
2021-10-12,28455.0,28520.0,27995.0,28195.0,6858
2021-10-13,28135.0,28400.0,28020.0,28225.0,4261
2021-10-14,28210.0,28840.0,28210.0,28755.0,5013
2021-10-15,28835.0,29280.0,28755.0,29205.0,4373
2021-10-18,29245.0,29310.0,28880.0,29105.0,3246
2021-10-19,29100.0,29430.0,29025.0,29415.0,4254
2021-10-20,29360.0,29510.0,29225.0,29325.0,3220
2021-10-21,29325.0,29345.0,28445.0,28645.0,7938
2021-10-22,28565.0,29010.0,28450.0,28755.0,5877
2021-10-25,28730.0,28905.0,28395.0,28835.0,4805
2021-10-26,28840.0,29270.0,28810.0,28995.0,5192
2021-10-27,28955.0,29155.0,28645.0,28665.0,5740
2021-10-28,28730.0,28940.0,28690.0,28925.0,3422
2021-10-29,28900.0,29075.0,28485.0,29005.0,4962
2021-11-01,29175.0,29680.0,29175.0,29590.0,5607
2021-11-02,29540.0,29610.0,29430.0,29520.0,3325
2021-11-03,29550.0,29795.0,29435.0,29730.0,2245
2021-11-04,29800.0,29970.0,29610.0,29790.0,3634
2021-11-05,29750.0,29850.0,29520.0,29720.0,4267
2021-11-08,29690.0,29850.0,29455.0,29705.0,3488
2021-11-09,29715.0,29820.0,29195.0,29300.0,4966
2021-11-10,29255.0,29390.0,29010.0,29095.0,3578
2021-11-11,29045.0,29490.0,28990.0,29435.0,2830
2021-11-12,29425.0,29770.0,29390.0,29725.0,2737
2021-11-15,29735.0,29870.0,29660.0,29735.0,1887
2021-11-16,29755.0,29980.0,29690.0,29840.0,2158
2021-11-17,29870.0,29935.0,29500.0,29570.0,2655
2021-11-18,29560.0,29730.0,29390.0,29625.0,4432
2021-11-19,29625.0,29795.0,29485.0,29630.0,6282
2021-11-22,29655.0,29920.0,29540.0,29685.0,3236
2021-11-23,29710.0,29790.0,29520.0,29750.0,3650
2021-11-24,29730.0,29755.0,29220.0,29470.0,4990
2021-11-26,29450.0,29585.0,28030.0,28170.0,12082
2021-11-29,28025.0,28790.0,28025.0,28330.0,9196
2021-11-30,28455.0,28720.0,27390.0,27675.0,10385
2021-12-01,27735.0,28240.0,27410.0,27430.0,7889
2021-12-02,27500.0,28055.0,27495.0,27905.0,7716
2021-12-03,28010.0,28180.0,27580.0,27790.0,9214
2021-12-06,27815.0,28160.0,27690.0,28105.0,18368
2021-12-07,28105.0,28870.0,27960.0,28820.0,14320
2021-12-08,28850.0,28940.0,28610.0,28880.0,9180
2021-12-09,28880.0,28940.0,28570.0,28635.0,4290
2021-12-10,28645.0,28735.0,28430.0,28655.0,4006
2021-12-13,28625.0,28830.0,28475.0,28510.0,3710
2021-12-14,28540.0,28700.0,28200.0,28355.0,4286
2021-12-15,28325.0,28945.0,28300.0,28925.0,3733
2021-12-16,28885.0,29210.0,28740.0,28810.0,4419
2021-12-17,28850.0,28920.0,28400.0,28490.0,3700
2021-12-20,28470.0,28495.0,27815.0,28270.0,5361
2021-12-21,28280.0,28720.0,28230.0,28700.0,2445
2021-12-22,28710.0,28740.0,28455.0,28735.0,2825
2021-12-23,28720.0,28935.0,28635.0,28865.0,2343
2021-12-27,28860.0,29045.0,28660.0,29035.0,2012
2021-12-28,29035.0,29120.0,28875.0,29020.0,2004
2021-12-29,29005.0,29135.0,28745.0,28870.0,2396
2021-12-30,28885.0,28995.0,28610.0,28890.0,1938
2021-12-31,28850.0,29040.0,28750.0,28880.0,1676
2022-01-03,28890.0,29195.0,28855.0,28975.0,2837
2022-01-04,29000.0,29405.0,28980.0,29325.0,4574
2022-01-05,29360.0,29420.0,29010.0,29045.0,5095
2022-01-06,29025.0,29150.0,28510.0,28750.0,7237
2022-01-07,28765.0,28835.0,28205.0,28440.0,7131
2022-01-10,28440.0,28600.0,27900.0,28230.0,4200
2022-01-11,28225.0,28500.0,28110.0,28490.0,5349
2022-01-12,28475.0,28830.0,28455.0,28680.0,6850
2022-01-13,28685.0,28700.0,28270.0,28305.0,3637
2022-01-14,28310.0,28355.0,27890.0,28330.0,7678
2022-01-18,28350.0,28755.0,27965.0,28035.0,10478
2022-01-19,28035.0,28060.0,27320.0,27605.0,7076
2022-01-20,27615.0,27965.0,27220.0,27525.0,6696
2022-01-21,27400.0,27710.0,27135.0,27245.0,9960
2022-01-24,27215.0,27625.0,26705.0,27300.0,13791
2022-01-25,27380.0,27480.0,26865.0,27160.0,11295
2022-01-26,27015.0,27425.0,26805.0,26945.0,8943
2022-01-27,27015.0,27200.0,26050.0,26575.0,13036
2022-01-28,26625.0,26795.0,26245.0,26695.0,8505
2022-01-31,26705.0,27350.0,26535.0,27330.0,5960
2022-02-01,27335.0,27420.0,26990.0,27180.0,4445
2022-02-02,27210.0,27585.0,27205.0,27475.0,3973
2022-02-03,27400.0,27400.0,26955.0,26960.0,4007
2022-02-04,27210.0,27460.0,27075.0,27310.0,6022
2022-02-07,27310.0,27385.0,27090.0,27215.0,3482
2022-02-08,27250.0,27465.0,27205.0,27405.0,3753
2022-02-09,27410.0,27875.0,27405.0,27840.0,3649
2022-02-10,27875.0,27905.0,27350.0,27395.0,5504
2022-02-11,27365.0,27455.0,26860.0,26945.0,4474
2022-02-14,26920.0,27180.0,26845.0,27065.0,7637
2022-02-15,27080.0,27470.0,26720.0,27460.0,5926
2022-02-16,27395.0,27555.0,27270.0,27470.0,3917
2022-02-17,27450.0,27525.0,26875.0,26890.0,5646
2022-02-18,26890.0,27220.0,26785.0,26865.0,6165
2022-02-22,26830.0,27025.0,26240.0,26660.0,17529
2022-02-23,26730.0,26895.0,26285.0,26335.0,4436
2022-02-24,26335.0,26335.0,25555.0,26270.0,14540
2022-02-25,26215.0,26995.0,26110.0,26990.0,8730
2022-02-28,26580.0,26915.0,26265.0,26650.0,10007
2022-03-01,26720.0,27020.0,26330.0,26435.0,6000
2022-03-02,26405.0,26705.0,26200.0,26680.0,5612
2022-03-03,26625.0,26735.0,26295.0,26370.0,4951
2022-03-04,26415.0,26440.0,25720.0,25870.0,6371
2022-03-07,25760.0,25760.0,24920.0,25030.0,16782
2022-03-08,24885.0,25300.0,24510.0,24800.0,12118
2022-03-09,24725.0,25450.0,24685.0,25400.0,5951
2022-03-10,25395.0,25745.0,25195.0,25300.0,4611
2022-03-11,25150.0,25570.0,24790.0,24970.0,4342
2022-03-14,24955.0,25450.0,24955.0,25095.0,3266
2022-03-15,25130.0,25530.0,24895.0,25435.0,5290
2022-03-16,25535.0,26200.0,25285.0,26165.0,5548
2022-03-17,26155.0,26590.0,26095.0,26535.0,4686
2022-03-18,26525.0,27175.0,26395.0,27085.0,3774
2022-03-21,27120.0,27190.0,26965.0,27110.0,2444
2022-03-22,27110.0,27540.0,26935.0,27495.0,3561
2022-03-23,27485.0,27910.0,27400.0,27430.0,3653
2022-03-24,27400.0,28180.0,27400.0,28145.0,3556
2022-03-25,28150.0,28155.0,27760.0,28095.0,3684
2022-03-28,28040.0,28090.0,27615.0,28060.0,4746
2022-03-29,28035.0,28455.0,27850.0,28380.0,5512
2022-03-30,28310.0,28345.0,27715.0,27805.0,3989
2022-03-31,27830.0,28135.0,27570.0,27585.0,3478
2022-04-01,27585.0,27915.0,27435.0,27840.0,4433
2022-04-04,27815.0,28070.0,27615.0,28040.0,3583
2022-04-05,28025.0,28025.0,27480.0,27565.0,3301
2022-04-06,27600.0,27605.0,27030.0,27150.0,4743
2022-04-07,27130.0,27255.0,26825.0,27100.0,4377
2022-04-08,27100.0,27230.0,26800.0,27030.0,3565
2022-04-11,27075.0,27075.0,26740.0,26775.0,3946
2022-04-12,26770.0,26775.0,26280.0,26335.0,4274
2022-04-13,26380.0,27020.0,26345.0,26980.0,5460
2022-04-14,26985.0,27340.0,26890.0,26950.0,3736
2022-04-18,26995.0,27055.0,26595.0,26875.0,4408
2022-04-19,26960.0,27300.0,26810.0,27295.0,4240
2022-04-20,27255.0,27425.0,27085.0,27205.0,3732
2022-04-21,27270.0,27785.0,27155.0,27185.0,3977
2022-04-22,27160.0,27250.0,26730.0,26790.0,4394
2022-04-25,26760.0,26870.0,26430.0,26820.0,6619
2022-04-26,26845.0,26910.0,26000.0,26090.0,4833
2022-04-27,26050.0,26605.0,26050.0,26400.0,6552
2022-04-28,26470.0,27415.0,26360.0,27315.0,8678
2022-04-29,27165.0,27500.0,26730.0,26765.0,4303
2022-05-02,26785.0,26980.0,26585.0,26895.0,4911
2022-05-03,26880.0,27140.0,26790.0,27095.0,2607
2022-05-04,27105.0,27510.0,26810.0,27455.0,3888
2022-05-05,27430.0,27495.0,26610.0,26755.0,4315
2022-05-06,26740.0,27145.0,26570.0,26910.0,7074
2022-05-09,26745.0,26785.0,25955.0,26005.0,5459
2022-05-10,26070.0,26350.0,25790.0,26130.0,5486
2022-05-11,26105.0,26405.0,25835.0,25850.0,8044
2022-05-12,25895.0,26045.0,25555.0,25815.0,7010
2022-05-13,25745.0,26705.0,25745.0,26695.0,4593
2022-05-16,26760.0,26895.0,26440.0,26515.0,4323
2022-05-17,26490.0,26885.0,26460.0,26845.0,3991
2022-05-18,26870.0,27075.0,26245.0,26310.0,6978
2022-05-19,26295.0,26570.0,26090.0,26380.0,8483
2022-05-20,26395.0,26955.0,26380.0,26730.0,6333
2022-05-23,26800.0,27155.0,26800.0,27100.0,4417
2022-05-24,27010.0,27070.0,26530.0,26685.0,4756
2022-05-25,26735.0,26880.0,26505.0,26810.0,4068
2022-05-26,26795.0,27035.0,26605.0,26975.0,3900
2022-05-27,26930.0,27175.0,26740.0,27145.0,4875
2022-05-31,27165.0,27485.0,27065.0,27185.0,6489
2022-06-01,27190.0,27620.0,27185.0,27440.0,4406
2022-06-02,27470.0,27785.0,27260.0,27780.0,5782
2022-06-03,27755.0,27815.0,27525.0,27575.0,5272
2022-06-06,27575.0,28115.0,27525.0,28025.0,10406
2022-06-07,28045.0,28220.0,27865.0,28210.0,7955
2022-06-08,28155.0,28285.0,28085.0,28150.0,4789
2022-06-09,28150.0,28405.0,27970.0,27970.0,4738
2022-06-10,28055.0,28120.0,27320.0,27390.0,6665
2022-06-13,27300.0,27340.0,26395.0,26450.0,8849
2022-06-14,26500.0,26750.0,26325.0,26495.0,6079
2022-06-15,26480.0,26695.0,26195.0,26570.0,6345
2022-06-16,26580.0,26960.0,25615.0,25665.0,7367
2022-06-17,25700.0,26160.0,25670.0,25995.0,7157
2022-06-21,26060.0,26550.0,25525.0,26500.0,7707
2022-06-22,26555.0,26555.0,26005.0,26260.0,4191
2022-06-23,26230.0,26415.0,26035.0,26255.0,5159
2022-06-24,26210.0,26935.0,26140.0,26930.0,3774
2022-06-27,26925.0,27005.0,26675.0,26755.0,4026
2022-06-28,26760.0,27275.0,26715.0,26800.0,3729
2022-06-29,26805.0,26905.0,26655.0,26760.0,4580
2022-06-30,26750.0,26770.0,26175.0,26440.0,5418
2022-07-01,26395.0,26550.0,25820.0,26360.0,6022
2022-07-05,26360.0,26560.0,25940.0,26290.0,5548
2022-07-06,26300.0,26370.0,26015.0,26300.0,3398
2022-07-07,26285.0,26720.0,26150.0,26690.0,2559
2022-07-08,26685.0,26895.0,26440.0,26815.0,3512
2022-07-11,26850.0,27075.0,26615.0,26625.0,2472
2022-07-12,26620.0,26725.0,26280.0,26470.0,4107
2022-07-13,26445.0,26585.0,26250.0,26525.0,3325
2022-07-14,26490.0,26790.0,26330.0,26740.0,3815
2022-07-15,26760.0,27025.0,26585.0,27020.0,3037
2022-07-18,27030.0,27250.0,26915.0,26945.0,2675
2022-07-19,26945.0,27430.0,26800.0,27400.0,3458
2022-07-20,27420.0,27770.0,27380.0,27605.0,4115
2022-07-21,27630.0,27915.0,27545.0,27900.0,3276
2022-07-22,27905.0,27980.0,27600.0,27665.0,3578
2022-07-25,27715.0,27855.0,27660.0,27780.0,2637
2022-07-26,27745.0,27745.0,27430.0,27445.0,2449
2022-07-27,27500.0,28075.0,27500.0,28045.0,4131
2022-07-28,28015.0,28035.0,27620.0,27875.0,4050
2022-07-29,27920.0,28020.0,27730.0,28000.0,4129
2022-08-01,28010.0,28075.0,27745.0,27905.0,3164
2022-08-02,27885.0,27930.0,27530.0,27765.0,3795
2022-08-03,27780.0,28035.0,27630.0,27995.0,4791
2022-08-04,28015.0,28085.0,27835.0,27890.0,4313
2022-08-05,27925.0,28240.0,27825.0,28150.0,3078
2022-08-08,28170.0,28340.0,28045.0,28140.0,3762
2022-08-09,28240.0,28240.0,27795.0,27840.0,2996
2022-08-10,27855.0,28140.0,27730.0,28135.0,3237
2022-08-11,28135.0,28245.0,28050.0,28130.0,3224
2022-08-12,28130.0,28785.0,28115.0,28725.0,4020
2022-08-15,28775.0,28910.0,28640.0,28890.0,2911
2022-08-16,28855.0,29015.0,28755.0,28970.0,2000
2022-08-17,28950.0,29230.0,28910.0,29005.0,2790
2022-08-18,29010.0,29140.0,28850.0,29115.0,4139
2022-08-19,29110.0,29145.0,28680.0,28735.0,2687
2022-08-22,28735.0,28835.0,28435.0,28475.0,2854
2022-08-23,28485.0,28575.0,28350.0,28465.0,3100
2022-08-24,28455.0,28530.0,28255.0,28465.0,2581
2022-08-25,28465.0,28695.0,28350.0,28690.0,2448
2022-08-26,28680.0,28785.0,28130.0,28225.0,7816
2022-08-29,28010.0,28155.0,27770.0,28035.0,3882
2022-08-30,28050.0,28340.0,27855.0,27925.0,4033
2022-08-31,27920.0,28125.0,27815.0,27855.0,3538
2022-09-01,27840.0,27875.0,27550.0,27785.0,5673
2022-09-02,27780.0,27905.0,27460.0,27515.0,5546
2022-09-06,27495.0,27810.0,27410.0,27580.0,11830
2022-09-07,27570.0,27745.0,27265.0,27710.0,7054
2022-09-08,27730.0,28120.0,27715.0,28100.0,9003
2022-09-09,27925.0,28250.0,27895.0,28240.0,2925
2022-09-12,28280.0,28475.0,28260.0,28375.0,2526
2022-09-13,28400.0,28510.0,27645.0,27665.0,5762
2022-09-14,27675.0,27850.0,27560.0,27755.0,4994
2022-09-15,27780.0,27820.0,27450.0,27495.0,3791
2022-09-16,27450.0,27450.0,27220.0,27325.0,3305
2022-09-19,27320.0,27545.0,27145.0,27505.0,2466
2022-09-20,27520.0,27700.0,27120.0,27245.0,4035
2022-09-21,27245.0,27455.0,26865.0,27025.0,6971
2022-09-22,26875.0,27195.0,26705.0,26815.0,7220
2022-09-23,26830.0,26865.0,26270.0,26425.0,4898
2022-09-26,26450.0,26520.0,26200.0,26345.0,3533
2022-09-27,26335.0,26460.0,26060.0,26195.0,4473
2022-09-28,26230.0,26550.0,25705.0,26495.0,5524
2022-09-29,26480.0,26505.0,26045.0,26190.0,5178
2022-09-30,26165.0,26280.0,25810.0,25945.0,5380
2022-10-03,25860.0,26715.0,25610.0,26605.0,5045
2022-10-04,26610.0,27200.0,26530.0,27180.0,5637
2022-10-05,27200.0,27200.0,26845.0,27035.0,4024
2022-10-06,27050.0,27400.0,27000.0,27035.0,4590
2022-10-07,27000.0,27195.0,26660.0,26720.0,4248
2022-10-10,26655.0,26755.0,26485.0,26670.0,4867
2022-10-11,26650.0,26725.0,26280.0,26355.0,3727
2022-10-12,26380.0,26485.0,26295.0,26355.0,3272
2022-10-13,26370.0,26820.0,25850.0,26785.0,6221
2022-10-14,26820.0,27165.0,26570.0,26620.0,6246
2022-10-17,26570.0,27110.0,26565.0,27075.0,4477
2022-10-18,27100.0,27300.0,26900.0,27095.0,5699
2022-10-19,27155.0,27360.0,26895.0,27030.0,3423
2022-10-20,27025.0,27280.0,26855.0,27005.0,4079
2022-10-21,27000.0,27140.0,26780.0,27100.0,5715
2022-10-24,27170.0,27375.0,26855.0,27145.0,5766
2022-10-25,27160.0,27565.0,27080.0,27560.0,6000
2022-10-26,27445.0,27635.0,27385.0,27390.0,6109
2022-10-27,27410.0,27485.0,26945.0,27085.0,4203
2022-10-28,27065.0,27530.0,26980.0,27510.0,4007
2022-10-31,27490.0,27590.0,27400.0,27555.0,3494
2022-11-01,27530.0,27780.0,27515.0,27595.0,2577
2022-11-02,27575.0,27745.0,27290.0,27320.0,3613
2022-11-03,27285.0,27410.0,27175.0,27260.0,3087
2022-11-04,27305.0,27530.0,27025.0,27510.0,5927
2022-11-07,27395.0,27720.0,27355.0,27630.0,4539
2022-11-08,27665.0,28005.0,27645.0,27880.0,3940
2022-11-09,27885.0,27950.0,27520.0,27525.0,47232
2022-11-10,27525.0,27990.0,27365.0,27975.0,6690
2022-11-11,27975.0,28325.0,27975.0,28120.0,5937
2022-11-14,28070.0,28220.0,27945.0,27955.0,4902
2022-11-15,27990.0,28220.0,27895.0,27995.0,5682
2022-11-16,27960.0,28110.0,27740.0,27925.0,6066
2022-11-17,27970.0,28030.0,27780.0,27975.0,4859
2022-11-18,27975.0,28050.0,27860.0,27970.0,3178
2022-11-21,28005.0,28090.0,27840.0,28050.0,3897
2022-11-22,28045.0,28350.0,28020.0,28350.0,4177
2022-11-23,28330.0,28420.0,28295.0,28355.0,3275
2022-11-25,28360.0,28500.0,28255.0,28340.0,5075
2022-11-28,28270.0,28300.0,28045.0,28090.0,4214
2022-11-29,28105.0,28120.0,27900.0,27990.0,3833
2022-11-30,27975.0,28430.0,27810.0,28375.0,5246
2022-12-01,28450.0,28490.0,27935.0,28010.0,7206
2022-12-02,28000.0,28055.0,27505.0,27705.0,23814
2022-12-05,27675.0,27870.0,27630.0,27680.0,8409
2022-12-06,27690.0,27940.0,27555.0,27660.0,9300
2022-12-07,27675.0,27775.0,27550.0,27580.0,6039
2022-12-08,27560.0,27755.0,27425.0,27750.0,4573
2022-12-09,27670.0,27955.0,27610.0,27775.0,4953
2022-12-12,27720.0,28025.0,27665.0,28025.0,2706
2022-12-13,27995.0,28275.0,27860.0,28000.0,5730
2022-12-14,28020.0,28165.0,27835.0,27925.0,43898
2022-12-15,27970.0,28125.0,27595.0,27630.0,8160
2022-12-16,27605.0,27650.0,27150.0,27300.0,3622
2022-12-19,27275.0,27335.0,27095.0,27195.0,3339
2022-12-20,27170.0,27290.0,26100.0,26350.0,9109
2022-12-21,26355.0,26580.0,26225.0,26455.0,6115
2022-12-22,26480.0,26595.0,25925.0,26140.0,5716
2022-12-23,26125.0,26310.0,26055.0,26240.0,3152
2022-12-27,26380.0,26580.0,26180.0,26240.0,1871
2022-12-28,26215.0,26335.0,26050.0,26055.0,2166
2022-12-29,26070.0,26350.0,25920.0,26300.0,3326
2022-12-30,26280.0,26295.0,25655.0,25770.0,3728
2023-01-03,25925.0,25975.0,25605.0,25815.0,4026
2023-01-04,25795.0,25945.0,25635.0,25860.0,4518
2023-01-05,25870.0,25960.0,25700.0,25710.0,3936
2023-01-06,25715.0,26220.0,25715.0,26195.0,4198
2023-01-09,26195.0,26460.0,26170.0,26225.0,3398
2023-01-10,26230.0,26315.0,26100.0,26285.0,3090
2023-01-11,26275.0,26555.0,26270.0,26550.0,4068
2023-01-12,26545.0,26545.0,25925.0,26225.0,5517
2023-01-13,26230.0,26385.0,25700.0,25820.0,6692
2023-01-17,25825.0,26430.0,25740.0,26325.0,11317
2023-01-18,26325.0,26975.0,26255.0,26515.0,7679
2023-01-19,26510.0,26615.0,26275.0,26360.0,4542
2023-01-20,26410.0,26955.0,26325.0,26950.0,4675
2023-01-23,26950.0,27245.0,26805.0,27190.0,4611
2023-01-24,27200.0,27395.0,27115.0,27230.0,4808
2023-01-25,27245.0,27485.0,27155.0,27435.0,4018
2023-01-26,27450.0,27560.0,27300.0,27540.0,2513
2023-01-27,27515.0,27515.0,27325.0,27455.0,2688
2023-01-30,27440.0,27610.0,27350.0,27445.0,4136
2023-01-31,27460.0,27530.0,27225.0,27525.0,3501
2023-02-01,27510.0,27550.0,27165.0,27455.0,3850
2023-02-02,27505.0,27625.0,27345.0,27555.0,7850
2023-02-03,27520.0,27755.0,27430.0,27645.0,4396
2023-02-06,27645.0,27865.0,27555.0,27705.0,4093
2023-02-07,27695.0,27815.0,27375.0,27685.0,5754
2023-02-08,27655.0,27665.0,27385.0,27420.0,2889
2023-02-09,27430.0,27710.0,27425.0,27560.0,3538
2023-02-10,27530.0,27810.0,27415.0,27605.0,4917
2023-02-13,27605.0,27735.0,27260.0,27715.0,26414
2023-02-14,27710.0,27780.0,27530.0,27755.0,5992
2023-02-15,27740.0,27750.0,27440.0,27635.0,2990
2023-02-16,27645.0,27735.0,27495.0,27520.0,3803
2023-02-17,27500.0,27595.0,27385.0,27510.0,2743
2023-02-21,27480.0,27525.0,27255.0,27260.0,3045
2023-02-22,27280.0,27280.0,26950.0,27040.0,3640
2023-02-23,27030.0,27240.0,27010.0,27235.0,1870
2023-02-24,27200.0,27450.0,27140.0,27335.0,4181
2023-02-27,27350.0,27560.0,27300.0,27535.0,2510
2023-02-28,27540.0,27585.0,27380.0,27425.0,2390
2023-03-01,27385.0,27565.0,27300.0,27485.0,2377
2023-03-02,27505.0,27745.0,27405.0,27705.0,2813
2023-03-03,27735.0,28230.0,27640.0,28205.0,4859
2023-03-06,28225.0,28320.0,28165.0,28205.0,8971
2023-03-07,28210.0,28455.0,28170.0,28210.0,9419
2023-03-08,28180.0,28645.0,28165.0,28625.0,7896
2023-03-09,28605.0,28715.0,28225.0,28270.0,5955
2023-03-10,28110.0,28270.0,27560.0,27595.0,10435
2023-03-13,27610.0,27790.0,27080.0,27235.0,8023
2023-03-14,27275.0,27365.0,26935.0,27285.0,7019
2023-03-15,27270.0,27315.0,26285.0,26570.0,7555
2023-03-16,26560.0,27135.0,26460.0,27105.0,5812
2023-03-17,27110.0,27235.0,26720.0,26790.0,4872
2023-03-20,26880.0,27185.0,26470.0,26920.0,4303
2023-03-21,26920.0,27220.0,26895.0,27185.0,2553
2023-03-22,27190.0,27445.0,27025.0,27050.0,4010
2023-03-23,27070.0,27430.0,26985.0,27095.0,4107
2023-03-24,27165.0,27290.0,26915.0,27180.0,3433
2023-03-27,27210.0,27420.0,27160.0,27390.0,2781
2023-03-28,27415.0,27430.0,27205.0,27295.0,1928
2023-03-29,27315.0,27885.0,27310.0,27860.0,2697
2023-03-30,27885.0,28040.0,27690.0,28000.0,3008
2023-03-31,28010.0,28305.0,27995.0,28270.0,3210
2023-04-03,28240.0,28340.0,28110.0,28270.0,2273
2023-04-04,28255.0,28390.0,28075.0,28155.0,2592
2023-04-05,28170.0,28210.0,27635.0,27760.0,2967
2023-04-06,27760.0,27770.0,27495.0,27695.0,1408
2023-04-10,27690.0,27935.0,27650.0,27920.0,2137
2023-04-11,27920.0,28140.0,27905.0,28085.0,2590
2023-04-12,28120.0,28285.0,27955.0,27990.0,3981
2023-04-13,27935.0,28480.0,27905.0,28440.0,4192
2023-04-14,28435.0,28625.0,28365.0,28530.0,4794
2023-04-17,28585.0,28645.0,28445.0,28625.0,2689
2023-04-18,28620.0,28790.0,28550.0,28690.0,3295
2023-04-19,28685.0,28695.0,28430.0,28580.0,3368
2023-04-20,28580.0,28730.0,28470.0,28630.0,3737
2023-04-21,28645.0,28805.0,28515.0,28705.0,3136
2023-04-24,28670.0,28765.0,28580.0,28740.0,2098
2023-04-25,28710.0,28825.0,28390.0,28400.0,3758
2023-04-26,28470.0,28575.0,28275.0,28345.0,3463
2023-04-27,28365.0,28780.0,28270.0,28740.0,2308
2023-04-28,28745.0,29115.0,28515.0,29085.0,5359
2023-05-01,29110.0,29380.0,29040.0,29360.0,3167
2023-05-02,29325.0,29325.0,28680.0,28840.0,5437
2023-05-03,28810.0,28960.0,28655.0,28730.0,5655
2023-05-04,28635.0,28800.0,28560.0,28640.0,4579
2023-05-05,28650.0,29165.0,28650.0,29115.0,3931
2023-05-08,29080.0,29155.0,28945.0,29065.0,2563
2023-05-09,29045.0,29285.0,29035.0,29245.0,3132
2023-05-10,29210.0,29255.0,28910.0,29065.0,4102
2023-05-11,29070.0,29205.0,28970.0,29145.0,3183
2023-05-12,29155.0,29595.0,29115.0,29590.0,4203
2023-05-15,29545.0,29915.0,29485.0,29880.0,4377
2023-05-16,29855.0,30005.0,29790.0,29885.0,4585
2023-05-17,29905.0,30560.0,29875.0,30545.0,6862
2023-05-18,30515.0,30950.0,30395.0,30925.0,6833
2023-05-19,30900.0,31005.0,30690.0,30875.0,6830
2023-05-22,30860.0,31320.0,30710.0,31240.0,6441
2023-05-23,31195.0,31385.0,30585.0,30725.0,14008
2023-05-24,30755.0,30895.0,30440.0,30520.0,7690
2023-05-25,30630.0,31150.0,30550.0,31145.0,9189
2023-05-26,31115.0,31585.0,30925.0,31530.0,5789
2023-05-30,31640.0,31695.0,31075.0,31155.0,14788
2023-05-31,31150.0,31155.0,30650.0,30790.0,8381
2023-06-01,30790.0,31440.0,30775.0,31410.0,7910
2023-06-02,31395.0,32020.0,31280.0,31970.0,10144
2023-06-05,31970.0,32570.0,31820.0,32100.0,16026
2023-06-06,32125.0,32705.0,31930.0,32645.0,20629
2023-06-07,32605.0,32715.0,31770.0,31890.0,10084
2023-06-08,31875.0,32015.0,31440.0,31895.0,8629
2023-06-09,31945.0,32595.0,31930.0,32430.0,8591
2023-06-12,32385.0,32785.0,32300.0,32765.0,6823
2023-06-13,32755.0,33620.0,32675.0,33500.0,11236
2023-06-14,33495.0,33855.0,33240.0,33575.0,10862
2023-06-15,33645.0,33830.0,33190.0,33545.0,11526
2023-06-16,33525.0,34030.0,33215.0,33750.0,10434
2023-06-20,33755.0,33870.0,33085.0,33170.0,13432
2023-06-21,33170.0,33800.0,33130.0,33630.0,10260
2023-06-22,33585.0,33655.0,33165.0,33505.0,10128
2023-06-23,33535.0,33575.0,32415.0,32700.0,13148
2023-06-26,32670.0,32925.0,32400.0,32635.0,7609
2023-06-27,32595.0,32895.0,32310.0,32860.0,6409
2023-06-28,32815.0,33380.0,32650.0,33295.0,9086
2023-06-29,33305.0,33575.0,33135.0,33240.0,7630
2023-06-30,33205.0,33560.0,32960.0,33500.0,6489
2023-07-03,33525.0,33880.0,33470.0,33675.0,7200
2023-07-05,33640.0,33665.0,33025.0,33170.0,12629
2023-07-06,33170.0,33170.0,32285.0,32505.0,10188
2023-07-07,32460.0,32770.0,32255.0,32520.0,9780
2023-07-10,32460.0,32600.0,32090.0,32320.0,10220
2023-07-11,32365.0,32505.0,32085.0,32350.0,6729
2023-07-12,32345.0,32435.0,31800.0,32085.0,11801
2023-07-13,32095.0,32850.0,31980.0,32775.0,9171
2023-07-14,32755.0,32910.0,32255.0,32370.0,10208
2023-07-17,32395.0,32495.0,32145.0,32390.0,6764
2023-07-18,32380.0,32845.0,32370.0,32790.0,9159
2023-07-19,32770.0,33095.0,32690.0,32925.0,7268
2023-07-20,32900.0,32920.0,32280.0,32370.0,7378
2023-07-21,32330.0,32795.0,32095.0,32715.0,6079
2023-07-24,32700.0,32860.0,32530.0,32755.0,4795
2023-07-25,32795.0,32800.0,32530.0,32640.0,3597
2023-07-26,32670.0,32755.0,32430.0,32575.0,4122
2023-07-27,32580.0,33260.0,32460.0,32560.0,10315
2023-07-28,32600.0,33175.0,32030.0,33130.0,16560
2023-07-31,33130.0,33420.0,33020.0,33295.0,6004
2023-08-01,33335.0,33500.0,33175.0,33225.0,4422
2023-08-02,33225.0,33225.0,32275.0,32380.0,7671
2023-08-03,32300.0,32460.0,31690.0,31960.0,8563
2023-08-04,31950.0,32310.0,31895.0,32005.0,7430
2023-08-07,31955.0,32465.0,31820.0,32425.0,5252
2023-08-08,32455.0,32550.0,32115.0,32335.0,5170
2023-08-09,32355.0,32420.0,32070.0,32145.0,4263
2023-08-10,32195.0,32830.0,32040.0,32545.0,6518
2023-08-11,32510.0,32725.0,32450.0,32470.0,3465
2023-08-14,32475.0,32620.0,32035.0,32315.0,5597
2023-08-15,32310.0,32415.0,31900.0,31950.0,5028
2023-08-16,31935.0,31995.0,31645.0,31705.0,5078
2023-08-17,31665.0,31790.0,31305.0,31395.0,6609
2023-08-18,31325.0,31640.0,31245.0,31475.0,9836
2023-08-21,31510.0,31850.0,31400.0,31810.0,7926
2023-08-22,31810.0,32025.0,31690.0,31765.0,5359
2023-08-23,31770.0,32205.0,31700.0,32005.0,4640
2023-08-24,32175.0,32285.0,31675.0,31700.0,5900
2023-08-25,31700.0,31890.0,31555.0,31860.0,6390
2023-08-28,31860.0,32320.0,31860.0,32290.0,4998
2023-08-29,32300.0,32450.0,32150.0,32425.0,6266
2023-08-30,32455.0,32560.0,32200.0,32395.0,5429
2023-08-31,32410.0,32700.0,32345.0,32500.0,11974
2023-09-01,32515.0,32845.0,32460.0,32760.0,8935
2023-09-05,32765.0,33165.0,32715.0,33110.0,21295
2023-09-06,33075.0,33295.0,33015.0,33120.0,4392
2023-09-07,33150.0,33325.0,32795.0,32895.0,5588
2023-09-08,32745.0,32820.0,32330.0,32580.0,4819
2023-09-11,32545.0,32575.0,32220.0,32490.0,5591
2023-09-12,32505.0,32730.0,32320.0,32640.0,4221
2023-09-13,32620.0,32760.0,32450.0,32685.0,5401
2023-09-14,32685.0,33250.0,32665.0,33230.0,5755
2023-09-15,33250.0,33485.0,33075.0,33100.0,5774
2023-09-18,33175.0,33180.0,32980.0,33105.0,2816
2023-09-19,33085.0,33220.0,32965.0,33100.0,4642
2023-09-20,33105.0,33130.0,32795.0,32835.0,4197
2023-09-21,32805.0,32810.0,32055.0,32080.0,7519
2023-09-22,32050.0,32460.0,31985.0,32305.0,7151
2023-09-25,32310.0,32565.0,32210.0,32495.0,5427
2023-09-26,32515.0,32525.0,31875.0,31905.0,6543
2023-09-27,31950.0,32295.0,31780.0,32140.0,7421
2023-09-28,32120.0,32195.0,31700.0,32025.0,10503
2023-09-29,32005.0,32155.0,31745.0,31850.0,8445
2023-10-02,31985.0,32430.0,31510.0,31640.0,9755
2023-10-03,31635.0,31690.0,30685.0,30785.0,8761
2023-10-04,30760.0,30855.0,30295.0,30735.0,9292
2023-10-05,30735.0,31225.0,30585.0,31055.0,8333
2023-10-06,31050.0,31415.0,30885.0,31360.0,7293
2023-10-09,31260.0,31360.0,30960.0,31285.0,4309
2023-10-10,31280.0,32000.0,31280.0,31855.0,7612
2023-10-11,31825.0,32115.0,31795.0,32025.0,6059
2023-10-12,32050.0,32690.0,32040.0,32295.0,9627
2023-10-13,32305.0,32550.0,31875.0,31910.0,8320
2023-10-16,31915.0,32085.0,31585.0,31985.0,9050
2023-10-17,32010.0,32280.0,31840.0,32140.0,7367
2023-10-18,32115.0,32155.0,31615.0,31665.0,6098
2023-10-19,31665.0,31755.0,31270.0,31345.0,11085
2023-10-20,31290.0,31445.0,31020.0,31085.0,8428
2023-10-23,31075.0,31215.0,30750.0,30995.0,7521
2023-10-24,31055.0,31315.0,30570.0,31275.0,9873
2023-10-25,31305.0,31485.0,30955.0,31005.0,7715
2023-10-26,30970.0,30970.0,30475.0,30600.0,10245
2023-10-27,30625.0,31110.0,30540.0,30625.0,8550
2023-10-30,30615.0,30870.0,30405.0,30625.0,8914
2023-10-31,30620.0,31410.0,30560.0,31375.0,10833
2023-11-01,31355.0,31925.0,31310.0,31875.0,7977
2023-11-02,31935.0,32365.0,31835.0,32330.0,7117
2023-11-03,32330.0,32840.0,32240.0,32750.0,3845
2023-11-06,32770.0,32800.0,32485.0,32610.0,4373
2023-11-07,32615.0,32645.0,32215.0,32495.0,4822
2023-11-08,32490.0,32575.0,32060.0,32340.0,5263
2023-11-09,32320.0,32885.0,32215.0,32535.0,7538
2023-11-10,32525.0,32935.0,32265.0,32905.0,6452
2023-11-13,32860.0,33010.0,32520.0,32790.0,4097
2023-11-14,32800.0,33255.0,32685.0,33220.0,5641
2023-11-15,33260.0,33610.0,33210.0,33400.0,52992
2023-11-16,33400.0,33630.0,33215.0,33415.0,5172
2023-11-17,33415.0,33615.0,33270.0,33540.0,5338
2023-11-20,33495.0,33870.0,33200.0,33390.0,7928
2023-11-21,33375.0,33480.0,33145.0,33210.0,5351
2023-11-22,33180.0,33780.0,33115.0,33775.0,7437
2023-11-23,33745.0,33770.0,33635.0,33735.0,7437
2023-11-24,33745.0,33835.0,33595.0,33750.0,4718
2023-11-27,33750.0,33815.0,33405.0,33535.0,4182
2023-11-28,33530.0,33575.0,33230.0,33295.0,5186
2023-11-29,33325.0,33525.0,33195.0,33280.0,6089
2023-11-30,33295.0,33585.0,33165.0,33545.0,5080
2023-12-01,33505.0,33575.0,33260.0,33475.0,6114
2023-12-04,33455.0,33495.0,32905.0,33050.0,13390
2023-12-05,33055.0,33080.0,32695.0,32905.0,12882
2023-12-06,32920.0,33465.0,32885.0,33170.0,7442
2023-12-07,33175.0,33190.0,32195.0,32440.0,10696
2023-12-08,32415.0,32620.0,32210.0,32595.0,7943
2023-12-11,32580.0,33120.0,32550.0,33115.0,6325
2023-12-12,33085.0,33195.0,32770.0,32930.0,5022
2023-12-13,32980.0,33085.0,32685.0,32910.0,5010
2023-12-14,32885.0,33150.0,32475.0,32675.0,8386
2023-12-15,32690.0,33105.0,32675.0,32705.0,33120
2023-12-18,32715.0,32860.0,32535.0,32795.0,3973
2023-12-19,32785.0,33665.0,32645.0,33395.0,8647
2023-12-20,33425.0,33810.0,33040.0,33105.0,5987
2023-12-21,33190.0,33325.0,33065.0,33310.0,4769
2023-12-22,33265.0,33400.0,33085.0,33325.0,3462
2023-12-26,33295.0,33540.0,33160.0,33485.0,1945
2023-12-27,33530.0,33740.0,33420.0,33495.0,3875
2023-12-28,33490.0,33585.0,33310.0,33480.0,3284
2023-12-29,33475.0,33660.0,33215.0,33310.0,4201
2024-01-02,33155.0,33455.0,32990.0,33055.0,4563
2024-01-03,33155.0,33385.0,33070.0,33105.0,5540
2024-01-04,33105.0,33540.0,32710.0,33325.0,7990
2024-01-05,33380.0,33645.0,33280.0,33455.0,7408
2024-01-08,33450.0,33950.0,33280.0,33925.0,4036
2024-01-09,33900.0,34010.0,33620.0,33920.0,6422
2024-01-10,33905.0,34975.0,33870.0,34900.0,11395
2024-01-11,34940.0,35830.0,34865.0,35260.0,13446
2024-01-12,35290.0,35760.0,35220.0,35600.0,7454
2024-01-16,35610.0,36235.0,35535.0,35905.0,14250
2024-01-17,35920.0,36280.0,35335.0,35535.0,9371
2024-01-18,35530.0,36115.0,35380.0,36110.0,7435
2024-01-19,36070.0,36370.0,35810.0,36340.0,8005
2024-01-22,36365.0,36760.0,36315.0,36690.0,5930
2024-01-23,36695.0,37010.0,36060.0,36505.0,9454
2024-01-24,36550.0,36590.0,36115.0,36280.0,7546
2024-01-25,36155.0,36330.0,35910.0,36075.0,6080
2024-01-26,36040.0,36110.0,35700.0,35945.0,7537
2024-01-29,35840.0,36205.0,35805.0,36160.0,5027
2024-01-30,36195.0,36290.0,35755.0,35960.0,5038
2024-01-31,35765.0,36410.0,35680.0,35905.0,10032
2024-02-01,35965.0,36315.0,35745.0,36150.0,7336
2024-02-02,36270.0,36455.0,36045.0,36440.0,8632
2024-02-05,36415.0,36535.0,36135.0,36350.0,6544
2024-02-06,36370.0,36385.0,35835.0,35995.0,6340
2024-02-07,35980.0,36410.0,35855.0,36305.0,6110
2024-02-08,36365.0,37150.0,36320.0,37115.0,10041
2024-02-09,37115.0,37290.0,36885.0,37175.0,8030
2024-02-12,37100.0,37600.0,37075.0,37485.0,4418
2024-02-13,37445.0,38400.0,37410.0,37700.0,11653
2024-02-14,37750.0,38130.0,37590.0,38115.0,6924
2024-02-15,38135.0,38655.0,37925.0,38585.0,7452
2024-02-16,38640.0,38870.0,38230.0,38315.0,10789
2024-02-20,38280.0,38740.0,38110.0,38305.0,11465
2024-02-21,38275.0,38815.0,38090.0,38420.0,6544
2024-02-22,38780.0,39485.0,38645.0,39465.0,12498
2024-02-23,39520.0,39625.0,39270.0,39480.0,5834
2024-02-26,39475.0,39520.0,39175.0,39350.0,6339
2024-02-27,39310.0,39415.0,39105.0,39295.0,6023
2024-02-28,39320.0,39355.0,38985.0,39050.0,6256
2024-02-29,39015.0,39345.0,38895.0,39305.0,10723
2024-03-01,39340.0,40290.0,39285.0,40220.0,12956
2024-03-04,40170.0,40365.0,40010.0,40105.0,16056
2024-03-05,40095.0,40235.0,39680.0,39805.0,13207
2024-03-06,39840.0,40565.0,39765.0,40335.0,8191
2024-03-07,40320.0,40465.0,39195.0,39755.0,13992
2024-03-08,39630.0,39860.0,38825.0,38875.0,12558
2024-03-11,38855.0,38920.0,38160.0,38265.0,10305
2024-03-12,38280.0,38975.0,38140.0,38955.0,12440
2024-03-13,38915.0,39055.0,38310.0,38455.0,10369
2024-03-14,38410.0,38740.0,38155.0,38365.0,9159
2024-03-15,38355.0,38810.0,38305.0,38690.0,8107
2024-03-18,38735.0,39640.0,38735.0,39480.0,9603
2024-03-19,39435.0,39935.0,39245.0,39885.0,13179
2024-03-20,39930.0,40440.0,39885.0,40385.0,8306
2024-03-21,40370.0,40960.0,40280.0,40845.0,7869
2024-03-22,40805.0,40915.0,40490.0,40605.0,6832
2024-03-25,40585.0,40680.0,40025.0,40185.0,4839
2024-03-26,40215.0,40530.0,40120.0,40320.0,4577
2024-03-27,40315.0,40805.0,40275.0,40510.0,6691
2024-03-28,40555.0,40600.0,40125.0,40400.0,5104
2024-04-01,40495.0,40800.0,39735.0,40025.0,8241
2024-04-02,40020.0,40225.0,39490.0,39705.0,7034
2024-04-03,39680.0,40115.0,39285.0,40065.0,7224
2024-04-04,40070.0,40320.0,39115.0,39160.0,7842
2024-04-05,39180.0,39435.0,38815.0,39370.0,9901
2024-04-08,39410.0,39700.0,39255.0,39485.0,5706
2024-04-09,39510.0,39850.0,39330.0,39640.0,6520
2024-04-10,39730.0,39770.0,39070.0,39250.0,7988
2024-04-11,39195.0,39740.0,39055.0,39665.0,7814
2024-04-12,39735.0,39995.0,38830.0,38900.0,8431
2024-04-15,38900.0,39540.0,38660.0,38735.0,11224
2024-04-16,38690.0,38800.0,38335.0,38495.0,10488
2024-04-17,38545.0,38695.0,37665.0,37810.0,11261
2024-04-18,37805.0,38270.0,37695.0,37820.0,8607
2024-04-19,37775.0,37815.0,36745.0,37135.0,16246
2024-04-22,37250.0,37880.0,37095.0,37755.0,9220
2024-04-23,37775.0,37990.0,37455.0,37945.0,6959
2024-04-24,37970.0,38495.0,37955.0,38225.0,7986
2024-04-25,38025.0,38080.0,37165.0,37695.0,9401
2024-04-26,37840.0,38435.0,37595.0,38390.0,10542
2024-04-29,38430.0,38760.0,38205.0,38350.0,10423
2024-04-30,38380.0,38655.0,38115.0,38190.0,9242
2024-05-01,38130.0,38520.0,37775.0,37980.0,11880
2024-05-02,37950.0,38385.0,37770.0,37900.0,11156
2024-05-03,37970.0,38400.0,37835.0,38385.0,7938
2024-05-06,38395.0,38925.0,38395.0,38905.0,4690
2024-05-07,38905.0,38970.0,38570.0,38735.0,5474
2024-05-08,38720.0,38785.0,38180.0,38445.0,6693
2024-05-09,38385.0,38480.0,38005.0,38460.0,5900
2024-05-10,38470.0,38780.0,38130.0,38215.0,6323
2024-05-13,38235.0,38305.0,37980.0,38200.0,4009
2024-05-14,38205.0,38625.0,38105.0,38610.0,4321
2024-05-15,38625.0,38850.0,38285.0,38720.0,6826
2024-05-16,38725.0,38990.0,38530.0,38570.0,5164
2024-05-17,38545.0,38870.0,38545.0,38755.0,4641
2024-05-20,38700.0,39495.0,38700.0,39310.0,7340
2024-05-21,39265.0,39380.0,38775.0,38875.0,4476
2024-05-22,38910.0,38980.0,38470.0,38650.0,5143
2024-05-23,38835.0,39200.0,38440.0,38570.0,6964
2024-05-24,38550.0,38890.0,38380.0,38805.0,5034
2024-05-28,38830.0,39010.0,38675.0,38970.0,5410
2024-05-29,38925.0,39175.0,38170.0,38325.0,5781
2024-05-30,38190.0,38340.0,37615.0,38235.0,8085
2024-05-31,38065.0,38740.0,37975.0,38640.0,7532
2024-06-03,38730.0,39050.0,38435.0,38660.0,5761
2024-06-04,38675.0,38890.0,38290.0,38430.0,7834
2024-06-05,38460.0,38985.0,38340.0,38970.0,7316
2024-06-06,38980.0,39080.0,38545.0,38635.0,6555
2024-06-07,38645.0,38910.0,38550.0,38650.0,6117
2024-06-10,38660.0,39235.0,38565.0,39185.0,17031
2024-06-11,39185.0,39340.0,38805.0,38900.0,10097
2024-06-12,38895.0,39285.0,38795.0,39165.0,6995
2024-06-13,39210.0,39290.0,38405.0,38580.0,8859
2024-06-14,38655.0,39075.0,38330.0,38555.0,8438
2024-06-17,38570.0,38625.0,37980.0,38470.0,6552
2024-06-18,38450.0,38670.0,38360.0,38660.0,5434
2024-06-20,38625.0,38835.0,38285.0,38590.0,10335
2024-06-21,38630.0,38820.0,38400.0,38520.0,5876
2024-06-24,38535.0,39010.0,38425.0,38755.0,7751
2024-06-25,38790.0,39390.0,38760.0,39340.0,6624
2024-06-26,39345.0,39835.0,39260.0,39470.0,8073
2024-06-27,39530.0,39720.0,39250.0,39620.0,6267
2024-06-28,39645.0,40010.0,39530.0,39835.0,7309
2024-07-01,39860.0,40020.0,39490.0,39580.0,7473
2024-07-02,39570.0,40320.0,39510.0,40305.0,9813
2024-07-03,40295.0,40775.0,40220.0,40705.0,6534
2024-07-05,40770.0,41180.0,40665.0,41080.0,10546
2024-07-08,41095.0,41160.0,40840.0,40955.0,5780
2024-07-09,41005.0,41825.0,40975.0,41555.0,8135
2024-07-10,41555.0,42535.0,41485.0,42510.0,9056
2024-07-11,42535.0,42545.0,41535.0,41605.0,15769
2024-07-12,41695.0,41855.0,41040.0,41265.0,13423
2024-07-15,41350.0,41450.0,41065.0,41135.0,5045
2024-07-16,41235.0,41605.0,41155.0,41585.0,8188
2024-07-17,41600.0,41645.0,40195.0,40295.0,13334
2024-07-18,40310.0,40465.0,39915.0,40115.0,13268
2024-07-19,40025.0,40270.0,39620.0,39710.0,9849
2024-07-22,39660.0,40020.0,39505.0,40005.0,8259
2024-07-23,39930.0,40005.0,39475.0,39555.0,7776
2024-07-24,39455.0,39680.0,38145.0,38175.0,13736
2024-07-25,38285.0,38360.0,37395.0,37840.0,20367
2024-07-26,38035.0,38325.0,37660.0,38290.0,11417
2024-07-29,38325.0,38775.0,38225.0,38390.0,8389
2024-07-30,38290.0,38785.0,37935.0,38165.0,10843
2024-07-31,38110.0,39320.0,38010.0,38700.0,18221
2024-08-01,38740.0,38920.0,36465.0,36895.0,19309
2024-08-02,36755.0,36800.0,34425.0,35020.0,22995
2024-08-05,34935.0,34935.0,30720.0,33320.0,36033
2024-08-06,33490.0,35010.0,32955.0,33720.0,26113
2024-08-07,33430.0,35945.0,33370.0,34495.0,27839
2024-08-08,34435.0,35870.0,33820.0,35680.0,22526
2024-08-09,35775.0,36025.0,34525.0,35350.0,18286
2024-08-12,35370.0,35935.0,35265.0,35620.0,4369
2024-08-13,35600.0,36510.0,35500.0,36475.0,9384
2024-08-14,36475.0,36725.0,35880.0,36320.0,11896
2024-08-15,36330.0,37750.0,36270.0,37660.0,9514
2024-08-16,37725.0,38160.0,37335.0,37695.0,9858
2024-08-19,37695.0,38145.0,37185.0,37870.0,10803
2024-08-20,37925.0,38310.0,37520.0,37590.0,9581
2024-08-21,37650.0,38275.0,37520.0,37935.0,11636
2024-08-22,38080.0,38680.0,37905.0,38105.0,10509
2024-08-23,38175.0,38700.0,38060.0,38365.0,11024
2024-08-26,38335.0,38390.0,37835.0,38065.0,9983
2024-08-27,37925.0,38550.0,37880.0,38295.0,8634
2024-08-28,38335.0,38605.0,37930.0,38170.0,7237
2024-08-29,38070.0,38850.0,37900.0,38305.0,10442
2024-08-30,38430.0,39085.0,38340.0,39015.0,7276
2024-09-03,39080.0,39205.0,37475.0,37630.0,20357
2024-09-04,37655.0,37780.0,36550.0,36760.0,17253
2024-09-05,36630.0,37140.0,36235.0,37035.0,14607
2024-09-06,37025.0,37070.0,35145.0,35280.0,22275
2024-09-09,35315.0,36520.0,35140.0,36230.0,22275
2024-09-10,36305.0,36555.0,35615.0,36150.0,14340
2024-09-11,36090.0,36630.0,35255.0,36595.0,14334
2024-09-12,36595.0,37065.0,36385.0,36980.0,11274
2024-09-13,36880.0,37010.0,36245.0,36405.0,10159
2024-09-16,36345.0,36675.0,36165.0,36620.0,3906
2024-09-17,36615.0,36720.0,35765.0,36580.0,9870
2024-09-18,36620.0,36665.0,36080.0,36520.0,9086
2024-09-19,36565.0,37860.0,36555.0,37695.0,10684
2024-09-20,37730.0,38325.0,37580.0,38125.0,8762
2024-09-23,38125.0,38570.0,38040.0,38265.0,4519
2024-09-24,38225.0,38410.0,37615.0,37815.0,7780
2024-09-25,37775.0,38250.0,37730.0,38120.0,4171
2024-09-26,38260.0,39535.0,38245.0,39410.0,7659
2024-09-27,39510.0,40095.0,37460.0,37615.0,15323
2024-09-30,37600.0,38615.0,37535.0,38265.0,8126
2024-10-01,38385.0,38940.0,37775.0,38195.0,9983
2024-10-02,38125.0,38920.0,37855.0,38845.0,7756
2024-10-03,38845.0,39200.0,38505.0,38810.0,8112
2024-10-04,38715.0,39815.0,38640.0,39785.0,6427
2024-10-07,39820.0,40025.0,38940.0,39085.0,6369
2024-10-08,39090.0,39655.0,38865.0,39525.0,4312
2024-10-09,39525.0,39835.0,39265.0,39790.0,3215
2024-10-10,39825.0,39870.0,39025.0,39495.0,5035
2024-10-11,39550.0,40075.0,39515.0,39980.0,4293
2024-10-14,39965.0,40265.0,39685.0,40215.0,2808
2024-10-15,40255.0,40410.0,38965.0,39070.0,6437
2024-10-16,39080.0,39615.0,39005.0,39560.0,4184
2024-10-17,39555.0,39575.0,38895.0,39305.0,4708
2024-10-18,39310.0,39410.0,39030.0,39270.0,2926
2024-10-21,39220.0,39375.0,38840.0,39120.0,3598
2024-10-22,39170.0,39200.0,38295.0,38490.0,4663
2024-10-23,38365.0,38640.0,37745.0,37950.0,5498
2024-10-24,37930.0,38440.0,37830.0,38195.0,4100
2024-10-25,38195.0,38480.0,37845.0,38200.0,3552
2024-10-28,37645.0,38860.0,37535.0,38700.0,5572
2024-10-29,38665.0,39375.0,38525.0,39260.0,4166
2024-10-30,39405.0,39805.0,39110.0,39385.0,4983
2024-10-31,39290.0,39355.0,38205.0,38430.0,7263
2024-11-01,38425.0,38870.0,38035.0,38665.0,5852
2024-11-04,38575.0,38745.0,38345.0,38460.0,2613
2024-11-05,38535.0,39180.0,38245.0,39040.0,4961
2024-11-06,39045.0,40225.0,38755.0,40075.0,11834
2024-11-07,40135.0,40175.0,39085.0,39730.0,6860
2024-11-08,39725.0,39980.0,39000.0,39170.0,5366
2024-11-11,39175.0,39860.0,39140.0,39680.0,4497
2024-11-12,39665.0,39920.0,39030.0,39300.0,6187
2024-11-13,39230.0,39430.0,38525.0,39005.0,5803
2024-11-14,39005.0,39135.0,38545.0,38995.0,4540
2024-11-15,38990.0,39155.0,37810.0,38040.0,6884
2024-11-18,38000.0,38610.0,37940.0,38365.0,4631
2024-11-19,38375.0,38610.0,37740.0,38300.0,5276
2024-11-20,38335.0,38575.0,37885.0,38315.0,4292
2024-11-21,38355.0,38410.0,37745.0,38265.0,4933
2024-11-22,38290.0,38670.0,38075.0,38620.0,4971
2024-11-25,38570.0,39105.0,38570.0,38825.0,3948
2024-11-26,38910.0,38930.0,38050.0,38355.0,5300
2024-11-27,38375.0,38460.0,37665.0,37825.0,4765
2024-11-29,37810.0,38505.0,37810.0,38325.0,7585
2024-12-02,38315.0,38725.0,37985.0,38630.0,6480
2024-12-03,38695.0,39440.0,38615.0,39260.0,8022
2024-12-04,39295.0,39790.0,39050.0,39640.0,4917
2024-12-05,39690.0,39750.0,39270.0,39350.0,3366
2024-12-06,39345.0,39480.0,38955.0,39350.0,3626
2024-12-09,39350.0,39540.0,38990.0,39315.0,11673
2024-12-10,39200.0,39505.0,39160.0,39320.0,5065
2024-12-11,39340.0,40160.0,39140.0,40070.0,4705
2024-12-12,39980.0,40100.0,39570.0,39655.0,4591
2024-12-13,39790.0,39900.0,39385.0,39690.0,4224
2024-12-16,39740.0,39855.0,39500.0,39745.0,3278
2024-12-17,39785.0,39905.0,39335.0,39360.0,4540
2024-12-18,39300.0,39560.0,38365.0,38550.0,5508
2024-12-19,39255.0,39455.0,39060.0,39120.0,6121
2024-12-20,38800.0,39265.0,38445.0,38985.0,5354
2024-12-23,39250.0,39425.0,38975.0,39400.0,4118
2024-12-24,39225.0,39365.0,39175.0,39350.0,2096
2024-12-26,39340.0,39830.0,39205.0,39800.0,2560
2024-12-27,40315.0,40415.0,39970.0,40220.0,5568
2024-12-30,39955.0,40085.0,39370.0,39530.0,4795
2024-12-31,39955.0,40085.0,39275.0,39485.0,2797
2025-01-02,39485.0,39780.0,39275.0,39470.0,4898
2025-01-03,39530.0,39725.0,39335.0,39680.0,3345
2025-01-06,39700.0,40095.0,39315.0,39765.0,7357
2025-01-07,39815.0,40400.0,39720.0,39825.0,7165
2025-01-08,39870.0,40205.0,39800.0,40020.0,6353
2025-01-09,39980.0,40015.0,39475.0,39630.0,3645
2025-01-10,39630.0,39655.0,38715.0,38860.0,8817
2025-01-13,38890.0,38960.0,38225.0,38785.0,4352
2025-01-14,38820.0,39145.0,38395.0,38795.0,8216
2025-01-15,38795.0,38910.0,38305.0,38830.0,8765
2025-01-16,38820.0,39010.0,38340.0,38405.0,6748
2025-01-17,38430.0,38990.0,38140.0,38865.0,7510
2025-01-21,38750.0,39405.0,38690.0,39330.0,12614
2025-01-22,39400.0,40005.0,39380.0,39865.0,6474
2025-01-23,39870.0,40090.0,39735.0,39985.0,6016
2025-01-24,39880.0,40675.0,39860.0,40530.0,9201
2025-01-27,40400.0,40415.0,38740.0,39125.0,12334
2025-01-28,39200.0,39495.0,38945.0,39470.0,7025
2025-01-29,39455.0,39670.0,39170.0,39315.0,6301
2025-01-30,39385.0,39750.0,39270.0,39630.0,6054
2025-01-31,39635.0,39865.0,39325.0,39395.0,6095
2025-02-03,39140.0,39310.0,38415.0,38945.0,12786
2025-02-04,39215.0,39350.0,38625.0,39145.0,7152
2025-02-05,39085.0,39150.0,38605.0,39005.0,6642
2025-02-06,38985.0,39235.0,38865.0,39010.0,5742
2025-02-07,38970.0,39045.0,38375.0,38415.0,7863
2025-02-10,38385.0,39005.0,38265.0,38965.0,4409
2025-02-11,38895.0,39120.0,38795.0,39100.0,2809
2025-02-12,39050.0,39260.0,38785.0,39200.0,6687
2025-02-13,39230.0,39625.0,39150.0,39515.0,5773
2025-02-14,39490.0,39620.0,39025.0,39125.0,5498
2025-02-18,39150.0,39525.0,39015.0,39325.0,5818
2025-02-19,39365.0,39365.0,38780.0,39005.0,5739
2025-02-20,38985.0,38985.0,38410.0,38575.0,6058
2025-02-21,38575.0,38890.0,38070.0,38155.0,6477
2025-02-24,38185.0,38390.0,37895.0,38040.0,6582
2025-02-25,38070.0,38490.0,37690.0,37975.0,7830
2025-02-26,38085.0,38485.0,37745.0,38075.0,8371
2025-02-27,38135.0,38410.0,37575.0,37600.0,8891
2025-02-28,37755.0,37820.0,36860.0,37605.0,11653
2025-03-03,37650.0,38270.0,37115.0,37320.0,13192
2025-03-04,37340.0,37565.0,36275.0,36965.0,16766
2025-03-05,37280.0,37840.0,37100.0,37700.0,12609
2025-03-06,37705.0,37890.0,36860.0,36910.0,8035
2025-03-07,37005.0,37325.0,36475.0,37280.0,8874
2025-03-10,37270.0,37280.0,36180.0,36480.0,17608
2025-03-11,36400.0,36920.0,35980.0,36530.0,10790
2025-03-12,36555.0,37220.0,36555.0,37105.0,7365
2025-03-13,36945.0,37310.0,36600.0,36710.0,5937
2025-03-14,36615.0,37480.0,36400.0,37465.0,4788
2025-03-17,37390.0,37880.0,37240.0,37800.0,4022
2025-03-18,37815.0,37870.0,37495.0,37650.0,4525
2025-03-19,37650.0,37970.0,37400.0,37720.0,5078
2025-03-20,37795.0,37800.0,37255.0,37530.0,2936
2025-03-21,37550.0,37810.0,37185.0,37450.0,3955
2025-03-24,37525.0,37845.0,37425.0,37835.0,5293
2025-03-25,37770.0,37960.0,37540.0,37905.0,3955
2025-03-26,37920.0,38050.0,37485.0,37550.0,4062
2025-03-27,37490.0,37680.0,37335.0,37475.0,4098
2025-03-28,37500.0,37595.0,36385.0,36465.0,86762
2025-03-31,36355.0,36370.0,35575.0,36130.0,7278
2025-04-01,36085.0,36165.0,35225.0,35865.0,6684
2025-04-02,35850.0,36580.0,34925.0,36085.0,6823
2025-04-03,34930.0,34975.0,33525.0,34000.0,12578
2025-04-04,33780.0,34445.0,32090.0,32345.0,18624
2025-04-07,31805.0,33830.0,30560.0,32340.0,29722
2025-04-08,32630.0,34030.0,31935.0,32345.0,16159
2025-04-09,32255.0,35255.0,31255.0,35000.0,29350
2025-04-10,35175.0,35335.0,32610.0,33530.0,12453
2025-04-11,33580.0,33905.0,32785.0,33815.0,11950
2025-04-14,34050.0,34620.0,34000.0,34410.0,5625
2025-04-15,34425.0,34740.0,34305.0,34590.0,3760
2025-04-16,34490.0,34575.0,33700.0,33950.0,5083
2025-04-17,33995.0,34845.0,33885.0,34570.0,4516
2025-04-21,34610.0,34735.0,33960.0,34255.0,2868
2025-04-22,34180.0,35060.0,34085.0,34945.0,3979
2025-04-23,35235.0,35615.0,34800.0,35455.0,7197
2025-04-24,35405.0,35755.0,34895.0,35660.0,3790
2025-04-25,35700.0,36175.0,35535.0,36105.0,4086
2025-04-28,36085.0,36200.0,35790.0,36005.0,3511
2025-04-29,35925.0,36300.0,35925.0,36155.0,2872
2025-04-30,36095.0,36380.0,35700.0,36235.0,4390
2025-05-01,36370.0,37140.0,36140.0,36915.0,5241
2025-05-02,36825.0,37300.0,36720.0,37280.0,5080
2025-05-05,37235.0,37410.0,36980.0,37220.0,2099
2025-05-06,37175.0,37265.0,36695.0,36820.0,3013
2025-05-07,36775.0,37230.0,36670.0,37030.0,4878
2025-05-08,36930.0,37745.0,36775.0,37535.0,5136
2025-05-09,37540.0,37750.0,37355.0,37530.0,3836
2025-05-12,37900.0,38850.0,37520.0,38820.0,5831
2025-05-13,38800.0,38820.0,38090.0,38410.0,3499
2025-05-14,38380.0,38445.0,37645.0,37765.0,3405
2025-05-15,37660.0,37920.0,37645.0,37810.0,2366
2025-05-16,37875.0,38040.0,37530.0,38035.0,2406
2025-05-19,37775.0,37840.0,37280.0,37635.0,3745
2025-05-20,37580.0,37975.0,37430.0,37650.0,2773
2025-05-21,37625.0,37700.0,36850.0,36955.0,4616
2025-05-22,36850.0,37245.0,36735.0,37075.0,4000
2025-05-23,37115.0,37410.0,36490.0,36890.0,5254
2025-05-26,,,,,
2025-05-27,36940.0,38405.0,36890.0,38375.0,5576
2025-05-28,38315.0,38355.0,37685.0,37885.0,4278
2025-05-29,37950.0,38490.0,37745.0,37940.0,7347
2025-05-30,37915.0,38135.0,37410.0,37725.0,3600
2025-06-02,37655.0,37860.0,37295.0,37825.0,3220
2025-06-03,37780.0,37800.0,37385.0,37775.0,3508
2025-06-04,37730.0,37890.0,37495.0,37590.0,3254
2025-06-05,37540.0,37740.0,37320.0,37495.0,0
2025-06-06,37410.0,38160.0,37410.0,38000.0,2918
2025-06-09,38010.0,38340.0,37905.0,38230.0,9500
2025-06-10,38230.0,38500.0,38130.0,38370.0,5222
2025-06-11,38395.0,38765.0,38290.0,38335.0,3723
2025-06-12,38360.0,38375.0,37995.0,38195.0,3168
2025-06-13,38315.0,38315.0,37590.0,38060.0,6378
2025-06-16,37960.0,38730.0,37930.0,38640.0,2879
2025-06-17,38740.0,38750.0,38315.0,38360.0,2816
2025-06-18,38305.0,39060.0,38255.0,38745.0,0
2025-06-19,,,,,
2025-06-20,38815.0,38940.0,38330.0,38405.0,4490
2025-06-23,38095.0,38715.0,38015.0,38695.0,3773
2025-06-24,38685.0,39070.0,38685.0,38865.0,3114
2025-06-25,38825.0,39225.0,38780.0,39030.0,2890
2025-06-26,39030.0,39900.0,39025.0,39835.0,4780
2025-06-27,39905.0,40735.0,39905.0,40625.0,3804
2025-06-30,40675.0,40965.0,40315.0,40395.0,4244
2025-07-01,40365.0,40450.0,39660.0,39750.0,4148
2025-07-02,39640.0,40040.0,39530.0,39800.0,2848
2025-07-03,39820.0,40210.0,39755.0,40205.0,0
2025-07-04,40230.0,40260.0,39700.0,39810.0,0
2025-07-07,39815.0,39995.0,39445.0,39540.0,5121
2025-07-08,39495.0,40120.0,39430.0,40055.0,3167
2025-07-09,39970.0,40060.0,39645.0,39985.0,2492
2025-07-10,40020.0,40025.0,39605.0,39750.0,2331
2025-07-11,39800.0,40005.0,39325.0,39560.0,2770
2025-07-14,39530.0,39645.0,39245.0,39565.0,2992
2025-07-15,39570.0,39865.0,39425.0,39665.0,3040
2025-07-16,39610.0,39960.0,39180.0,39610.0,4360
2025-07-17,39620.0,40160.0,39415.0,40095.0,2347
2025-07-18,40105.0,40190.0,39680.0,39750.0,2946
2025-07-21,39680.0,40020.0,39665.0,39840.0,1573
2025-07-22,39840.0,40315.0,39490.0,39655.0,2989
2025-07-23,39670.0,41800.0,39670.0,41700.0,11746
2025-07-24,41745.0,42125.0,41585.0,41655.0,4482
2025-07-25,41740.0,41800.0,41305.0,41430.0,3273
2025-07-28,41535.0,41720.0,40725.0,40845.0,3790
2025-07-29,40860.0,41005.0,40615.0,40690.0,3082
2025-07-30,40745.0,40820.0,40525.0,40680.0,2563
2025-07-31,40770.0,41320.0,40630.0,40795.0,3336
2025-08-01,40805.0,41040.0,39780.0,40045.0,5256
2025-08-04,39940.0,40680.0,39790.0,40625.0,3163
2025-08-05,40665.0,40710.0,40375.0,40570.0,2783
2025-08-06,40610.0,40930.0,40450.0,40890.0,2574
2025-08-07,40840.0,41375.0,40605.0,41125.0,2669
2025-08-08,41200.0,42410.0,41190.0,42315.0,4973
2025-08-11,42300.0,42515.0,42215.0,42325.0,2306
2025-08-12,42310.0,43390.0,42220.0,43295.0,5622
2025-08-13,43265.0,43505.0,43040.0,43170.0,3835
2025-08-14,43170.0,43215.0,42550.0,42865.0,2959
2025-08-15,42850.0,43515.0,42755.0,43475.0,3551
2025-08-18,43455.0,43955.0,43405.0,43830.0,3136
2025-08-19,43815.0,43905.0,43335.0,43410.0,2967
2025-08-20,43395.0,43485.0,42575.0,42860.0,5332
2025-08-21,42895.0,42945.0,42525.0,42670.0,2948
2025-08-22,42700.0,43125.0,42340.0,42980.0,3027
2025-08-25,43000.0,43220.0,42535.0,42550.0,2754
2025-08-26,42565.0,42715.0,42135.0,42515.0,2838
2025-08-27,42560.0,42635.0,42275.0,42580.0,2096
2025-08-28,42535.0,43060.0,42285.0,42935.0,2390
2025-08-29,42915.0,42960.0,42045.0,42100.0,0
2025-09-02,42220.0,42495.0,41710.0,42100.0,6430
2025-09-03,42170.0,42310.0,41890.0,42120.0,2384
2025-09-04,42140.0,42925.0,42045.0,42895.0,2986
2025-09-05,42940.0,43245.0,42595.0,42910.0,3522
2025-09-08,42950.0,44035.0,42950.0,43975.0,9444
2025-09-09,43965.0,44190.0,43080.0,43495.0,8969
2025-09-10,43610.0,44020.0,43455.0,43900.0,4542
2025-09-11,43860.0,44820.0,43860.0,44765.0,4479
2025-09-12,44675.0,44805.0,44430.0,44535.0,4094
2025-09-15,44540.0,44830.0,44490.0,44740.0,1945
2025-09-16,44765.0,44925.0,44480.0,44605.0,3759
2025-09-17,44655.0,44890.0,44440.0,44660.0,3547
2025-09-18,44750.0,45810.0,44675.0,45685.0,3729
2025-09-19,45700.0,45770.0,44360.0,45100.0,5385
2025-09-22,45135.0,45620.0,45075.0,45555.0,3217
2025-09-23,45565.0,45740.0,45345.0,45395.0,1935
2025-09-24,45430.0,45695.0,45065.0,45460.0,2793
2025-09-25,45515.0,45670.0,45100.0,45460.0,3074
2025-09-26,45470.0,45600.0,45010.0,45215.0,4457
2025-09-29,45285.0,45370.0,45015.0,45260.0,3769
2025-09-30,45230.0,45270.0,44710.0,44940.0,4185
2025-10-01,44995.0,45035.0,44465.0,44915.0,4289
2025-10-02,44930.0,45315.0,44815.0,45175.0,4274
2025-10-03,45170.0,46295.0,45020.0,46100.0,5078
2025-10-06,46980.0,48805.0,46980.0,48665.0,11931
2025-10-07,48675.0,48770.0,47915.0,48090.0,9251
2025-10-08,48100.0,48330.0,47840.0,48215.0,4677
2025-10-09,48295.0,49030.0,48175.0,48745.0,8839
2025-10-10,48670.0,48795.0,45320.0,46090.0,14935
2025-10-13,45985.0,47170.0,45985.0,47125.0,14935
2025-10-14,47085.0,48030.0,46600.0,47095.0,9020
2025-10-15,47180.0,48390.0,47065.0,48100.0,8310
2025-10-16,48115.0,48650.0,47875.0,48135.0,8121
2025-10-17,48195.0,48430.0,47145.0,48365.0,10205
2025-10-20,48480.0,49885.0,48455.0,49775.0,6662
2025-10-21,49775.0,50100.0,49225.0,49450.0,6896
2025-10-22,49480.0,49790.0,48540.0,48915.0,7201
2025-10-23,48960.0,49175.0,48545.0,49095.0,3457
2025-10-24,49080.0,49750.0,49035.0,49635.0,2755
2025-10-27,49820.0,50765.0,49820.0,50575.0,3844
2025-10-28,50655.0,50895.0,50255.0,50785.0,2885
2025-10-29,50760.0,51635.0,50730.0,51200.0,5554
2025-10-30,51075.0,51950.0,50950.0,51405.0,7196
2025-10-31,51655.0,52730.0,51575.0,52360.0,5408
2025-11-03,52375.0,52700.0,52220.0,52620.0,0
2025-11-04,52540.0,52750.0,51195.0,51265.0,5766
2025-11-05,51200.0,51445.0,49250.0,51280.0,11871
2025-11-06,51320.0,51365.0,50115.0,50290.0,5037
2025-11-07,50395.0,50575.0,49600.0,50490.0,6271
2025-11-10,50655.0,51400.0,50550.0,51335.0,3978
2025-11-11,51375.0,51600.0,50680.0,51185.0,3558
2025-11-12,51265.0,51580.0,50645.0,51315.0,3378
2025-11-13,51535.0,51535.0,50085.0,50150.0,4159
2025-11-14,50165.0,50815.0,49755.0,50490.0,5767
2025-11-17,50510.0,50550.0,49540.0,49830.0,4237
2025-11-18,49945.0,50015.0,48430.0,48895.0,7324
2025-11-19,48610.0,49890.0,48335.0,49325.0,7673
2025-11-20,49900.0,50655.0,48400.0,48505.0,7971
2025-11-21,48345.0,49105.0,48080.0,48825.0,8589
2025-11-24,49155.0,49670.0,48695.0,49565.0,3131
2025-11-25,49605.0,49765.0,48300.0,49180.0,4740
2025-11-26,49235.0,50230.0,49020.0,50135.0,3923
2025-11-28,50140.0,50370.0,49990.0,50245.0,2169
2025-12-01,50345.0,50430.0,49080.0,49500.0,5290
2025-12-02,49520.0,49750.0,49220.0,49565.0,2936
2025-12-03,49575.0,50170.0,49310.0,49880.0,3721
2025-12-04,49890.0,51060.0,49820.0,50585.0,4799
2025-12-05,50650.0,50855.0,50235.0,50690.0,3474
2025-12-08,50610.0,50735.0,50185.0,50330.0,12378
2025-12-09,50445.0,51035.0,50380.0,50860.0,5937
2025-12-10,50815.0,51110.0,50330.0,50865.0,4088
2025-12-11,50980.0,50980.0,49990.0,50895.0,3894
2025-12-12,51000.0,51320.0,49880.0,50160.0,4637
2025-12-15,50380.0,50535.0,50055.0,50250.0,2327
2025-12-16,50265.0,50270.0,49525.0,49825.0,3689
2025-12-17,49710.0,49910.0,49070.0,49110.0,3802
2025-12-18,49315.0,49715.0,48805.0,49435.0,3468
2025-12-19,49445.0,50585.0,49430.0,50455.0,3454
2025-12-22,50550.0,50755.0,50280.0,50440.0,2834
2025-12-23,50545.0,50825.0,50400.0,50685.0,1771
2025-12-24,50575.0,50785.0,50275.0,50555.0,1192
2025-12-26,50555.0,51080.0,50525.0,50810.0,1587
2025-12-29,50885.0,50975.0,50355.0,50465.0,1928
2025-12-30,50505.0,50840.0,50360.0,50700.0,1513
2025-12-31,50580.0,50880.0,50395.0,50575.0,1741
2026-01-02,50560.0,51445.0,50555.0,51185.0,2615
2026-01-05,51190.0,52400.0,50900.0,52300.0,4167
2026-01-06,52370.0,52795.0,52060.0,52165.0,3782
2026-01-07,52170.0,52550.0,51985.0,52095.0,2348
2026-01-08,52030.0,52045.0,51190.0,51700.0,4093
2026-01-09,51650.0,53985.0,51470.0,53685.0,6254
2026-01-12,53655.0,54290.0,53630.0,54265.0,3261
2026-01-13,54200.0,54300.0,53595.0,54075.0,4638
2026-01-14,54055.0,54660.0,53790.0,54200.0,5514
2026-01-15,54070.0,54625.0,53875.0,54100.0,3132
2026-01-16,54210.0,54280.0,53700.0,53830.0,2341
2026-01-20,53625.0,53855.0,52110.0,52230.0,9371
2026-01-21,52230.0,53600.0,51955.0,53310.0,5586
2026-01-22,53380.0,54235.0,53380.0,54140.0,3813
2026-01-23,54115.0,54170.0,52885.0,52985.0,4004
2026-01-26,52690.0,53260.0,52300.0,52685.0,4155
2026-01-27,52650.0,53480.0,52505.0,52930.0,3739
2026-01-28,52950.0,53960.0,52910.0,53785.0,4877
2026-01-29,53900.0,54205.0,52490.0,53405.0,6269
2026-01-30,53295.0,53880.0,53025.0,53560.0,4936
2026-02-02,53420.0,54365.0,52635.0,54010.0,5605
2026-02-03,53985.0,54910.0,53585.0,54165.0,6036
2026-02-04,54190.0,55195.0,53985.0,54550.0,5929
2026-02-05,54710.0,54820.0,53765.0,53980.0,7038
2026-02-06,53850.0,56610.0,53030.0,56530.0,8893
2026-02-09,57250.0,58620.0,56135.0,57245.0,9428
2026-02-10,57350.0,58515.0,57030.0,57900.0,5501
2026-02-11,57940.0,58550.0,57785.0,58195.0,5944
2026-02-12,58260.0,58260.0,56580.0,56775.0,4451
2026-02-13,57050.0,57735.0,56725.0,57630.0,7489
2026-02-17,57595.0,57770.0,56190.0,57105.0,8314
2026-02-18,57055.0,57775.0,56805.0,57580.0,3339
2026-02-19,57580.0,57725.0,56795.0,57055.0,3544
2026-02-20,57080.0,57305.0,56680.0,57155.0,4968
2026-02-23,57125.0,57195.0,56490.0,56805.0,3780
2026-02-24,56845.0,58100.0,56680.0,57975.0,4618
2026-02-25,57900.0,60080.0,57770.0,59700.0,5761
2026-02-26,59950.0,59950.0,58315.0,58735.0,5813
2026-02-27,58670.0,59435.0,58200.0,58715.0,5168
2026-03-02,58250.0,58405.0,57075.0,57710.0,8572
2026-03-03,57565.0,57890.0,53620.0,55340.0,10364
2026-03-04,55255.0,56495.0,53680.0,56375.0,9035
2026-03-05,56250.0,56635.0,53975.0,54625.0,7078
2026-03-06,54450.0,55790.0,53755.0,54020.0,7586
2026-03-09,53700.0,54915.0,51200.0,54660.0,19857
2026-03-10,54590.0,55785.0,53565.0,54880.0,7503
2026-03-11,54935.0,55740.0,54300.0,54775.0,4600
2026-03-12,54700.0,54760.0,53530.0,53770.0,4726
2026-03-13,53680.0,54195.0,52620.0,53130.0,5119
2026-03-16,53000.0,54500.0,52825.0,54390.0,3851
2026-03-17,54215.0,54510.0,53350.0,54215.0,3660
2026-03-18,54215.0,55180.0,53220.0,53550.0,4941
2026-03-19,53500.0,53795.0,51740.0,52885.0,8806
2026-03-20,53185.0,53510.0,50920.0,51100.0,7279
2026-03-23,50780.0,54020.0,50410.0,53030.0,11608
2026-03-24,53065.0,53410.0,51445.0,52455.0,6850
2026-03-25,53100.0,54155.0,53100.0,53670.0,5160
2026-03-26,53600.0,53950.0,52115.0,52170.0,4163
2026-03-27,52340.0,53425.0,51220.0,51385.0,5570
2026-03-30,50865.0,52320.0,50490.0,51115.0,6515
2026-03-31,51200.0,53225.0,50625.0,53085.0,7528
2026-04-01,53100.0,54730.0,52785.0,54250.0,8211
2026-04-02,54230.0,54475.0,52230.0,53390.0,8487
2026-04-06,53180.0,54195.0,52735.0,53995.0,4648
2026-04-07,54020.0,54115.0,52845.0,53975.0,7371
2026-04-08,54020.0,57365.0,54010.0,57085.0,9722
2026-04-09,57025.0,57045.0,55790.0,56695.0,5190
2026-04-10,56695.0,57500.0,56515.0,57390.0,4364
2026-04-13,56505.0,57760.0,55950.0,57675.0,5551
2026-04-14,57710.0,58890.0,57475.0,58850.0,4848
2026-04-15,58865.0,58895.0,58155.0,58590.0,4474
2026-04-16,58645.0,59805.0,58585.0,59350.0,4364
2026-04-17,59440.0,60130.0,58630.0,59855.0,5519
2026-04-20,59370.0,59400.0,58710.0,59300.0,4516
2026-04-21,59400.0,59725.0,58370.0,58520.0,5819
2026-04-22,58855.0,59940.0,58850.0,59905.0,4799
2026-04-23,59850.0,60280.0,58390.0,59000.0,9237
2026-04-24,58950.0,60165.0,58905.0,60065.0,6458
2026-04-27,60065.0,61000.0,59700.0,60245.0,4699
2026-04-28,60230.0,60540.0,58925.0,59160.0,7056
2026-04-29,59060.0,59550.0,58620.0,58925.0,5248
2026-04-30,58690.0,59925.0,58655.0,59850.0,6689
2026-05-01,59845.0,59930.0,59120.0,59445.0,3578
2026-05-04,59660.0,60060.0,59150.0,59505.0,6841
2026-05-05,59555.0,60775.0,59335.0,60640.0,3653
2026-05-06,60725.0,62400.0,60685.0,62140.0,5726
2026-05-07,62155.0,63400.0,61760.0,62255.0,6745
2026-05-08,62055.0,63850.0,62020.0,63695.0,5025
2026-05-11,63695.0,63845.0,62390.0,62955.0,5619
2026-05-12,62945.0,63285.0,61805.0,62520.0,6789
2026-05-13,62545.0,63525.0,62305.0,63440.0,3926
2026-05-14,63500.0,63880.0,62585.0,63065.0,3624
2026-05-15,63095.0,63305.0,61020.0,61840.0,5875
2026-05-18,61600.0,61880.0,60450.0,61560.0,7592
2026-05-19,61595.0,61670.0,59985.0,60685.0,7349
2026-05-20,60600.0,61570.0,59355.0,61535.0,7766
2026-05-21,61325.0,62370.0,61020.0,62190.0,5116
2026-05-22,62200.0,63810.0,62090.0,63335.0,5550
2026-05-26,63720.0,65695.0,63720.0,65640.0,7331
2026-05-27,65570.0,66520.0,64775.0,65210.0,5187
2026-05-28,65300.0,65930.0,63905.0,65750.0,5740
2026-05-29,65705.0,66670.0,65600.0,66230.0,4273
2026-06-01,66280.0,67635.0,66075.0,67300.0,6837
2026-06-02,67290.0,67610.0,65590.0,67540.0,4974
2026-06-03,67430.0,68790.0,66875.0,68245.0,5145
2026-06-04,68025.0,68055.0,66930.0,67770.0,5093
2026-06-05,67630.0,67680.0,63500.0,64015.0,6770
2026-06-08,63800.0,65900.0,63400.0,65570.0,12410
2026-06-09,65425.0,66110.0,63135.0,64525.0,7754
2026-06-10,64340.0,65090.0,63125.0,63335.0,8414
2026-06-11,63045.0,66550.0,62440.0,66270.0,6977
2026-06-12,66630.0,67600.0,66025.0,67335.0,4924
2026-06-15,68150.0,69950.0,68150.0,69850.0,3869
2026-06-16,69795.0,70185.0,69180.0,69250.0,4092
2026-06-17,69240.0,71070.0,68950.0,69970.0,5257
2026-06-18,69975.0,72280.0,69890.0,72135.0,5910
2026-06-22,71985.0,73830.0,71365.0,73205.0,6644
2026-06-23,73300.0,73305.0,68525.0,69250.0,7909
2026-06-24,69355.0,71200.0,68705.0,69565.0,6261
2026-06-25,71155.0,72805.0,70880.0,71330.0,5380
2026-06-26,71260.0,71795.0,68875.0,69820.0,6056
2026-06-29,69890.0,70960.0,68340.0,70945.0,7403
2026-06-30,70800.0,71495.0,69580.0,71340.0,4909
2026-07-01,71095.0,72200.0,69615.0,69795.0,5028
2026-07-02,69795.0,70150.0,67730.0,68420.0,8171
2026-07-06,69960.0,70620.0,69045.0,70325.0,6234
2026-07-07,70375.0,70390.0,67490.0,67845.0,6188
2026-07-08,67535.0,68625.0,65515.0,67865.0,9949
2026-07-09,67845.0,69155.0,67550.0,69085.0,5375
2026-07-10,69085.0,69575.0,68335.0,69320.0,5637
2026-07-13,69070.0,69225.0,66815.0,67430.0,6229
2026-07-14,67190.0,68775.0,66430.0,68240.0,7477
2026-07-15,68300.0,68980.0,67150.0,67845.0,6040
2026-07-16,67835.0,67965.0,65795.0,66080.0,6534
2026-07-17,66000.0,66000.0,62860.0,65200.0,9841
2026-07-20,65100.0,66035.0,64680.0,65170.0,6689
2026-07-21,65105.0,67375.0,64390.0,67235.0,6471
2026-07-22,67290.0,67705.0,65685.0,66450.0,6331
2026-07-23,66200.0,67135.0,65075.0,65440.0,5934
2026-07-24,65435.0,65760.0,64295.0,64440.0,3775
2026-07-27,64780.0,65755.0,63440.0,64100.0,5779
2026-07-28,63845.0,64025.0,61980.0,62595.0,4979
2026-07-29,62600.0,63320.0,60575.0,61345.0,8927
2026-07-30,61190.0,63910.0,61190.0,63765.0,5338
2026-07-31,63805.0,65550.0,62700.0,63330.0,4573
2026-08-03,63635.0,64220.0,62165.0,63450.0,5745
2026-08-04,63550.0,65705.0,63000.0,65515.0,4276
2026-08-05,65535.0,66845.0,65535.0,65770.0,3894
2026-08-06,65880.0,66410.0,64985.0,65660.0,3959
2026-08-07,65570.0,66760.0,64740.0,66345.0,4879
2026-08-10,66330.0,67615.0,66145.0,66755.0,3190
2026-08-11,66815.0,67540.0,66340.0,67100.0,2244
2026-08-12,67150.0,68955.0,66865.0,68545.0,2244
2026-08-13,68600.0,68875.0,68245.0,68655.0,1085
