/workspace/artifacts/reference/futures_mbp1/[Silver] GLBX-20260531-RPHWMFRBFW/glbx-mdp3-20210531.mbp-1.dbn.zst	d721eacdbd6df62e30edcb451b231cbc75a2730df7d732ef0995b0d6c08676b0	DEVELOPMENT
/workspace/artifacts/reference/futures_mbp1/[Silver] GLBX-20260531-RPHWMFRBFW/glbx-mdp3-20210601.mbp-1.dbn.zst	5d3a69a11f31677da2c03d58f1dec3f135adb80c505bea90f34a6f7082f1307e	DEVELOPMENT
/workspace/artifacts/reference/futures_mbp1/[Silver] GLBX-20260531-RPHWMFRBFW/glbx-mdp3-20210602.mbp-1.dbn.zst	81b354576b45761c7afe0cddc0569f90985d44fa5e1b1d099802d6e84c038506	DEVELOPMENT
/workspace/artifacts/reference/futures_mbp1/[Silver] GLBX-20260531-RPHWMFRBFW/glbx-mdp3-20210603.mbp-1.dbn.zst	19bc8c5c31155bc7bb3bffbcc98756e7b1734fe2b902eddb4f3ccb937471e7bf	DEVELOPMENT
/workspace/artifacts/reference/futures_mbp1/[Silver] GLBX-20260531-RPHWMFRBFW/glbx-mdp3-20210604.mbp-1.dbn.zst	421331e50b6915c2877eba637a3e2b27ca7ebe824008079f47049db2eb457d24	DEVELOPMENT
/workspace/artifacts/reference/futures_mbp1/[Silver] GLBX-20260531-RPHWMFRBFW/glbx-mdp3-20210606.mbp-1.dbn.zst	f493bfd92bc710c7c257a68e2e73eb6ee7ee9504de7ae9f3b0b9841225c2c7a3	DEVELOPMENT
/workspace/artifacts/reference/futures_mbp1/[Silver] GLBX-20260531-RPHWMFRBFW/glbx-mdp3-20210607.mbp-1.dbn.zst	972076a56180b3174f9e5ada0431a3f27defdc6cb62a0537e00483476afd70e1	DEVELOPMENT
/workspace/artifacts/reference/futures_mbp1/[Silver] GLBX-20260531-RPHWMFRBFW/glbx-mdp3-20210608.mbp-1.dbn.zst	c42576e027012b8a97c73add964e1d658904051ad25f1f2117ced8f2bd948182	DEVELOPMENT
/workspace/artifacts/reference/futures_mbp1/[Silver] GLBX-20260531-RPHWMFRBFW/glbx-mdp3-20210609.mbp-1.dbn.zst	244b092384a5cf5984b17a8d27d8ab1d86ae580e0d6a97e82a949bd3b20e21b1	DEVELOPMENT
/workspace/artifacts/reference/futures_mbp1/[Silver] GLBX-20260531-RPHWMFRBFW/glbx-mdp3-20210610.mbp-1.dbn.zst	41a16861788eed8fedd0be9c7a9c07f19d6623ab2562d885ba90bbbef9f40c0f	DEVELOPMENT
/workspace/artifacts/reference/futures_mbp1/[Silver] GLBX-20260531-RPHWMFRBFW/glbx-mdp3-20210611.mbp-1.dbn.zst	872ddbb199ec0becfb5acfa6c7fab4d2e9f7187d846d3442f48498e3ea8c7629	DEVELOPMENT
/workspace/artifacts/reference/futures_mbp1/[Silver] GLBX-20260531-RPHWMFRBFW/glbx-mdp3-20210613.mbp-1.dbn.zst	6c811da059ba23cce06bfb89c331398c6ab4606bcfd3544ec12cdfd764990185	DEVELOPMENT
/workspace/artifacts/reference/futures_mbp1/[Silver] GLBX-20260531-RPHWMFRBFW/glbx-mdp3-20210614.mbp-1.dbn.zst	6148bd88aeaa249dcf8bb745d9a76df1c45806464b05d521049470cfefd62991	DEVELOPMENT
/workspace/artifacts/reference/futures_mbp1/[Silver] GLBX-20260531-RPHWMFRBFW/glbx-mdp3-20210615.mbp-1.dbn.zst	cac6a47a2e826158a3c8f440081650c083e90a35444c990ef58a1caccc5902d8	DEVELOPMENT
/workspace/artifacts/reference/futures_mbp1/[Silver] GLBX-20260531-RPHWMFRBFW/glbx-mdp3-20210616.mbp-1.dbn.zst	2a4f4446567786a403cf3ded0ecf72792a76050a5178f87434076ef51f4727d7	DEVELOPMENT
/workspace/artifacts/reference/futures_mbp1/[Silver] GLBX-20260531-RPHWMFRBFW/glbx-mdp3-20210617.mbp-1.dbn.zst	478d581b7bb6bcc959a98808170eaa332952fd4cbbe56a8e4630a382e285b6e1	DEVELOPMENT
/workspace/artifacts/reference/futures_mbp1/[Silver] GLBX-20260531-RPHWMFRBFW/glbx-mdp3-20210618.mbp-1.dbn.zst	5f31007b138327ff6dc7c5f508f6650dc2ae23f0e5a469be2fde165e65667361	DEVELOPMENT
/workspace/artifacts/reference/futures_mbp1/[Silver] GLBX-20260531-RPHWMFRBFW/glbx-mdp3-20210620.mbp-1.dbn.zst	6fd4fc587dd84407e5b81800e9ae16670c95507b00076a58b8a637ee9d772d3c	DEVELOPMENT
/workspace/artifacts/reference/futures_mbp1/[Silver] GLBX-20260531-RPHWMFRBFW/glbx-mdp3-20210621.mbp-1.dbn.zst	4d040d480cc5c4a8e65aae7137560ae71ef8b6d7e8f367f80f0e47898b0389a6	DEVELOPMENT
/workspace/artifacts/reference/futures_mbp1/[Silver] GLBX-20260531-RPHWMFRBFW/glbx-mdp3-20210622.mbp-1.dbn.zst	a7922f993c4f5f2c2e208fdf2c386024c149a9ace9d501be5e041adf169212a0	DEVELOPMENT
/workspace/artifacts/reference/futures_mbp1/[Silver] GLBX-20260531-RPHWMFRBFW/glbx-mdp3-20210623.mbp-1.dbn.zst	44308db78cd6fab5aa0368a7be29c0575d6c1fbae439779926e4a32bfcc65f10	DEVELOPMENT
/workspace/artifacts/reference/futures_mbp1/[Silver] GLBX-20260531-RPHWMFRBFW/glbx-mdp3-20210624.mbp-1.dbn.zst	d216fdf3c9e29a5b9c21cfaca7879b4a07d5da35a38f3c854beb70f72afa4128	DEVELOPMENT
/workspace/artifacts/reference/futures_mbp1/[Silver] GLBX-20260531-RPHWMFRBFW/glbx-mdp3-20210625.mbp-1.dbn.zst	2dd82c0e7cd396bf4013611f06cbfb2869a67f5d8961488a0a1c26506c039655	DEVELOPMENT
/workspace/artifacts/reference/futures_mbp1/[Silver] GLBX-20260531-RPHWMFRBFW/glbx-mdp3-20210627.mbp-1.dbn.zst	11369b2b615b132906b5f7ca4185d56d2bd2b993927bd2446f70565eaa1fe4d4	DEVELOPMENT
/workspace/artifacts/reference/futures_mbp1/[Silver] GLBX-20260531-RPHWMFRBFW/glbx-mdp3-20210628.mbp-1.dbn.zst	c1336827eea0cecee3a92b1dcd473b47044ea5e413f6111bd30ad76c79e37392	DEVELOPMENT
/workspace/artifacts/reference/futures_mbp1/[Silver] GLBX-20260531-RPHWMFRBFW/glbx-mdp3-20210629.mbp-1.dbn.zst	f472b831d9536af087d77b54bc4d9b9ebe69e12f55b1d8468b0161a7f5a1eb25	DEVELOPMENT
/workspace/artifacts/reference/futures_mbp1/[Silver] GLBX-20260531-RPHWMFRBFW/glbx-mdp3-20210630.mbp-1.dbn.zst	09b86b11da7b8c58e70c8ae6f6b98d46a74782332733375b24860292bb6b7de1	DEVELOPMENT
/workspace/artifacts/reference/futures_mbp1/[Silver] GLBX-20260531-RPHWMFRBFW/glbx-mdp3-20210701.mbp-1.dbn.zst	92ae001e19533b9ba28c5939b4e007a79fdfc088723b6eb676d91c65a4a2e9bc	DEVELOPMENT
/workspace/artifacts/reference/futures_mbp1/[Silver] GLBX-20260531-RPHWMFRBFW/glbx-mdp3-20210702.mbp-1.dbn.zst	0b0d9af90df6d7362e1d7550aef6212444a5068b4a55717408551c97b228cb70	DEVELOPMENT
/workspace/artifacts/reference/futures_mbp1/[Silver] GLBX-20260531-RPHWMFRBFW/glbx-mdp3-20210704.mbp-1.dbn.zst	6de58d8d74d75cd33bd754dcc127cbbea193270e7b973bdc6d2a8bef2956355e	DEVELOPMENT
/workspace/artifacts/reference/futures_mbp1/[Silver] GLBX-20260531-RPHWMFRBFW/glbx-mdp3-20210705.mbp-1.dbn.zst	d20d7d61866ce59548609cc658f0c2231dd97dbba82c2fe6f7ad447d9e097a16	DEVELOPMENT
/workspace/artifacts/reference/futures_mbp1/[Silver] GLBX-20260531-RPHWMFRBFW/glbx-mdp3-20210706.mbp-1.dbn.zst	84e2623873d4c84c9c2d9823c18587152b33eb90bb08e45bdcd7ce29c9cedb60	DEVELOPMENT
/workspace/artifacts/reference/futures_mbp1/[Silver] GLBX-20260531-RPHWMFRBFW/glbx-mdp3-20210707.mbp-1.dbn.zst	b6dedbb8ea3cdcaac27396c0db151283bf1ece1333d58dafaf1b6f0469cb8a46	DEVELOPMENT
/workspace/artifacts/reference/futures_mbp1/[Silver] GLBX-20260531-RPHWMFRBFW/glbx-mdp3-20210708.mbp-1.dbn.zst	40aeb75ca7764086034038e2158ab2a7a2e5cbeff8e100335e8148c6aba65216	DEVELOPMENT
/workspace/artifacts/reference/futures_mbp1/[Silver] GLBX-20260531-RPHWMFRBFW/glbx-mdp3-20210709.mbp-1.dbn.zst	815f1484572b168313b6e8a156877ececcc77bbe148d72ac1f94b243c40a2b5c	DEVELOPMENT
/workspace/artifacts/reference/futures_mbp1/[Silver] GLBX-20260531-RPHWMFRBFW/glbx-mdp3-20210711.mbp-1.dbn.zst	605f9872c813f6e750b530fcdd21e0e387f79d9141a10f01da5c7f6f7313dd9f	DEVELOPMENT
/workspace/artifacts/reference/futures_mbp1/[Silver] GLBX-20260531-RPHWMFRBFW/glbx-mdp3-20210712.mbp-1.dbn.zst	64fdf81db5f3de0b4bd0dd3f6cffcdbd7835333946b0954cac01e5684073477c	DEVELOPMENT
/workspace/artifacts/reference/futures_mbp1/[Silver] GLBX-20260531-RPHWMFRBFW/glbx-mdp3-20210713.mbp-1.dbn.zst	498c3fa0a3617744dcbb3310bac7b4c2f506376ef5671826627ed2c87909ff33	DEVELOPMENT
/workspace/artifacts/reference/futures_mbp1/[Silver] GLBX-20260531-RPHWMFRBFW/glbx-mdp3-20210714.mbp-1.dbn.zst	f9b1d8b0aba5c36561546f512e4e9666e546bce18076eec1a34f9be53827227f	DEVELOPMENT
/workspace/artifacts/reference/futures_mbp1/[Silver] GLBX-20260531-RPHWMFRBFW/glbx-mdp3-20210715.mbp-1.dbn.zst	8ce04cdfb42c6fa22c0d21d8eeeb55e0eb07ee8a6ed4efc4986b1614a9940cf1	DEVELOPMENT
/workspace/artifacts/reference/futures_mbp1/[Silver] GLBX-20260531-RPHWMFRBFW/glbx-mdp3-20210716.mbp-1.dbn.zst	391ff0d3daea90a591979c3c32905ed0c93c2a942f6ce316e95ab35b4518daf2	DEVELOPMENT
/workspace/artifacts/reference/futures_mbp1/[Silver] GLBX-20260531-RPHWMFRBFW/glbx-mdp3-20210718.mbp-1.dbn.zst	8a5f4459e6321e1b338dab537e510daeb873c02493bd8f58e29d389201557a72	DEVELOPMENT
/workspace/artifacts/reference/futures_mbp1/[Silver] GLBX-20260531-RPHWMFRBFW/glbx-mdp3-20210719.mbp-1.dbn.zst	df0abc4f977d404ed98a0d06c452a9544b94177dc6bfd6ca3837d1efb8cddd56	DEVELOPMENT
/workspace/artifacts/reference/futures_mbp1/[Silver] GLBX-20260531-RPHWMFRBFW/glbx-mdp3-20210720.mbp-1.dbn.zst	f5b5f11d9dc9012dae45c2ab6f6e072e5d8abd5544ab67a4a91a30916fbabf9b	DEVELOPMENT
/workspace/artifacts/reference/futures_mbp1/[Silver] GLBX-20260531-RPHWMFRBFW/glbx-mdp3-20210721.mbp-1.dbn.zst	1084ae09b6fcf80b5ef5060dbd623733d1f69600fa12fd062931ac58856fc5a5	DEVELOPMENT
/workspace/artifacts/reference/futures_mbp1/[Silver] GLBX-20260531-RPHWMFRBFW/glbx-mdp3-20210722.mbp-1.dbn.zst	c889891d3419c01d6e5e73876740a1db5fda71da152d7dff463f44e4af1de5f3	DEVELOPMENT
/workspace/artifacts/reference/futures_mbp1/[Silver] GLBX-20260531-RPHWMFRBFW/glbx-mdp3-20210723.mbp-1.dbn.zst	c18e02d78bf6fe65c0062ddd501fc1d8a7bcda5832eecc96dd858048d4fb4697	DEVELOPMENT
/workspace/artifacts/reference/futures_mbp1/[Silver] GLBX-20260531-RPHWMFRBFW/glbx-mdp3-20210725.mbp-1.dbn.zst	bf5f99d5a4d9b901b80b059641e159be22bee35214f1d4c6054b2b876ba851fd	DEVELOPMENT
/workspace/artifacts/reference/futures_mbp1/[Silver] GLBX-20260531-RPHWMFRBFW/glbx-mdp3-20210726.mbp-1.dbn.zst	ec7e73355a5c7f15f55ca97169750ad50c77a56a5290202ae5e25f7a17aecb66	DEVELOPMENT
/workspace/artifacts/reference/futures_mbp1/[Silver] GLBX-20260531-RPHWMFRBFW/glbx-mdp3-20210727.mbp-1.dbn.zst	1738c3a8f055b01832cee88c3ff096d2de9a73d0ec50136bd7232c15444ab96d	DEVELOPMENT
/workspace/artifacts/reference/futures_mbp1/[Silver] GLBX-20260531-RPHWMFRBFW/glbx-mdp3-20210728.mbp-1.dbn.zst	da9920c156845d5d75144b55ad0435275fef4b4d597d6bbad19d477b14da2871	DEVELOPMENT
/workspace/artifacts/reference/futures_mbp1/[Silver] GLBX-20260531-RPHWMFRBFW/glbx-mdp3-20210729.mbp-1.dbn.zst	6e85e9ba54709896b0b8d1e29ba3b85e4e99d960bcae29c2fe6af02ecd625be3	DEVELOPMENT
/workspace/artifacts/reference/futures_mbp1/[Silver] GLBX-20260531-RPHWMFRBFW/glbx-mdp3-20210730.mbp-1.dbn.zst	d061494a0d2319484c6a838a6c7a6b573467c1d35df5f462a9142c0472b3a39d	DEVELOPMENT
/workspace/artifacts/reference/futures_mbp1/[Silver] GLBX-20260531-RPHWMFRBFW/glbx-mdp3-20210801.mbp-1.dbn.zst	479b0f31cf42230d641561a1c2d1f7bd402bdaadd6b8c59463138bd6b8dfd6c7	DEVELOPMENT
/workspace/artifacts/reference/futures_mbp1/[Silver] GLBX-20260531-RPHWMFRBFW/glbx-mdp3-20210802.mbp-1.dbn.zst	d40b6a4b691ca91006bf4598ba48bad70657c60ec8e9cbb5f94cf6d575f2f699	DEVELOPMENT
/workspace/artifacts/reference/futures_mbp1/[Silver] GLBX-20260531-RPHWMFRBFW/glbx-mdp3-20210803.mbp-1.dbn.zst	5028ccb9346c244551941ad0f4eb55a25f28a58711a784c39e014c75bc4835e8	DEVELOPMENT
/workspace/artifacts/reference/futures_mbp1/[Silver] GLBX-20260531-RPHWMFRBFW/glbx-mdp3-20210804.mbp-1.dbn.zst	16534b34e2bf144c4a70e14bea72ffa0327e20f05860defcfe387bb7fcd49d75	DEVELOPMENT
/workspace/artifacts/reference/futures_mbp1/[Silver] GLBX-20260531-RPHWMFRBFW/glbx-mdp3-20210805.mbp-1.dbn.zst	0ed7b43ea0a1669e3cfa084110fb4b144c7b4737c5e7b1a07d92162aade4f810	DEVELOPMENT
/workspace/artifacts/reference/futures_mbp1/[Silver] GLBX-20260531-RPHWMFRBFW/glbx-mdp3-20210806.mbp-1.dbn.zst	b7f5a88911eb2631b1b17b3d439199aaea4ad4a567d46c345b414a832fccebae	DEVELOPMENT
/workspace/artifacts/reference/futures_mbp1/[Silver] GLBX-20260531-RPHWMFRBFW/glbx-mdp3-20210808.mbp-1.dbn.zst	28f698f12f665c66d8ff4505254005aa738c463af4cfdaba81cbd9f412099ade	DEVELOPMENT
/workspace/artifacts/reference/futures_mbp1/[Silver] GLBX-20260531-RPHWMFRBFW/glbx-mdp3-20210809.mbp-1.dbn.zst	2d06e5a8e29594fd806c148485256e4d581f9004660099104272091f5111995c	DEVELOPMENT
/workspace/artifacts/reference/futures_mbp1/[Silver] GLBX-20260531-RPHWMFRBFW/glbx-mdp3-20210810.mbp-1.dbn.zst	6138568545da6c16ae54030d293913c917e8bedf8b417d0c121c73b039b2e1d2	DEVELOPMENT
/workspace/artifacts/reference/futures_mbp1/[Silver] GLBX-20260531-RPHWMFRBFW/glbx-mdp3-20210811.mbp-1.dbn.zst	af3d0a73758e8220c96115230aa65d5428c0365251cf12029598428d3a698bb9	DEVELOPMENT
/workspace/artifacts/reference/futures_mbp1/[Silver] GLBX-20260531-RPHWMFRBFW/glbx-mdp3-20210812.mbp-1.dbn.zst	ea0f191a3edf110c775ba2f7e0960d69d822f985c5ff5692413c985ab94301b0	DEVELOPMENT
/workspace/artifacts/reference/futures_mbp1/[Silver] GLBX-20260531-RPHWMFRBFW/glbx-mdp3-20210813.mbp-1.dbn.zst	3a4bc279bca6f0e53c54d040377c5c682c21e086872e21efe5d381066c6805ae	DEVELOPMENT
/workspace/artifacts/reference/futures_mbp1/[Silver] GLBX-20260531-RPHWMFRBFW/glbx-mdp3-20210815.mbp-1.dbn.zst	a6db0ff0e8f65856960c9a9adb14fb1c5becb7fc561683a2ccc8cae0221eb21d	DEVELOPMENT
/workspace/artifacts/reference/futures_mbp1/[Silver] GLBX-20260531-RPHWMFRBFW/glbx-mdp3-20210816.mbp-1.dbn.zst	e531123fdba2d43a0a35aaded6f1c7d6b7664900f8ae1f68a6ca8113a7930154	DEVELOPMENT
/workspace/artifacts/reference/futures_mbp1/[Silver] GLBX-20260531-RPHWMFRBFW/glbx-mdp3-20210817.mbp-1.dbn.zst	9c33c03b202db2255186b17fcf69bc35fd75f725e308079b15e2c976462fed91	DEVELOPMENT
/workspace/artifacts/reference/futures_mbp1/[Silver] GLBX-20260531-RPHWMFRBFW/glbx-mdp3-20210818.mbp-1.dbn.zst	efd577b2e8a7c5feb8d2d2eca4c46c45857201329ab3f966edae78395a44cef8	DEVELOPMENT
/workspace/artifacts/reference/futures_mbp1/[Silver] GLBX-20260531-RPHWMFRBFW/glbx-mdp3-20210819.mbp-1.dbn.zst	d8f9ce8e3aba54615c92b5d7457c8b9c0674e797a384b1ac4e05e4fd9570f26f	DEVELOPMENT
/workspace/artifacts/reference/futures_mbp1/[Silver] GLBX-20260531-RPHWMFRBFW/glbx-mdp3-20210820.mbp-1.dbn.zst	befc97ba67b1812de9a7cc956b309ad4f319742bd302df5d69c4e28eb07222d7	DEVELOPMENT
/workspace/artifacts/reference/futures_mbp1/[Silver] GLBX-20260531-RPHWMFRBFW/glbx-mdp3-20210822.mbp-1.dbn.zst	9a11f41fb662b4bcdfccb0eda9d1ba637d4f27a3aafe9194e316a883c1e98271	DEVELOPMENT
/workspace/artifacts/reference/futures_mbp1/[Silver] GLBX-20260531-RPHWMFRBFW/glbx-mdp3-20210823.mbp-1.dbn.zst	e79f790a755a1ca646a860abbaaa6665fb599fa3c2024a676f7c634f6a70fd6a	DEVELOPMENT
/workspace/artifacts/reference/futures_mbp1/[Silver] GLBX-20260531-RPHWMFRBFW/glbx-mdp3-20210824.mbp-1.dbn.zst	defe8654dfb88956142b53c1db04d07ce018e4e5ea92a052ed92c5577563fbc7	DEVELOPMENT
/workspace/artifacts/reference/futures_mbp1/[Silver] GLBX-20260531-RPHWMFRBFW/glbx-mdp3-20210825.mbp-1.dbn.zst	bea08d1cba334aa74a2760fa00356d22e61b721125e342eebb0999832c4bae09	DEVELOPMENT
/workspace/artifacts/reference/futures_mbp1/[Silver] GLBX-20260531-RPHWMFRBFW/glbx-mdp3-20210826.mbp-1.dbn.zst	6accc27eca37136a8425e018220e88a0fb87808abb7dedebd4dd94d67b52fd1e	DEVELOPMENT
/workspace/artifacts/reference/futures_mbp1/[Silver] GLBX-20260531-RPHWMFRBFW/glbx-mdp3-20210827.mbp-1.dbn.zst	32bc6f55177008716999fa2b9157ddbe855136e0e5f1b26a17d34c6b09ae5558	DEVELOPMENT
/workspace/artifacts/reference/futures_mbp1/[Silver] GLBX-20260531-RPHWMFRBFW/glbx-mdp3-20210829.mbp-1.dbn.zst	f45aba25b2b096ebfff33bcedfeec1263861534544e6202b96a9feee857838aa	DEVELOPMENT
/workspace/artifacts/reference/futures_mbp1/[Silver] GLBX-20260531-RPHWMFRBFW/glbx-mdp3-20210830.mbp-1.dbn.zst	53673420ed4eb9258dbab48df3d7e3ba0553095fbed109ca8770159abe0784f7	DEVELOPMENT
/workspace/artifacts/reference/futures_mbp1/[Silver] GLBX-20260531-RPHWMFRBFW/glbx-mdp3-20210831.mbp-1.dbn.zst	be3fad30a6d767a14dbc51321e615d742be5f01a52fbd92259bff5252cc34927	DEVELOPMENT
/workspace/artifacts/reference/futures_mbp1/[Silver] GLBX-20260531-RPHWMFRBFW/glbx-mdp3-20210901.mbp-1.dbn.zst	095cfd89bf69f8d83d5c64bbe6fdffd982b85d8e6e83397f662e72d27f24b452	DEVELOPMENT
/workspace/artifacts/reference/futures_mbp1/[Silver] GLBX-20260531-RPHWMFRBFW/glbx-mdp3-20210902.mbp-1.dbn.zst	acb236934c67c5c9489e5f762e473b1747beecc3b0b82adda6412d4785726025	DEVELOPMENT
/workspace/artifacts/reference/futures_mbp1/[Silver] GLBX-20260531-RPHWMFRBFW/glbx-mdp3-20210903.mbp-1.dbn.zst	ff9e25454a364514801e6ca7b2541be8c416c6db70eeb7f888646fc22fb6f501	DEVELOPMENT
/workspace/artifacts/reference/futures_mbp1/[Silver] GLBX-20260531-RPHWMFRBFW/glbx-mdp3-20210905.mbp-1.dbn.zst	3c95961b0a7939779007c9ed260c3933329cdbf6a86faf23e930d9d391dc3470	DEVELOPMENT
/workspace/artifacts/reference/futures_mbp1/[Silver] GLBX-20260531-RPHWMFRBFW/glbx-mdp3-20210906.mbp-1.dbn.zst	0a9c789bb5bbc44575a85a3b2aa691814c6d80635660e3dc11aa4177396ae851	DEVELOPMENT
/workspace/artifacts/reference/futures_mbp1/[Silver] GLBX-20260531-RPHWMFRBFW/glbx-mdp3-20210907.mbp-1.dbn.zst	595923c2fe7246d713b744f6eb826c752366b128d59bafade26297f9e7368f89	DEVELOPMENT
/workspace/artifacts/reference/futures_mbp1/[Silver] GLBX-20260531-RPHWMFRBFW/glbx-mdp3-20210908.mbp-1.dbn.zst	87b93e4137620091b1dcbafcc47ccad6e1956a79bd5017b361c5d8c2a183418b	DEVELOPMENT
/workspace/artifacts/reference/futures_mbp1/[Silver] GLBX-20260531-RPHWMFRBFW/glbx-mdp3-20210909.mbp-1.dbn.zst	ffce4981fc9e4715315f4a585b6907308926b57987141ff47f1f58c2e7cc10c8	DEVELOPMENT
/workspace/artifacts/reference/futures_mbp1/[Silver] GLBX-20260531-RPHWMFRBFW/glbx-mdp3-20210910.mbp-1.dbn.zst	ae3b12a23bb63005f3fbb6e87999f08a94871a896c4dc71bd415478bfca17d9d	DEVELOPMENT
/workspace/artifacts/reference/futures_mbp1/[Silver] GLBX-20260531-RPHWMFRBFW/glbx-mdp3-20210912.mbp-1.dbn.zst	44a9cc4052b96c877b0e168b2123d483f0841500d29307a707ce3bc139bee29c	DEVELOPMENT
/workspace/artifacts/reference/futures_mbp1/[Silver] GLBX-20260531-RPHWMFRBFW/glbx-mdp3-20210913.mbp-1.dbn.zst	5e8064cd2d21aa0c00bcde7fed1834b0d173c625e429bc1f88cc30590d9e3da6	DEVELOPMENT
/workspace/artifacts/reference/futures_mbp1/[Silver] GLBX-20260531-RPHWMFRBFW/glbx-mdp3-20210914.mbp-1.dbn.zst	bee750e09c352e77dac7354ec51f9bea74cac64223449af68a446748ea38324d	DEVELOPMENT
/workspace/artifacts/reference/futures_mbp1/[Silver] GLBX-20260531-RPHWMFRBFW/glbx-mdp3-20210915.mbp-1.dbn.zst	392e859fd76b04ed4da3f88833cca71fda59d331a8bdea82a1304bf5f6794844	DEVELOPMENT
/workspace/artifacts/reference/futures_mbp1/[Silver] GLBX-20260531-RPHWMFRBFW/glbx-mdp3-20210916.mbp-1.dbn.zst	02a038c3bf514d66c8464fb4b89bf9252a9ee9179df418f46c2efa29b3869755	DEVELOPMENT
/workspace/artifacts/reference/futures_mbp1/[Silver] GLBX-20260531-RPHWMFRBFW/glbx-mdp3-20210917.mbp-1.dbn.zst	e866e9add85d2da550b6f5d43dd0b553ffc52f27cc24793702ad597c06ad253d	DEVELOPMENT
/workspace/artifacts/reference/futures_mbp1/[Silver] GLBX-20260531-RPHWMFRBFW/glbx-mdp3-20210919.mbp-1.dbn.zst	8c0f3ed053d0db07d4c6351a4dbd8011af53a1a6db73be379008d34914ab1127	DEVELOPMENT
/workspace/artifacts/reference/futures_mbp1/[Silver] GLBX-20260531-RPHWMFRBFW/glbx-mdp3-20210920.mbp-1.dbn.zst	96c8bc89c0cdf84b462a120171d05bd1d14cba88998b8dd7443438fabf971823	DEVELOPMENT
/workspace/artifacts/reference/futures_mbp1/[Silver] GLBX-20260531-RPHWMFRBFW/glbx-mdp3-20210921.mbp-1.dbn.zst	3a64df6fc93a9cd35219bad425acd5946730af69a8783c81a77fa6f1659ede42	DEVELOPMENT
/workspace/artifacts/reference/futures_mbp1/[Silver] GLBX-20260531-RPHWMFRBFW/glbx-mdp3-20210922.mbp-1.dbn.zst	ecaf412f21772f24031984973ce895457391a0b6b291980db6f02f29e2ca78d1	DEVELOPMENT
/workspace/artifacts/reference/futures_mbp1/[Silver] GLBX-20260531-RPHWMFRBFW/glbx-mdp3-20210923.mbp-1.dbn.zst	b622592c010cc2a828edf8d4eccb6a0c0e300f0144673d5a4586b5553cb41aca	DEVELOPMENT
/workspace/artifacts/reference/futures_mbp1/[Silver] GLBX-20260531-RPHWMFRBFW/glbx-mdp3-20210924.mbp-1.dbn.zst	9a747827a673c0afbf4d9b79a932101e5b400b5293ee35cb6e280a6017dad392	DEVELOPMENT
/workspace/artifacts/reference/futures_mbp1/[Silver] GLBX-20260531-RPHWMFRBFW/glbx-mdp3-20210926.mbp-1.dbn.zst	2dd00a3df27002c89582849d93bf9f2c0ec5b1182dd72575f6422d5ce0ad50df	DEVELOPMENT
/workspace/artifacts/reference/futures_mbp1/[Silver] GLBX-20260531-RPHWMFRBFW/glbx-mdp3-20210927.mbp-1.dbn.zst	cad90259f9cfb3d978b81b9c8ff8f6253adf857ede203c3add1c9a615319a129	DEVELOPMENT
/workspace/artifacts/reference/futures_mbp1/[Silver] GLBX-20260531-RPHWMFRBFW/glbx-mdp3-20210928.mbp-1.dbn.zst	e9bb21f20e83c823676f554b9f78add3b91f76e99de52ba3963d352f86923b70	DEVELOPMENT
/workspace/artifacts/reference/futures_mbp1/[Silver] GLBX-20260531-RPHWMFRBFW/glbx-mdp3-20210929.mbp-1.dbn.zst	f369edbddfc00eff0a4dec34a8f11cdb09d14570c4829693984f067a0b681082	DEVELOPMENT
/workspace/artifacts/reference/futures_mbp1/[Silver] GLBX-20260531-RPHWMFRBFW/glbx-mdp3-20210930.mbp-1.dbn.zst	a1fd190b1d8cecb3701f3f7d3c428e85b98e535b3c1dcb32a05e65989194e7d7	DEVELOPMENT
/workspace/artifacts/reference/futures_mbp1/[Silver] GLBX-20260531-RPHWMFRBFW/glbx-mdp3-20211001.mbp-1.dbn.zst	21bfb3ba868c5e19a074e1e524b23fe8d821ac12d72e907b26eaf2ad62f0c025	DEVELOPMENT
/workspace/artifacts/reference/futures_mbp1/[Silver] GLBX-20260531-RPHWMFRBFW/glbx-mdp3-20211003.mbp-1.dbn.zst	87a123376239fe2bb1806ef9bb3bd82b09247345a32af9ea0f4e453fec4cadc6	DEVELOPMENT
/workspace/artifacts/reference/futures_mbp1/[Silver] GLBX-20260531-RPHWMFRBFW/glbx-mdp3-20211004.mbp-1.dbn.zst	57550aafff886d0175c1e076f475b0d9d752a749ed12241b46b6039c9d9695c0	DEVELOPMENT
/workspace/artifacts/reference/futures_mbp1/[Silver] GLBX-20260531-RPHWMFRBFW/glbx-mdp3-20211005.mbp-1.dbn.zst	795bfa9112adf7cd686147e38be5c9998bec2c471a02e9d4228e06f0a370de7a	DEVELOPMENT
/workspace/artifacts/reference/futures_mbp1/[Silver] GLBX-20260531-RPHWMFRBFW/glbx-mdp3-20211006.mbp-1.dbn.zst	d58a3f9c8e957699c0a4a7f9cfbab2ba79c888abb887796ef2ad1ac8d09e3bc2	DEVELOPMENT
/workspace/artifacts/reference/futures_mbp1/[Silver] GLBX-20260531-RPHWMFRBFW/glbx-mdp3-20211007.mbp-1.dbn.zst	98feada4c412c1de962957f0fa56c37f34a47ada57aa2bcf9cf139999acc3a19	DEVELOPMENT
/workspace/artifacts/reference/futures_mbp1/[Silver] GLBX-20260531-RPHWMFRBFW/glbx-mdp3-20211008.mbp-1.dbn.zst	0db380b66f61f53aee60feefa0c8302afcfd183e53421f889ae3941e24f62069	DEVELOPMENT
/workspace/artifacts/reference/futures_mbp1/[Silver] GLBX-20260531-RPHWMFRBFW/glbx-mdp3-20211010.mbp-1.dbn.zst	499037a0968825726df5e563fafd3ed8e77ab008e2f28b1a86f67a7394498d6e	DEVELOPMENT
/workspace/artifacts/reference/futures_mbp1/[Silver] GLBX-20260531-RPHWMFRBFW/glbx-mdp3-20211011.mbp-1.dbn.zst	31fa2b66c9b1cd0f39690ec918ca5d3834dce00fe9c0ceab12f5c0cfad83aa78	DEVELOPMENT
/workspace/artifacts/reference/futures_mbp1/[Silver] GLBX-20260531-RPHWMFRBFW/glbx-mdp3-20211012.mbp-1.dbn.zst	79ca48cf5ba323ea17eae0fb7c247b1cfa63aad70efb01b1f5431227e4a81210	DEVELOPMENT
/workspace/artifacts/reference/futures_mbp1/[Silver] GLBX-20260531-RPHWMFRBFW/glbx-mdp3-20211013.mbp-1.dbn.zst	22d582da5232c154bfdc2fb84efc97b45b96a49d643fdd7705ce044485545b0f	DEVELOPMENT
/workspace/artifacts/reference/futures_mbp1/[Silver] GLBX-20260531-RPHWMFRBFW/glbx-mdp3-20211014.mbp-1.dbn.zst	54fbb2fa2a9cd7b713cfeb85aa3878b08e268297dd3a937eb218c86684648d75	DEVELOPMENT
/workspace/artifacts/reference/futures_mbp1/[Silver] GLBX-20260531-RPHWMFRBFW/glbx-mdp3-20211015.mbp-1.dbn.zst	525ea315457d42df971f0971d6111866c399a21b06bb529030450672a92c6501	DEVELOPMENT
/workspace/artifacts/reference/futures_mbp1/[Silver] GLBX-20260531-RPHWMFRBFW/glbx-mdp3-20211017.mbp-1.dbn.zst	06b51689d47f7864aaa1affc66e7411af76bcef1f21c28aa08038e51ff913b64	DEVELOPMENT
/workspace/artifacts/reference/futures_mbp1/[Silver] GLBX-20260531-RPHWMFRBFW/glbx-mdp3-20211018.mbp-1.dbn.zst	c20209fd0b4db3d3ec6a9a932a8205914427f24a0a82206f861fd240ab52f5b8	DEVELOPMENT
/workspace/artifacts/reference/futures_mbp1/[Silver] GLBX-20260531-RPHWMFRBFW/glbx-mdp3-20211019.mbp-1.dbn.zst	118a355344cd7d3b3f23ffa96bab05807e301347f257aedf368f60ae83e5d4e8	DEVELOPMENT
/workspace/artifacts/reference/futures_mbp1/[Silver] GLBX-20260531-RPHWMFRBFW/glbx-mdp3-20211020.mbp-1.dbn.zst	32fba45dce659bf2be2359bc47284fc1bcbfb14f9fab7adbc872006666ac530b	DEVELOPMENT
/workspace/artifacts/reference/futures_mbp1/[Silver] GLBX-20260531-RPHWMFRBFW/glbx-mdp3-20211021.mbp-1.dbn.zst	7e1ff31033e9a197c8aab2a31c5445cb039e6e26d5076686e2d5e83160010a46	DEVELOPMENT
/workspace/artifacts/reference/futures_mbp1/[Silver] GLBX-20260531-RPHWMFRBFW/glbx-mdp3-20211022.mbp-1.dbn.zst	6a676efccacb6c79a46152e6248e53bf1e93f8ce3a078c84ad9159009df9b9be	DEVELOPMENT
/workspace/artifacts/reference/futures_mbp1/[Silver] GLBX-20260531-RPHWMFRBFW/glbx-mdp3-20211024.mbp-1.dbn.zst	d9e9b60d8cc8ea17600c27febe96a013fdb6bd9783f433d3103dcfa8b79858e8	DEVELOPMENT
/workspace/artifacts/reference/futures_mbp1/[Silver] GLBX-20260531-RPHWMFRBFW/glbx-mdp3-20211025.mbp-1.dbn.zst	1dd47d6bef46f03aa0319ccd5a6248033b43d219c5f32b93e3525dfc59e0be8b	DEVELOPMENT
/workspace/artifacts/reference/futures_mbp1/[Silver] GLBX-20260531-RPHWMFRBFW/glbx-mdp3-20211026.mbp-1.dbn.zst	0d1bc5af34482f1c1ea92119aab2af8cc0cc2c77ab9ec95cb5be97e871cfbcb3	DEVELOPMENT
/workspace/artifacts/reference/futures_mbp1/[Silver] GLBX-20260531-RPHWMFRBFW/glbx-mdp3-20211027.mbp-1.dbn.zst	fe721021a7ba7f5c7eaa8c7889ba511fb4d52b8db0714114e9f5146a9fb38908	DEVELOPMENT
/workspace/artifacts/reference/futures_mbp1/[Silver] GLBX-20260531-RPHWMFRBFW/glbx-mdp3-20211028.mbp-1.dbn.zst	389559cce85864bc0c9bde2a297f2d6b4e5d5c65eaaf06befbe613f30f78d54a	DEVELOPMENT
/workspace/artifacts/reference/futures_mbp1/[Silver] GLBX-20260531-RPHWMFRBFW/glbx-mdp3-20211029.mbp-1.dbn.zst	2b7d9dc3363510c0dc76729fc3d018a2ced8c30464be9803f4eee617a183bc86	DEVELOPMENT
/workspace/artifacts/reference/futures_mbp1/[Silver] GLBX-20260531-RPHWMFRBFW/glbx-mdp3-20211031.mbp-1.dbn.zst	75d951c4b786c09a68739a825480f80086a93c40d8899e36d5d453c104d67931	DEVELOPMENT
/workspace/artifacts/reference/futures_mbp1/[Silver] GLBX-20260531-RPHWMFRBFW/glbx-mdp3-20211101.mbp-1.dbn.zst	af2e4a584581754769a7357dc03eeb576ee5733d927551706a3232b6f43c73a5	DEVELOPMENT
/workspace/artifacts/reference/futures_mbp1/[Silver] GLBX-20260531-RPHWMFRBFW/glbx-mdp3-20211102.mbp-1.dbn.zst	c3d91a0070f0f38a5fec6a5367de2a666614cedc82be3e9dd65405802ce1f28d	DEVELOPMENT
/workspace/artifacts/reference/futures_mbp1/[Silver] GLBX-20260531-RPHWMFRBFW/glbx-mdp3-20211103.mbp-1.dbn.zst	1a53ec4aa1cdca5cabd42c6a43c0ab0e211f7eeb4b53332cd8af72b03e7aa405	DEVELOPMENT
/workspace/artifacts/reference/futures_mbp1/[Silver] GLBX-20260531-RPHWMFRBFW/glbx-mdp3-20211104.mbp-1.dbn.zst	83f04c7f19bf0e5d1583f979bed0232e47b33294c710d380de7ef66233d99aa7	DEVELOPMENT
/workspace/artifacts/reference/futures_mbp1/[Silver] GLBX-20260531-RPHWMFRBFW/glbx-mdp3-20211105.mbp-1.dbn.zst	7a014d108cbdbcc4279333d89f66138b45cdb28e8c4892ce171fbd6e530f3b20	DEVELOPMENT
/workspace/artifacts/reference/futures_mbp1/[Silver] GLBX-20260531-RPHWMFRBFW/glbx-mdp3-20211107.mbp-1.dbn.zst	7b807aeeee536c46085fdb9fbccb7aefd123a5b258d8f43703ec77bae2478a73	DEVELOPMENT
/workspace/artifacts/reference/futures_mbp1/[Silver] GLBX-20260531-RPHWMFRBFW/glbx-mdp3-20211108.mbp-1.dbn.zst	10bec0601195f3abb641cea849a30f6c4e6787e7e4667bd73da096d5de0c68eb	DEVELOPMENT
/workspace/artifacts/reference/futures_mbp1/[Silver] GLBX-20260531-RPHWMFRBFW/glbx-mdp3-20211109.mbp-1.dbn.zst	d5dd1bcf2c533fed5ffb4f12c7a1a0fddcc14a386e59a1f4f47ac65d220f13da	DEVELOPMENT
/workspace/artifacts/reference/futures_mbp1/[Silver] GLBX-20260531-RPHWMFRBFW/glbx-mdp3-20211110.mbp-1.dbn.zst	998709117fecd34e94a0116a84e30156e4eac87de4da9ec35aca20b79ab5f604	DEVELOPMENT
/workspace/artifacts/reference/futures_mbp1/[Silver] GLBX-20260531-RPHWMFRBFW/glbx-mdp3-20211111.mbp-1.dbn.zst	bf1cbf7c588f5245ef367a2e41902eeff2712b635437d1731ab290cde50b611b	DEVELOPMENT
/workspace/artifacts/reference/futures_mbp1/[Silver] GLBX-20260531-RPHWMFRBFW/glbx-mdp3-20211112.mbp-1.dbn.zst	40bf24ca5eb4435002a53c7530a50e17c25434fa2bf68acec763d836f77492a2	DEVELOPMENT
/workspace/artifacts/reference/futures_mbp1/[Silver] GLBX-20260531-RPHWMFRBFW/glbx-mdp3-20211114.mbp-1.dbn.zst	7bcbf20eb77ea8afa3b18352c8dbf343d4dc0900faef9eee9f20d2104f2ed028	DEVELOPMENT
/workspace/artifacts/reference/futures_mbp1/[Silver] GLBX-20260531-RPHWMFRBFW/glbx-mdp3-20211115.mbp-1.dbn.zst	9c90211b3c989583cc1da9d068687c1602091975f3ccf1b6eefb6f32b593106c	DEVELOPMENT
/workspace/artifacts/reference/futures_mbp1/[Silver] GLBX-20260531-RPHWMFRBFW/glbx-mdp3-20211116.mbp-1.dbn.zst	4758d0f13d7f5587bcc9ad8e28737fa9f0a43c73ea94c1f73c08605c8ee3d737	DEVELOPMENT
/workspace/artifacts/reference/futures_mbp1/[Silver] GLBX-20260531-RPHWMFRBFW/glbx-mdp3-20211117.mbp-1.dbn.zst	183527198f047582741d616c76a66faae6ad126315f7592c68b24c13c3d59775	DEVELOPMENT
/workspace/artifacts/reference/futures_mbp1/[Silver] GLBX-20260531-RPHWMFRBFW/glbx-mdp3-20211118.mbp-1.dbn.zst	df326d3688a45b6dadd89c350ea5c617a5f9a4f0b63ead7eaf8035bc00bc8498	DEVELOPMENT
/workspace/artifacts/reference/futures_mbp1/[Silver] GLBX-20260531-RPHWMFRBFW/glbx-mdp3-20211119.mbp-1.dbn.zst	090c4f9d991dd38d58ba44f6df4589c18a5fa50da14506ebc14034cb12772686	DEVELOPMENT
/workspace/artifacts/reference/futures_mbp1/[Silver] GLBX-20260531-RPHWMFRBFW/glbx-mdp3-20211121.mbp-1.dbn.zst	bcc8aab6885445bb36aa6923cad7c6a6df86f32d21efb8e8c592215be957b6de	DEVELOPMENT
/workspace/artifacts/reference/futures_mbp1/[Silver] GLBX-20260531-RPHWMFRBFW/glbx-mdp3-20211122.mbp-1.dbn.zst	0bdc9d6ca5621b2489b61fa8d8ab1cca43d996ca1e11736efbf5c997d958bfd8	DEVELOPMENT
/workspace/artifacts/reference/futures_mbp1/[Silver] GLBX-20260531-RPHWMFRBFW/glbx-mdp3-20211123.mbp-1.dbn.zst	19440d10dcee6efb1b75738f44d9f79023d56b4c4b34003d5596099ae85ee2db	DEVELOPMENT
/workspace/artifacts/reference/futures_mbp1/[Silver] GLBX-20260531-RPHWMFRBFW/glbx-mdp3-20211124.mbp-1.dbn.zst	c84d9e74cc6229dac7aa98cd71ac7ffc5c352a6d76542ea938c6ade2631b139f	DEVELOPMENT
/workspace/artifacts/reference/futures_mbp1/[Silver] GLBX-20260531-RPHWMFRBFW/glbx-mdp3-20211125.mbp-1.dbn.zst	0ee20a300cc4013aa8c31f6fc92ed047198f182d65c27f74a92e718248897b13	DEVELOPMENT
/workspace/artifacts/reference/futures_mbp1/[Silver] GLBX-20260531-RPHWMFRBFW/glbx-mdp3-20211126.mbp-1.dbn.zst	feaa4ad740da0642ca5d40ee975252dcd5a98b5f3906fc6a7a901790f7dd3284	DEVELOPMENT
/workspace/artifacts/reference/futures_mbp1/[Silver] GLBX-20260531-RPHWMFRBFW/glbx-mdp3-20211128.mbp-1.dbn.zst	8ac86d7df1d422fab6abcbde1ce1163f04f7cf0283306842f28137372e86e1c6	DEVELOPMENT
/workspace/artifacts/reference/futures_mbp1/[Silver] GLBX-20260531-RPHWMFRBFW/glbx-mdp3-20211129.mbp-1.dbn.zst	c80990b2c970d681c7990748bdf6dbccfae8bde8502701edfee5827bda525674	DEVELOPMENT
/workspace/artifacts/reference/futures_mbp1/[Silver] GLBX-20260531-RPHWMFRBFW/glbx-mdp3-20211130.mbp-1.dbn.zst	6bf14e6bf042683947f30c921504a42b2d1ea8051de322de7f22fd912ff0b212	DEVELOPMENT
/workspace/artifacts/reference/futures_mbp1/[Silver] GLBX-20260531-RPHWMFRBFW/glbx-mdp3-20211201.mbp-1.dbn.zst	3625975a24582bed9a4b9771352f4af58925370c0169d6194343b30898fddc08	DEVELOPMENT
/workspace/artifacts/reference/futures_mbp1/[Silver] GLBX-20260531-RPHWMFRBFW/glbx-mdp3-20211202.mbp-1.dbn.zst	2b14aec24f2b93e29f39aba23b80d593d50041c23fac8ebeb8e86be45ab4c3f8	DEVELOPMENT
/workspace/artifacts/reference/futures_mbp1/[Silver] GLBX-20260531-RPHWMFRBFW/glbx-mdp3-20211203.mbp-1.dbn.zst	71efc532c4591f65ae81124aa87d8f5e2914b6862179ac8ff1ffc4d31b5fb364	DEVELOPMENT
/workspace/artifacts/reference/futures_mbp1/[Silver] GLBX-20260531-RPHWMFRBFW/glbx-mdp3-20211205.mbp-1.dbn.zst	68829f28a007867ee829757df9f17803083ee1159dd8399e9cc5494117eee5f5	DEVELOPMENT
/workspace/artifacts/reference/futures_mbp1/[Silver] GLBX-20260531-RPHWMFRBFW/glbx-mdp3-20211206.mbp-1.dbn.zst	fad1073610a58cfdf11b7ca63555a5085568a53ecd87d8a106d6dbabd6b158ad	DEVELOPMENT
/workspace/artifacts/reference/futures_mbp1/[Silver] GLBX-20260531-RPHWMFRBFW/glbx-mdp3-20211207.mbp-1.dbn.zst	61a7e4d95d877bad4ea33d59b53b875293d3657b4bcc5b13c479a3c4e90188cc	DEVELOPMENT
/workspace/artifacts/reference/futures_mbp1/[Silver] GLBX-20260531-RPHWMFRBFW/glbx-mdp3-20211208.mbp-1.dbn.zst	0da582e8e8d2d1bf0e3396450f897fc3e17e41e6e7cd09cfdb1eddb7b65fe3c6	DEVELOPMENT
/workspace/artifacts/reference/futures_mbp1/[Silver] GLBX-20260531-RPHWMFRBFW/glbx-mdp3-20211209.mbp-1.dbn.zst	3483a2df3c4a7e8fea89f08e569a04a92c94dd2a437b5900b4b50aada0bf2e21	DEVELOPMENT
/workspace/artifacts/reference/futures_mbp1/[Silver] GLBX-20260531-RPHWMFRBFW/glbx-mdp3-20211210.mbp-1.dbn.zst	8efb1f2188e62c2ea0bb661101fd9f6f2e89a112375789ea9ba2df22d86d0dde	DEVELOPMENT
/workspace/artifacts/reference/futures_mbp1/[Silver] GLBX-20260531-RPHWMFRBFW/glbx-mdp3-20211212.mbp-1.dbn.zst	ad86ef7631b91bef1f365c34d284e8feff9d9c02eb08084043491ca7d2ac38a1	DEVELOPMENT
/workspace/artifacts/reference/futures_mbp1/[Silver] GLBX-20260531-RPHWMFRBFW/glbx-mdp3-20211213.mbp-1.dbn.zst	ced9d014c6e2fdc6116884583e5b1a6d935b346ee97628ea3b5001c4773a5590	DEVELOPMENT
/workspace/artifacts/reference/futures_mbp1/[Silver] GLBX-20260531-RPHWMFRBFW/glbx-mdp3-20211214.mbp-1.dbn.zst	1830c7ba16604f9ff8459971dfe3f8ef8e70258b8b468aa4ef32ca6f8f9f02fd	DEVELOPMENT
/workspace/artifacts/reference/futures_mbp1/[Silver] GLBX-20260531-RPHWMFRBFW/glbx-mdp3-20211215.mbp-1.dbn.zst	aa8235cbe252db477779dac500ee537e976ebe8a2cb44e43e637fd8b80462f76	DEVELOPMENT
/workspace/artifacts/reference/futures_mbp1/[Silver] GLBX-20260531-RPHWMFRBFW/glbx-mdp3-20211216.mbp-1.dbn.zst	67df1bea4a6725aef60542d4dcb4c45097e87a40d2e1079b595eda0b9d2275a0	DEVELOPMENT
/workspace/artifacts/reference/futures_mbp1/[Silver] GLBX-20260531-RPHWMFRBFW/glbx-mdp3-20211217.mbp-1.dbn.zst	8be59a4824099463fe62b86768896fe64f5c3b34dda89297d3fcf3456df76f93	DEVELOPMENT
/workspace/artifacts/reference/futures_mbp1/[Silver] GLBX-20260531-RPHWMFRBFW/glbx-mdp3-20211219.mbp-1.dbn.zst	ac29882116f5d40a8387ec6c7c76a985a559e3e37463b2978c7951675fab9dea	DEVELOPMENT
/workspace/artifacts/reference/futures_mbp1/[Silver] GLBX-20260531-RPHWMFRBFW/glbx-mdp3-20211220.mbp-1.dbn.zst	2ee7a418168bc030a9aa6238c6bc9e3261bb0d022cd7b7e87e99d38eae1fe798	DEVELOPMENT
/workspace/artifacts/reference/futures_mbp1/[Silver] GLBX-20260531-RPHWMFRBFW/glbx-mdp3-20211221.mbp-1.dbn.zst	adc49b705325ad233fbfbbacfd4aa21c2e559c734d10986d12fad159d22186d3	DEVELOPMENT
/workspace/artifacts/reference/futures_mbp1/[Silver] GLBX-20260531-RPHWMFRBFW/glbx-mdp3-20211222.mbp-1.dbn.zst	6f0b489b723f3846b70789d12d007fbc406d610778bd3f6b9e0890a5e483829f	DEVELOPMENT
/workspace/artifacts/reference/futures_mbp1/[Silver] GLBX-20260531-RPHWMFRBFW/glbx-mdp3-20211223.mbp-1.dbn.zst	4dde7926bda8999917cdedfeea2ac5adb9c792b369b402301da21da12080a97f	DEVELOPMENT
/workspace/artifacts/reference/futures_mbp1/[Silver] GLBX-20260531-RPHWMFRBFW/glbx-mdp3-20211224.mbp-1.dbn.zst	9625a8bca4dd8ba3019c00de4f29d223e9232ec680c9aa06b80c4459e00f3f97	DEVELOPMENT
/workspace/artifacts/reference/futures_mbp1/[Silver] GLBX-20260531-RPHWMFRBFW/glbx-mdp3-20211226.mbp-1.dbn.zst	15a115a2ee12de5350d646a375f29ecfca80204a2713be4d776c7c03a2e7e7a1	DEVELOPMENT
/workspace/artifacts/reference/futures_mbp1/[Silver] GLBX-20260531-RPHWMFRBFW/glbx-mdp3-20211227.mbp-1.dbn.zst	38737c705dedd6c22aa3bb24ffabbf475f0f1dd577e013fb34c434b28d07a58e	DEVELOPMENT
/workspace/artifacts/reference/futures_mbp1/[Silver] GLBX-20260531-RPHWMFRBFW/glbx-mdp3-20211228.mbp-1.dbn.zst	d443baec83abc99e107f7dced541d237b41947d3d89367786576bb211b28f520	DEVELOPMENT
/workspace/artifacts/reference/futures_mbp1/[Silver] GLBX-20260531-RPHWMFRBFW/glbx-mdp3-20211229.mbp-1.dbn.zst	5fe3e7db699bce208e39aeda159f1561782e14e77d5534d2ffe0b9064e3b54b5	DEVELOPMENT
/workspace/artifacts/reference/futures_mbp1/[Silver] GLBX-20260531-RPHWMFRBFW/glbx-mdp3-20211230.mbp-1.dbn.zst	cc0525f19d12ecf7a3e7cf763f2fd4efaebd1c9381da307cd5d6975e8a2ff65c	DEVELOPMENT
/workspace/artifacts/reference/futures_mbp1/[Silver] GLBX-20260531-RPHWMFRBFW/glbx-mdp3-20211231.mbp-1.dbn.zst	67b3c5ae774699aeedb38a68ee824d8288bbd48f6e43117829972a43693c276f	DEVELOPMENT
/workspace/artifacts/reference/futures_mbp1/[Silver] GLBX-20260531-RPHWMFRBFW/glbx-mdp3-20220102.mbp-1.dbn.zst	1d618589d6bfdf17608835266a533d0f16f830c1dc62781ca9ceef669e3d0fe3	DEVELOPMENT
/workspace/artifacts/reference/futures_mbp1/[Silver] GLBX-20260531-RPHWMFRBFW/glbx-mdp3-20220103.mbp-1.dbn.zst	8d307706b85cef546004856ade941f57dacd3f3c577d98963cf05129335dbd85	DEVELOPMENT
/workspace/artifacts/reference/futures_mbp1/[Silver] GLBX-20260531-RPHWMFRBFW/glbx-mdp3-20220104.mbp-1.dbn.zst	891217fcb6b19b55a25311310dc3137965a22937633aac9b907646b52d700324	DEVELOPMENT
/workspace/artifacts/reference/futures_mbp1/[Silver] GLBX-20260531-RPHWMFRBFW/glbx-mdp3-20220105.mbp-1.dbn.zst	dfb04d51f5b8d228e0931ce2958315736a595c59705a6dfb90e17e6e94609954	DEVELOPMENT
/workspace/artifacts/reference/futures_mbp1/[Silver] GLBX-20260531-RPHWMFRBFW/glbx-mdp3-20220106.mbp-1.dbn.zst	c071368bfef08fb4e9399c662a772dd027dc719f4db8829442a66d8f2b12ff81	DEVELOPMENT
/workspace/artifacts/reference/futures_mbp1/[Silver] GLBX-20260531-RPHWMFRBFW/glbx-mdp3-20220107.mbp-1.dbn.zst	3e04abbc8ffadaf7e251004984c0e161272eca53bfff6ad7c6a0609e94531dba	DEVELOPMENT
/workspace/artifacts/reference/futures_mbp1/[Silver] GLBX-20260531-RPHWMFRBFW/glbx-mdp3-20220109.mbp-1.dbn.zst	5b9419ee9b6e99d91f886173e9a6b04360999f0135ff18419e54507a9d26d07a	DEVELOPMENT
/workspace/artifacts/reference/futures_mbp1/[Silver] GLBX-20260531-RPHWMFRBFW/glbx-mdp3-20220110.mbp-1.dbn.zst	065d15e7c0d44ba982813ef29ab7afd3525951ff82789de1ebb55aa06cb39846	DEVELOPMENT
/workspace/artifacts/reference/futures_mbp1/[Silver] GLBX-20260531-RPHWMFRBFW/glbx-mdp3-20220111.mbp-1.dbn.zst	f64c2ad3f75861ccf73ee73dde5cc03e072aa9654ddad70ba1d6f78f3b389758	DEVELOPMENT
/workspace/artifacts/reference/futures_mbp1/[Silver] GLBX-20260531-RPHWMFRBFW/glbx-mdp3-20220112.mbp-1.dbn.zst	f039b9acef841b85c03e6ab27032e9e2a8ba813b22a30d3710e148b59771b7aa	DEVELOPMENT
/workspace/artifacts/reference/futures_mbp1/[Silver] GLBX-20260531-RPHWMFRBFW/glbx-mdp3-20220113.mbp-1.dbn.zst	65bd6722c183dd47b40d5a723d6630d69c043a1e29dbd549f2cb6940929962f7	DEVELOPMENT
/workspace/artifacts/reference/futures_mbp1/[Silver] GLBX-20260531-RPHWMFRBFW/glbx-mdp3-20220114.mbp-1.dbn.zst	b29722a08168f456304ab28d840f601a13e5a9b10a21b72218054263727098dd	DEVELOPMENT
/workspace/artifacts/reference/futures_mbp1/[Silver] GLBX-20260531-RPHWMFRBFW/glbx-mdp3-20220116.mbp-1.dbn.zst	17c2307bf6defd210ab7bb4b8b2385088fc1a3b0c46fd4a505f53b58704590b6	DEVELOPMENT
/workspace/artifacts/reference/futures_mbp1/[Silver] GLBX-20260531-RPHWMFRBFW/glbx-mdp3-20220117.mbp-1.dbn.zst	7f8d070aadfae538d839c4ddcca3b394dd8746ecc646bbf8f4867120b5562068	DEVELOPMENT
/workspace/artifacts/reference/futures_mbp1/[Silver] GLBX-20260531-RPHWMFRBFW/glbx-mdp3-20220118.mbp-1.dbn.zst	17f95c80bc4bdb66546c4b4cb82951ec63c7eadb3e6f7300ee14a5b4ead15a1f	DEVELOPMENT
/workspace/artifacts/reference/futures_mbp1/[Silver] GLBX-20260531-RPHWMFRBFW/glbx-mdp3-20220119.mbp-1.dbn.zst	d674bdd4243c3409cd21414ed5a6520d9277568cdf9ccfa571f99fb664795da8	DEVELOPMENT
/workspace/artifacts/reference/futures_mbp1/[Silver] GLBX-20260531-RPHWMFRBFW/glbx-mdp3-20220120.mbp-1.dbn.zst	1d9e6631a845ea5868e7c9d5076051081293a2e0f93266ee4b5cda2967ff171b	DEVELOPMENT
/workspace/artifacts/reference/futures_mbp1/[Silver] GLBX-20260531-RPHWMFRBFW/glbx-mdp3-20220121.mbp-1.dbn.zst	5b64d84990f9dbc8899ed67f7449a7c1e012263d69fdf1ea333e74fff00bc8d5	DEVELOPMENT
/workspace/artifacts/reference/futures_mbp1/[Silver] GLBX-20260531-RPHWMFRBFW/glbx-mdp3-20220123.mbp-1.dbn.zst	e60dd07aebb1c609fd9ffd8bf5d3c61f0475fff116cc3cd651b97a31b6495b88	DEVELOPMENT
/workspace/artifacts/reference/futures_mbp1/[Silver] GLBX-20260531-RPHWMFRBFW/glbx-mdp3-20220124.mbp-1.dbn.zst	c840a090998da946d7cd7810f8c91ac34d18e282795d9887ada2c4a3e5c83847	DEVELOPMENT
/workspace/artifacts/reference/futures_mbp1/[Silver] GLBX-20260531-RPHWMFRBFW/glbx-mdp3-20220125.mbp-1.dbn.zst	33691cff3a7dc0c9176aa6e2d13fd525303edadbc7d5dceaa53f66417e1a42e1	DEVELOPMENT
/workspace/artifacts/reference/futures_mbp1/[Silver] GLBX-20260531-RPHWMFRBFW/glbx-mdp3-20220126.mbp-1.dbn.zst	fbd6ceeab7f31aefcf4f8cfec09ac75c0b18ae810db9fe9add84d33a1d880ab7	DEVELOPMENT
/workspace/artifacts/reference/futures_mbp1/[Silver] GLBX-20260531-RPHWMFRBFW/glbx-mdp3-20220127.mbp-1.dbn.zst	2427f1948779a463bdad18c2aeff500287d771de51d5dfc6762c307e4e6678bc	DEVELOPMENT
/workspace/artifacts/reference/futures_mbp1/[Silver] GLBX-20260531-RPHWMFRBFW/glbx-mdp3-20220128.mbp-1.dbn.zst	305aba3dc607ac9b0e206498aa2c241cb770cb19c5e72edb97597da4181a4d36	DEVELOPMENT
/workspace/artifacts/reference/futures_mbp1/[Silver] GLBX-20260531-RPHWMFRBFW/glbx-mdp3-20220130.mbp-1.dbn.zst	f6b2ca867783272e11a9038d50b6e78b4b7a654935a71faa1d415620a2d1e960	DEVELOPMENT
/workspace/artifacts/reference/futures_mbp1/[Silver] GLBX-20260531-RPHWMFRBFW/glbx-mdp3-20220131.mbp-1.dbn.zst	08d8e27df6123ab787fa5486eba7d306f00626fe17aba652643124174decb372	DEVELOPMENT
/workspace/artifacts/reference/futures_mbp1/[Silver] GLBX-20260531-RPHWMFRBFW/glbx-mdp3-20220201.mbp-1.dbn.zst	afec248c3be220b766bcefbb6d64a6cbd635ccedb855a8dc9c256b67c25f8830	DEVELOPMENT
/workspace/artifacts/reference/futures_mbp1/[Silver] GLBX-20260531-RPHWMFRBFW/glbx-mdp3-20220202.mbp-1.dbn.zst	22198a32f0bd833fa386e41d5edb38becf081235b6d2dd62dc883625532abb7a	DEVELOPMENT
/workspace/artifacts/reference/futures_mbp1/[Silver] GLBX-20260531-RPHWMFRBFW/glbx-mdp3-20220203.mbp-1.dbn.zst	aa6df7d2d8f9cd7c1e34ad27d403b1f8cd0c86932f6b378bcd03e6e4b9ea43ce	DEVELOPMENT
/workspace/artifacts/reference/futures_mbp1/[Silver] GLBX-20260531-RPHWMFRBFW/glbx-mdp3-20220204.mbp-1.dbn.zst	429e5c8d6bac44d63881bb644b5613874a9b4179770a788528b7eafa9b23e859	DEVELOPMENT
/workspace/artifacts/reference/futures_mbp1/[Silver] GLBX-20260531-RPHWMFRBFW/glbx-mdp3-20220206.mbp-1.dbn.zst	e024a7482a25a695a142de99218df3d26446aa50210635a155f011c662bd9410	DEVELOPMENT
/workspace/artifacts/reference/futures_mbp1/[Silver] GLBX-20260531-RPHWMFRBFW/glbx-mdp3-20220207.mbp-1.dbn.zst	953df3a0d46b308d96b16199aba6f1232c85a2451de8b62cc02b5e3f723cc816	DEVELOPMENT
/workspace/artifacts/reference/futures_mbp1/[Silver] GLBX-20260531-RPHWMFRBFW/glbx-mdp3-20220208.mbp-1.dbn.zst	9d7692419b6fe78427fc2ff61e5e2103f384a291300368e33ea1e9a2cb562de9	DEVELOPMENT
/workspace/artifacts/reference/futures_mbp1/[Silver] GLBX-20260531-RPHWMFRBFW/glbx-mdp3-20220209.mbp-1.dbn.zst	be5db8cf3027c929b5684ab982ed230669dd378bf96fbdfeec948cd8eebd6d5a	DEVELOPMENT
/workspace/artifacts/reference/futures_mbp1/[Silver] GLBX-20260531-RPHWMFRBFW/glbx-mdp3-20220210.mbp-1.dbn.zst	d3e3c4e3967f60d4668ae7350e85ec44dd2abb14215a14de1d017a39acbef221	DEVELOPMENT
/workspace/artifacts/reference/futures_mbp1/[Silver] GLBX-20260531-RPHWMFRBFW/glbx-mdp3-20220211.mbp-1.dbn.zst	aa8d1f7f17b1c831b9b4a404d077cece5ae314afb7de213829ba3a20b458b646	DEVELOPMENT
/workspace/artifacts/reference/futures_mbp1/[Silver] GLBX-20260531-RPHWMFRBFW/glbx-mdp3-20220213.mbp-1.dbn.zst	3db01ac7977d187f4827c79d5554c900a0dab1323461cd98cfff3b068de09722	DEVELOPMENT
/workspace/artifacts/reference/futures_mbp1/[Silver] GLBX-20260531-RPHWMFRBFW/glbx-mdp3-20220214.mbp-1.dbn.zst	20ebedfa4bbb1329640c5698044a078be1cba9eceaa70adf147fd3809856210b	DEVELOPMENT
/workspace/artifacts/reference/futures_mbp1/[Silver] GLBX-20260531-RPHWMFRBFW/glbx-mdp3-20220215.mbp-1.dbn.zst	e4e41548204d80957ac29dd761f097bdf93cdf1dd3b2fb1d98a3bb5ddd8d531b	DEVELOPMENT
/workspace/artifacts/reference/futures_mbp1/[Silver] GLBX-20260531-RPHWMFRBFW/glbx-mdp3-20220216.mbp-1.dbn.zst	174a5eacd39fb68c4a3ef050a287ee9d13d5e8129c41035ccb1771db1455e527	DEVELOPMENT
/workspace/artifacts/reference/futures_mbp1/[Silver] GLBX-20260531-RPHWMFRBFW/glbx-mdp3-20220217.mbp-1.dbn.zst	cbc217bb1917a8d01d53a38adc51cd8c15cf5e33f2191d0f158b1b43593f96b0	DEVELOPMENT
/workspace/artifacts/reference/futures_mbp1/[Silver] GLBX-20260531-RPHWMFRBFW/glbx-mdp3-20220218.mbp-1.dbn.zst	ea7bcd8a6712f464a7ebfc41962085957ddf1e3a5e976a11ecac52c6bbfbfc8f	DEVELOPMENT
/workspace/artifacts/reference/futures_mbp1/[Silver] GLBX-20260531-RPHWMFRBFW/glbx-mdp3-20220220.mbp-1.dbn.zst	0c09d27434c72178bebf65229b9601fcaf23938ef886539e1028999b9a6eaa38	DEVELOPMENT
/workspace/artifacts/reference/futures_mbp1/[Silver] GLBX-20260531-RPHWMFRBFW/glbx-mdp3-20220221.mbp-1.dbn.zst	68575addc76b1f46e04a4fde4bab2a32c105a43c0a1014bcb3950911f970e557	DEVELOPMENT
/workspace/artifacts/reference/futures_mbp1/[Silver] GLBX-20260531-RPHWMFRBFW/glbx-mdp3-20220222.mbp-1.dbn.zst	e5234f5cca6a3ef66ca64726be62675521b793c5d767c902c7b92ea5e9717ebd	DEVELOPMENT
/workspace/artifacts/reference/futures_mbp1/[Silver] GLBX-20260531-RPHWMFRBFW/glbx-mdp3-20220223.mbp-1.dbn.zst	6e59258e1a5600f4cd80057784a7210bace046ac41934ff4b37620d61a16a4bd	DEVELOPMENT
/workspace/artifacts/reference/futures_mbp1/[Silver] GLBX-20260531-RPHWMFRBFW/glbx-mdp3-20220224.mbp-1.dbn.zst	ad7215299c5b9be9704ebb031c321bf5f277beb5a277a1a5b61c5de36fb0886e	DEVELOPMENT
/workspace/artifacts/reference/futures_mbp1/[Silver] GLBX-20260531-RPHWMFRBFW/glbx-mdp3-20220225.mbp-1.dbn.zst	806331b45bc174d11579538b1a3dbcc1b345022248686ff53f8ecf3c98ba165f	DEVELOPMENT
/workspace/artifacts/reference/futures_mbp1/[Silver] GLBX-20260531-RPHWMFRBFW/glbx-mdp3-20220227.mbp-1.dbn.zst	97534e27bce2328c4dc242da9a51f80bbbd36cc897faf4483a670d2e8a8b1ddd	DEVELOPMENT
/workspace/artifacts/reference/futures_mbp1/[Silver] GLBX-20260531-RPHWMFRBFW/glbx-mdp3-20220228.mbp-1.dbn.zst	9b90d1ffb91c2f3e381347e6511e979c7a43b62b4dc699a44ea2d1c21a3b26ce	DEVELOPMENT
/workspace/artifacts/reference/futures_mbp1/[Silver] GLBX-20260531-RPHWMFRBFW/glbx-mdp3-20220301.mbp-1.dbn.zst	8d7ff880d6e913da1cb6638ae320f6dd0fc664bd817003d68d6bbea775add3be	DEVELOPMENT
/workspace/artifacts/reference/futures_mbp1/[Silver] GLBX-20260531-RPHWMFRBFW/glbx-mdp3-20220302.mbp-1.dbn.zst	90432451aa4ad22a88e5350797b88800fce4cb6cb3c19306767ac273bdf150e8	DEVELOPMENT
/workspace/artifacts/reference/futures_mbp1/[Silver] GLBX-20260531-RPHWMFRBFW/glbx-mdp3-20220303.mbp-1.dbn.zst	3d32753d67754da9dd5cc1ba992f8210803ce30706c84e1980ceb8283ef960cf	DEVELOPMENT
/workspace/artifacts/reference/futures_mbp1/[Silver] GLBX-20260531-RPHWMFRBFW/glbx-mdp3-20220304.mbp-1.dbn.zst	34fbae49f91bde90ac55d0ca9569764ab628987c3c482f5f5fa397501590d7f6	DEVELOPMENT
/workspace/artifacts/reference/futures_mbp1/[Silver] GLBX-20260531-RPHWMFRBFW/glbx-mdp3-20220306.mbp-1.dbn.zst	d360713c0f8ae64f99cd00feaeef332328a748a4ad97e95a4efa6d68daf3e94d	DEVELOPMENT
/workspace/artifacts/reference/futures_mbp1/[Silver] GLBX-20260531-RPHWMFRBFW/glbx-mdp3-20220307.mbp-1.dbn.zst	ad0a79b1e841347b385c7b7fd0a4d56528e5f8d57a7d93ee90ed2f1b1e1f7486	DEVELOPMENT
/workspace/artifacts/reference/futures_mbp1/[Silver] GLBX-20260531-RPHWMFRBFW/glbx-mdp3-20220308.mbp-1.dbn.zst	6899e50489b306ad4d6682efbdf2edac7ee7f5a8ab87cee89060ccfeb593f4b3	DEVELOPMENT
/workspace/artifacts/reference/futures_mbp1/[Silver] GLBX-20260531-RPHWMFRBFW/glbx-mdp3-20220309.mbp-1.dbn.zst	7ef97dce985bc572416af63012d956b73edecdc785e46c7c4f0f4e2b9a81623f	DEVELOPMENT
/workspace/artifacts/reference/futures_mbp1/[Silver] GLBX-20260531-RPHWMFRBFW/glbx-mdp3-20220310.mbp-1.dbn.zst	b7fe7cf1f8e88c71236a44b76bb73b8326fc4f89e3f1ff83de7bd00c0c53740a	DEVELOPMENT
/workspace/artifacts/reference/futures_mbp1/[Silver] GLBX-20260531-RPHWMFRBFW/glbx-mdp3-20220311.mbp-1.dbn.zst	2f934bdcf7dbefc0bc4809824b00f1221e45d5441c20e58b1f0f198613f46e79	DEVELOPMENT
/workspace/artifacts/reference/futures_mbp1/[Silver] GLBX-20260531-RPHWMFRBFW/glbx-mdp3-20220313.mbp-1.dbn.zst	ba6d727783b5daf11be977a8f53474cd779f5b8aa1d01071880ebf032bdc5e8f	DEVELOPMENT
/workspace/artifacts/reference/futures_mbp1/[Silver] GLBX-20260531-RPHWMFRBFW/glbx-mdp3-20220314.mbp-1.dbn.zst	8c91e66e7ce73265085302a08bfbf49cd18a4188e7df6a7340b40a24279e2b9d	DEVELOPMENT
/workspace/artifacts/reference/futures_mbp1/[Silver] GLBX-20260531-RPHWMFRBFW/glbx-mdp3-20220315.mbp-1.dbn.zst	58d72a20c6506a67a818be5459b782c6481cec5d3f42f5071b5347b2d9e09995	DEVELOPMENT
/workspace/artifacts/reference/futures_mbp1/[Silver] GLBX-20260531-RPHWMFRBFW/glbx-mdp3-20220316.mbp-1.dbn.zst	f08e1ce304d4fb8b379ba176d8b9af97e8cf83d9e03078c925a052dca4c4d420	DEVELOPMENT
/workspace/artifacts/reference/futures_mbp1/[Silver] GLBX-20260531-RPHWMFRBFW/glbx-mdp3-20220317.mbp-1.dbn.zst	f61235e424d0e0e74c200d65b2b061b3879adcd261480ef16d628de2297c956a	DEVELOPMENT
/workspace/artifacts/reference/futures_mbp1/[Silver] GLBX-20260531-RPHWMFRBFW/glbx-mdp3-20220318.mbp-1.dbn.zst	08a2e43932e54f9061cd6477837d5ea4168893ad2fcfb8d2de09e862898eacc7	DEVELOPMENT
/workspace/artifacts/reference/futures_mbp1/[Silver] GLBX-20260531-RPHWMFRBFW/glbx-mdp3-20220320.mbp-1.dbn.zst	18ac6365e8c86539f1a8da3534baad1bec317aafa540f2596406a042c762ad43	DEVELOPMENT
/workspace/artifacts/reference/futures_mbp1/[Silver] GLBX-20260531-RPHWMFRBFW/glbx-mdp3-20220321.mbp-1.dbn.zst	0f84bb252dfbf3f1ca4bed5ecdc1ec74dc325bcbaa76f827fa8b0ae1508a2b33	DEVELOPMENT
/workspace/artifacts/reference/futures_mbp1/[Silver] GLBX-20260531-RPHWMFRBFW/glbx-mdp3-20220322.mbp-1.dbn.zst	9778da793ac73ccc70f529a0470171e568aea246955960174dfebe9867a1ae7b	DEVELOPMENT
/workspace/artifacts/reference/futures_mbp1/[Silver] GLBX-20260531-RPHWMFRBFW/glbx-mdp3-20220323.mbp-1.dbn.zst	c3345a0a78f1dd24eb0ee99d88af3933db7e422fbbd1075300df2655740b6c3f	DEVELOPMENT
/workspace/artifacts/reference/futures_mbp1/[Silver] GLBX-20260531-RPHWMFRBFW/glbx-mdp3-20220324.mbp-1.dbn.zst	b52682eef19d868d2e3fedf63d4ace826cc92063929c177f4beff7938f5ca597	DEVELOPMENT
/workspace/artifacts/reference/futures_mbp1/[Silver] GLBX-20260531-RPHWMFRBFW/glbx-mdp3-20220325.mbp-1.dbn.zst	99f68d1885b4f8e813908f385b7cafd75b1e548f0608e63bf66eeca918daf89e	DEVELOPMENT
/workspace/artifacts/reference/futures_mbp1/[Silver] GLBX-20260531-RPHWMFRBFW/glbx-mdp3-20220327.mbp-1.dbn.zst	d9bf6bea789fdd599d7f7dd10607d17d653dba6010cc031e5ad06ace4f3463b4	DEVELOPMENT
/workspace/artifacts/reference/futures_mbp1/[Silver] GLBX-20260531-RPHWMFRBFW/glbx-mdp3-20220328.mbp-1.dbn.zst	51470f247fdb8f1c888733ff579344c3f8c8d465f849af375217077dbc9c3084	DEVELOPMENT
/workspace/artifacts/reference/futures_mbp1/[Silver] GLBX-20260531-RPHWMFRBFW/glbx-mdp3-20220329.mbp-1.dbn.zst	9a6e99b39b1e0773ef5e4793d774049aca5314f2403635e9e3901be94d23d936	DEVELOPMENT
/workspace/artifacts/reference/futures_mbp1/[Silver] GLBX-20260531-RPHWMFRBFW/glbx-mdp3-20220330.mbp-1.dbn.zst	b952051a5053283ada15edbdca5a5cca87b5faa47c6a52316d07024c023f8092	DEVELOPMENT
/workspace/artifacts/reference/futures_mbp1/[Silver] GLBX-20260531-RPHWMFRBFW/glbx-mdp3-20220331.mbp-1.dbn.zst	b85ba626c067434776dc59c41d3b16b3b9e0d731974a7feb8cdbf658287115ca	DEVELOPMENT
/workspace/artifacts/reference/futures_mbp1/[Silver] GLBX-20260531-RPHWMFRBFW/glbx-mdp3-20220401.mbp-1.dbn.zst	e24253f004287b67aa09ae46613f56925d7fd83c9d9f7ffcc1f523eebeeda2c4	DEVELOPMENT
/workspace/artifacts/reference/futures_mbp1/[Silver] GLBX-20260531-RPHWMFRBFW/glbx-mdp3-20220403.mbp-1.dbn.zst	fa781800fca3e26692564076c024a4f459187d2fc800ba324610f19ee834abac	DEVELOPMENT
/workspace/artifacts/reference/futures_mbp1/[Silver] GLBX-20260531-RPHWMFRBFW/glbx-mdp3-20220404.mbp-1.dbn.zst	ad860373ba0a299bd9cd7f312395bc3a8669170ea2b08c245d59a4b095f00cba	DEVELOPMENT
/workspace/artifacts/reference/futures_mbp1/[Silver] GLBX-20260531-RPHWMFRBFW/glbx-mdp3-20220405.mbp-1.dbn.zst	76b76f9e7606cd9a156820a22662e89094147d77e2b3338834f9fa8f413d9558	DEVELOPMENT
/workspace/artifacts/reference/futures_mbp1/[Silver] GLBX-20260531-RPHWMFRBFW/glbx-mdp3-20220406.mbp-1.dbn.zst	7b36b3782b67a08a9ab107977b8c214a314ba6cdfbb9927e28770fd50cf45171	DEVELOPMENT
/workspace/artifacts/reference/futures_mbp1/[Silver] GLBX-20260531-RPHWMFRBFW/glbx-mdp3-20220407.mbp-1.dbn.zst	bfd118562541ea09b39357588b67e58fd120e92854ed0780e3b7dd22f89f3f45	DEVELOPMENT
/workspace/artifacts/reference/futures_mbp1/[Silver] GLBX-20260531-RPHWMFRBFW/glbx-mdp3-20220408.mbp-1.dbn.zst	2954a7022cbf9da246a55f798a29ae415651d71f635d0345066e63f87414218a	DEVELOPMENT
/workspace/artifacts/reference/futures_mbp1/[Silver] GLBX-20260531-RPHWMFRBFW/glbx-mdp3-20220410.mbp-1.dbn.zst	ad13d6fdc75a7c803644e6db4f00e92ddda460002b9c10b0e3c4e64616001bf5	DEVELOPMENT
/workspace/artifacts/reference/futures_mbp1/[Silver] GLBX-20260531-RPHWMFRBFW/glbx-mdp3-20220411.mbp-1.dbn.zst	f7f918822e0f4bb8456f7b25be822c59914c8db3ccc2528a604b78ff8f69affe	DEVELOPMENT
/workspace/artifacts/reference/futures_mbp1/[Silver] GLBX-20260531-RPHWMFRBFW/glbx-mdp3-20220412.mbp-1.dbn.zst	30820629a1c2a6e89bc00d6fdaf16c12034e0e458d4c0046fd6529b9b760a508	DEVELOPMENT
/workspace/artifacts/reference/futures_mbp1/[Silver] GLBX-20260531-RPHWMFRBFW/glbx-mdp3-20220413.mbp-1.dbn.zst	0c28ee2611b9564c5a79a90d33c59def80390980555281ad8998712132cbcc75	DEVELOPMENT
/workspace/artifacts/reference/futures_mbp1/[Silver] GLBX-20260531-RPHWMFRBFW/glbx-mdp3-20220414.mbp-1.dbn.zst	ac6e9c3bcd8f35abe61aea7158e89e979954e58db893d6d5298a7c82485bf6b5	DEVELOPMENT
/workspace/artifacts/reference/futures_mbp1/[Silver] GLBX-20260531-RPHWMFRBFW/glbx-mdp3-20220415.mbp-1.dbn.zst	beaa77204e95515d9a5efe5143d8d10f628dc1e7e733aee76592772be2e46a22	DEVELOPMENT
/workspace/artifacts/reference/futures_mbp1/[Silver] GLBX-20260531-RPHWMFRBFW/glbx-mdp3-20220417.mbp-1.dbn.zst	a93d889693eb7a596caf1c1d2fde7638e91722865596417c4e28afb1bfcea8ef	DEVELOPMENT
/workspace/artifacts/reference/futures_mbp1/[Silver] GLBX-20260531-RPHWMFRBFW/glbx-mdp3-20220418.mbp-1.dbn.zst	927d7e97e37d74b80e666ecef57b2d3669b22302a7d4c9def33981a46cc8f240	DEVELOPMENT
/workspace/artifacts/reference/futures_mbp1/[Silver] GLBX-20260531-RPHWMFRBFW/glbx-mdp3-20220419.mbp-1.dbn.zst	cbe5ae4301149538ffe90879ae724300807873b6b2253be860c0152ae7bff978	DEVELOPMENT
/workspace/artifacts/reference/futures_mbp1/[Silver] GLBX-20260531-RPHWMFRBFW/glbx-mdp3-20220420.mbp-1.dbn.zst	883ed8c1e0e40fa243601b7e1078e0c880bd397c82b335233c56b9344c1c26ab	DEVELOPMENT
/workspace/artifacts/reference/futures_mbp1/[Silver] GLBX-20260531-RPHWMFRBFW/glbx-mdp3-20220421.mbp-1.dbn.zst	e2b741c9f06416df2568a1d6bb0a97e6ad6e6f811f6fa9f613eade7b0ee055ae	DEVELOPMENT
/workspace/artifacts/reference/futures_mbp1/[Silver] GLBX-20260531-RPHWMFRBFW/glbx-mdp3-20220422.mbp-1.dbn.zst	b2e970d92236ce917002c9626ca01f85400b85fe9655309a16fcd23b9492a5f2	DEVELOPMENT
/workspace/artifacts/reference/futures_mbp1/[Silver] GLBX-20260531-RPHWMFRBFW/glbx-mdp3-20220424.mbp-1.dbn.zst	e77caf43c0e0fe35c79a7f976410df3d08003c30d3654e8a3c41f0e536df4ced	DEVELOPMENT
/workspace/artifacts/reference/futures_mbp1/[Silver] GLBX-20260531-RPHWMFRBFW/glbx-mdp3-20220425.mbp-1.dbn.zst	20e03801506361286e6780318bf663aea9738cec86e843d64533e87806a39afc	DEVELOPMENT
/workspace/artifacts/reference/futures_mbp1/[Silver] GLBX-20260531-RPHWMFRBFW/glbx-mdp3-20220426.mbp-1.dbn.zst	3d02b28a6c9804941711d0f38b672a8921b3a63d88cd663d7eccf6e8254c980d	DEVELOPMENT
/workspace/artifacts/reference/futures_mbp1/[Silver] GLBX-20260531-RPHWMFRBFW/glbx-mdp3-20220427.mbp-1.dbn.zst	c9234224ed9c0851b6a8e138d2610f46d59c56c0720b050dd080659201236a3a	DEVELOPMENT
/workspace/artifacts/reference/futures_mbp1/[Silver] GLBX-20260531-RPHWMFRBFW/glbx-mdp3-20220428.mbp-1.dbn.zst	1372cd2600362dfc328cc8c6b80f147516cc3f6a21296ee0bffc6c76c09a25b5	DEVELOPMENT
/workspace/artifacts/reference/futures_mbp1/[Silver] GLBX-20260531-RPHWMFRBFW/glbx-mdp3-20220429.mbp-1.dbn.zst	8e98297b86fbcff0caa756a6096ddcb586da71dc139e40329abfe177562597cb	DEVELOPMENT
/workspace/artifacts/reference/futures_mbp1/[Silver] GLBX-20260531-RPHWMFRBFW/glbx-mdp3-20220501.mbp-1.dbn.zst	7877fd5ad75215cd7e578ad816ea74099bc8e9ba7780764ddbb7d560efe1f5eb	DEVELOPMENT
/workspace/artifacts/reference/futures_mbp1/[Silver] GLBX-20260531-RPHWMFRBFW/glbx-mdp3-20220502.mbp-1.dbn.zst	ea85b3ccc0723e4813a59dc39a99aeb262b2fa58d6cf5435d454e2f0758101e5	DEVELOPMENT
/workspace/artifacts/reference/futures_mbp1/[Silver] GLBX-20260531-RPHWMFRBFW/glbx-mdp3-20220503.mbp-1.dbn.zst	4b45b4ac68558fb3c06ba2ed34f705d0f98c5a9be11b9b033212c5c70371c062	DEVELOPMENT
/workspace/artifacts/reference/futures_mbp1/[Silver] GLBX-20260531-RPHWMFRBFW/glbx-mdp3-20220504.mbp-1.dbn.zst	75c45184d3002f2f6a626498d8fb447a2c2cc354c55741e98994abad6a76ce74	DEVELOPMENT
/workspace/artifacts/reference/futures_mbp1/[Silver] GLBX-20260531-RPHWMFRBFW/glbx-mdp3-20220505.mbp-1.dbn.zst	3da81de67cf28296e31b28159f1cbc8318380bd3885ce22c12a84de27b25d373	DEVELOPMENT
/workspace/artifacts/reference/futures_mbp1/[Silver] GLBX-20260531-RPHWMFRBFW/glbx-mdp3-20220506.mbp-1.dbn.zst	88e75d87cade6d4f6f538634f88787cee3403aa1b974a35635d1a45d96e50d23	DEVELOPMENT
/workspace/artifacts/reference/futures_mbp1/[Silver] GLBX-20260531-RPHWMFRBFW/glbx-mdp3-20220508.mbp-1.dbn.zst	4439e1767263a153e73731046c464086a9883428140a2a1b5ea5ffe5fdd45c62	DEVELOPMENT
/workspace/artifacts/reference/futures_mbp1/[Silver] GLBX-20260531-RPHWMFRBFW/glbx-mdp3-20220509.mbp-1.dbn.zst	28e1acd99d3335c1d69069ff2c7b466cbf995293c6b563ed3afe4b85de247069	DEVELOPMENT
/workspace/artifacts/reference/futures_mbp1/[Silver] GLBX-20260531-RPHWMFRBFW/glbx-mdp3-20220510.mbp-1.dbn.zst	5c8cfc9b3a3cb9664d09fd5d693f814bfd7270456cd9d67c70627f2ae60f9dc8	DEVELOPMENT
/workspace/artifacts/reference/futures_mbp1/[Silver] GLBX-20260531-RPHWMFRBFW/glbx-mdp3-20220511.mbp-1.dbn.zst	eff40df7c7cc0bcb696f739a689c6e7f277d1a983a5974a10bb1a6621b584c8d	DEVELOPMENT
/workspace/artifacts/reference/futures_mbp1/[Silver] GLBX-20260531-RPHWMFRBFW/glbx-mdp3-20220512.mbp-1.dbn.zst	11e322b5734bdc500999e8899533badaafaa90d12b303700ab384b2a5fedf8d3	DEVELOPMENT
/workspace/artifacts/reference/futures_mbp1/[Silver] GLBX-20260531-RPHWMFRBFW/glbx-mdp3-20220513.mbp-1.dbn.zst	3cd72d065f0f37415297511eba910100ea1684544088f93eeb5819ff74d98e96	DEVELOPMENT
/workspace/artifacts/reference/futures_mbp1/[Silver] GLBX-20260531-RPHWMFRBFW/glbx-mdp3-20220515.mbp-1.dbn.zst	8ddf5fb3be0dac0f89dd86f516e2f7a47b008d5cfcd7bdb33eb2f545815ae7e7	DEVELOPMENT
/workspace/artifacts/reference/futures_mbp1/[Silver] GLBX-20260531-RPHWMFRBFW/glbx-mdp3-20220516.mbp-1.dbn.zst	f7c13fb35c96920aa1024d7d8b6242c46e98c1a249d86b27e5ddd61954a70d7d	DEVELOPMENT
/workspace/artifacts/reference/futures_mbp1/[Silver] GLBX-20260531-RPHWMFRBFW/glbx-mdp3-20220517.mbp-1.dbn.zst	106eb4e89b3cdeace3ed8e94109f95dfa4143dd227ab229825510ed1ca601834	DEVELOPMENT
/workspace/artifacts/reference/futures_mbp1/[Silver] GLBX-20260531-RPHWMFRBFW/glbx-mdp3-20220518.mbp-1.dbn.zst	638640b7ba272f542c3fd4168320e84821e8dbb6aeb243f1a56eee91d7504af4	DEVELOPMENT
/workspace/artifacts/reference/futures_mbp1/[Silver] GLBX-20260531-RPHWMFRBFW/glbx-mdp3-20220519.mbp-1.dbn.zst	ca66a0985de8650f91a5cbf6633a773a60da86375aceddbf36520ae2e740f25b	DEVELOPMENT
/workspace/artifacts/reference/futures_mbp1/[Silver] GLBX-20260531-RPHWMFRBFW/glbx-mdp3-20220520.mbp-1.dbn.zst	e187129954facee9112d25bfcd1398706201a1943357d446e5cc6112d17357c3	DEVELOPMENT
/workspace/artifacts/reference/futures_mbp1/[Silver] GLBX-20260531-RPHWMFRBFW/glbx-mdp3-20220522.mbp-1.dbn.zst	17d8142db8d6b5135ec4ad1031de438a175bc780835fa8bdc476a733d60059a7	DEVELOPMENT
/workspace/artifacts/reference/futures_mbp1/[Silver] GLBX-20260531-RPHWMFRBFW/glbx-mdp3-20220523.mbp-1.dbn.zst	59b9ce561dc62cbca5def98b5688d09087724a784241fb104d63b5123cb6ff23	DEVELOPMENT
/workspace/artifacts/reference/futures_mbp1/[Silver] GLBX-20260531-RPHWMFRBFW/glbx-mdp3-20220524.mbp-1.dbn.zst	03a75be9831d4ac669891ad005fc89669e6a7d9cbf656f71458e438d8d64d1da	DEVELOPMENT
/workspace/artifacts/reference/futures_mbp1/[Silver] GLBX-20260531-RPHWMFRBFW/glbx-mdp3-20220525.mbp-1.dbn.zst	43892219ff5d63d37bdf580f0c1171fc2ead5091a1bc53962c6dff784124ed02	DEVELOPMENT
/workspace/artifacts/reference/futures_mbp1/[Silver] GLBX-20260531-RPHWMFRBFW/glbx-mdp3-20220526.mbp-1.dbn.zst	6eff17a924944c7880351d8431bc09ca4218ca90b794889b9ffa201305c9748d	DEVELOPMENT
/workspace/artifacts/reference/futures_mbp1/[Silver] GLBX-20260531-RPHWMFRBFW/glbx-mdp3-20220527.mbp-1.dbn.zst	4bc01d324f09715eef2bb30b311de757ba07b34d0c5b54263ac9dd5a8ef76e6e	DEVELOPMENT
/workspace/artifacts/reference/futures_mbp1/[Silver] GLBX-20260531-RPHWMFRBFW/glbx-mdp3-20220529.mbp-1.dbn.zst	9f16634f5d67a8b1fdaa9cc56b47c497e406a526fcfb1b244d9b48c12fdece71	DEVELOPMENT
/workspace/artifacts/reference/futures_mbp1/[Silver] GLBX-20260531-RPHWMFRBFW/glbx-mdp3-20220530.mbp-1.dbn.zst	dd93ce6e530f8f1d7517e327b6579b94b436944605c8b3acd5e1311ad92d3b1f	DEVELOPMENT
/workspace/artifacts/reference/futures_mbp1/[Silver] GLBX-20260531-RPHWMFRBFW/glbx-mdp3-20220531.mbp-1.dbn.zst	0537f64e08cc8e88e95ac84a4ab1c27d0f577793ce0d64fe554353467b09e57a	DEVELOPMENT
/workspace/artifacts/reference/futures_mbp1/[Silver] GLBX-20260531-RPHWMFRBFW/glbx-mdp3-20220601.mbp-1.dbn.zst	8dd07bf406be893a30da947086ec4708db004ec1954e82b033ec914ed940fede	DEVELOPMENT
/workspace/artifacts/reference/futures_mbp1/[Silver] GLBX-20260531-RPHWMFRBFW/glbx-mdp3-20220602.mbp-1.dbn.zst	b519d8bba6bcf876dd52739f184a3af75ec2e1fc124f7b0eba0870625baecd7a	DEVELOPMENT
/workspace/artifacts/reference/futures_mbp1/[Silver] GLBX-20260531-RPHWMFRBFW/glbx-mdp3-20220603.mbp-1.dbn.zst	24ce101400fb7ec5720cc395ded52b77aa9961deb4967e6b54f20e5a1b34a6f5	DEVELOPMENT
/workspace/artifacts/reference/futures_mbp1/[Silver] GLBX-20260531-RPHWMFRBFW/glbx-mdp3-20220605.mbp-1.dbn.zst	ef72bdff2af7d9153c86b2b4d25ecf35176a5988c41e967fc0e5713940ec9d67	DEVELOPMENT
/workspace/artifacts/reference/futures_mbp1/[Silver] GLBX-20260531-RPHWMFRBFW/glbx-mdp3-20220606.mbp-1.dbn.zst	77ffdd8c0b4c845d549b99ea53477c02cb44d5ed4a9cf17c1fba100bfac927b4	DEVELOPMENT
/workspace/artifacts/reference/futures_mbp1/[Silver] GLBX-20260531-RPHWMFRBFW/glbx-mdp3-20220607.mbp-1.dbn.zst	3bbe1ebfb322724894401cd0b44cf747261553bbd0de6c404db8a0cebc88f9e1	DEVELOPMENT
/workspace/artifacts/reference/futures_mbp1/[Silver] GLBX-20260531-RPHWMFRBFW/glbx-mdp3-20220608.mbp-1.dbn.zst	7cabcab214288ee34a21d53388ba9703f1eec6317e43f87842618e7eecf7a17d	DEVELOPMENT
/workspace/artifacts/reference/futures_mbp1/[Silver] GLBX-20260531-RPHWMFRBFW/glbx-mdp3-20220609.mbp-1.dbn.zst	8710200823e970b73688e30db79b5236d18b6d40e6f4ea1f6bfbf056a63ee3bb	DEVELOPMENT
/workspace/artifacts/reference/futures_mbp1/[Silver] GLBX-20260531-RPHWMFRBFW/glbx-mdp3-20220610.mbp-1.dbn.zst	beb3bae75099b6e481f280dfbffe382600840552d466ee7c98a5f442df5089a5	DEVELOPMENT
/workspace/artifacts/reference/futures_mbp1/[Silver] GLBX-20260531-RPHWMFRBFW/glbx-mdp3-20220612.mbp-1.dbn.zst	f27d6d43a7b5c4259e99c6a1593119f1389ee1c6b1d7b827ad751df3db9aa91d	DEVELOPMENT
/workspace/artifacts/reference/futures_mbp1/[Silver] GLBX-20260531-RPHWMFRBFW/glbx-mdp3-20220613.mbp-1.dbn.zst	b2c047ec366ab4bc382ea2452d6fdf5b604e8f1fd8f99c05ba4fd0c4aeaf6191	DEVELOPMENT
/workspace/artifacts/reference/futures_mbp1/[Silver] GLBX-20260531-RPHWMFRBFW/glbx-mdp3-20220614.mbp-1.dbn.zst	51a627778ddda4053813c0968981e03a192e67c2d6a8a34c2fcf4b8d308937ec	DEVELOPMENT
/workspace/artifacts/reference/futures_mbp1/[Silver] GLBX-20260531-RPHWMFRBFW/glbx-mdp3-20220615.mbp-1.dbn.zst	31c0d962369713ab26d4a71c1d1f3b1c2ffbacb55d8293a0fe70aa2c696a54dc	DEVELOPMENT
/workspace/artifacts/reference/futures_mbp1/[Silver] GLBX-20260531-RPHWMFRBFW/glbx-mdp3-20220616.mbp-1.dbn.zst	7ca4e31e6b30b2966b8097731749707b84a83370d0ddae62c818a84a63c058bd	DEVELOPMENT
/workspace/artifacts/reference/futures_mbp1/[Silver] GLBX-20260531-RPHWMFRBFW/glbx-mdp3-20220617.mbp-1.dbn.zst	ca6758b4d280be033cc3df5ef15646e67a7ae861a129e8931cf01d04e929a1d5	DEVELOPMENT
/workspace/artifacts/reference/futures_mbp1/[Silver] GLBX-20260531-RPHWMFRBFW/glbx-mdp3-20220619.mbp-1.dbn.zst	ae5904a15506818abc7edefcebc49b5f2ce3ce87d0d6ad460ca09d5f45d664a5	DEVELOPMENT
/workspace/artifacts/reference/futures_mbp1/[Silver] GLBX-20260531-RPHWMFRBFW/glbx-mdp3-20220620.mbp-1.dbn.zst	40b1631db712b10ede3f7d5d88259e45f36251549d3c4f9c8cc2afbc05129891	DEVELOPMENT
/workspace/artifacts/reference/futures_mbp1/[Silver] GLBX-20260531-RPHWMFRBFW/glbx-mdp3-20220621.mbp-1.dbn.zst	ed7fedca69059bd1fc52a3ce4245a1e69382696adcc1842de0f4dd296c04641d	DEVELOPMENT
/workspace/artifacts/reference/futures_mbp1/[Silver] GLBX-20260531-RPHWMFRBFW/glbx-mdp3-20220622.mbp-1.dbn.zst	440b653fa88d87aa5acbcb57fd99a5de2d0cb58a8bcfefdfba1f3a3503929663	DEVELOPMENT
/workspace/artifacts/reference/futures_mbp1/[Silver] GLBX-20260531-RPHWMFRBFW/glbx-mdp3-20220623.mbp-1.dbn.zst	40f4d6e31af56b6ab8f3a834420274ecba48bebb81220d382fbf72fab936c0ef	DEVELOPMENT
/workspace/artifacts/reference/futures_mbp1/[Silver] GLBX-20260531-RPHWMFRBFW/glbx-mdp3-20220624.mbp-1.dbn.zst	bfb6d482f0bfc542ed4af7992e1c59575302067c9c2131884a54cf6dbb78cd05	DEVELOPMENT
/workspace/artifacts/reference/futures_mbp1/[Silver] GLBX-20260531-RPHWMFRBFW/glbx-mdp3-20220626.mbp-1.dbn.zst	b4a29befddd8b712c60347baa5cf02df00ed4f55dda8b95cdcc0801a083c6dc2	DEVELOPMENT
/workspace/artifacts/reference/futures_mbp1/[Silver] GLBX-20260531-RPHWMFRBFW/glbx-mdp3-20220627.mbp-1.dbn.zst	e6020e548031e148a731362c200c7d025542f7673e58d1c32cb83fb6999b4836	DEVELOPMENT
/workspace/artifacts/reference/futures_mbp1/[Silver] GLBX-20260531-RPHWMFRBFW/glbx-mdp3-20220628.mbp-1.dbn.zst	eb515ed9ec78f669c36addc5be817ebe872e5e1bb5cd42371d94d9090de01d57	DEVELOPMENT
/workspace/artifacts/reference/futures_mbp1/[Silver] GLBX-20260531-RPHWMFRBFW/glbx-mdp3-20220629.mbp-1.dbn.zst	c33a726d851595b6f8a78112cd862e750a7112079adebbabf3762d4203277c9b	DEVELOPMENT
/workspace/artifacts/reference/futures_mbp1/[Silver] GLBX-20260531-RPHWMFRBFW/glbx-mdp3-20220630.mbp-1.dbn.zst	28dc5a50a97305347be8def4a39b834c7234d7f1c0f92affad08c83978f06e49	DEVELOPMENT
/workspace/artifacts/reference/futures_mbp1/[Silver] GLBX-20260531-RPHWMFRBFW/glbx-mdp3-20220701.mbp-1.dbn.zst	1c8ace055d7a53846a211a14a8ab0ada535f356fcea46595fbc7a819ce20e426	DEVELOPMENT
/workspace/artifacts/reference/futures_mbp1/[Silver] GLBX-20260531-RPHWMFRBFW/glbx-mdp3-20220703.mbp-1.dbn.zst	f6175c2693daa4e1e02a821027d1982140ce0e205066ef812772b238fafdbb12	DEVELOPMENT
/workspace/artifacts/reference/futures_mbp1/[Silver] GLBX-20260531-RPHWMFRBFW/glbx-mdp3-20220704.mbp-1.dbn.zst	c0e77835bc7ae4cd9297192579b7fd56ef6e4b86b318136705944c1cbaa7fde9	DEVELOPMENT
/workspace/artifacts/reference/futures_mbp1/[Silver] GLBX-20260531-RPHWMFRBFW/glbx-mdp3-20220705.mbp-1.dbn.zst	1f5c876e3a5f40fb43b5a71dc1c138abd771fac23297350e10da47a46b47dc43	DEVELOPMENT
/workspace/artifacts/reference/futures_mbp1/[Silver] GLBX-20260531-RPHWMFRBFW/glbx-mdp3-20220706.mbp-1.dbn.zst	4f7c5a60f69392082c6fab15e3b09e5c27f58302201c3e5d4d4c34488980269c	DEVELOPMENT
/workspace/artifacts/reference/futures_mbp1/[Silver] GLBX-20260531-RPHWMFRBFW/glbx-mdp3-20220707.mbp-1.dbn.zst	70ca8035143b0ef719dae67f486e7c512abb73eea9bb871930c1134b5b0bb4e1	DEVELOPMENT
/workspace/artifacts/reference/futures_mbp1/[Silver] GLBX-20260531-RPHWMFRBFW/glbx-mdp3-20220708.mbp-1.dbn.zst	fa51143a54cbe6801620eea7ca1191b16e37573748380098b0e956de511b310f	DEVELOPMENT
/workspace/artifacts/reference/futures_mbp1/[Silver] GLBX-20260531-RPHWMFRBFW/glbx-mdp3-20220710.mbp-1.dbn.zst	a2aacc6f68a393b77133d4cfcb78997a37624afed1e1ad97beb477953c2a4aec	DEVELOPMENT
/workspace/artifacts/reference/futures_mbp1/[Silver] GLBX-20260531-RPHWMFRBFW/glbx-mdp3-20220711.mbp-1.dbn.zst	c73444e2f83b59f38bbba46bbf866aa720b4c745878542175aa96b089fdfb309	DEVELOPMENT
/workspace/artifacts/reference/futures_mbp1/[Silver] GLBX-20260531-RPHWMFRBFW/glbx-mdp3-20220712.mbp-1.dbn.zst	f4641609f12eeeb3ef4dcda392593c52e87bc18a226eef64d92569cd161b9570	DEVELOPMENT
/workspace/artifacts/reference/futures_mbp1/[Silver] GLBX-20260531-RPHWMFRBFW/glbx-mdp3-20220713.mbp-1.dbn.zst	c195ec23422506b9a1ec1c75dbd2710f4436b8bd859ceaa7a819c7cc780913fc	DEVELOPMENT
/workspace/artifacts/reference/futures_mbp1/[Silver] GLBX-20260531-RPHWMFRBFW/glbx-mdp3-20220714.mbp-1.dbn.zst	8f6423b8ef032e76e3112d38f2852219f5a80f7ba343062955e30f1aebadc539	DEVELOPMENT
/workspace/artifacts/reference/futures_mbp1/[Silver] GLBX-20260531-RPHWMFRBFW/glbx-mdp3-20220715.mbp-1.dbn.zst	bfc8e55d9a03880882cd889e2b91c607548c6b5ca65f139abaddc155cfa4c33c	DEVELOPMENT
/workspace/artifacts/reference/futures_mbp1/[Silver] GLBX-20260531-RPHWMFRBFW/glbx-mdp3-20220717.mbp-1.dbn.zst	2c4263d09e36e13cbec988cc46c14bea898e926f03e78b51d62886daa6d09f5b	DEVELOPMENT
/workspace/artifacts/reference/futures_mbp1/[Silver] GLBX-20260531-RPHWMFRBFW/glbx-mdp3-20220718.mbp-1.dbn.zst	e0fe3c1520db65ab944b4cb4eb90fc1732d50874e95b3f25d1d14897e806931a	DEVELOPMENT
/workspace/artifacts/reference/futures_mbp1/[Silver] GLBX-20260531-RPHWMFRBFW/glbx-mdp3-20220719.mbp-1.dbn.zst	8af2678bc6ab1c4b8c94ea931e388fcd18f85da6c2d7aa5092be9dd73ee388d9	DEVELOPMENT
/workspace/artifacts/reference/futures_mbp1/[Silver] GLBX-20260531-RPHWMFRBFW/glbx-mdp3-20220720.mbp-1.dbn.zst	f4c236026f691739e8ef581945e196761eafc1a03c9312f4f7bed9894c323cdc	DEVELOPMENT
/workspace/artifacts/reference/futures_mbp1/[Silver] GLBX-20260531-RPHWMFRBFW/glbx-mdp3-20220721.mbp-1.dbn.zst	0cfc86bfbeb35c24378c7adffd1f7616e261982241d97c875310fe50d9f8f5ed	DEVELOPMENT
/workspace/artifacts/reference/futures_mbp1/[Silver] GLBX-20260531-RPHWMFRBFW/glbx-mdp3-20220722.mbp-1.dbn.zst	e7b962454c248593556a3cc87695273972382b1054b2a1b1523ddf7931c59222	DEVELOPMENT
/workspace/artifacts/reference/futures_mbp1/[Silver] GLBX-20260531-RPHWMFRBFW/glbx-mdp3-20220724.mbp-1.dbn.zst	73a18d6af07fe15ff3011b4f77c7f9cd2506631b8365954f05b4c16b7a4691f7	DEVELOPMENT
/workspace/artifacts/reference/futures_mbp1/[Silver] GLBX-20260531-RPHWMFRBFW/glbx-mdp3-20220725.mbp-1.dbn.zst	c00e5736d2127a8b1d4a5d62909c0b157e9c2fefda6f051104a9a2fd2b267c96	DEVELOPMENT
/workspace/artifacts/reference/futures_mbp1/[Silver] GLBX-20260531-RPHWMFRBFW/glbx-mdp3-20220726.mbp-1.dbn.zst	88f06aafab11a395e06b6cea1c8be435aef79ff02c481a89d3ffbb547ccb1cd7	DEVELOPMENT
/workspace/artifacts/reference/futures_mbp1/[Silver] GLBX-20260531-RPHWMFRBFW/glbx-mdp3-20220727.mbp-1.dbn.zst	3d5eecdafe24e46d100f0b7643ec799b0e42bc9dc9a8cc98b49a8a98247f8712	DEVELOPMENT
/workspace/artifacts/reference/futures_mbp1/[Silver] GLBX-20260531-RPHWMFRBFW/glbx-mdp3-20220728.mbp-1.dbn.zst	45a07c72e3c9cb138ec7649d1e60e886ccc84cb05530d04ee5c0cd486af1e6cd	DEVELOPMENT
/workspace/artifacts/reference/futures_mbp1/[Silver] GLBX-20260531-RPHWMFRBFW/glbx-mdp3-20220729.mbp-1.dbn.zst	1e524f41ee671bb8c0d8fa75a5db954249c0a4e2c3a819eba616572abcfb7538	DEVELOPMENT
/workspace/artifacts/reference/futures_mbp1/[Silver] GLBX-20260531-RPHWMFRBFW/glbx-mdp3-20220731.mbp-1.dbn.zst	90a2995bdb8df38347af674d208365070e711729b1501f95bf7f4b06d5d45a5f	DEVELOPMENT
/workspace/artifacts/reference/futures_mbp1/[Silver] GLBX-20260531-RPHWMFRBFW/glbx-mdp3-20220801.mbp-1.dbn.zst	c84d0dc5b0770096fc91118a27d12d7b6214c344e9ab3b758933dfb27d1384e3	DEVELOPMENT
/workspace/artifacts/reference/futures_mbp1/[Silver] GLBX-20260531-RPHWMFRBFW/glbx-mdp3-20220802.mbp-1.dbn.zst	e6a2a28fff28f44b9d56f00b6c12d1e30cf99dafab9f4d58be53ea3d460489dd	DEVELOPMENT
/workspace/artifacts/reference/futures_mbp1/[Silver] GLBX-20260531-RPHWMFRBFW/glbx-mdp3-20220803.mbp-1.dbn.zst	586c75be034155027d4d4757d3c3bfcb110ed21b717239c369909b8b406317f2	DEVELOPMENT
/workspace/artifacts/reference/futures_mbp1/[Silver] GLBX-20260531-RPHWMFRBFW/glbx-mdp3-20220804.mbp-1.dbn.zst	1052da4a11a7a21cb393199202a5ddcc67e933312b79336be02b4c87449ad152	DEVELOPMENT
/workspace/artifacts/reference/futures_mbp1/[Silver] GLBX-20260531-RPHWMFRBFW/glbx-mdp3-20220805.mbp-1.dbn.zst	5748e3422e3d46ad1f8ff16594971c1154a846d2a08bee3afb19ca3f8da51612	DEVELOPMENT
/workspace/artifacts/reference/futures_mbp1/[Silver] GLBX-20260531-RPHWMFRBFW/glbx-mdp3-20220807.mbp-1.dbn.zst	ae6cce019b26b152d4da37ea6fe96c6e7edb725be017c172f94a80fea4ca73e1	DEVELOPMENT
/workspace/artifacts/reference/futures_mbp1/[Silver] GLBX-20260531-RPHWMFRBFW/glbx-mdp3-20220808.mbp-1.dbn.zst	95b9af632510ee5dcacf12653dc0b1a0bc2c58c8573407ee10e2232cf5aa072d	DEVELOPMENT
/workspace/artifacts/reference/futures_mbp1/[Silver] GLBX-20260531-RPHWMFRBFW/glbx-mdp3-20220809.mbp-1.dbn.zst	b9d6e4c6099010a1eb42da1c40a1c258bfdb0ea4d8f4cda3b0f1aa2416425234	DEVELOPMENT
/workspace/artifacts/reference/futures_mbp1/[Silver] GLBX-20260531-RPHWMFRBFW/glbx-mdp3-20220810.mbp-1.dbn.zst	1c59e4405991e717a12425cc82a6d5fa622512a8330b4ed19270bc569b115782	DEVELOPMENT
/workspace/artifacts/reference/futures_mbp1/[Silver] GLBX-20260531-RPHWMFRBFW/glbx-mdp3-20220811.mbp-1.dbn.zst	dcbe1fd7a5a6d8ab3899f4dfab6d09600f0827afb1b86a1eaeb9b44ce360a722	DEVELOPMENT
/workspace/artifacts/reference/futures_mbp1/[Silver] GLBX-20260531-RPHWMFRBFW/glbx-mdp3-20220812.mbp-1.dbn.zst	cfa72dbc63057beb3f3cf262d232ef688a4aea2ad7e5e150c08be9921136ce7b	DEVELOPMENT
/workspace/artifacts/reference/futures_mbp1/[Silver] GLBX-20260531-RPHWMFRBFW/glbx-mdp3-20220814.mbp-1.dbn.zst	d02c677c1b8c4cee409610d4a2c777766aa877aea23ddf756b018dc4d5feee72	DEVELOPMENT
/workspace/artifacts/reference/futures_mbp1/[Silver] GLBX-20260531-RPHWMFRBFW/glbx-mdp3-20220815.mbp-1.dbn.zst	47b917787150418b0d1e2d7015fd57c54e5c47b1fe419fefe32632325fb33e87	DEVELOPMENT
/workspace/artifacts/reference/futures_mbp1/[Silver] GLBX-20260531-RPHWMFRBFW/glbx-mdp3-20220816.mbp-1.dbn.zst	8f5bf704d31c102ddf4fe8c3e3f1cd58836acb6d046caf5b50fd6a484a4c7552	DEVELOPMENT
/workspace/artifacts/reference/futures_mbp1/[Silver] GLBX-20260531-RPHWMFRBFW/glbx-mdp3-20220817.mbp-1.dbn.zst	9bac987df35d068466e696a582067e5c2b41e98195dbdf564d9edfcd26cf868a	DEVELOPMENT
/workspace/artifacts/reference/futures_mbp1/[Silver] GLBX-20260531-RPHWMFRBFW/glbx-mdp3-20220818.mbp-1.dbn.zst	2a34ef82280c75b40d7091d54eb558e9dc105ef4f03cd875e4dd56684ed6fc4e	DEVELOPMENT
/workspace/artifacts/reference/futures_mbp1/[Silver] GLBX-20260531-RPHWMFRBFW/glbx-mdp3-20220819.mbp-1.dbn.zst	b5ea07a0994a2fff6dc6955cbd6383860687f7d44dc7d12cce5248d39933d9cb	DEVELOPMENT
/workspace/artifacts/reference/futures_mbp1/[Silver] GLBX-20260531-RPHWMFRBFW/glbx-mdp3-20220821.mbp-1.dbn.zst	50684868a2428df4a2af89a1214cc82177d9161e043eefecdcab3a3cdb9e99fb	DEVELOPMENT
/workspace/artifacts/reference/futures_mbp1/[Silver] GLBX-20260531-RPHWMFRBFW/glbx-mdp3-20220822.mbp-1.dbn.zst	0a3acd6b3cdb5bd5d3d7d9fd5711560f20f636c04765f828c40875c88f6073f4	DEVELOPMENT
/workspace/artifacts/reference/futures_mbp1/[Silver] GLBX-20260531-RPHWMFRBFW/glbx-mdp3-20220823.mbp-1.dbn.zst	fd810a2866881d5fa5afff1ea3dde9d88a91362f23d035aae012b2606984bea0	DEVELOPMENT
/workspace/artifacts/reference/futures_mbp1/[Silver] GLBX-20260531-RPHWMFRBFW/glbx-mdp3-20220824.mbp-1.dbn.zst	318cf87670332d6472ca842856860ffa9fb59143b0b8b963ce11c6cb90967cc5	DEVELOPMENT
/workspace/artifacts/reference/futures_mbp1/[Silver] GLBX-20260531-RPHWMFRBFW/glbx-mdp3-20220825.mbp-1.dbn.zst	122e0f288fea84dfe67c0790392a30d6d40d3f45ae2c5f2f0dfadd34fbe41cb1	DEVELOPMENT
/workspace/artifacts/reference/futures_mbp1/[Silver] GLBX-20260531-RPHWMFRBFW/glbx-mdp3-20220826.mbp-1.dbn.zst	43de12b86596adfa7b44851e2075dbd8e28424fde311ac233c4338615a83b53d	DEVELOPMENT
/workspace/artifacts/reference/futures_mbp1/[Silver] GLBX-20260531-RPHWMFRBFW/glbx-mdp3-20220828.mbp-1.dbn.zst	8cef1721386075107d36cb904dfad4326002990728279ba560bc29eed6c9de85	DEVELOPMENT
/workspace/artifacts/reference/futures_mbp1/[Silver] GLBX-20260531-RPHWMFRBFW/glbx-mdp3-20220829.mbp-1.dbn.zst	d1f5e9a7d3a62a377bdb7da3185af941241001a19761130ad7bc380fbc872c6d	DEVELOPMENT
/workspace/artifacts/reference/futures_mbp1/[Silver] GLBX-20260531-RPHWMFRBFW/glbx-mdp3-20220830.mbp-1.dbn.zst	9bca0dc9baeec28cff5b63c0e97dd91e7fffd39fb70135b2e9e6a00d96f741f2	DEVELOPMENT
/workspace/artifacts/reference/futures_mbp1/[Silver] GLBX-20260531-RPHWMFRBFW/glbx-mdp3-20220831.mbp-1.dbn.zst	a18b109ba67fde9bceb44e3224e51462a0aa9ec19ca9b39e862a20865c8dc14b	DEVELOPMENT
/workspace/artifacts/reference/futures_mbp1/[Silver] GLBX-20260531-RPHWMFRBFW/glbx-mdp3-20220901.mbp-1.dbn.zst	f82029a33be7643929a63241cc032df5aaa8079f098ff1212473fe557d78cbc6	DEVELOPMENT
/workspace/artifacts/reference/futures_mbp1/[Silver] GLBX-20260531-RPHWMFRBFW/glbx-mdp3-20220902.mbp-1.dbn.zst	b453e26f55c354fb4f48d6ca4d067a7e14963840fee3f27a61e62070fe7761a8	DEVELOPMENT
/workspace/artifacts/reference/futures_mbp1/[Silver] GLBX-20260531-RPHWMFRBFW/glbx-mdp3-20220904.mbp-1.dbn.zst	4c6b9608eda9ff2260516dfb052520c667d4fe4900e26bd97a813598fc3610d1	DEVELOPMENT
/workspace/artifacts/reference/futures_mbp1/[Silver] GLBX-20260531-RPHWMFRBFW/glbx-mdp3-20220905.mbp-1.dbn.zst	04e4d365dc369c3376a37ef35859eefd90155756586d6981c6658e928e7f3353	DEVELOPMENT
/workspace/artifacts/reference/futures_mbp1/[Silver] GLBX-20260531-RPHWMFRBFW/glbx-mdp3-20220906.mbp-1.dbn.zst	8d4e7c07ebdcea47167ae23d0dc14bdbba88be0ddf32a3d8b380363bc415472a	DEVELOPMENT
/workspace/artifacts/reference/futures_mbp1/[Silver] GLBX-20260531-RPHWMFRBFW/glbx-mdp3-20220907.mbp-1.dbn.zst	d0172e1ecf6db6c1cb52f2559f55b7787cf7c944083e353d6182fae22a394564	DEVELOPMENT
/workspace/artifacts/reference/futures_mbp1/[Silver] GLBX-20260531-RPHWMFRBFW/glbx-mdp3-20220908.mbp-1.dbn.zst	c03c90c901827009e32fea61f7f686b182713fd377e77abdd5c0fa37f5a70537	DEVELOPMENT
/workspace/artifacts/reference/futures_mbp1/[Silver] GLBX-20260531-RPHWMFRBFW/glbx-mdp3-20220909.mbp-1.dbn.zst	27507642d6a24802f1e1d725fcd903b57e5b0d93f46d4805cefe394480b4d410	DEVELOPMENT
/workspace/artifacts/reference/futures_mbp1/[Silver] GLBX-20260531-RPHWMFRBFW/glbx-mdp3-20220911.mbp-1.dbn.zst	7e0880390d6239d325c89f5d166eb731f35d7450c66c629da33df25d30c90d17	DEVELOPMENT
/workspace/artifacts/reference/futures_mbp1/[Silver] GLBX-20260531-RPHWMFRBFW/glbx-mdp3-20220912.mbp-1.dbn.zst	71bd471ace121daa0b55f6cf59d78af0b08349a0a9f7c463f0d62f87052aaa2f	DEVELOPMENT
/workspace/artifacts/reference/futures_mbp1/[Silver] GLBX-20260531-RPHWMFRBFW/glbx-mdp3-20220913.mbp-1.dbn.zst	9efdc2ed3d594bed3a311d4cfcf03eacd17a372e91986573adc1d09f45fbbf56	DEVELOPMENT
/workspace/artifacts/reference/futures_mbp1/[Silver] GLBX-20260531-RPHWMFRBFW/glbx-mdp3-20220914.mbp-1.dbn.zst	a89712619a3a98fe333327123f8a8b736181ae2e7d2357d59735f2eeb64c3634	DEVELOPMENT
/workspace/artifacts/reference/futures_mbp1/[Silver] GLBX-20260531-RPHWMFRBFW/glbx-mdp3-20220915.mbp-1.dbn.zst	c9f8cdd19ace509642f2705b3436e68ff3dab6ce21ec672531c7c2ea8a8eeb8a	DEVELOPMENT
/workspace/artifacts/reference/futures_mbp1/[Silver] GLBX-20260531-RPHWMFRBFW/glbx-mdp3-20220916.mbp-1.dbn.zst	0250e1f11f2cded124d1838deb0fae81c998156661786529ec567e23d143689c	DEVELOPMENT
/workspace/artifacts/reference/futures_mbp1/[Silver] GLBX-20260531-RPHWMFRBFW/glbx-mdp3-20220918.mbp-1.dbn.zst	c206f38a444168b3ed2ec11b1d2429be8bf97aef1f51dd31cc297c437af8dd9e	DEVELOPMENT
/workspace/artifacts/reference/futures_mbp1/[Silver] GLBX-20260531-RPHWMFRBFW/glbx-mdp3-20220919.mbp-1.dbn.zst	cad1d895fa469162f930b8c069b0492ae5159358fba5b930a0c33f264c3a0d79	DEVELOPMENT
/workspace/artifacts/reference/futures_mbp1/[Silver] GLBX-20260531-RPHWMFRBFW/glbx-mdp3-20220920.mbp-1.dbn.zst	3fb22342f815ed7fa53a5b0dc61522d1f5b4cff606e4ed230c4a113396d4b002	DEVELOPMENT
/workspace/artifacts/reference/futures_mbp1/[Silver] GLBX-20260531-RPHWMFRBFW/glbx-mdp3-20220921.mbp-1.dbn.zst	46e6a856e0173452685fd44e9ba516f5c57827a79d8e0af0fb70b18941b59eb7	DEVELOPMENT
/workspace/artifacts/reference/futures_mbp1/[Silver] GLBX-20260531-RPHWMFRBFW/glbx-mdp3-20220922.mbp-1.dbn.zst	deeabb61fc5ca5b298b5ce97b982414cb2ef93d7e4ac9afa096220bb5816d3b7	DEVELOPMENT
/workspace/artifacts/reference/futures_mbp1/[Silver] GLBX-20260531-RPHWMFRBFW/glbx-mdp3-20220923.mbp-1.dbn.zst	132e6229eea132ec61c7f539388ca59accd9be679d7655edfc0112d5c24e65f8	DEVELOPMENT
/workspace/artifacts/reference/futures_mbp1/[Silver] GLBX-20260531-RPHWMFRBFW/glbx-mdp3-20220925.mbp-1.dbn.zst	328906a95b3800f0f620c9957fecda8fc057c8b13e8c7406dd23ee7922f6b053	DEVELOPMENT
/workspace/artifacts/reference/futures_mbp1/[Silver] GLBX-20260531-RPHWMFRBFW/glbx-mdp3-20220926.mbp-1.dbn.zst	ddcde811d2fe887afecee18300e34926c53436a8b94fb478645584ef39f65dd3	DEVELOPMENT
/workspace/artifacts/reference/futures_mbp1/[Silver] GLBX-20260531-RPHWMFRBFW/glbx-mdp3-20220927.mbp-1.dbn.zst	29e25591037e7d14836cc0abad66d8d2ee4f847338ed6a6432f5f736f3250978	DEVELOPMENT
/workspace/artifacts/reference/futures_mbp1/[Silver] GLBX-20260531-RPHWMFRBFW/glbx-mdp3-20220928.mbp-1.dbn.zst	0948153a13bbb9a2f0f6a40372f5fab5422fbd5d864b499dfb825c3682ff136b	DEVELOPMENT
/workspace/artifacts/reference/futures_mbp1/[Silver] GLBX-20260531-RPHWMFRBFW/glbx-mdp3-20220929.mbp-1.dbn.zst	c824e125e40e753beb99f106425c352b20642d95a10a4c145d72e917ba8344e7	DEVELOPMENT
/workspace/artifacts/reference/futures_mbp1/[Silver] GLBX-20260531-RPHWMFRBFW/glbx-mdp3-20220930.mbp-1.dbn.zst	11b60c227a3a3ce2c7e4822112f92084384db0f1bf41e5652854d1e8a2ea8ff9	DEVELOPMENT
/workspace/artifacts/reference/futures_mbp1/[Silver] GLBX-20260531-RPHWMFRBFW/glbx-mdp3-20221002.mbp-1.dbn.zst	5e471a435e4ddbc4a6eb2627684256b7f7b6d559b8aec3b01252e00b357067ce	DEVELOPMENT
/workspace/artifacts/reference/futures_mbp1/[Silver] GLBX-20260531-RPHWMFRBFW/glbx-mdp3-20221003.mbp-1.dbn.zst	2b734ad4b065cfc5667eab9c52eabcfaf58ad8d195943410337059a38cf4a7d0	DEVELOPMENT
/workspace/artifacts/reference/futures_mbp1/[Silver] GLBX-20260531-RPHWMFRBFW/glbx-mdp3-20221004.mbp-1.dbn.zst	3d353a06d1cc02ec89e34978fef65a475d9d3c7eb42411d3a284038c5aadfaf6	DEVELOPMENT
/workspace/artifacts/reference/futures_mbp1/[Silver] GLBX-20260531-RPHWMFRBFW/glbx-mdp3-20221005.mbp-1.dbn.zst	d061b8544488b690c897df4797461a62830e68a613c6fbfe8eb1753ecc419f33	DEVELOPMENT
/workspace/artifacts/reference/futures_mbp1/[Silver] GLBX-20260531-RPHWMFRBFW/glbx-mdp3-20221006.mbp-1.dbn.zst	6e5513e3b506d59047e33f173bfffc8189ac15350603559e846e87ed8cd03846	DEVELOPMENT
/workspace/artifacts/reference/futures_mbp1/[Silver] GLBX-20260531-RPHWMFRBFW/glbx-mdp3-20221007.mbp-1.dbn.zst	7b5c9748fa61ce605cd0ef259fb61761b9e9f33ea9782c212d7ad200783ddb58	DEVELOPMENT
/workspace/artifacts/reference/futures_mbp1/[Silver] GLBX-20260531-RPHWMFRBFW/glbx-mdp3-20221009.mbp-1.dbn.zst	cde88bce66836b65f574e344a188693b968dfaec13467fa5307e29f6a692730a	DEVELOPMENT
/workspace/artifacts/reference/futures_mbp1/[Silver] GLBX-20260531-RPHWMFRBFW/glbx-mdp3-20221010.mbp-1.dbn.zst	9776e5a984ddf405bca68c5403ce2dd294818b7254066a63c4773a840f7887cd	DEVELOPMENT
/workspace/artifacts/reference/futures_mbp1/[Silver] GLBX-20260531-RPHWMFRBFW/glbx-mdp3-20221011.mbp-1.dbn.zst	2cb8d5dad47e32cf98338115d260ca1534603bab072fef5085ac0140686ecc2b	DEVELOPMENT
/workspace/artifacts/reference/futures_mbp1/[Silver] GLBX-20260531-RPHWMFRBFW/glbx-mdp3-20221012.mbp-1.dbn.zst	25a6415a88af74f42eb88d350a0e9588a3c72df8793faf24677314934f421f67	DEVELOPMENT
/workspace/artifacts/reference/futures_mbp1/[Silver] GLBX-20260531-RPHWMFRBFW/glbx-mdp3-20221013.mbp-1.dbn.zst	81bef0adabb3631b84eabf6abd22bb984d9c0a269fe3f4d033a96f5cf00fe1e8	DEVELOPMENT
/workspace/artifacts/reference/futures_mbp1/[Silver] GLBX-20260531-RPHWMFRBFW/glbx-mdp3-20221014.mbp-1.dbn.zst	8b3d1c1726018e9d6bad833b09f229ec65502c5ca284aa5ce169dd3fefd004de	DEVELOPMENT
/workspace/artifacts/reference/futures_mbp1/[Silver] GLBX-20260531-RPHWMFRBFW/glbx-mdp3-20221016.mbp-1.dbn.zst	8279c319cbd2ffa0bd9774a057f6645391199aea2997334b138e09333b0b02c8	DEVELOPMENT
/workspace/artifacts/reference/futures_mbp1/[Silver] GLBX-20260531-RPHWMFRBFW/glbx-mdp3-20221017.mbp-1.dbn.zst	35904c3d5fdcaf939e5b70ad9bd0195073e78419fb4428f71dd73d3e010a4088	DEVELOPMENT
/workspace/artifacts/reference/futures_mbp1/[Silver] GLBX-20260531-RPHWMFRBFW/glbx-mdp3-20221018.mbp-1.dbn.zst	361946b7f5d0debba37698c74fc109f08f65d0e71305455efc8c4d37db3f1790	DEVELOPMENT
/workspace/artifacts/reference/futures_mbp1/[Silver] GLBX-20260531-RPHWMFRBFW/glbx-mdp3-20221019.mbp-1.dbn.zst	45495fdaf90f33ec0fd8164357eb0d00ec85684c6e2a9356bb4ba4f3417559df	DEVELOPMENT
/workspace/artifacts/reference/futures_mbp1/[Silver] GLBX-20260531-RPHWMFRBFW/glbx-mdp3-20221020.mbp-1.dbn.zst	788c259d9c1877c62af68ea646552405d9f7d580a2d7749632f8f9f9a28cc4a1	DEVELOPMENT
/workspace/artifacts/reference/futures_mbp1/[Silver] GLBX-20260531-RPHWMFRBFW/glbx-mdp3-20221021.mbp-1.dbn.zst	d413cc3e1a880a8e7987f2b342128c0067fa09399d0a755659a43d0951174f86	DEVELOPMENT
/workspace/artifacts/reference/futures_mbp1/[Silver] GLBX-20260531-RPHWMFRBFW/glbx-mdp3-20221023.mbp-1.dbn.zst	2282e2bce95b211a4fbcd413805408435944f1a9d5e7769075b98482ea3dfa60	DEVELOPMENT
/workspace/artifacts/reference/futures_mbp1/[Silver] GLBX-20260531-RPHWMFRBFW/glbx-mdp3-20221024.mbp-1.dbn.zst	4090571fcea3d42c1b448cda6758f415177d160665fda88d02341d1deda59ce3	DEVELOPMENT
/workspace/artifacts/reference/futures_mbp1/[Silver] GLBX-20260531-RPHWMFRBFW/glbx-mdp3-20221025.mbp-1.dbn.zst	3210b0e5fc7bbaf0e29f2431559fae07c8ba8c6c0b7dea4bd241f01f619fc494	DEVELOPMENT
/workspace/artifacts/reference/futures_mbp1/[Silver] GLBX-20260531-RPHWMFRBFW/glbx-mdp3-20221026.mbp-1.dbn.zst	809e4202756fec38f54d263b60e0b23232f171d4ded69b7c163af11df67b502f	DEVELOPMENT
/workspace/artifacts/reference/futures_mbp1/[Silver] GLBX-20260531-RPHWMFRBFW/glbx-mdp3-20221027.mbp-1.dbn.zst	ed62c1356f552d3b449093bef67ab51108585e566b50a1cf8fe0bd9e339686ee	DEVELOPMENT
/workspace/artifacts/reference/futures_mbp1/[Silver] GLBX-20260531-RPHWMFRBFW/glbx-mdp3-20221028.mbp-1.dbn.zst	510b0eea86d0ff313cec1a794228d7650905a2144e181c03eda94f357aa8ef2c	DEVELOPMENT
/workspace/artifacts/reference/futures_mbp1/[Silver] GLBX-20260531-RPHWMFRBFW/glbx-mdp3-20221030.mbp-1.dbn.zst	b9c6af754f9a3cdc259c268cb18cb106dc15821476486c7952e31c2e06c55e3d	DEVELOPMENT
/workspace/artifacts/reference/futures_mbp1/[Silver] GLBX-20260531-RPHWMFRBFW/glbx-mdp3-20221031.mbp-1.dbn.zst	7dae29b2e76128dcc7787478c0e29582f8024c9d8dfd49061b7c155f745696da	DEVELOPMENT
/workspace/artifacts/reference/futures_mbp1/[Silver] GLBX-20260531-RPHWMFRBFW/glbx-mdp3-20221101.mbp-1.dbn.zst	29adce15aa2f35ebf8e5ad557b684a04e1535177c8611284f4479b3c35dc1024	DEVELOPMENT
/workspace/artifacts/reference/futures_mbp1/[Silver] GLBX-20260531-RPHWMFRBFW/glbx-mdp3-20221102.mbp-1.dbn.zst	599d44d3e98c0fa61cb0938e815cbe5dff9985f5fb22ef6faeeaecb47b500d79	DEVELOPMENT
/workspace/artifacts/reference/futures_mbp1/[Silver] GLBX-20260531-RPHWMFRBFW/glbx-mdp3-20221103.mbp-1.dbn.zst	160fb85c94ca45c0ef937972c985b07451524c4b5e01317f8aba8a8aaa5dccd6	DEVELOPMENT
/workspace/artifacts/reference/futures_mbp1/[Silver] GLBX-20260531-RPHWMFRBFW/glbx-mdp3-20221104.mbp-1.dbn.zst	9c72dd8f3db2cb482859d34cbc6c39354cb49fde266d3858afdbcc1106bafd85	DEVELOPMENT
/workspace/artifacts/reference/futures_mbp1/[Silver] GLBX-20260531-RPHWMFRBFW/glbx-mdp3-20221106.mbp-1.dbn.zst	052a3e809d867eb44c3bf93a94643738611e1712a959cdccc7b19b79e249707e	DEVELOPMENT
/workspace/artifacts/reference/futures_mbp1/[Silver] GLBX-20260531-RPHWMFRBFW/glbx-mdp3-20221107.mbp-1.dbn.zst	cff8ecb4b1de28c8a8a386aaeda75d6a39100ab41392bd0b52ecd1759512ed27	DEVELOPMENT
/workspace/artifacts/reference/futures_mbp1/[Silver] GLBX-20260531-RPHWMFRBFW/glbx-mdp3-20221108.mbp-1.dbn.zst	bb25c61ccbd6819f01c57f222c187d46c61bf1aa9173e8bf0b44eabc12ead2d3	DEVELOPMENT
/workspace/artifacts/reference/futures_mbp1/[Silver] GLBX-20260531-RPHWMFRBFW/glbx-mdp3-20221109.mbp-1.dbn.zst	a0846269823b706f17981638e84bc8862a87ef84cae8aec7e4f5858f1b2cf188	DEVELOPMENT
/workspace/artifacts/reference/futures_mbp1/[Silver] GLBX-20260531-RPHWMFRBFW/glbx-mdp3-20221110.mbp-1.dbn.zst	cbdd76b16ad5fd4a8cf11f5c037109c8944299ae66c9b6675923106fce6b6867	DEVELOPMENT
/workspace/artifacts/reference/futures_mbp1/[Silver] GLBX-20260531-RPHWMFRBFW/glbx-mdp3-20221111.mbp-1.dbn.zst	12160c8fe1a002cbe68cdfdca49337eb223a04df6d7fa6265298dfcb2efeb362	DEVELOPMENT
/workspace/artifacts/reference/futures_mbp1/[Silver] GLBX-20260531-RPHWMFRBFW/glbx-mdp3-20221113.mbp-1.dbn.zst	a2b97eed878331d2cb335fd931b671ba9343dae35d5a0d6f0037a1bc6f610395	DEVELOPMENT
/workspace/artifacts/reference/futures_mbp1/[Silver] GLBX-20260531-RPHWMFRBFW/glbx-mdp3-20221114.mbp-1.dbn.zst	a4f853c1ca655eb2aa1827cb03fa12bc664b674b3ed3770198d141499b9c5999	DEVELOPMENT
/workspace/artifacts/reference/futures_mbp1/[Silver] GLBX-20260531-RPHWMFRBFW/glbx-mdp3-20221115.mbp-1.dbn.zst	6e3f492dd232c565770e79be911f6b2e05032cb87b7a513c9150aa678dc9733f	DEVELOPMENT
/workspace/artifacts/reference/futures_mbp1/[Silver] GLBX-20260531-RPHWMFRBFW/glbx-mdp3-20221116.mbp-1.dbn.zst	1043c7915e711338924d0037ba2925ee4dfe06da4a3426c02711acc934f0ecc4	DEVELOPMENT
/workspace/artifacts/reference/futures_mbp1/[Silver] GLBX-20260531-RPHWMFRBFW/glbx-mdp3-20221117.mbp-1.dbn.zst	54e2c3de1c0ca90a0d83e77ae34a9057b64c0b43ff7a5c2ae507fa74ab573e0b	DEVELOPMENT
/workspace/artifacts/reference/futures_mbp1/[Silver] GLBX-20260531-RPHWMFRBFW/glbx-mdp3-20221118.mbp-1.dbn.zst	0695f217a562a947955a4066563f382c06a8391a25b53a983ff44e4e7c233a96	DEVELOPMENT
/workspace/artifacts/reference/futures_mbp1/[Silver] GLBX-20260531-RPHWMFRBFW/glbx-mdp3-20221120.mbp-1.dbn.zst	8bc1a1742b63918e950e2431700f1dce2b76b7e1af58adac14603cfcdc6ecaaf	DEVELOPMENT
/workspace/artifacts/reference/futures_mbp1/[Silver] GLBX-20260531-RPHWMFRBFW/glbx-mdp3-20221121.mbp-1.dbn.zst	7492d59c2bc83001fdaa6625d0064741754fb9013fe19ce028d5434c53240b05	DEVELOPMENT
/workspace/artifacts/reference/futures_mbp1/[Silver] GLBX-20260531-RPHWMFRBFW/glbx-mdp3-20221122.mbp-1.dbn.zst	61c571cd2428cb05e07677d30fd9ccdfad968b6b4db056ec3c0349bacecb8835	DEVELOPMENT
/workspace/artifacts/reference/futures_mbp1/[Silver] GLBX-20260531-RPHWMFRBFW/glbx-mdp3-20221123.mbp-1.dbn.zst	e54314fb5e6a5c383cf6db94e84fe5f9357965838a164390b9cb1e17ef68fd70	DEVELOPMENT
/workspace/artifacts/reference/futures_mbp1/[Silver] GLBX-20260531-RPHWMFRBFW/glbx-mdp3-20221124.mbp-1.dbn.zst	774c628b8a656bf9bc03d3a6c53587078d31398ae972ff471c4fcbdfff476300	DEVELOPMENT
/workspace/artifacts/reference/futures_mbp1/[Silver] GLBX-20260531-RPHWMFRBFW/glbx-mdp3-20221125.mbp-1.dbn.zst	1882455f5eca32865b4a31539422726bd33c7fb2be68b555b34f4a8a5b266276	DEVELOPMENT
/workspace/artifacts/reference/futures_mbp1/[Silver] GLBX-20260531-RPHWMFRBFW/glbx-mdp3-20221127.mbp-1.dbn.zst	e4cf763f3360070f2c4761dc46e1e8a2fee4f0a3fc60324009bd2e28fad1f616	DEVELOPMENT
/workspace/artifacts/reference/futures_mbp1/[Silver] GLBX-20260531-RPHWMFRBFW/glbx-mdp3-20221128.mbp-1.dbn.zst	e1574cf0e5577b49fefd8318d8d30dd7b85be60f1811b8b7f872edd50b3a7da7	DEVELOPMENT
/workspace/artifacts/reference/futures_mbp1/[Silver] GLBX-20260531-RPHWMFRBFW/glbx-mdp3-20221129.mbp-1.dbn.zst	20e1146da567df9b57b1b0259ec3953e176341450468e088a0e3bbdcd7cde97e	DEVELOPMENT
/workspace/artifacts/reference/futures_mbp1/[Silver] GLBX-20260531-RPHWMFRBFW/glbx-mdp3-20221130.mbp-1.dbn.zst	ff7b0002d3f3c8af390a8c5a109cc78cbfa0ae09da1a95bbc1077cad57c2fe87	DEVELOPMENT
/workspace/artifacts/reference/futures_mbp1/[Silver] GLBX-20260531-RPHWMFRBFW/glbx-mdp3-20221201.mbp-1.dbn.zst	2addbe3601fda81d50769228d1576b987e3d955d6939427b4900e0dc72fd3bb0	DEVELOPMENT
/workspace/artifacts/reference/futures_mbp1/[Silver] GLBX-20260531-RPHWMFRBFW/glbx-mdp3-20221202.mbp-1.dbn.zst	62338e9f7fb4beb6cb8f477f3dd39cd10d135109e83ebfcff4771fd50dcbbd31	DEVELOPMENT
/workspace/artifacts/reference/futures_mbp1/[Silver] GLBX-20260531-RPHWMFRBFW/glbx-mdp3-20221204.mbp-1.dbn.zst	1e4b7bfadc83c8b915813b3e4f0cb5e9953686edfd308a4e5353f0a7bdf3a6b8	DEVELOPMENT
/workspace/artifacts/reference/futures_mbp1/[Silver] GLBX-20260531-RPHWMFRBFW/glbx-mdp3-20221205.mbp-1.dbn.zst	66d01e01bc5dc9bdd41cf5d54edd98bbd0cf9b72eb808a5b805f24569217de00	DEVELOPMENT
/workspace/artifacts/reference/futures_mbp1/[Silver] GLBX-20260531-RPHWMFRBFW/glbx-mdp3-20221206.mbp-1.dbn.zst	88cfeb770a87cba9499d16664cf9d58461a4438462ca28d9fab7e1b3b6f2cc43	DEVELOPMENT
/workspace/artifacts/reference/futures_mbp1/[Silver] GLBX-20260531-RPHWMFRBFW/glbx-mdp3-20221207.mbp-1.dbn.zst	8bb34597a2256952587ea5cf32ab2ce4fea73cffb30c4dea6f4003b56249df6c	DEVELOPMENT
/workspace/artifacts/reference/futures_mbp1/[Silver] GLBX-20260531-RPHWMFRBFW/glbx-mdp3-20221208.mbp-1.dbn.zst	5756164c97bef2ed2ead6fc185fcd4570516baa2256abb874584018c081a093c	DEVELOPMENT
/workspace/artifacts/reference/futures_mbp1/[Silver] GLBX-20260531-RPHWMFRBFW/glbx-mdp3-20221209.mbp-1.dbn.zst	c075ff1900de32cd6c0c4bcc832e15c7f2ecbadba3ed81861a6f2c355ed1fb53	DEVELOPMENT
/workspace/artifacts/reference/futures_mbp1/[Silver] GLBX-20260531-RPHWMFRBFW/glbx-mdp3-20221211.mbp-1.dbn.zst	7748acf6eb517922d8624233ca3e85d53c4649171057f1bf96f732f5a20dabba	DEVELOPMENT
/workspace/artifacts/reference/futures_mbp1/[Silver] GLBX-20260531-RPHWMFRBFW/glbx-mdp3-20221212.mbp-1.dbn.zst	0943ec7f0bc9fea4ce4fc3cc4b2bbf9e7d2ffde83a28179ca7cdb3b7bc508194	DEVELOPMENT
/workspace/artifacts/reference/futures_mbp1/[Silver] GLBX-20260531-RPHWMFRBFW/glbx-mdp3-20221213.mbp-1.dbn.zst	eb0a1f64eddc055129b4646d8f176023c3b940f868ea4f88f234c969ea101701	DEVELOPMENT
/workspace/artifacts/reference/futures_mbp1/[Silver] GLBX-20260531-RPHWMFRBFW/glbx-mdp3-20221214.mbp-1.dbn.zst	5838fccb96fd575c6a282057ec6a1e7e8ce2831b1f61a488e6ef4cc6937db9b3	DEVELOPMENT
/workspace/artifacts/reference/futures_mbp1/[Silver] GLBX-20260531-RPHWMFRBFW/glbx-mdp3-20221215.mbp-1.dbn.zst	1193e479ab3495243ba8bd92d9aaa15a5b6fbd0e5a6e254c6e1759d8cb849106	DEVELOPMENT
/workspace/artifacts/reference/futures_mbp1/[Silver] GLBX-20260531-RPHWMFRBFW/glbx-mdp3-20221216.mbp-1.dbn.zst	5901a97a984cbe57ebe0cdf5c57f402e82f8b93b4cbcb81a550e10ee5918f688	DEVELOPMENT
/workspace/artifacts/reference/futures_mbp1/[Silver] GLBX-20260531-RPHWMFRBFW/glbx-mdp3-20221218.mbp-1.dbn.zst	f6acac4abe1345082cca692fff3022797907e8b15a4cf694817af139963ecf15	DEVELOPMENT
/workspace/artifacts/reference/futures_mbp1/[Silver] GLBX-20260531-RPHWMFRBFW/glbx-mdp3-20221219.mbp-1.dbn.zst	cdf127c9a4cd1d7afa3742c3d08d2e2a159b6dd0ca61c0dab9e2f24ea9dd6a57	DEVELOPMENT
/workspace/artifacts/reference/futures_mbp1/[Silver] GLBX-20260531-RPHWMFRBFW/glbx-mdp3-20221220.mbp-1.dbn.zst	b52711560ab27bf950a33c29bec6b5caae695989804fba9c701adefe4179a847	DEVELOPMENT
/workspace/artifacts/reference/futures_mbp1/[Silver] GLBX-20260531-RPHWMFRBFW/glbx-mdp3-20221221.mbp-1.dbn.zst	aab237e0f823af1f26b604fdb4438484ac15723a4b89e7340db93f1352f46377	DEVELOPMENT
/workspace/artifacts/reference/futures_mbp1/[Silver] GLBX-20260531-RPHWMFRBFW/glbx-mdp3-20221222.mbp-1.dbn.zst	069608520f1a1baa0245c974b95a1741afdaec88e64d89d032d9e4fbbe9f7e3a	DEVELOPMENT
/workspace/artifacts/reference/futures_mbp1/[Silver] GLBX-20260531-RPHWMFRBFW/glbx-mdp3-20221223.mbp-1.dbn.zst	ddbee326c57bef5d08cc951c0e95d9b6418720dea73f8d19f478b20bbf7ba0f2	DEVELOPMENT
/workspace/artifacts/reference/futures_mbp1/[Silver] GLBX-20260531-RPHWMFRBFW/glbx-mdp3-20221225.mbp-1.dbn.zst	8fc99e32f20b1c14e2283865cc5060dc37c3e5ac23159e0ce6ec6727b39affcf	DEVELOPMENT
/workspace/artifacts/reference/futures_mbp1/[Silver] GLBX-20260531-RPHWMFRBFW/glbx-mdp3-20221226.mbp-1.dbn.zst	7cb86007bf17a3b4233fb80b2015a0c9759b159c0f371abdee60fdcb5442d3d0	DEVELOPMENT
/workspace/artifacts/reference/futures_mbp1/[Silver] GLBX-20260531-RPHWMFRBFW/glbx-mdp3-20221227.mbp-1.dbn.zst	e6583c419857903e78e4f1ae416212966d5d7eb968915552f75b9366f5675fce	DEVELOPMENT
/workspace/artifacts/reference/futures_mbp1/[Silver] GLBX-20260531-RPHWMFRBFW/glbx-mdp3-20221228.mbp-1.dbn.zst	5c810742c5443318a72ac5102489e2191c68aa3d4cc44891cbd8a9a56f2bac5a	DEVELOPMENT
/workspace/artifacts/reference/futures_mbp1/[Silver] GLBX-20260531-RPHWMFRBFW/glbx-mdp3-20221229.mbp-1.dbn.zst	1c35b882907b7f83d61c2e4fde84ad26241c57e9f4fb0741195c8782d40c9f6b	DEVELOPMENT
/workspace/artifacts/reference/futures_mbp1/[Silver] GLBX-20260531-RPHWMFRBFW/glbx-mdp3-20221230.mbp-1.dbn.zst	d7b878c1f8211952679e0efa6bf68b5dc5832e85a62515f7de8df4ec424abdd4	DEVELOPMENT
/workspace/artifacts/reference/futures_mbp1/[Silver] GLBX-20260531-RPHWMFRBFW/glbx-mdp3-20230101.mbp-1.dbn.zst	1fc95e4c9c1c921c4f02e0946b049cba3441d1b1bb23f48c3e0a9ecc8c38b61b	DEVELOPMENT
/workspace/artifacts/reference/futures_mbp1/[Silver] GLBX-20260531-RPHWMFRBFW/glbx-mdp3-20230102.mbp-1.dbn.zst	e3352779dc9e0ea44e0f7aabb0a67bdb6143af39c5eacdc1f47f3ce7e6dbdb08	DEVELOPMENT
/workspace/artifacts/reference/futures_mbp1/[Silver] GLBX-20260531-RPHWMFRBFW/glbx-mdp3-20230103.mbp-1.dbn.zst	0676a3ed9b601b0a387cd3eefe38de0bef6dcf125efd33e01c8ee1921c2ace12	DEVELOPMENT
/workspace/artifacts/reference/futures_mbp1/[Silver] GLBX-20260531-RPHWMFRBFW/glbx-mdp3-20230104.mbp-1.dbn.zst	3fea40dedaa60b84cdbbc65eb8480af54c579ff0e6ff57a0b8e22347f112fa23	DEVELOPMENT
/workspace/artifacts/reference/futures_mbp1/[Silver] GLBX-20260531-RPHWMFRBFW/glbx-mdp3-20230105.mbp-1.dbn.zst	d6fa1d6892e5a2bee3bfa5b9b662b6118d237a3f382ba061b9dcf4dbf1b3d31f	DEVELOPMENT
/workspace/artifacts/reference/futures_mbp1/[Silver] GLBX-20260531-RPHWMFRBFW/glbx-mdp3-20230106.mbp-1.dbn.zst	4a7a12af9c3cac1fe784271b528ee48143e93fa8b37641f1ca9cfcdfbc715781	DEVELOPMENT
/workspace/artifacts/reference/futures_mbp1/[Silver] GLBX-20260531-RPHWMFRBFW/glbx-mdp3-20230108.mbp-1.dbn.zst	939e13cdcab5d067512cc3e292ab0ccb16bdc1a918b006a4db960e2cc0b39a3e	DEVELOPMENT
/workspace/artifacts/reference/futures_mbp1/[Silver] GLBX-20260531-RPHWMFRBFW/glbx-mdp3-20230109.mbp-1.dbn.zst	af415ee0723244a6b85f0a683a9545b57a59f17db88dc8f8b3741e25dbd4cd5e	DEVELOPMENT
/workspace/artifacts/reference/futures_mbp1/[Silver] GLBX-20260531-RPHWMFRBFW/glbx-mdp3-20230110.mbp-1.dbn.zst	f7754fb8ae2e87ecbffdddf18c36d1639d2c6794f44ed9008a8fdc092a9192a5	DEVELOPMENT
/workspace/artifacts/reference/futures_mbp1/[Silver] GLBX-20260531-RPHWMFRBFW/glbx-mdp3-20230111.mbp-1.dbn.zst	4eefd650c953f7722d90dd61bd8ab9f0199edd354ea5ec14e5880c63fefc92f3	DEVELOPMENT
/workspace/artifacts/reference/futures_mbp1/[Silver] GLBX-20260531-RPHWMFRBFW/glbx-mdp3-20230112.mbp-1.dbn.zst	57c9defc7bfdec877cb177fedeca207a55d1fcea59683f2ff000a4952f2e5e56	DEVELOPMENT
/workspace/artifacts/reference/futures_mbp1/[Silver] GLBX-20260531-RPHWMFRBFW/glbx-mdp3-20230113.mbp-1.dbn.zst	201a2464ac7b85f4b9e282714b7cfe8df93b59545d8ac4d4ee6c92e3ddfe39f5	DEVELOPMENT
/workspace/artifacts/reference/futures_mbp1/[Silver] GLBX-20260531-RPHWMFRBFW/glbx-mdp3-20230115.mbp-1.dbn.zst	80d779e39531143c84763a0493ce4ee413a94b1892edc0ad6bd9f462c5a7c012	DEVELOPMENT
/workspace/artifacts/reference/futures_mbp1/[Silver] GLBX-20260531-RPHWMFRBFW/glbx-mdp3-20230116.mbp-1.dbn.zst	e36f4108562fc9cb144390549b6ef6ddf5eb76e228fda9d7b454127145a50448	DEVELOPMENT
/workspace/artifacts/reference/futures_mbp1/[Silver] GLBX-20260531-RPHWMFRBFW/glbx-mdp3-20230117.mbp-1.dbn.zst	d6f2d6baf13ef98335e16bfd6fc214a4c96c4bcd276c0a58b5d3588198dad98e	DEVELOPMENT
/workspace/artifacts/reference/futures_mbp1/[Silver] GLBX-20260531-RPHWMFRBFW/glbx-mdp3-20230118.mbp-1.dbn.zst	37f72c27b9fd61b7443a64d6cba4609ba25d260390602dd0534a11bf5dbea495	DEVELOPMENT
/workspace/artifacts/reference/futures_mbp1/[Silver] GLBX-20260531-RPHWMFRBFW/glbx-mdp3-20230119.mbp-1.dbn.zst	86f0a1bf4b07d12655821f55283d94008cada7fd7d01184b27c3f64963c3fff2	DEVELOPMENT
/workspace/artifacts/reference/futures_mbp1/[Silver] GLBX-20260531-RPHWMFRBFW/glbx-mdp3-20230120.mbp-1.dbn.zst	e4d458b8acc2a50285f5eedd9ec621b7cb98859f565ac7664b1940fb6d0bb7b4	DEVELOPMENT
/workspace/artifacts/reference/futures_mbp1/[Silver] GLBX-20260531-RPHWMFRBFW/glbx-mdp3-20230122.mbp-1.dbn.zst	dd3f93aadc73e9510d6003dc1a6250c83531a0bed1f7df2f1ba1d7c7c53c9c5a	DEVELOPMENT
/workspace/artifacts/reference/futures_mbp1/[Silver] GLBX-20260531-RPHWMFRBFW/glbx-mdp3-20230123.mbp-1.dbn.zst	ca5e7f3e40469ee4ca81dcf6f913f030fed73f10f85d41e20a6d3e76b1762032	DEVELOPMENT
/workspace/artifacts/reference/futures_mbp1/[Silver] GLBX-20260531-RPHWMFRBFW/glbx-mdp3-20230124.mbp-1.dbn.zst	76e017322cdab09131a101ae609580a0f7b5d066ef4824f1efc5ef159c450259	DEVELOPMENT
/workspace/artifacts/reference/futures_mbp1/[Silver] GLBX-20260531-RPHWMFRBFW/glbx-mdp3-20230125.mbp-1.dbn.zst	d2e1ea4259f7eb1163f799772953a65bece2a7856b0599f9b6bfb1a93a223eac	DEVELOPMENT
/workspace/artifacts/reference/futures_mbp1/[Silver] GLBX-20260531-RPHWMFRBFW/glbx-mdp3-20230126.mbp-1.dbn.zst	60ca962a98db082c0c2ef944f7f57bea526de3e038052db12484bb7c086ef17e	DEVELOPMENT
/workspace/artifacts/reference/futures_mbp1/[Silver] GLBX-20260531-RPHWMFRBFW/glbx-mdp3-20230127.mbp-1.dbn.zst	681223c2a644bcbc30e49dbd52daa092db9fd4e446512b1d73a2d5a4d3320467	DEVELOPMENT
/workspace/artifacts/reference/futures_mbp1/[Silver] GLBX-20260531-RPHWMFRBFW/glbx-mdp3-20230129.mbp-1.dbn.zst	98512066b5323621a6d84437565563b9b489428767fde482710e28a2d2d02cdc	DEVELOPMENT
/workspace/artifacts/reference/futures_mbp1/[Silver] GLBX-20260531-RPHWMFRBFW/glbx-mdp3-20230130.mbp-1.dbn.zst	b9dda11875c7a85bf7001383829f1d31c54b17f57c7ad7fcfd7e69994e5b8a34	DEVELOPMENT
/workspace/artifacts/reference/futures_mbp1/[Silver] GLBX-20260531-RPHWMFRBFW/glbx-mdp3-20230131.mbp-1.dbn.zst	d0c5a7b1debf5749dcdaf08100a4ab6d927e4bd0e40b66053bf94b00c0ba66d8	DEVELOPMENT
/workspace/artifacts/reference/futures_mbp1/[Silver] GLBX-20260531-RPHWMFRBFW/glbx-mdp3-20230201.mbp-1.dbn.zst	68e32af7f9a167ef39a8911d5fd41cbc1bb83b1f07b7f0adf49e4250671e90dc	DEVELOPMENT
/workspace/artifacts/reference/futures_mbp1/[Silver] GLBX-20260531-RPHWMFRBFW/glbx-mdp3-20230202.mbp-1.dbn.zst	8cd0a0660fdcfda019ec4ed2bbf0a39009551dedc7e4cb4ffb15555a2e6f87a5	DEVELOPMENT
/workspace/artifacts/reference/futures_mbp1/[Silver] GLBX-20260531-RPHWMFRBFW/glbx-mdp3-20230203.mbp-1.dbn.zst	b67074df4125fd709485c9218f80152677691ba2a6e17db2fa5d565a47f2056d	DEVELOPMENT
/workspace/artifacts/reference/futures_mbp1/[Silver] GLBX-20260531-RPHWMFRBFW/glbx-mdp3-20230205.mbp-1.dbn.zst	8f39efc5c7070a6d676809255fc7de24dc0a06eaaa0e0a301e1428946ea9649b	DEVELOPMENT
/workspace/artifacts/reference/futures_mbp1/[Silver] GLBX-20260531-RPHWMFRBFW/glbx-mdp3-20230206.mbp-1.dbn.zst	0953410e2c6f576293c226739506d84778d909c4e38b0fe150e2f8cce099c30d	DEVELOPMENT
/workspace/artifacts/reference/futures_mbp1/[Silver] GLBX-20260531-RPHWMFRBFW/glbx-mdp3-20230207.mbp-1.dbn.zst	f1d256cc760b68b746906b3f55dc55c2a4392af97d4af5d4b3c5883a65e6f8e4	DEVELOPMENT
/workspace/artifacts/reference/futures_mbp1/[Silver] GLBX-20260531-RPHWMFRBFW/glbx-mdp3-20230208.mbp-1.dbn.zst	fd010c1f330279e45440fc34742ef7c5ba9003b2628236d1512e1d617ddc7f4a	DEVELOPMENT
/workspace/artifacts/reference/futures_mbp1/[Silver] GLBX-20260531-RPHWMFRBFW/glbx-mdp3-20230209.mbp-1.dbn.zst	bbf75cceef2f157305dbcf5fe9ccfd12b98ebed7c25fc4b18679cf809999c3ea	DEVELOPMENT
/workspace/artifacts/reference/futures_mbp1/[Silver] GLBX-20260531-RPHWMFRBFW/glbx-mdp3-20230210.mbp-1.dbn.zst	8356e764e6b13d2aa349ecf71c1de1437bac45607fdaccc6585bc8f3efda1384	DEVELOPMENT
/workspace/artifacts/reference/futures_mbp1/[Silver] GLBX-20260531-RPHWMFRBFW/glbx-mdp3-20230212.mbp-1.dbn.zst	6a80d4994225396ef1779bcf489924dcd97e7a5853c73deb477697996b624dcf	DEVELOPMENT
/workspace/artifacts/reference/futures_mbp1/[Silver] GLBX-20260531-RPHWMFRBFW/glbx-mdp3-20230213.mbp-1.dbn.zst	86f5c8d2b8fb2a5f1a155c41dcac5de7f5a31b983a467dc1488e53f9a0c06eb4	DEVELOPMENT
/workspace/artifacts/reference/futures_mbp1/[Silver] GLBX-20260531-RPHWMFRBFW/glbx-mdp3-20230214.mbp-1.dbn.zst	140ddf0ebbfb2c6a88cb886e9c5ed5da497d3244d51a31ecbe292b90c1fcf334	DEVELOPMENT
/workspace/artifacts/reference/futures_mbp1/[Silver] GLBX-20260531-RPHWMFRBFW/glbx-mdp3-20230215.mbp-1.dbn.zst	1e59f1f293e53c918b543dd111cd3fd27a519610a9f5bcd7db0fb0393c430db5	DEVELOPMENT
/workspace/artifacts/reference/futures_mbp1/[Silver] GLBX-20260531-RPHWMFRBFW/glbx-mdp3-20230216.mbp-1.dbn.zst	80c84be329f7acba6340896be6e6d70c575947fbc9881bf36b049af0d6e9c2f0	DEVELOPMENT
/workspace/artifacts/reference/futures_mbp1/[Silver] GLBX-20260531-RPHWMFRBFW/glbx-mdp3-20230217.mbp-1.dbn.zst	bf80385ae594a543fe6dca9f9303bae464dc028dc5ea01260a385e8cdb00637d	DEVELOPMENT
/workspace/artifacts/reference/futures_mbp1/[Silver] GLBX-20260531-RPHWMFRBFW/glbx-mdp3-20230219.mbp-1.dbn.zst	57c867ec362c1d774b7607b3c22f506ddf47b30ee77dcc8bb43cd4f53acddd9c	DEVELOPMENT
/workspace/artifacts/reference/futures_mbp1/[Silver] GLBX-20260531-RPHWMFRBFW/glbx-mdp3-20230220.mbp-1.dbn.zst	c18db893b582c8c29329032a74889d9df0021afd7318ba9e484864c24360c9cd	DEVELOPMENT
/workspace/artifacts/reference/futures_mbp1/[Silver] GLBX-20260531-RPHWMFRBFW/glbx-mdp3-20230221.mbp-1.dbn.zst	aebdf15534bd71c6297327853e24694fe737af0d943f1cb04b1b67f69960b7d1	DEVELOPMENT
/workspace/artifacts/reference/futures_mbp1/[Silver] GLBX-20260531-RPHWMFRBFW/glbx-mdp3-20230222.mbp-1.dbn.zst	10bc92330826509c6a0d22baac45297a5868bdfc642042b4121015223e5a8378	DEVELOPMENT
/workspace/artifacts/reference/futures_mbp1/[Silver] GLBX-20260531-RPHWMFRBFW/glbx-mdp3-20230223.mbp-1.dbn.zst	47b6afbdf72223748e7609e22a3980abc8efabedfd349b279b4654bfa1725652	DEVELOPMENT
/workspace/artifacts/reference/futures_mbp1/[Silver] GLBX-20260531-RPHWMFRBFW/glbx-mdp3-20230224.mbp-1.dbn.zst	6b1dce16eb6a2e4d35617a4af5315234fdb2380105f6396944e8071093d2d915	DEVELOPMENT
/workspace/artifacts/reference/futures_mbp1/[Silver] GLBX-20260531-RPHWMFRBFW/glbx-mdp3-20230226.mbp-1.dbn.zst	ac4bfe5d4458a91168213bdb65cc7c73dbe5ce879021ea5b8d207fda25106b8d	DEVELOPMENT
/workspace/artifacts/reference/futures_mbp1/[Silver] GLBX-20260531-RPHWMFRBFW/glbx-mdp3-20230227.mbp-1.dbn.zst	a96f9e9c81a41d2ced5d667fd22f92fc604961c96655fc31292806d1106ab729	DEVELOPMENT
/workspace/artifacts/reference/futures_mbp1/[Silver] GLBX-20260531-RPHWMFRBFW/glbx-mdp3-20230228.mbp-1.dbn.zst	a82cb188f3d805734d4429c4a90236496ce0814fbdc56c5f06d777dc7c25e365	DEVELOPMENT
/workspace/artifacts/reference/futures_mbp1/[Silver] GLBX-20260531-RPHWMFRBFW/glbx-mdp3-20230301.mbp-1.dbn.zst	5fb510a7ceeba84de8d9e37be9b8540bac6c4d3efd60cb82a097db5a34102a45	DEVELOPMENT
/workspace/artifacts/reference/futures_mbp1/[Silver] GLBX-20260531-RPHWMFRBFW/glbx-mdp3-20230302.mbp-1.dbn.zst	093d953d00a7b6a9b642ee03cd6eadb5ca7cbcd672928e8230b98f186fb170d1	DEVELOPMENT
/workspace/artifacts/reference/futures_mbp1/[Silver] GLBX-20260531-RPHWMFRBFW/glbx-mdp3-20230303.mbp-1.dbn.zst	684c3a82027bab243d71ef621ec69b2879e4178270f12eeec8f634a9d8f6c693	DEVELOPMENT
/workspace/artifacts/reference/futures_mbp1/[Silver] GLBX-20260531-RPHWMFRBFW/glbx-mdp3-20230305.mbp-1.dbn.zst	d178ce48b2ea19d7c40b5010f1d50b7ad1122277e826e60be1706a92976d8491	DEVELOPMENT
/workspace/artifacts/reference/futures_mbp1/[Silver] GLBX-20260531-RPHWMFRBFW/glbx-mdp3-20230306.mbp-1.dbn.zst	3fa2e77f692b89a6c8f67e2b1936ecd7632c3d47eb07232c2884d8b583a41e7e	DEVELOPMENT
/workspace/artifacts/reference/futures_mbp1/[Silver] GLBX-20260531-RPHWMFRBFW/glbx-mdp3-20230307.mbp-1.dbn.zst	5eb44be0ec1a185a5f25f8c93c3a6935cf22bce54d7ba8c8c621e4a557894080	DEVELOPMENT
/workspace/artifacts/reference/futures_mbp1/[Silver] GLBX-20260531-RPHWMFRBFW/glbx-mdp3-20230308.mbp-1.dbn.zst	56817fb34a3949e6bb1ff215f3343736b6867a7b45ed17b7593b523ae9ffea65	DEVELOPMENT
/workspace/artifacts/reference/futures_mbp1/[Silver] GLBX-20260531-RPHWMFRBFW/glbx-mdp3-20230309.mbp-1.dbn.zst	32a4118afcd837dc4a0fcd864098121709ff9c71f4c31cf37c677c0acd724a0f	DEVELOPMENT
/workspace/artifacts/reference/futures_mbp1/[Silver] GLBX-20260531-RPHWMFRBFW/glbx-mdp3-20230310.mbp-1.dbn.zst	116fd69e909c5a06bc1a487f4c96e8ad132e6173f535a1cdfbb7adf29595b235	DEVELOPMENT
/workspace/artifacts/reference/futures_mbp1/[Silver] GLBX-20260531-RPHWMFRBFW/glbx-mdp3-20230312.mbp-1.dbn.zst	a54269b0e20fe6fdfd038a9d47e409097fb481fd9c1821b74eb9155521181124	DEVELOPMENT
/workspace/artifacts/reference/futures_mbp1/[Silver] GLBX-20260531-RPHWMFRBFW/glbx-mdp3-20230313.mbp-1.dbn.zst	918c727d282b4df827fc852a12f4fd9eddda56391edaea40d3902bc5349c81a9	DEVELOPMENT
/workspace/artifacts/reference/futures_mbp1/[Silver] GLBX-20260531-RPHWMFRBFW/glbx-mdp3-20230314.mbp-1.dbn.zst	7a662f6a0741be047fc3a56a24f0323c9eb1a727d86cc7b29e3657e96d486c21	DEVELOPMENT
/workspace/artifacts/reference/futures_mbp1/[Silver] GLBX-20260531-RPHWMFRBFW/glbx-mdp3-20230315.mbp-1.dbn.zst	7da1533c72750810434e4aa49cc34c937ebc2711c74e381bfd338bf2c2208481	DEVELOPMENT
/workspace/artifacts/reference/futures_mbp1/[Silver] GLBX-20260531-RPHWMFRBFW/glbx-mdp3-20230316.mbp-1.dbn.zst	342cd1a3d2512e5b38e6bd04d08af2c8681be5f5f6f1aa51d3f79c4efd66b0c2	DEVELOPMENT
/workspace/artifacts/reference/futures_mbp1/[Silver] GLBX-20260531-RPHWMFRBFW/glbx-mdp3-20230317.mbp-1.dbn.zst	b876a76adf8580bd3d053915fc5c85f02b222b8e8d5eb5063b625c6aa96de15b	DEVELOPMENT
/workspace/artifacts/reference/futures_mbp1/[Silver] GLBX-20260531-RPHWMFRBFW/glbx-mdp3-20230319.mbp-1.dbn.zst	61be3e2e102b8115703d153947a2fe70e8f171cfffe67ee39569beb968732c74	DEVELOPMENT
/workspace/artifacts/reference/futures_mbp1/[Silver] GLBX-20260531-RPHWMFRBFW/glbx-mdp3-20230320.mbp-1.dbn.zst	c304bf86df5a971d195ffa5224a238e47b0f683ac39a94f64bf14920b2d90e41	DEVELOPMENT
/workspace/artifacts/reference/futures_mbp1/[Silver] GLBX-20260531-RPHWMFRBFW/glbx-mdp3-20230321.mbp-1.dbn.zst	fb916010479e1f2676a41b3d31f582daf6eeb0c1b070873ca214826abee2149e	DEVELOPMENT
/workspace/artifacts/reference/futures_mbp1/[Silver] GLBX-20260531-RPHWMFRBFW/glbx-mdp3-20230322.mbp-1.dbn.zst	bec4d2cb10d483233b1395fe4f1fdade9fa4237aa535eed0317a38179ed7d74f	DEVELOPMENT
/workspace/artifacts/reference/futures_mbp1/[Silver] GLBX-20260531-RPHWMFRBFW/glbx-mdp3-20230323.mbp-1.dbn.zst	c029414955ee7e4124921fea2c82f791d120ecbeb218218544e7cb2331d68eb3	DEVELOPMENT
/workspace/artifacts/reference/futures_mbp1/[Silver] GLBX-20260531-RPHWMFRBFW/glbx-mdp3-20230324.mbp-1.dbn.zst	575a2cf9f1e0961f1c7acd9f8c988ec8d14403d1f060ece1162e0c3cea184a45	DEVELOPMENT
/workspace/artifacts/reference/futures_mbp1/[Silver] GLBX-20260531-RPHWMFRBFW/glbx-mdp3-20230326.mbp-1.dbn.zst	c51c63f1c12e35d17cd53157e7b371674fb417a5380d471387723ee26dbe967b	DEVELOPMENT
/workspace/artifacts/reference/futures_mbp1/[Silver] GLBX-20260531-RPHWMFRBFW/glbx-mdp3-20230327.mbp-1.dbn.zst	18071db56a0ab1cc13f5a0cc7a44cbda41cb2d866603e6745c69202a143fb708	DEVELOPMENT
/workspace/artifacts/reference/futures_mbp1/[Silver] GLBX-20260531-RPHWMFRBFW/glbx-mdp3-20230328.mbp-1.dbn.zst	89e414dfebb480ff30ce9deb2ad7b3c86dae882ab11d5d90d3bb32246b350ef3	DEVELOPMENT
/workspace/artifacts/reference/futures_mbp1/[Silver] GLBX-20260531-RPHWMFRBFW/glbx-mdp3-20230329.mbp-1.dbn.zst	5fedac8e78ef2796b2388ae83daa12a85f6e299a690b5575335ed91995488953	DEVELOPMENT
/workspace/artifacts/reference/futures_mbp1/[Silver] GLBX-20260531-RPHWMFRBFW/glbx-mdp3-20230330.mbp-1.dbn.zst	a245f0d93ecc6fbc49aa8daa679fd64412bcc4da35c2f31d85ceb0b052c9d55b	DEVELOPMENT
/workspace/artifacts/reference/futures_mbp1/[Silver] GLBX-20260531-RPHWMFRBFW/glbx-mdp3-20230331.mbp-1.dbn.zst	2d6d70c5b64e62ebd8ca19cfea2a8faef7ce5bc1e8fe5731e3c6ffa84a577c68	DEVELOPMENT
/workspace/artifacts/reference/futures_mbp1/[Silver] GLBX-20260531-RPHWMFRBFW/glbx-mdp3-20230402.mbp-1.dbn.zst	d783f024baaeacb1b484c22bba6a60cc0260f6a39c7a62b594699a4815fb5e67	DEVELOPMENT
/workspace/artifacts/reference/futures_mbp1/[Silver] GLBX-20260531-RPHWMFRBFW/glbx-mdp3-20230403.mbp-1.dbn.zst	ebb846580e774b3fe49f8d8f01a7e6567f34bab2d3f282e19c2614e18f15f5da	DEVELOPMENT
/workspace/artifacts/reference/futures_mbp1/[Silver] GLBX-20260531-RPHWMFRBFW/glbx-mdp3-20230404.mbp-1.dbn.zst	3e66f22feb45f3b341a934ecf3feb95b2d490d124fd407c518b0edda673e6002	DEVELOPMENT
/workspace/artifacts/reference/futures_mbp1/[Silver] GLBX-20260531-RPHWMFRBFW/glbx-mdp3-20230405.mbp-1.dbn.zst	81bc9d0983795f22d7cea70b909b7d3a1a808381f6f2b6d72885f09d6e2377ac	DEVELOPMENT
/workspace/artifacts/reference/futures_mbp1/[Silver] GLBX-20260531-RPHWMFRBFW/glbx-mdp3-20230406.mbp-1.dbn.zst	9540944d07f08657dc39c6216f86f750f58f2dded06505c67e4e3b26c7b24d0c	DEVELOPMENT
/workspace/artifacts/reference/futures_mbp1/[Silver] GLBX-20260531-RPHWMFRBFW/glbx-mdp3-20230407.mbp-1.dbn.zst	26df2fd70ed45c3297b04e370489545224553fd59088e70f5ad3c599b600f950	DEVELOPMENT
/workspace/artifacts/reference/futures_mbp1/[Silver] GLBX-20260531-RPHWMFRBFW/glbx-mdp3-20230409.mbp-1.dbn.zst	ef545e8b25da0901e7278a50c384b25ea06188ba694cb6fd4954007ac80df3e3	DEVELOPMENT
/workspace/artifacts/reference/futures_mbp1/[Silver] GLBX-20260531-RPHWMFRBFW/glbx-mdp3-20230410.mbp-1.dbn.zst	fa663f4168727b1869711eef7f3ad847a86bc70a120c92d5cbe68a1239ae0b20	DEVELOPMENT
/workspace/artifacts/reference/futures_mbp1/[Silver] GLBX-20260531-RPHWMFRBFW/glbx-mdp3-20230411.mbp-1.dbn.zst	678845ccb281f49fb561f3ebef1e2b6162412ffdd0c2d246087ac74fc8b2a991	DEVELOPMENT
/workspace/artifacts/reference/futures_mbp1/[Silver] GLBX-20260531-RPHWMFRBFW/glbx-mdp3-20230412.mbp-1.dbn.zst	2af3593dd870f1c9c94d6594972f5c60c265092025ec117454f91477e4a52aa6	DEVELOPMENT
/workspace/artifacts/reference/futures_mbp1/[Silver] GLBX-20260531-RPHWMFRBFW/glbx-mdp3-20230413.mbp-1.dbn.zst	810e4a2592364a52ab75e3a208b35e67607e172534d1b483c9c388bc9140cd38	DEVELOPMENT
/workspace/artifacts/reference/futures_mbp1/[Silver] GLBX-20260531-RPHWMFRBFW/glbx-mdp3-20230414.mbp-1.dbn.zst	3e7ed29e3e4ded66f928614ba73462859ac724a47620d6b92065f7798b52258a	DEVELOPMENT
/workspace/artifacts/reference/futures_mbp1/[Silver] GLBX-20260531-RPHWMFRBFW/glbx-mdp3-20230416.mbp-1.dbn.zst	4f74c1151796c3252391796e12ca7153b8e0a876bfb8efcd5e258e1afd02b154	DEVELOPMENT
/workspace/artifacts/reference/futures_mbp1/[Silver] GLBX-20260531-RPHWMFRBFW/glbx-mdp3-20230417.mbp-1.dbn.zst	13f11cf589bef6a842f55dff142391780c8ff448765f3b88dd436eb93ead69c2	DEVELOPMENT
/workspace/artifacts/reference/futures_mbp1/[Silver] GLBX-20260531-RPHWMFRBFW/glbx-mdp3-20230418.mbp-1.dbn.zst	18732ce5ec6c2cc7a6d162629bdfb825b33e60eb3e3027aa125bfa267c6fc427	DEVELOPMENT
/workspace/artifacts/reference/futures_mbp1/[Silver] GLBX-20260531-RPHWMFRBFW/glbx-mdp3-20230419.mbp-1.dbn.zst	defaf0fc079634f2b2165eee21c8f8df84ee84d99463eedd3a320cd84d940425	DEVELOPMENT
/workspace/artifacts/reference/futures_mbp1/[Silver] GLBX-20260531-RPHWMFRBFW/glbx-mdp3-20230420.mbp-1.dbn.zst	9d2dffcb1e383d43768b74d3ff712b7d78bc17437e2ff4ed74e79a4960b8c899	DEVELOPMENT
/workspace/artifacts/reference/futures_mbp1/[Silver] GLBX-20260531-RPHWMFRBFW/glbx-mdp3-20230421.mbp-1.dbn.zst	02bb413a15e756640470279b4677a9fc338db4aaa0d73696fed9c1a72187e47a	DEVELOPMENT
/workspace/artifacts/reference/futures_mbp1/[Silver] GLBX-20260531-RPHWMFRBFW/glbx-mdp3-20230423.mbp-1.dbn.zst	6137294f92285c6e24eda0e9cb51e61bef86907af717ccf6d6448e0c0b99126e	DEVELOPMENT
/workspace/artifacts/reference/futures_mbp1/[Silver] GLBX-20260531-RPHWMFRBFW/glbx-mdp3-20230424.mbp-1.dbn.zst	6d1d42479c2d09a9743c9dddabe488b98e227e6b800d377ca81496ddf5f909b9	DEVELOPMENT
/workspace/artifacts/reference/futures_mbp1/[Silver] GLBX-20260531-RPHWMFRBFW/glbx-mdp3-20230425.mbp-1.dbn.zst	d782ff6f6b7fb7768c3f9a264db4d8df9bc687f50d779c5d04f419b6d79a9946	DEVELOPMENT
/workspace/artifacts/reference/futures_mbp1/[Silver] GLBX-20260531-RPHWMFRBFW/glbx-mdp3-20230426.mbp-1.dbn.zst	b1e5dbca16dfacffad5cba54f7978893166ea7b6aa519e2a36875940abf4fe8a	DEVELOPMENT
/workspace/artifacts/reference/futures_mbp1/[Silver] GLBX-20260531-RPHWMFRBFW/glbx-mdp3-20230427.mbp-1.dbn.zst	85efe0614a78a0ae6dfc0175cf5a0db29e4b0dde5b1118046bf9baaaf6f0123e	DEVELOPMENT
/workspace/artifacts/reference/futures_mbp1/[Silver] GLBX-20260531-RPHWMFRBFW/glbx-mdp3-20230428.mbp-1.dbn.zst	392c78c37ce585728ac19577ef233bd22eb37ea811d2dce68296002426eb03c9	DEVELOPMENT
/workspace/artifacts/reference/futures_mbp1/[Silver] GLBX-20260531-RPHWMFRBFW/glbx-mdp3-20230430.mbp-1.dbn.zst	b758cf28cac9ff1314009798088bf2fe66651e617e47fd42c4f6adceedfee1c4	DEVELOPMENT
/workspace/artifacts/reference/futures_mbp1/[Silver] GLBX-20260531-RPHWMFRBFW/glbx-mdp3-20230501.mbp-1.dbn.zst	24235d8809dd9de2b87749e3a863e85d7a05b9937c964a2be3c3b7515fafb149	DEVELOPMENT
/workspace/artifacts/reference/futures_mbp1/[Silver] GLBX-20260531-RPHWMFRBFW/glbx-mdp3-20230502.mbp-1.dbn.zst	349a320a818f04bb2f29c763f67f2ac8e9c7e438753a9fdf9cf7ee5881beae82	DEVELOPMENT
/workspace/artifacts/reference/futures_mbp1/[Silver] GLBX-20260531-RPHWMFRBFW/glbx-mdp3-20230503.mbp-1.dbn.zst	3b113349c09aa480133f7583740cc2d92256b3293144ed1284c042dabcd5bac4	DEVELOPMENT
/workspace/artifacts/reference/futures_mbp1/[Silver] GLBX-20260531-RPHWMFRBFW/glbx-mdp3-20230504.mbp-1.dbn.zst	663a8433ee8cf38b3efb43ccd15b80f15a3d006dd59a305b05e6e17912534744	DEVELOPMENT
/workspace/artifacts/reference/futures_mbp1/[Silver] GLBX-20260531-RPHWMFRBFW/glbx-mdp3-20230505.mbp-1.dbn.zst	dd728d449c540587aef6ebb853ccf7bb6090bbee5340bc2114bd011cde84d667	DEVELOPMENT
/workspace/artifacts/reference/futures_mbp1/[Silver] GLBX-20260531-RPHWMFRBFW/glbx-mdp3-20230507.mbp-1.dbn.zst	1b0377a6eb475ad3467e702024b086224bd920cccab298691f856c215ef2effb	DEVELOPMENT
/workspace/artifacts/reference/futures_mbp1/[Silver] GLBX-20260531-RPHWMFRBFW/glbx-mdp3-20230508.mbp-1.dbn.zst	09bbd93f85ac78b670ec2795028f0022d79c5978c7fbf99bd44b02bb58dc6da8	DEVELOPMENT
/workspace/artifacts/reference/futures_mbp1/[Silver] GLBX-20260531-RPHWMFRBFW/glbx-mdp3-20230509.mbp-1.dbn.zst	55f8704a2cd70e2f8222a8728b309bda17167cd43251f21c8f0b4cc853a1bc43	DEVELOPMENT
/workspace/artifacts/reference/futures_mbp1/[Silver] GLBX-20260531-RPHWMFRBFW/glbx-mdp3-20230510.mbp-1.dbn.zst	fae0dfbd9656c52c2121e18b22e283f7a7af55a979912438b279c77957ac9583	DEVELOPMENT
/workspace/artifacts/reference/futures_mbp1/[Silver] GLBX-20260531-RPHWMFRBFW/glbx-mdp3-20230511.mbp-1.dbn.zst	77f9bb563329fea732ab50b8afb0a5cc8525aaf0acac4f8124514658cc40a302	DEVELOPMENT
/workspace/artifacts/reference/futures_mbp1/[Silver] GLBX-20260531-RPHWMFRBFW/glbx-mdp3-20230512.mbp-1.dbn.zst	09b85b20f18e19909b713293c70de366ffc55a358a4119bc0f4aa573ef40ce35	DEVELOPMENT
/workspace/artifacts/reference/futures_mbp1/[Silver] GLBX-20260531-RPHWMFRBFW/glbx-mdp3-20230514.mbp-1.dbn.zst	1f082e4ab9eff24fc06242ff7b07f915cd4055d4cadde5a659c44db6d50c7ebe	DEVELOPMENT
/workspace/artifacts/reference/futures_mbp1/[Silver] GLBX-20260531-RPHWMFRBFW/glbx-mdp3-20230515.mbp-1.dbn.zst	19c39cd7fd5f93f3c5c1c87a5ffbe6e279b625f8ab48029aa222b8fd09f85797	DEVELOPMENT
/workspace/artifacts/reference/futures_mbp1/[Silver] GLBX-20260531-RPHWMFRBFW/glbx-mdp3-20230516.mbp-1.dbn.zst	4c239e0d78a9e292ab410d9126ee616cbb5c60a6c7a062ffd6787925dca13cde	DEVELOPMENT
/workspace/artifacts/reference/futures_mbp1/[Silver] GLBX-20260531-RPHWMFRBFW/glbx-mdp3-20230517.mbp-1.dbn.zst	343cd4d9355552064f1988b0d8e472afb45f798f4600d756e7f73c7f03b3ad26	DEVELOPMENT
/workspace/artifacts/reference/futures_mbp1/[Silver] GLBX-20260531-RPHWMFRBFW/glbx-mdp3-20230518.mbp-1.dbn.zst	e1c969fadfc4ee14078d9d6955c6aa837c006df8b7f3be3205a0be595d2e57d9	DEVELOPMENT
/workspace/artifacts/reference/futures_mbp1/[Silver] GLBX-20260531-RPHWMFRBFW/glbx-mdp3-20230519.mbp-1.dbn.zst	59df5a4e984c27246ebf122e0f7708e98cbbd39bf9a3f42b916b8db83977347d	DEVELOPMENT
/workspace/artifacts/reference/futures_mbp1/[Silver] GLBX-20260531-RPHWMFRBFW/glbx-mdp3-20230521.mbp-1.dbn.zst	56a9978e231282e6f25ac7d814a935dd7e69e1aaac93032f9f6f3be241939243	DEVELOPMENT
/workspace/artifacts/reference/futures_mbp1/[Silver] GLBX-20260531-RPHWMFRBFW/glbx-mdp3-20230522.mbp-1.dbn.zst	420bee738e05755afb35f9ab72f902bbe06690f351f91804c8b4f2ae1b7b8da0	DEVELOPMENT
/workspace/artifacts/reference/futures_mbp1/[Silver] GLBX-20260531-RPHWMFRBFW/glbx-mdp3-20230523.mbp-1.dbn.zst	a03f167c7c4aef7eba700dec0a0293566b5f9fa6b5a0ca8f33a4f761b01ef68d	DEVELOPMENT
/workspace/artifacts/reference/futures_mbp1/[Silver] GLBX-20260531-RPHWMFRBFW/glbx-mdp3-20230524.mbp-1.dbn.zst	b634d507c13c1c42b3142d36c55c0e7838cccc0e8add5c61b81d6c764bf99234	DEVELOPMENT
/workspace/artifacts/reference/futures_mbp1/[Silver] GLBX-20260531-RPHWMFRBFW/glbx-mdp3-20230525.mbp-1.dbn.zst	c4f038a4f8b4bd2161c1b524c294af67c79a75aaca537be93a3dd72b486f5558	DEVELOPMENT
/workspace/artifacts/reference/futures_mbp1/[Silver] GLBX-20260531-RPHWMFRBFW/glbx-mdp3-20230526.mbp-1.dbn.zst	2d1b710710193d8b85848598c24561be3d372ef6c7fe6f1eb10e0612fa5765b2	DEVELOPMENT
/workspace/artifacts/reference/futures_mbp1/[Silver] GLBX-20260531-RPHWMFRBFW/glbx-mdp3-20230528.mbp-1.dbn.zst	541b4f57de4bfb3159825953d9805cc47ce4376c0bf64881aa6c02236204983e	DEVELOPMENT
/workspace/artifacts/reference/futures_mbp1/[Silver] GLBX-20260531-RPHWMFRBFW/glbx-mdp3-20230529.mbp-1.dbn.zst	5b87e83c83abe4dff17ae5366e9d2ca30d85830a0dd40468afad7885a63291f7	DEVELOPMENT
/workspace/artifacts/reference/futures_mbp1/[Silver] GLBX-20260531-RPHWMFRBFW/glbx-mdp3-20230530.mbp-1.dbn.zst	9c4b039b2f703185095cf3ca3c46c3467453b636f80118bfb231bf55859758d8	DEVELOPMENT
/workspace/artifacts/reference/futures_mbp1/[Silver] GLBX-20260531-RPHWMFRBFW/glbx-mdp3-20230531.mbp-1.dbn.zst	058804ad58e4729e7399df822b4dd97b87e23b569051fdf814df8c3224403ebd	DEVELOPMENT
/workspace/artifacts/reference/futures_mbp1/[Silver] GLBX-20260531-RPHWMFRBFW/glbx-mdp3-20230601.mbp-1.dbn.zst	ed16ecfe281050aafb4fbc7bf578abfdd438ff0a7ef07a4e54bf93ba6b4ac429	DEVELOPMENT
/workspace/artifacts/reference/futures_mbp1/[Silver] GLBX-20260531-RPHWMFRBFW/glbx-mdp3-20230602.mbp-1.dbn.zst	e873a5db165b166b64d58bb5ea4e47973f5a32ce8553f96e811e847a612ec11c	DEVELOPMENT
/workspace/artifacts/reference/futures_mbp1/[Silver] GLBX-20260531-RPHWMFRBFW/glbx-mdp3-20230604.mbp-1.dbn.zst	f76af4c0cbab1357b5a414904027e79d84e35df4ef620c5870464c51f7974b97	DEVELOPMENT
/workspace/artifacts/reference/futures_mbp1/[Silver] GLBX-20260531-RPHWMFRBFW/glbx-mdp3-20230605.mbp-1.dbn.zst	1bdcec1e69c79d26e18bda6aad4c448c76ec5b5cfe57c02fb33d9909fb9e1bd9	DEVELOPMENT
/workspace/artifacts/reference/futures_mbp1/[Silver] GLBX-20260531-RPHWMFRBFW/glbx-mdp3-20230606.mbp-1.dbn.zst	8598b0e55ad2365aa7cb211bcbb0a694dcb51fd3532904638bea2eb89955169f	DEVELOPMENT
/workspace/artifacts/reference/futures_mbp1/[Silver] GLBX-20260531-RPHWMFRBFW/glbx-mdp3-20230607.mbp-1.dbn.zst	cec612465fad9ae3b9f01cf5ec56c738c844e8450b5cff95cf2a4169d95d44f4	DEVELOPMENT
/workspace/artifacts/reference/futures_mbp1/[Silver] GLBX-20260531-RPHWMFRBFW/glbx-mdp3-20230608.mbp-1.dbn.zst	12a3064ba34b3b1be7cf2247d9987a60cda305b6c038fbafcc39d3fc8a59c385	DEVELOPMENT
/workspace/artifacts/reference/futures_mbp1/[Silver] GLBX-20260531-RPHWMFRBFW/glbx-mdp3-20230609.mbp-1.dbn.zst	48dee7911f9bd052673a8b26664039e2b015602025dba12477175ce14ffd119f	DEVELOPMENT
/workspace/artifacts/reference/futures_mbp1/[Silver] GLBX-20260531-RPHWMFRBFW/glbx-mdp3-20230611.mbp-1.dbn.zst	50e31f0caf95635d1b3fc1ce7ad326ab2d975d8fdbbc60b56d1a81e1efe03680	DEVELOPMENT
/workspace/artifacts/reference/futures_mbp1/[Silver] GLBX-20260531-RPHWMFRBFW/glbx-mdp3-20230612.mbp-1.dbn.zst	af8fd9fe02e0161d0691fce6b9cf2b5f56af5465d88e9d9f94c6670a3659348e	DEVELOPMENT
/workspace/artifacts/reference/futures_mbp1/[Silver] GLBX-20260531-RPHWMFRBFW/glbx-mdp3-20230613.mbp-1.dbn.zst	197a68d6af342cf8f67e2028086e5efabc96b5ab55184388892e804614b5826d	DEVELOPMENT
/workspace/artifacts/reference/futures_mbp1/[Silver] GLBX-20260531-RPHWMFRBFW/glbx-mdp3-20230614.mbp-1.dbn.zst	97bac029871e49e44ad53da790db8a56d2a270292917c954365e8b941d942ac9	DEVELOPMENT
/workspace/artifacts/reference/futures_mbp1/[Silver] GLBX-20260531-RPHWMFRBFW/glbx-mdp3-20230615.mbp-1.dbn.zst	07049b7e650f01bfcdfa01cdad5b0d0908d229cd4be0bf1a202f670ab9924dc6	DEVELOPMENT
/workspace/artifacts/reference/futures_mbp1/[Silver] GLBX-20260531-RPHWMFRBFW/glbx-mdp3-20230616.mbp-1.dbn.zst	0c93bf822eb7b0376c0ffe6263da4a380f7b969dc07b3c7e955de9e833d51149	DEVELOPMENT
/workspace/artifacts/reference/futures_mbp1/[Silver] GLBX-20260531-RPHWMFRBFW/glbx-mdp3-20230618.mbp-1.dbn.zst	a1f48348177c40742c0945bcaf363ebd22140f66c76ceed64c83d418e71e39e0	DEVELOPMENT
/workspace/artifacts/reference/futures_mbp1/[Silver] GLBX-20260531-RPHWMFRBFW/glbx-mdp3-20230619.mbp-1.dbn.zst	c64d2e14f08430672699b99f96cbd2623375097c9da2106a5ab1ed4b58ad7bdc	DEVELOPMENT
/workspace/artifacts/reference/futures_mbp1/[Silver] GLBX-20260531-RPHWMFRBFW/glbx-mdp3-20230620.mbp-1.dbn.zst	9465987cef60d084a4e68a061f9fb74adadf6001565000c336857371401d1fab	DEVELOPMENT
/workspace/artifacts/reference/futures_mbp1/[Silver] GLBX-20260531-RPHWMFRBFW/glbx-mdp3-20230621.mbp-1.dbn.zst	552461a4de11301292bc76d952cf76851612730f3e540d352287ba4606a871f6	DEVELOPMENT
/workspace/artifacts/reference/futures_mbp1/[Silver] GLBX-20260531-RPHWMFRBFW/glbx-mdp3-20230622.mbp-1.dbn.zst	37638248660baf4c859609789908ef06a6fadb71416092e5668081ce7e2120bb	DEVELOPMENT
/workspace/artifacts/reference/futures_mbp1/[Silver] GLBX-20260531-RPHWMFRBFW/glbx-mdp3-20230623.mbp-1.dbn.zst	01e87632ade96126251a25beca60696c8ab46cc4f13161d78543cb7df7c972af	DEVELOPMENT
/workspace/artifacts/reference/futures_mbp1/[Silver] GLBX-20260531-RPHWMFRBFW/glbx-mdp3-20230625.mbp-1.dbn.zst	256836c34c81d4f6bf28c936d96623876890daf4335bdefa653dbfae8420120c	DEVELOPMENT
/workspace/artifacts/reference/futures_mbp1/[Silver] GLBX-20260531-RPHWMFRBFW/glbx-mdp3-20230626.mbp-1.dbn.zst	baf155271b5204e1005af30160cdf9e091080aca9d16c6b78575992731316911	DEVELOPMENT
/workspace/artifacts/reference/futures_mbp1/[Silver] GLBX-20260531-RPHWMFRBFW/glbx-mdp3-20230627.mbp-1.dbn.zst	eaf2f0ec683e6e033eab540cff904afc5eacb5c4e7e2e73d85b08bfc75279308	DEVELOPMENT
/workspace/artifacts/reference/futures_mbp1/[Silver] GLBX-20260531-RPHWMFRBFW/glbx-mdp3-20230628.mbp-1.dbn.zst	2f7fcdc8cf23590d7aa01f1ae62a36216bd1913f240e091e97f3944e11406166	DEVELOPMENT
/workspace/artifacts/reference/futures_mbp1/[Silver] GLBX-20260531-RPHWMFRBFW/glbx-mdp3-20230629.mbp-1.dbn.zst	6336c875914c1144e0e7b3541b3d574fa3c039e037863bcd1a2336e146e42efb	DEVELOPMENT
/workspace/artifacts/reference/futures_mbp1/[Silver] GLBX-20260531-RPHWMFRBFW/glbx-mdp3-20230630.mbp-1.dbn.zst	9f9cf76ee6ef47a9aabbb1b5b3e07eae195b8daacdf2c71b2838a9e59e8606dc	DEVELOPMENT
/workspace/artifacts/reference/futures_mbp1/[Silver] GLBX-20260531-RPHWMFRBFW/glbx-mdp3-20230702.mbp-1.dbn.zst	bc66a57245f59c5f13e7683caa82a906d8962f1a5d00e1c37a00a01fc81a0d1d	DEVELOPMENT
/workspace/artifacts/reference/futures_mbp1/[Silver] GLBX-20260531-RPHWMFRBFW/glbx-mdp3-20230703.mbp-1.dbn.zst	8218da0ba95b30c07fa3c4f0ec1e092aa8d6d84da7030309dca6329921d57f1e	DEVELOPMENT
/workspace/artifacts/reference/futures_mbp1/[Silver] GLBX-20260531-RPHWMFRBFW/glbx-mdp3-20230704.mbp-1.dbn.zst	b55d2a1fde73fccdbb2695d2986846a2d1d9d39f0bb490066f8c2784226c2d2a	DEVELOPMENT
/workspace/artifacts/reference/futures_mbp1/[Silver] GLBX-20260531-RPHWMFRBFW/glbx-mdp3-20230705.mbp-1.dbn.zst	d62ae1dc7e71b2935f60bff66e9caea986cdba999d232ac67da4b6f08810f526	DEVELOPMENT
/workspace/artifacts/reference/futures_mbp1/[Silver] GLBX-20260531-RPHWMFRBFW/glbx-mdp3-20230706.mbp-1.dbn.zst	5c220490867019f6be7a60e1572c534abf6897afa5ee1e1d28c53600b9edd11c	DEVELOPMENT
/workspace/artifacts/reference/futures_mbp1/[Silver] GLBX-20260531-RPHWMFRBFW/glbx-mdp3-20230707.mbp-1.dbn.zst	8760e7425eb265e1934f56f7b44132271139cebbf5982bc9cfba7fae0763a7a3	DEVELOPMENT
/workspace/artifacts/reference/futures_mbp1/[Silver] GLBX-20260531-RPHWMFRBFW/glbx-mdp3-20230709.mbp-1.dbn.zst	16dcb95bb78dad00d6bdf6bd59c32f165f6989bddd2170b6da44f415ee59e747	DEVELOPMENT
/workspace/artifacts/reference/futures_mbp1/[Silver] GLBX-20260531-RPHWMFRBFW/glbx-mdp3-20230710.mbp-1.dbn.zst	11ddf5313ff240738dfe37519ff513d9e4208930d73f1b4ae75c1784d86b906d	DEVELOPMENT
/workspace/artifacts/reference/futures_mbp1/[Silver] GLBX-20260531-RPHWMFRBFW/glbx-mdp3-20230711.mbp-1.dbn.zst	4734caaa9209aa7a8993001794bb37fe7183facbded5e6811bcefdd576fe1f35	DEVELOPMENT
/workspace/artifacts/reference/futures_mbp1/[Silver] GLBX-20260531-RPHWMFRBFW/glbx-mdp3-20230712.mbp-1.dbn.zst	cfa027b0bb3e5723efc07553746e59a66af993e381ea0652a7d9585ba0fd85b7	DEVELOPMENT
/workspace/artifacts/reference/futures_mbp1/[Silver] GLBX-20260531-RPHWMFRBFW/glbx-mdp3-20230713.mbp-1.dbn.zst	b699c7311aca3520fe28e9e6024a7bed81721c00b69e9ab74cf23dfe1b385e83	DEVELOPMENT
/workspace/artifacts/reference/futures_mbp1/[Silver] GLBX-20260531-RPHWMFRBFW/glbx-mdp3-20230714.mbp-1.dbn.zst	9536001962f779e14acd48c8aecf5fb8168d5820f51b85d7dc4eef6dc49be035	DEVELOPMENT
/workspace/artifacts/reference/futures_mbp1/[Silver] GLBX-20260531-RPHWMFRBFW/glbx-mdp3-20230716.mbp-1.dbn.zst	c6c5564d95a6c0d2d0d937fffd81cb0e35351c624f443b7ea9e7b96ec6c4a4be	DEVELOPMENT
/workspace/artifacts/reference/futures_mbp1/[Silver] GLBX-20260531-RPHWMFRBFW/glbx-mdp3-20230717.mbp-1.dbn.zst	02f0d7c74f8a7f1c4c09fbed003a07b1521637b054421d95dddd336617e9ed31	DEVELOPMENT
/workspace/artifacts/reference/futures_mbp1/[Silver] GLBX-20260531-RPHWMFRBFW/glbx-mdp3-20230718.mbp-1.dbn.zst	54478e5b4c0299cad82f673e925bf1821cc3c9bc260dcdd975a7560c7843e3f6	DEVELOPMENT
/workspace/artifacts/reference/futures_mbp1/[Silver] GLBX-20260531-RPHWMFRBFW/glbx-mdp3-20230719.mbp-1.dbn.zst	017cbeed758c5e2926ed5783888c610c9695fdae4fabaf3b319b60f270783cd5	DEVELOPMENT
/workspace/artifacts/reference/futures_mbp1/[Silver] GLBX-20260531-RPHWMFRBFW/glbx-mdp3-20230720.mbp-1.dbn.zst	5992d709269e9941f815982a4f084bfc6bc7fb18b927ead06b073163617f172e	DEVELOPMENT
/workspace/artifacts/reference/futures_mbp1/[Silver] GLBX-20260531-RPHWMFRBFW/glbx-mdp3-20230721.mbp-1.dbn.zst	5e278112e78d36f72897470981ff3052a38c5e74658721dd9d61e1627c4e85e9	DEVELOPMENT
/workspace/artifacts/reference/futures_mbp1/[Silver] GLBX-20260531-RPHWMFRBFW/glbx-mdp3-20230723.mbp-1.dbn.zst	df6d2df2630f9da10e37322fade3cfd043240c895bc3c27bca18657a9b0e18ff	DEVELOPMENT
/workspace/artifacts/reference/futures_mbp1/[Silver] GLBX-20260531-RPHWMFRBFW/glbx-mdp3-20230724.mbp-1.dbn.zst	92f93a59bf51a36090b672e8784bd68aef33b845cbf65838ff65a6619d75ce9a	DEVELOPMENT
/workspace/artifacts/reference/futures_mbp1/[Silver] GLBX-20260531-RPHWMFRBFW/glbx-mdp3-20230725.mbp-1.dbn.zst	2424d8bb9afa7dcd66377ae0754668ec0aa78f523be37e56b9341986c8ca4a58	DEVELOPMENT
/workspace/artifacts/reference/futures_mbp1/[Silver] GLBX-20260531-RPHWMFRBFW/glbx-mdp3-20230726.mbp-1.dbn.zst	7495ce2d6f6d9c7bc5d3dab69f1bada7ae6125ed1ae79bad23667586ae6cbf03	DEVELOPMENT
/workspace/artifacts/reference/futures_mbp1/[Silver] GLBX-20260531-RPHWMFRBFW/glbx-mdp3-20230727.mbp-1.dbn.zst	5da4400f1c8f7a25d5f69c36a34f298097a8e0a8dcce198c7752257b790ba5d0	DEVELOPMENT
/workspace/artifacts/reference/futures_mbp1/[Silver] GLBX-20260531-RPHWMFRBFW/glbx-mdp3-20230728.mbp-1.dbn.zst	9b0f45c051703b74324e5487c09fc997ce1dab23a2bf409f2583486a13362b90	DEVELOPMENT
/workspace/artifacts/reference/futures_mbp1/[Silver] GLBX-20260531-RPHWMFRBFW/glbx-mdp3-20230730.mbp-1.dbn.zst	5ebb88fffcd9dd85cd38f5add69b967e636a5214aa539d2a7db2df8c7122292f	DEVELOPMENT
/workspace/artifacts/reference/futures_mbp1/[Silver] GLBX-20260531-RPHWMFRBFW/glbx-mdp3-20230731.mbp-1.dbn.zst	8f8b7400b7c84f12c894c212b87779b2352fd4aaa4c4fb107ac17cd8b42d8893	DEVELOPMENT
/workspace/artifacts/reference/futures_mbp1/[Silver] GLBX-20260531-RPHWMFRBFW/glbx-mdp3-20230801.mbp-1.dbn.zst	e320d493ef6ae4f3806d6b4e86d8f35d1c9caf8394e956ebaf5b25bcc2d71ad2	DEVELOPMENT
/workspace/artifacts/reference/futures_mbp1/[Silver] GLBX-20260531-RPHWMFRBFW/glbx-mdp3-20230802.mbp-1.dbn.zst	92b4de1250dcc8aae024e3c648cdab51f8d955ec6a885a5eb9a542040bc4f631	DEVELOPMENT
/workspace/artifacts/reference/futures_mbp1/[Silver] GLBX-20260531-RPHWMFRBFW/glbx-mdp3-20230803.mbp-1.dbn.zst	399ef56f89c556a0c2e6a916975201d78d4f610d74e671054e2c4a079592f84b	DEVELOPMENT
/workspace/artifacts/reference/futures_mbp1/[Silver] GLBX-20260531-RPHWMFRBFW/glbx-mdp3-20230804.mbp-1.dbn.zst	7c851713a03edce766f2a1286f57366419888dc3515675fb8953e87bf0c74b47	DEVELOPMENT
/workspace/artifacts/reference/futures_mbp1/[Silver] GLBX-20260531-RPHWMFRBFW/glbx-mdp3-20230806.mbp-1.dbn.zst	265bac141b38f3f3298555f8213d7bdc9e48a97789f543d0460635eff8994a12	DEVELOPMENT
/workspace/artifacts/reference/futures_mbp1/[Silver] GLBX-20260531-RPHWMFRBFW/glbx-mdp3-20230807.mbp-1.dbn.zst	c11220b7f5073896ac5c87a26b11410420a1fc81030b36679cc6796bdbb8c89c	DEVELOPMENT
/workspace/artifacts/reference/futures_mbp1/[Silver] GLBX-20260531-RPHWMFRBFW/glbx-mdp3-20230808.mbp-1.dbn.zst	77b2db0ecac82e4f23801429fe7896abf51d1cc8c8951a4dd00e88fb842c8fc2	DEVELOPMENT
/workspace/artifacts/reference/futures_mbp1/[Silver] GLBX-20260531-RPHWMFRBFW/glbx-mdp3-20230809.mbp-1.dbn.zst	ae9b66dca540a8ea6df4c2a1b31eff44ad53608eea654730b12d0fc655e71633	DEVELOPMENT
/workspace/artifacts/reference/futures_mbp1/[Silver] GLBX-20260531-RPHWMFRBFW/glbx-mdp3-20230810.mbp-1.dbn.zst	7a1befb8c9dbc0073cdf75c301c3b96419d20b9569c513620f57ed84d774f2d5	DEVELOPMENT
/workspace/artifacts/reference/futures_mbp1/[Silver] GLBX-20260531-RPHWMFRBFW/glbx-mdp3-20230811.mbp-1.dbn.zst	d01c7627abb2e65a6a5e058aa6a4f36dc380d5ae1ff44b6542de2ad26afed0a2	DEVELOPMENT
/workspace/artifacts/reference/futures_mbp1/[Silver] GLBX-20260531-RPHWMFRBFW/glbx-mdp3-20230813.mbp-1.dbn.zst	08d75563a9bed79d7487bd43d9c9f1bd8a213998f2f0b981bc77be4eca3df76b	DEVELOPMENT
/workspace/artifacts/reference/futures_mbp1/[Silver] GLBX-20260531-RPHWMFRBFW/glbx-mdp3-20230814.mbp-1.dbn.zst	94b628fe85e3123812179bac956304620cf1fa9980ab37d942ce117389c4c515	DEVELOPMENT
/workspace/artifacts/reference/futures_mbp1/[Silver] GLBX-20260531-RPHWMFRBFW/glbx-mdp3-20230815.mbp-1.dbn.zst	be821f20c6b3293632668ccbd908e569238b3ca1f1b0b576abd52f05ccc193f0	DEVELOPMENT
/workspace/artifacts/reference/futures_mbp1/[Silver] GLBX-20260531-RPHWMFRBFW/glbx-mdp3-20230816.mbp-1.dbn.zst	6644244c37fb1b94b7a44b03bd45a48375ea36bd9cdc5b4e596bb029b8e580a5	DEVELOPMENT
/workspace/artifacts/reference/futures_mbp1/[Silver] GLBX-20260531-RPHWMFRBFW/glbx-mdp3-20230817.mbp-1.dbn.zst	1c76c99c979d124b7191022a4970d9dd3179f021a39933967c8fbeb74941f543	DEVELOPMENT
/workspace/artifacts/reference/futures_mbp1/[Silver] GLBX-20260531-RPHWMFRBFW/glbx-mdp3-20230818.mbp-1.dbn.zst	de036d79959608512e30a8d031a98d9d33155187811b8e891d4d354eaf6a7948	DEVELOPMENT
/workspace/artifacts/reference/futures_mbp1/[Silver] GLBX-20260531-RPHWMFRBFW/glbx-mdp3-20230820.mbp-1.dbn.zst	5c28b3f368b3470c9ab9c330b16641d60b10189152868f0260085fc6e28766e8	DEVELOPMENT
/workspace/artifacts/reference/futures_mbp1/[Silver] GLBX-20260531-RPHWMFRBFW/glbx-mdp3-20230821.mbp-1.dbn.zst	28ca88ce63cc796909d1d34b5d5399f67ee1b99852536da5e762e9c58f92ec2e	DEVELOPMENT
/workspace/artifacts/reference/futures_mbp1/[Silver] GLBX-20260531-RPHWMFRBFW/glbx-mdp3-20230822.mbp-1.dbn.zst	83064f03cf3708d06d5d72957ef700c7e26af71d8dbe68bbbe8819def0a6bdcd	DEVELOPMENT
/workspace/artifacts/reference/futures_mbp1/[Silver] GLBX-20260531-RPHWMFRBFW/glbx-mdp3-20230823.mbp-1.dbn.zst	86e4c7646b9bf0e05c1cd91f17d2c1f460cd564b5198ccc9ceaf7d03d5096104	DEVELOPMENT
/workspace/artifacts/reference/futures_mbp1/[Silver] GLBX-20260531-RPHWMFRBFW/glbx-mdp3-20230824.mbp-1.dbn.zst	20275e5da9a41fbf70086d061d6c32e410ca32674ce6fd82d170becc2c59d567	DEVELOPMENT
/workspace/artifacts/reference/futures_mbp1/[Silver] GLBX-20260531-RPHWMFRBFW/glbx-mdp3-20230825.mbp-1.dbn.zst	9b29308c1737b5c074ac5d62a0cb6fdc0f23be11c13e2c11a6fc843fe6cb575c	DEVELOPMENT
/workspace/artifacts/reference/futures_mbp1/[Silver] GLBX-20260531-RPHWMFRBFW/glbx-mdp3-20230827.mbp-1.dbn.zst	b29d192ea49f2a97c9e17cccbe15f6ae2fa04d51e9e1d68f9839b0815d0d1eeb	DEVELOPMENT
/workspace/artifacts/reference/futures_mbp1/[Silver] GLBX-20260531-RPHWMFRBFW/glbx-mdp3-20230828.mbp-1.dbn.zst	694248807f3617a0b07a4100a15387bd384fe83ef17a4d824c51d199f0895579	DEVELOPMENT
/workspace/artifacts/reference/futures_mbp1/[Silver] GLBX-20260531-RPHWMFRBFW/glbx-mdp3-20230829.mbp-1.dbn.zst	77c03fc07995fcc5ea76495b94120388c1a9280a29fe200b7ed4496097adef8a	DEVELOPMENT
/workspace/artifacts/reference/futures_mbp1/[Silver] GLBX-20260531-RPHWMFRBFW/glbx-mdp3-20230830.mbp-1.dbn.zst	b6c87d7f353bb51a846a3e003ea8ec98f81a4740defc99bd10f5f4514acee06a	DEVELOPMENT
/workspace/artifacts/reference/futures_mbp1/[Silver] GLBX-20260531-RPHWMFRBFW/glbx-mdp3-20230831.mbp-1.dbn.zst	3f9d46621cdaf25455adec6fdb59d7d9d72383fd93230ed9043adca09c092a5d	DEVELOPMENT
/workspace/artifacts/reference/futures_mbp1/[Silver] GLBX-20260531-RPHWMFRBFW/glbx-mdp3-20230901.mbp-1.dbn.zst	1dbf536143447d86761b7aa785fc0c55d00706b3b20414f331dd46cf0e188adb	DEVELOPMENT
/workspace/artifacts/reference/futures_mbp1/[Silver] GLBX-20260531-RPHWMFRBFW/glbx-mdp3-20230903.mbp-1.dbn.zst	6efa93f1a5ef1ae23fce7309f8fa5298b76a0a276fbb843f8796752485bfb924	DEVELOPMENT
/workspace/artifacts/reference/futures_mbp1/[Silver] GLBX-20260531-RPHWMFRBFW/glbx-mdp3-20230904.mbp-1.dbn.zst	53fdaafcd122024387857374f9893bfd57df1aeb81f15325ea8f5ac3e605f9cf	DEVELOPMENT
/workspace/artifacts/reference/futures_mbp1/[Silver] GLBX-20260531-RPHWMFRBFW/glbx-mdp3-20230905.mbp-1.dbn.zst	0dcf6f9a0e4bb015dc669baea825fdb1ba94a989a2e02cf7fec6b9faca5c9fd9	DEVELOPMENT
/workspace/artifacts/reference/futures_mbp1/[Silver] GLBX-20260531-RPHWMFRBFW/glbx-mdp3-20230906.mbp-1.dbn.zst	d92e9492f3ccdcf4dc0508d01f835ca541af72a1adb50b94351ed75a64b712b8	DEVELOPMENT
/workspace/artifacts/reference/futures_mbp1/[Silver] GLBX-20260531-RPHWMFRBFW/glbx-mdp3-20230907.mbp-1.dbn.zst	3180a34003a902b95be32576d7f1dac67d2727f03caebe3506fdfe470196ad07	DEVELOPMENT
/workspace/artifacts/reference/futures_mbp1/[Silver] GLBX-20260531-RPHWMFRBFW/glbx-mdp3-20230908.mbp-1.dbn.zst	99f36f8453997e5b2f255f56b1cabd18df24dab79e36f209f4605750015e820a	DEVELOPMENT
/workspace/artifacts/reference/futures_mbp1/[Silver] GLBX-20260531-RPHWMFRBFW/glbx-mdp3-20230910.mbp-1.dbn.zst	ae3b3919c0cedaa4d3c242e83c3f7970d95d91f7124401ef693cfb14060fd88f	DEVELOPMENT
/workspace/artifacts/reference/futures_mbp1/[Silver] GLBX-20260531-RPHWMFRBFW/glbx-mdp3-20230911.mbp-1.dbn.zst	d4db41eb66d0601f2b093824cd5c4d61784903f6cfd731e07e63bbb2673a2981	DEVELOPMENT
/workspace/artifacts/reference/futures_mbp1/[Silver] GLBX-20260531-RPHWMFRBFW/glbx-mdp3-20230912.mbp-1.dbn.zst	271b3cd9fbfce5057b78c0a14c8c6a75579b26252217046cc20f8c8ff7877e16	DEVELOPMENT
/workspace/artifacts/reference/futures_mbp1/[Silver] GLBX-20260531-RPHWMFRBFW/glbx-mdp3-20230913.mbp-1.dbn.zst	6842bec0aac9d1370446f31b8b15fb414346987e8e7c7b35005e38de6aeccf93	DEVELOPMENT
/workspace/artifacts/reference/futures_mbp1/[Silver] GLBX-20260531-RPHWMFRBFW/glbx-mdp3-20230914.mbp-1.dbn.zst	89c16c6325f2f9da7c56abce64e1e9cd76a25df9d4acc42fb795b3d1cb07d09f	DEVELOPMENT
/workspace/artifacts/reference/futures_mbp1/[Silver] GLBX-20260531-RPHWMFRBFW/glbx-mdp3-20230915.mbp-1.dbn.zst	e9133d57f588ab16f40a0bf391a1208950f9ffab4ba189306a45b4cca9bc2d42	DEVELOPMENT
/workspace/artifacts/reference/futures_mbp1/[Silver] GLBX-20260531-RPHWMFRBFW/glbx-mdp3-20230917.mbp-1.dbn.zst	967bf9e56a7a95fb74ef6d8ca35e38a1a54c2394f701bdf7c7e9be705f09827d	DEVELOPMENT
/workspace/artifacts/reference/futures_mbp1/[Silver] GLBX-20260531-RPHWMFRBFW/glbx-mdp3-20230918.mbp-1.dbn.zst	38638528152c50a291741f7f5c92f277bb9d3105ea3ddf8e58be8142a87b70c8	DEVELOPMENT
/workspace/artifacts/reference/futures_mbp1/[Silver] GLBX-20260531-RPHWMFRBFW/glbx-mdp3-20230919.mbp-1.dbn.zst	77e01a8bc6562a8a3913305eb1fa0b6b5af319e9b09e707afe6948c5700a2976	DEVELOPMENT
/workspace/artifacts/reference/futures_mbp1/[Silver] GLBX-20260531-RPHWMFRBFW/glbx-mdp3-20230920.mbp-1.dbn.zst	9843706fc4ac592072339c7b42701eab37b0638ba306ba1c9651f199289b9592	DEVELOPMENT
/workspace/artifacts/reference/futures_mbp1/[Silver] GLBX-20260531-RPHWMFRBFW/glbx-mdp3-20230921.mbp-1.dbn.zst	f63d8a7017761c0c818abfd1480a2ef5481314352e014bc417a0a34c8bfe1f1f	DEVELOPMENT
/workspace/artifacts/reference/futures_mbp1/[Silver] GLBX-20260531-RPHWMFRBFW/glbx-mdp3-20230922.mbp-1.dbn.zst	f9ce2e06d5453251cfabdf896316dfe95e275df232d7bd8b1ca59c114ddbba15	DEVELOPMENT
/workspace/artifacts/reference/futures_mbp1/[Silver] GLBX-20260531-RPHWMFRBFW/glbx-mdp3-20230924.mbp-1.dbn.zst	39a975219cb72541e7ce392461ca43cf5668f0b1f4a28297b8ee982c5b8b722c	DEVELOPMENT
/workspace/artifacts/reference/futures_mbp1/[Silver] GLBX-20260531-RPHWMFRBFW/glbx-mdp3-20230925.mbp-1.dbn.zst	1abda915d49e25bd27d3118ddc9c4dc2e87538d20fe274a77511f76146870c11	DEVELOPMENT
/workspace/artifacts/reference/futures_mbp1/[Silver] GLBX-20260531-RPHWMFRBFW/glbx-mdp3-20230926.mbp-1.dbn.zst	6f8f5a8a40fac301262a36c06427f54e3f545098309b83af84ef70abad47a5e3	DEVELOPMENT
/workspace/artifacts/reference/futures_mbp1/[Silver] GLBX-20260531-RPHWMFRBFW/glbx-mdp3-20230927.mbp-1.dbn.zst	1f7d879be8537ae95733cab21554f01ae7509490f36fffdf40991855c47914a3	DEVELOPMENT
/workspace/artifacts/reference/futures_mbp1/[Silver] GLBX-20260531-RPHWMFRBFW/glbx-mdp3-20230928.mbp-1.dbn.zst	7cbe6c03056a987b5ad4432f92d18413235ae7b0ad0a09a363889e642fae3abf	DEVELOPMENT
/workspace/artifacts/reference/futures_mbp1/[Silver] GLBX-20260531-RPHWMFRBFW/glbx-mdp3-20230929.mbp-1.dbn.zst	e3de1a3a887a9cceffdf80f7cb9252b76d1a44a0f8e2eabf517ab08c77fa04f8	DEVELOPMENT
/workspace/artifacts/reference/futures_mbp1/[Silver] GLBX-20260531-RPHWMFRBFW/glbx-mdp3-20231001.mbp-1.dbn.zst	802e8e397b5160f4565fa4263f0830b1914e7380382e8ae6653503e54486aaa1	DEVELOPMENT
/workspace/artifacts/reference/futures_mbp1/[Silver] GLBX-20260531-RPHWMFRBFW/glbx-mdp3-20231002.mbp-1.dbn.zst	32022d85775dd6fcef8ace6e0baf26adc53c49bc487526ed02ffcf978ac06b4b	DEVELOPMENT
/workspace/artifacts/reference/futures_mbp1/[Silver] GLBX-20260531-RPHWMFRBFW/glbx-mdp3-20231003.mbp-1.dbn.zst	d65e503d1b0b5ba1d128530545967a5e840d91165c57e369c9545ac1423d0c8a	DEVELOPMENT
/workspace/artifacts/reference/futures_mbp1/[Silver] GLBX-20260531-RPHWMFRBFW/glbx-mdp3-20231004.mbp-1.dbn.zst	ff15929230651ef83194c6b8a1b52c5892b6eb2f0fbae354b2704cf84751ab55	DEVELOPMENT
/workspace/artifacts/reference/futures_mbp1/[Silver] GLBX-20260531-RPHWMFRBFW/glbx-mdp3-20231005.mbp-1.dbn.zst	376f1dd00bdfc36817c217dccf6ba67e5fcabbbf3a26426b1aa166c96904a137	DEVELOPMENT
/workspace/artifacts/reference/futures_mbp1/[Silver] GLBX-20260531-RPHWMFRBFW/glbx-mdp3-20231006.mbp-1.dbn.zst	8b4e8feaadbbc14ed092958515ce5b6a8e3fac50cfc456306a95b1a53d9e7f7e	DEVELOPMENT
/workspace/artifacts/reference/futures_mbp1/[Silver] GLBX-20260531-RPHWMFRBFW/glbx-mdp3-20231008.mbp-1.dbn.zst	75d82a49220e1b66cec9c705934b12289c76db83cdfa4ba85235197f7c39064f	DEVELOPMENT
/workspace/artifacts/reference/futures_mbp1/[Silver] GLBX-20260531-RPHWMFRBFW/glbx-mdp3-20231009.mbp-1.dbn.zst	b64c7ef51a39fc447a012b5704e898dcdf2ce75e35d9bcbd8694922b73194cbd	DEVELOPMENT
/workspace/artifacts/reference/futures_mbp1/[Silver] GLBX-20260531-RPHWMFRBFW/glbx-mdp3-20231010.mbp-1.dbn.zst	611e5821d7d023dd3272fd364d7cedcf1c8b554c086bc6627e4247b3e066f97d	DEVELOPMENT
/workspace/artifacts/reference/futures_mbp1/[Silver] GLBX-20260531-RPHWMFRBFW/glbx-mdp3-20231011.mbp-1.dbn.zst	8de211b7b8fe7463bfc6065bebb2e0c6c69391e794176ed9d4bba38cc6d3dd35	DEVELOPMENT
/workspace/artifacts/reference/futures_mbp1/[Silver] GLBX-20260531-RPHWMFRBFW/glbx-mdp3-20231012.mbp-1.dbn.zst	12bdcb18a9b108324411f64505fa2f5a8decac91ea6da89f3c13faf896b89c5a	DEVELOPMENT
/workspace/artifacts/reference/futures_mbp1/[Silver] GLBX-20260531-RPHWMFRBFW/glbx-mdp3-20231013.mbp-1.dbn.zst	9b3ef44ddf0ac63e787db1b97854afe33728f9ca0abebd8f8885e80577be5ef1	DEVELOPMENT
/workspace/artifacts/reference/futures_mbp1/[Silver] GLBX-20260531-RPHWMFRBFW/glbx-mdp3-20231015.mbp-1.dbn.zst	67a5b8f07ada45d5da9d603238e0c6f1b542885f75fe1659f618770377311953	DEVELOPMENT
/workspace/artifacts/reference/futures_mbp1/[Silver] GLBX-20260531-RPHWMFRBFW/glbx-mdp3-20231016.mbp-1.dbn.zst	4322870dada16692f56fd27243bd0ac0b926c8c5db01fe9964de497386ddad13	DEVELOPMENT
/workspace/artifacts/reference/futures_mbp1/[Silver] GLBX-20260531-RPHWMFRBFW/glbx-mdp3-20231017.mbp-1.dbn.zst	17e4d3debdec5715c03902069f9c2dea2769e32e37ed4d569b4e2409aa4ab256	DEVELOPMENT
/workspace/artifacts/reference/futures_mbp1/[Silver] GLBX-20260531-RPHWMFRBFW/glbx-mdp3-20231018.mbp-1.dbn.zst	1ebbc15026267df4a8b08aafd9bfa565a856a42e6fb7bdef64500a801e23009f	DEVELOPMENT
/workspace/artifacts/reference/futures_mbp1/[Silver] GLBX-20260531-RPHWMFRBFW/glbx-mdp3-20231019.mbp-1.dbn.zst	ead11f6a33f8168c9d36ab42439b2a6ccfe0eeeae25771d377ecf1ae23ff6fca	DEVELOPMENT
/workspace/artifacts/reference/futures_mbp1/[Silver] GLBX-20260531-RPHWMFRBFW/glbx-mdp3-20231020.mbp-1.dbn.zst	3cfa3451277724b24972d14bc15a9d0e108e040dfffc5cd4a7974df3678300d8	DEVELOPMENT
/workspace/artifacts/reference/futures_mbp1/[Silver] GLBX-20260531-RPHWMFRBFW/glbx-mdp3-20231022.mbp-1.dbn.zst	0574e6bc6f88a911eabdb9a67836f26cb4c9903e191be624c95fd00137c52f2d	DEVELOPMENT
/workspace/artifacts/reference/futures_mbp1/[Silver] GLBX-20260531-RPHWMFRBFW/glbx-mdp3-20231023.mbp-1.dbn.zst	f9e0883ac7c94f32a6fa7a3b9754cd34fe9d0cc30891e4382823b476db8eb2d2	DEVELOPMENT
/workspace/artifacts/reference/futures_mbp1/[Silver] GLBX-20260531-RPHWMFRBFW/glbx-mdp3-20231024.mbp-1.dbn.zst	82848344f4b6ee75e93bcb8a9ebae3c7abd441c27653511be83929a0016deebd	DEVELOPMENT
/workspace/artifacts/reference/futures_mbp1/[Silver] GLBX-20260531-RPHWMFRBFW/glbx-mdp3-20231025.mbp-1.dbn.zst	88aa29b7af13dc6a4f84795e9e4982b58d0d97af03728346e05c67d8575df710	DEVELOPMENT
/workspace/artifacts/reference/futures_mbp1/[Silver] GLBX-20260531-RPHWMFRBFW/glbx-mdp3-20231026.mbp-1.dbn.zst	7eb0cfa60c9ff81e63dee85469443d517658c60097aab322b35ab653e9ed0720	DEVELOPMENT
/workspace/artifacts/reference/futures_mbp1/[Silver] GLBX-20260531-RPHWMFRBFW/glbx-mdp3-20231027.mbp-1.dbn.zst	0069635cf648931b1ed0917ed237b08222df738a1a5a4462ef2f04e169c2192c	DEVELOPMENT
/workspace/artifacts/reference/futures_mbp1/[Silver] GLBX-20260531-RPHWMFRBFW/glbx-mdp3-20231029.mbp-1.dbn.zst	70f1dbb43285de45a51e9058df1649e5e4cae467852b540b195dfe90ef26789e	DEVELOPMENT
/workspace/artifacts/reference/futures_mbp1/[Silver] GLBX-20260531-RPHWMFRBFW/glbx-mdp3-20231030.mbp-1.dbn.zst	dc7c22fe7637478ead3ab36d5985c91ee0ab18e6c295b9718d9d95e2a74874ef	DEVELOPMENT
/workspace/artifacts/reference/futures_mbp1/[Silver] GLBX-20260531-RPHWMFRBFW/glbx-mdp3-20231031.mbp-1.dbn.zst	7adc44e14cdf0f123220be18951de785b2e550c8002fab43eb3c4d7eb961d493	DEVELOPMENT
/workspace/artifacts/reference/futures_mbp1/[Silver] GLBX-20260531-RPHWMFRBFW/glbx-mdp3-20231101.mbp-1.dbn.zst	54d4ccfeb829c4d53efecbbcc0447e114e9f5935aa8c15fecba2aa32d1cd005d	DEVELOPMENT
/workspace/artifacts/reference/futures_mbp1/[Silver] GLBX-20260531-RPHWMFRBFW/glbx-mdp3-20231102.mbp-1.dbn.zst	6bc346c1170f2edee8a96b7b9320229f4b26bb25bc5fa688ca6093ae73f40ff5	DEVELOPMENT
/workspace/artifacts/reference/futures_mbp1/[Silver] GLBX-20260531-RPHWMFRBFW/glbx-mdp3-20231103.mbp-1.dbn.zst	b1786dc9b28084510d159236dc34f47c61ab867a371c5c614813503e5b8804de	DEVELOPMENT
/workspace/artifacts/reference/futures_mbp1/[Silver] GLBX-20260531-RPHWMFRBFW/glbx-mdp3-20231105.mbp-1.dbn.zst	ce5a76edb42c1a7967c1876088e571c98c29ebfb35d82edc987e9f5c0f1cbc9a	DEVELOPMENT
/workspace/artifacts/reference/futures_mbp1/[Silver] GLBX-20260531-RPHWMFRBFW/glbx-mdp3-20231106.mbp-1.dbn.zst	ce9224cba5dce23a1b533c8f15d8180673cb844c5d4bff833dae6f7e7fc28d9c	DEVELOPMENT
/workspace/artifacts/reference/futures_mbp1/[Silver] GLBX-20260531-RPHWMFRBFW/glbx-mdp3-20231107.mbp-1.dbn.zst	94ccf4a70bebde59e92f8c00065db77693cb321e7d2a81c08a1928796a58bf9f	DEVELOPMENT
/workspace/artifacts/reference/futures_mbp1/[Silver] GLBX-20260531-RPHWMFRBFW/glbx-mdp3-20231108.mbp-1.dbn.zst	026cebca78f0fd24f5c7f96f236fcc3df92f49cba6951af33efff37a34576077	DEVELOPMENT
/workspace/artifacts/reference/futures_mbp1/[Silver] GLBX-20260531-RPHWMFRBFW/glbx-mdp3-20231109.mbp-1.dbn.zst	5d79942b6c775d07217bbe68c5bd67cc6b3c3b6b490d8d208d6d89b5a78499ed	DEVELOPMENT
/workspace/artifacts/reference/futures_mbp1/[Silver] GLBX-20260531-RPHWMFRBFW/glbx-mdp3-20231110.mbp-1.dbn.zst	479c384d3e241be2e7b2a22764fbfc8292dc143d033bce9a90adf6baf7fd7d70	DEVELOPMENT
/workspace/artifacts/reference/futures_mbp1/[Silver] GLBX-20260531-RPHWMFRBFW/glbx-mdp3-20231112.mbp-1.dbn.zst	c2a4b363942be073889ca42d614b695ce7550fdd4818e5c725067e534ed54864	DEVELOPMENT
/workspace/artifacts/reference/futures_mbp1/[Silver] GLBX-20260531-RPHWMFRBFW/glbx-mdp3-20231113.mbp-1.dbn.zst	64984aa5bc26d29523e097138c7b5a11366b50fd7b02591a7eb7b79832498430	DEVELOPMENT
/workspace/artifacts/reference/futures_mbp1/[Silver] GLBX-20260531-RPHWMFRBFW/glbx-mdp3-20231114.mbp-1.dbn.zst	64810a70145b9def96f8802b53bb2a075767937c5f933e8d7fd585e96f42e5c6	DEVELOPMENT
/workspace/artifacts/reference/futures_mbp1/[Silver] GLBX-20260531-RPHWMFRBFW/glbx-mdp3-20231115.mbp-1.dbn.zst	facf0ac18e62e2a8bceb4921c828d13f628a5d99defb600eeabb0b3198e04a7a	DEVELOPMENT
/workspace/artifacts/reference/futures_mbp1/[Silver] GLBX-20260531-RPHWMFRBFW/glbx-mdp3-20231116.mbp-1.dbn.zst	128f5bbde38e411f91e900ee0e4ad9a3796283ab27a76c7c712c3414b1a53dab	DEVELOPMENT
/workspace/artifacts/reference/futures_mbp1/[Silver] GLBX-20260531-RPHWMFRBFW/glbx-mdp3-20231117.mbp-1.dbn.zst	8148f5139201f9cda38af7814c4594c8ad3970d3ec77a6e93514b63aa893eaea	DEVELOPMENT
/workspace/artifacts/reference/futures_mbp1/[Silver] GLBX-20260531-RPHWMFRBFW/glbx-mdp3-20231119.mbp-1.dbn.zst	66b16cc452983cd49bfb3f4d154b29bea22c4f7ec747057b97e0d198c57d2db9	DEVELOPMENT
/workspace/artifacts/reference/futures_mbp1/[Silver] GLBX-20260531-RPHWMFRBFW/glbx-mdp3-20231120.mbp-1.dbn.zst	925f42089e21cc97c6cdd02e5f74bbc00af5a19de604f7f4e8222bb92ffaea21	DEVELOPMENT
/workspace/artifacts/reference/futures_mbp1/[Silver] GLBX-20260531-RPHWMFRBFW/glbx-mdp3-20231121.mbp-1.dbn.zst	bf05e23fb5ec7fe818c7be22a447c0f2a7e7df40e0a8d7524721b3ac10beb821	DEVELOPMENT
/workspace/artifacts/reference/futures_mbp1/[Silver] GLBX-20260531-RPHWMFRBFW/glbx-mdp3-20231122.mbp-1.dbn.zst	22c48c3ef72223bd4b8f6c0f2518e270aee61df039027e19044d74898efca30b	DEVELOPMENT
/workspace/artifacts/reference/futures_mbp1/[Silver] GLBX-20260531-RPHWMFRBFW/glbx-mdp3-20231123.mbp-1.dbn.zst	f3f5e580ba1d335841b6b778dc73ca4e741124691ec78ac287b9eb11dfc99192	DEVELOPMENT
/workspace/artifacts/reference/futures_mbp1/[Silver] GLBX-20260531-RPHWMFRBFW/glbx-mdp3-20231124.mbp-1.dbn.zst	aa02f345e4e5eb71f56346c192aeeccb5678adb14960a8c74361b6dba3318174	DEVELOPMENT
/workspace/artifacts/reference/futures_mbp1/[Silver] GLBX-20260531-RPHWMFRBFW/glbx-mdp3-20231126.mbp-1.dbn.zst	d686fef05d257fda0618995b973e1052d57990667612ccfb13d88ed3b0f91d85	DEVELOPMENT
/workspace/artifacts/reference/futures_mbp1/[Silver] GLBX-20260531-RPHWMFRBFW/glbx-mdp3-20231127.mbp-1.dbn.zst	2b26b5e98a92db878bca68e5ccd99b788211f4b4edbfd278eae4be41ff512bb2	DEVELOPMENT
/workspace/artifacts/reference/futures_mbp1/[Silver] GLBX-20260531-RPHWMFRBFW/glbx-mdp3-20231128.mbp-1.dbn.zst	38ca46cd2a0a9c0bfe81a1b93670431c911e93a796fc641b452357d424cb0e5d	DEVELOPMENT
/workspace/artifacts/reference/futures_mbp1/[Silver] GLBX-20260531-RPHWMFRBFW/glbx-mdp3-20231129.mbp-1.dbn.zst	dd9099543e605ca6249bbc1dd93939f7eaa00409d875e0100b862f53369cbf83	DEVELOPMENT
/workspace/artifacts/reference/futures_mbp1/[Silver] GLBX-20260531-RPHWMFRBFW/glbx-mdp3-20231130.mbp-1.dbn.zst	388e1f09b8d8150239904c5076324cc1169c007f080fa470ed46cc391ecedf31	DEVELOPMENT
/workspace/artifacts/reference/futures_mbp1/[Silver] GLBX-20260531-RPHWMFRBFW/glbx-mdp3-20231201.mbp-1.dbn.zst	4b2459372d3368a38ebc59eac15d7f350725ca8ee8eab42b8e016dcf52f1fa38	DEVELOPMENT
/workspace/artifacts/reference/futures_mbp1/[Silver] GLBX-20260531-RPHWMFRBFW/glbx-mdp3-20231203.mbp-1.dbn.zst	ac7a872a1949d8bc6e8ea54cb3dce2c6228276c54a695a9dfd08ae24fb61b9c3	DEVELOPMENT
/workspace/artifacts/reference/futures_mbp1/[Silver] GLBX-20260531-RPHWMFRBFW/glbx-mdp3-20231204.mbp-1.dbn.zst	40b152b757289798c1af91e7e145b7ffebc92bf1c3c0b62c43affed829d8a26b	DEVELOPMENT
/workspace/artifacts/reference/futures_mbp1/[Silver] GLBX-20260531-RPHWMFRBFW/glbx-mdp3-20231205.mbp-1.dbn.zst	a5df6df98fa9a459042bb1969fa359613439771d8c73649b792f383fc7d5aba9	DEVELOPMENT
/workspace/artifacts/reference/futures_mbp1/[Silver] GLBX-20260531-RPHWMFRBFW/glbx-mdp3-20231206.mbp-1.dbn.zst	f848e9e302bec09229ce14c305d6034db9e498e5be69986faa9a9b5a06ec9890	DEVELOPMENT
/workspace/artifacts/reference/futures_mbp1/[Silver] GLBX-20260531-RPHWMFRBFW/glbx-mdp3-20231207.mbp-1.dbn.zst	c252022c40768b4a97721b57e6ffbb8048d59b24e283a48bb79984813fea07be	DEVELOPMENT
/workspace/artifacts/reference/futures_mbp1/[Silver] GLBX-20260531-RPHWMFRBFW/glbx-mdp3-20231208.mbp-1.dbn.zst	cf4241360fb3e70ef2d3024a5d30dd4b8a1e1175246dbd867948ce2f9a06b8c7	DEVELOPMENT
/workspace/artifacts/reference/futures_mbp1/[Silver] GLBX-20260531-RPHWMFRBFW/glbx-mdp3-20231210.mbp-1.dbn.zst	218ec94b29112bd24e2dfc16f29bd42668b24725007035a012057589351e8926	DEVELOPMENT
/workspace/artifacts/reference/futures_mbp1/[Silver] GLBX-20260531-RPHWMFRBFW/glbx-mdp3-20231211.mbp-1.dbn.zst	b99f69d9d4300cafa60a78c694ca7a882afafa85b9f3b509ce6ceefb1b223101	DEVELOPMENT
/workspace/artifacts/reference/futures_mbp1/[Silver] GLBX-20260531-RPHWMFRBFW/glbx-mdp3-20231212.mbp-1.dbn.zst	cd9061baed68acf0606c99c73af40f4a72393fe8296b3219ab4849bb3690bc83	DEVELOPMENT
/workspace/artifacts/reference/futures_mbp1/[Silver] GLBX-20260531-RPHWMFRBFW/glbx-mdp3-20231213.mbp-1.dbn.zst	1c34d8adf12f3c334be4c7015728b01d749f29534f0c8b878fe030dc89b5383f	DEVELOPMENT
/workspace/artifacts/reference/futures_mbp1/[Silver] GLBX-20260531-RPHWMFRBFW/glbx-mdp3-20231214.mbp-1.dbn.zst	ccb98a6de4e41dc01e89e8fefaabbce83dae97d8ee0c132e6195a7d13bd1872c	DEVELOPMENT
/workspace/artifacts/reference/futures_mbp1/[Silver] GLBX-20260531-RPHWMFRBFW/glbx-mdp3-20231215.mbp-1.dbn.zst	59d659706ab38c5e929a14c7b1317fba5a55200d6b5a6e1c159818328ac04e15	DEVELOPMENT
/workspace/artifacts/reference/futures_mbp1/[Silver] GLBX-20260531-RPHWMFRBFW/glbx-mdp3-20231217.mbp-1.dbn.zst	99607b2022c85b4668d7e5924fde17499dac40032327185cecd4dba1717115e7	DEVELOPMENT
/workspace/artifacts/reference/futures_mbp1/[Silver] GLBX-20260531-RPHWMFRBFW/glbx-mdp3-20231218.mbp-1.dbn.zst	224260886ac01ccb9e1cec8d803fb43656abe2f47ee8abaffebb452292654467	DEVELOPMENT
/workspace/artifacts/reference/futures_mbp1/[Silver] GLBX-20260531-RPHWMFRBFW/glbx-mdp3-20231219.mbp-1.dbn.zst	f1f5f20349c7424ada8999eebc50bd37fee2ec6e2e450277c815b117e6bf3bce	DEVELOPMENT
/workspace/artifacts/reference/futures_mbp1/[Silver] GLBX-20260531-RPHWMFRBFW/glbx-mdp3-20231220.mbp-1.dbn.zst	c5b006902f02b472e40b21252d6be61cd3ca2c79de6df2e399cc20b75d4d3eb9	DEVELOPMENT
/workspace/artifacts/reference/futures_mbp1/[Silver] GLBX-20260531-RPHWMFRBFW/glbx-mdp3-20231221.mbp-1.dbn.zst	7c4227b9c30eb60295700d559e5f1c83f44f8b396cf26ceae002d884e5bd8eb9	DEVELOPMENT
/workspace/artifacts/reference/futures_mbp1/[Silver] GLBX-20260531-RPHWMFRBFW/glbx-mdp3-20231222.mbp-1.dbn.zst	f908c6c20e3494417db4a893a935b88db0fe7ddc219df3bc1203eb42984716b0	DEVELOPMENT
/workspace/artifacts/reference/futures_mbp1/[Silver] GLBX-20260531-RPHWMFRBFW/glbx-mdp3-20231224.mbp-1.dbn.zst	11ed6033ff50159acfc533a9b7f57e2993568ccbb34a5fef7c7174a00d37fafc	DEVELOPMENT
/workspace/artifacts/reference/futures_mbp1/[Silver] GLBX-20260531-RPHWMFRBFW/glbx-mdp3-20231225.mbp-1.dbn.zst	4579ad08e4169a6442f1696114cf8c233b8e1dc0da40e6478d95f8837a4bdacf	DEVELOPMENT
/workspace/artifacts/reference/futures_mbp1/[Silver] GLBX-20260531-RPHWMFRBFW/glbx-mdp3-20231226.mbp-1.dbn.zst	999683ce9d7a42c1b4126271123c2859a17436040a3d99fd10fe51e17937241d	DEVELOPMENT
/workspace/artifacts/reference/futures_mbp1/[Silver] GLBX-20260531-RPHWMFRBFW/glbx-mdp3-20231227.mbp-1.dbn.zst	caf325362eee9c8077bbc5302e25f75f66f0105eacb09c04d209dded07f2d978	DEVELOPMENT
/workspace/artifacts/reference/futures_mbp1/[Silver] GLBX-20260531-RPHWMFRBFW/glbx-mdp3-20231228.mbp-1.dbn.zst	a1897c6a0fef2d8afde2f14b915dca9f7391d8c127c68e43f2f19fddacf5dbfd	DEVELOPMENT
/workspace/artifacts/reference/futures_mbp1/[Silver] GLBX-20260531-RPHWMFRBFW/glbx-mdp3-20231229.mbp-1.dbn.zst	9d4b35f0c776407d4625ac3b65e66cb6f585a323263ee81803457c9313fe6cef	DEVELOPMENT
/workspace/artifacts/reference/futures_mbp1/[Silver] GLBX-20260531-RPHWMFRBFW/glbx-mdp3-20231231.mbp-1.dbn.zst	647280147b1798e5b81d54b296501efbdaa0c165e42d96ece241014d2888e134	DEVELOPMENT
/workspace/artifacts/reference/futures_mbp1/[Silver] GLBX-20260531-RPHWMFRBFW/glbx-mdp3-20240101.mbp-1.dbn.zst	22e38a74bc54702f0eec67f9e0a34a972446f66ad572eeaa47c641e400bcc099	DEVELOPMENT
/workspace/artifacts/reference/futures_mbp1/[Silver] GLBX-20260531-RPHWMFRBFW/glbx-mdp3-20240102.mbp-1.dbn.zst	2141588ac710f86263a0a686e70bf1c3aefefa26528d520faa7869fec2c42f71	DEVELOPMENT
/workspace/artifacts/reference/futures_mbp1/[Silver] GLBX-20260531-RPHWMFRBFW/glbx-mdp3-20240103.mbp-1.dbn.zst	41acc273be868dbbe9597a1ab9c1c75073f8729ad17d86aa05f3a20b2bcfc245	DEVELOPMENT
/workspace/artifacts/reference/futures_mbp1/[Silver] GLBX-20260531-RPHWMFRBFW/glbx-mdp3-20240104.mbp-1.dbn.zst	e1d058cc9cd3a7af4a001cfb78e40b422eb3c4ad6ef1896fd615bfa5120bd3f8	DEVELOPMENT
/workspace/artifacts/reference/futures_mbp1/[Silver] GLBX-20260531-RPHWMFRBFW/glbx-mdp3-20240105.mbp-1.dbn.zst	a85c1ab442542d941520ac2f35cb7152c64984424de57800089cb0efae35e199	DEVELOPMENT
/workspace/artifacts/reference/futures_mbp1/[Silver] GLBX-20260531-RPHWMFRBFW/glbx-mdp3-20240107.mbp-1.dbn.zst	4fbfc708627330d7c0b7a372261ac940225f48353f23427836254f04c1ea7863	DEVELOPMENT
/workspace/artifacts/reference/futures_mbp1/[Silver] GLBX-20260531-RPHWMFRBFW/glbx-mdp3-20240108.mbp-1.dbn.zst	d9a8a2b80ff5cbbbc30402eba4ebfdcf1a69a14af791d6f654dc42afc1e16b34	DEVELOPMENT
/workspace/artifacts/reference/futures_mbp1/[Silver] GLBX-20260531-RPHWMFRBFW/glbx-mdp3-20240109.mbp-1.dbn.zst	d2d7b01a77fd0da4722a82e8d63070f027c67754cdf21f51193e183ee6a683e9	DEVELOPMENT
/workspace/artifacts/reference/futures_mbp1/[Silver] GLBX-20260531-RPHWMFRBFW/glbx-mdp3-20240110.mbp-1.dbn.zst	cbafddb1513b2010ccd365d1cb073b95043c9bdb2eb226e23d6a6260a75e51c9	DEVELOPMENT
/workspace/artifacts/reference/futures_mbp1/[Silver] GLBX-20260531-RPHWMFRBFW/glbx-mdp3-20240111.mbp-1.dbn.zst	a718b9bcc2655de34a5340ee3c6dfbb85b7677861afdd2ec0185b9032ece5c2b	DEVELOPMENT
/workspace/artifacts/reference/futures_mbp1/[Silver] GLBX-20260531-RPHWMFRBFW/glbx-mdp3-20240112.mbp-1.dbn.zst	2d585ab5e1c2a70c2e57a3dd30b48ed48240be1d0e51721dd513825fb73ed079	DEVELOPMENT
/workspace/artifacts/reference/futures_mbp1/[Silver] GLBX-20260531-RPHWMFRBFW/glbx-mdp3-20240114.mbp-1.dbn.zst	3fd9ff7d9c743902e9829867ed57b16e99d96701061af9b9a73d0c6051bf9bee	DEVELOPMENT
/workspace/artifacts/reference/futures_mbp1/[Silver] GLBX-20260531-RPHWMFRBFW/glbx-mdp3-20240115.mbp-1.dbn.zst	a9f10308de3a44e44b43952dbb26abe2c2686fc9785371c978307b809abf9358	DEVELOPMENT
/workspace/artifacts/reference/futures_mbp1/[Silver] GLBX-20260531-RPHWMFRBFW/glbx-mdp3-20240116.mbp-1.dbn.zst	383b0b2c08ef8f36bccca972d71d7c03862ded04d6f083d3e41bb04fb1e7a1c1	DEVELOPMENT
/workspace/artifacts/reference/futures_mbp1/[Silver] GLBX-20260531-RPHWMFRBFW/glbx-mdp3-20240117.mbp-1.dbn.zst	3f47314efa1765a8568b48bf766ba370a146d8d8d2cadea49d6184ff97af1b84	DEVELOPMENT
/workspace/artifacts/reference/futures_mbp1/[Silver] GLBX-20260531-RPHWMFRBFW/glbx-mdp3-20240118.mbp-1.dbn.zst	11ad94c5eea140ff49b67d46831262faeff8c963eb4a44bf541db52e49af0769	DEVELOPMENT
/workspace/artifacts/reference/futures_mbp1/[Silver] GLBX-20260531-RPHWMFRBFW/glbx-mdp3-20240119.mbp-1.dbn.zst	3e7204d0c7da4c6838412341f27578148d37fccf04e5d9bd003d6ee0115a9a60	DEVELOPMENT
/workspace/artifacts/reference/futures_mbp1/[Silver] GLBX-20260531-RPHWMFRBFW/glbx-mdp3-20240121.mbp-1.dbn.zst	faa4fed0bc0681bd7ecab7350065ddacd9712b8e8b88c5391b170bb15ad60b85	DEVELOPMENT
/workspace/artifacts/reference/futures_mbp1/[Silver] GLBX-20260531-RPHWMFRBFW/glbx-mdp3-20240122.mbp-1.dbn.zst	2311766ca678175bf91f154981dbd978e3d9671bd15ebb52754b48579a860cff	DEVELOPMENT
/workspace/artifacts/reference/futures_mbp1/[Silver] GLBX-20260531-RPHWMFRBFW/glbx-mdp3-20240123.mbp-1.dbn.zst	ffb1d8b392306eb327c7c9ce423f680dbdcb9286b2fa8e017cd108935791b837	DEVELOPMENT
/workspace/artifacts/reference/futures_mbp1/[Silver] GLBX-20260531-RPHWMFRBFW/glbx-mdp3-20240124.mbp-1.dbn.zst	23e963f62ed75ee68e2d4156aa7c8412c1b79e76fe06baf374d6e921c3441dcd	DEVELOPMENT
/workspace/artifacts/reference/futures_mbp1/[Silver] GLBX-20260531-RPHWMFRBFW/glbx-mdp3-20240125.mbp-1.dbn.zst	b70c060520ba036eb676ecb00e2ae8b0a1470841715a47d8d447af63e94418c1	DEVELOPMENT
/workspace/artifacts/reference/futures_mbp1/[Silver] GLBX-20260531-RPHWMFRBFW/glbx-mdp3-20240126.mbp-1.dbn.zst	edc82039cf384d07f4ce7c768298be72c08a06af10d5cfda07106a5ea4fbf8ca	DEVELOPMENT
/workspace/artifacts/reference/futures_mbp1/[Silver] GLBX-20260531-RPHWMFRBFW/glbx-mdp3-20240128.mbp-1.dbn.zst	7173e6637f0ab3e75ce285baa0e67ac39a33f5588257484bd0847f6a8dca16f8	DEVELOPMENT
/workspace/artifacts/reference/futures_mbp1/[Silver] GLBX-20260531-RPHWMFRBFW/glbx-mdp3-20240129.mbp-1.dbn.zst	013f4fd176dcbbbb0d43d648983e52f1f2975ee0e2ac0a3b7e1afa60c695824c	DEVELOPMENT
/workspace/artifacts/reference/futures_mbp1/[Silver] GLBX-20260531-RPHWMFRBFW/glbx-mdp3-20240130.mbp-1.dbn.zst	10f529da9538a7071dc5b20db3b45e03301fd545d291375c9fd7bd1341f0e102	DEVELOPMENT
/workspace/artifacts/reference/futures_mbp1/[Silver] GLBX-20260531-RPHWMFRBFW/glbx-mdp3-20240131.mbp-1.dbn.zst	f40b15770c2f2130af59f5c8378a81da9a8d31e5688f841da64ae113b8f9bbea	DEVELOPMENT
/workspace/artifacts/reference/futures_mbp1/[Silver] GLBX-20260531-RPHWMFRBFW/glbx-mdp3-20240201.mbp-1.dbn.zst	66a908350f84ed1637053999a2e9e1a25051159f7e08e8df320ac7ea6d96d4e9	DEVELOPMENT
/workspace/artifacts/reference/futures_mbp1/[Silver] GLBX-20260531-RPHWMFRBFW/glbx-mdp3-20240202.mbp-1.dbn.zst	07ccd34eb6e4dc64c9f679a515c47b812a8b2972212f0bf2a8838dc5ed0c014e	DEVELOPMENT
/workspace/artifacts/reference/futures_mbp1/[Silver] GLBX-20260531-RPHWMFRBFW/glbx-mdp3-20240204.mbp-1.dbn.zst	61dd9141c9e562608ee4f5d592478e420f751ab8d989d958e19de609119594f0	DEVELOPMENT
/workspace/artifacts/reference/futures_mbp1/[Silver] GLBX-20260531-RPHWMFRBFW/glbx-mdp3-20240205.mbp-1.dbn.zst	774b73926b722e4529719dca9394089f1e8cece83d21d39c9d3963a5dd7e9648	DEVELOPMENT
/workspace/artifacts/reference/futures_mbp1/[Silver] GLBX-20260531-RPHWMFRBFW/glbx-mdp3-20240206.mbp-1.dbn.zst	e9c412cadd361993dc595c5aaad506575606d61f5ef6e22504b6335bcc507a22	DEVELOPMENT
/workspace/artifacts/reference/futures_mbp1/[Silver] GLBX-20260531-RPHWMFRBFW/glbx-mdp3-20240207.mbp-1.dbn.zst	98b6caa154937537520e268b78639d33dcef195a699b386b5087c87a59ec8204	DEVELOPMENT
/workspace/artifacts/reference/futures_mbp1/[Silver] GLBX-20260531-RPHWMFRBFW/glbx-mdp3-20240208.mbp-1.dbn.zst	35158047d3239e58ab3d2ecc1fa1fbbfc7a98af09dea232c143b7ac23262cb38	DEVELOPMENT
/workspace/artifacts/reference/futures_mbp1/[Silver] GLBX-20260531-RPHWMFRBFW/glbx-mdp3-20240209.mbp-1.dbn.zst	f8eb6de9d9718681de6a58f0ed0ea88b97eafd9b30e2df3bc3cdd47701d636f2	DEVELOPMENT
/workspace/artifacts/reference/futures_mbp1/[Silver] GLBX-20260531-RPHWMFRBFW/glbx-mdp3-20240211.mbp-1.dbn.zst	d7e7314d07c3277f1452977152dc11bbf661c7d99444b873bce4b931d3841718	DEVELOPMENT
/workspace/artifacts/reference/futures_mbp1/[Silver] GLBX-20260531-RPHWMFRBFW/glbx-mdp3-20240212.mbp-1.dbn.zst	5466dda4e3a9120908c5726c8ea476869c5eb892ba56a664260f73fee4c71c27	DEVELOPMENT
/workspace/artifacts/reference/futures_mbp1/[Silver] GLBX-20260531-RPHWMFRBFW/glbx-mdp3-20240213.mbp-1.dbn.zst	bed3549c07c5fe52808636e646d6ae5cc29cb820fcd38bd860c6c1fe11d38265	DEVELOPMENT
/workspace/artifacts/reference/futures_mbp1/[Silver] GLBX-20260531-RPHWMFRBFW/glbx-mdp3-20240214.mbp-1.dbn.zst	68dfc42b7c44a042e038e24697f7755b255236f5f1c9e97bb40e6dc0bb11edc7	DEVELOPMENT
/workspace/artifacts/reference/futures_mbp1/[Silver] GLBX-20260531-RPHWMFRBFW/glbx-mdp3-20240215.mbp-1.dbn.zst	b10720f3b9723ed089f6942d0245013f3dd193216133b7a110cf006f9b997242	DEVELOPMENT
/workspace/artifacts/reference/futures_mbp1/[Silver] GLBX-20260531-RPHWMFRBFW/glbx-mdp3-20240216.mbp-1.dbn.zst	1bb6dbcdf4d683f1d266ec59a54ef693e53bd3029aed5ee7b20b1ab9e72d4465	DEVELOPMENT
/workspace/artifacts/reference/futures_mbp1/[Silver] GLBX-20260531-RPHWMFRBFW/glbx-mdp3-20240218.mbp-1.dbn.zst	27d52e2a8c7d45440bc907f05442cd0fa3c8394524749629a5adacb855df8e60	DEVELOPMENT
/workspace/artifacts/reference/futures_mbp1/[Silver] GLBX-20260531-RPHWMFRBFW/glbx-mdp3-20240219.mbp-1.dbn.zst	b29a5d111efae3717c44d52b839c658ba5c1f6376574db48dfea2d8b38ddb75b	DEVELOPMENT
/workspace/artifacts/reference/futures_mbp1/[Silver] GLBX-20260531-RPHWMFRBFW/glbx-mdp3-20240220.mbp-1.dbn.zst	a201a250dfc753056777c2b438c09315441b94e5648a188da6db161c2904012e	DEVELOPMENT
/workspace/artifacts/reference/futures_mbp1/[Silver] GLBX-20260531-RPHWMFRBFW/glbx-mdp3-20240221.mbp-1.dbn.zst	ce3d356d5022c0f34e44342ca734ea48e0cf8f0a77813d9cb719eba8b0726d5a	DEVELOPMENT
/workspace/artifacts/reference/futures_mbp1/[Silver] GLBX-20260531-RPHWMFRBFW/glbx-mdp3-20240222.mbp-1.dbn.zst	7566acae487c4c2f7b6e1b8a11736fc38eee77407a93231eb13519e4aca2258d	DEVELOPMENT
/workspace/artifacts/reference/futures_mbp1/[Silver] GLBX-20260531-RPHWMFRBFW/glbx-mdp3-20240223.mbp-1.dbn.zst	4338e2c27f74bebbaa82f41a2e15b91252a3a693445ae9c24b0ce868b61b8565	DEVELOPMENT
/workspace/artifacts/reference/futures_mbp1/[Silver] GLBX-20260531-RPHWMFRBFW/glbx-mdp3-20240225.mbp-1.dbn.zst	495f7cec55e1398143c40eb1c4d33158acb4f93ec067b5f89b05c5c32fd4861d	DEVELOPMENT
/workspace/artifacts/reference/futures_mbp1/[Silver] GLBX-20260531-RPHWMFRBFW/glbx-mdp3-20240226.mbp-1.dbn.zst	4ed20de673ced83933ba32ea6452e83679b6bc00bcdcb214e4b0e62918035460	DEVELOPMENT
/workspace/artifacts/reference/futures_mbp1/[Silver] GLBX-20260531-RPHWMFRBFW/glbx-mdp3-20240227.mbp-1.dbn.zst	3e09e65771b2994b347a1058baf10b10303a9b78f9dc3de0b579759b367375c0	DEVELOPMENT
/workspace/artifacts/reference/futures_mbp1/[Silver] GLBX-20260531-RPHWMFRBFW/glbx-mdp3-20240228.mbp-1.dbn.zst	ac41a7577d6038408e88aef9d6154fe4c909e1dc4278c230a3bbcf9cf5a75b6e	DEVELOPMENT
/workspace/artifacts/reference/futures_mbp1/[Silver] GLBX-20260531-RPHWMFRBFW/glbx-mdp3-20240229.mbp-1.dbn.zst	ef352a26bf636b7302622b0fba2f00908bb420009b87152c5217e234b00ba9bd	DEVELOPMENT
/workspace/artifacts/reference/futures_mbp1/[Silver] GLBX-20260531-RPHWMFRBFW/glbx-mdp3-20240301.mbp-1.dbn.zst	30adf5ca096da17567443568865e3b295e90a02a71b10f087c87385529de01ba	DEVELOPMENT
/workspace/artifacts/reference/futures_mbp1/[Silver] GLBX-20260531-RPHWMFRBFW/glbx-mdp3-20240303.mbp-1.dbn.zst	b3ec783cb03ac72d7dced9403d3bb0c8fdba6a2b22d9aeb9236b555949651a12	DEVELOPMENT
/workspace/artifacts/reference/futures_mbp1/[Silver] GLBX-20260531-RPHWMFRBFW/glbx-mdp3-20240304.mbp-1.dbn.zst	469448f71a201a585bbce309f813146cbd1f38577bed1af77d7263bf1b516f34	DEVELOPMENT
/workspace/artifacts/reference/futures_mbp1/[Silver] GLBX-20260531-RPHWMFRBFW/glbx-mdp3-20240305.mbp-1.dbn.zst	9595c942bc11a33e8c06fcfed232ed1d2ba177429290d4cccad6264434754eb2	DEVELOPMENT
/workspace/artifacts/reference/futures_mbp1/[Silver] GLBX-20260531-RPHWMFRBFW/glbx-mdp3-20240306.mbp-1.dbn.zst	d30aa17caace4dc7a2a07914ea65d72f07859c95fa5f71232132e78df3890565	DEVELOPMENT
/workspace/artifacts/reference/futures_mbp1/[Silver] GLBX-20260531-RPHWMFRBFW/glbx-mdp3-20240307.mbp-1.dbn.zst	76b7ae258e65b3303aba1118a6a48fb03c5505140635511497619d9105df8cff	DEVELOPMENT
/workspace/artifacts/reference/futures_mbp1/[Silver] GLBX-20260531-RPHWMFRBFW/glbx-mdp3-20240308.mbp-1.dbn.zst	1fe07bfed04bbe237da9b6d9f7bd39ecfcb08cc47c37f3e0a985b9b10a6a7ad5	DEVELOPMENT
/workspace/artifacts/reference/futures_mbp1/[Silver] GLBX-20260531-RPHWMFRBFW/glbx-mdp3-20240310.mbp-1.dbn.zst	836ee3ecdc25e83c9609efc71961014cd3b6d39ff5b6ae9251d692f308b0ab17	DEVELOPMENT
/workspace/artifacts/reference/futures_mbp1/[Silver] GLBX-20260531-RPHWMFRBFW/glbx-mdp3-20240311.mbp-1.dbn.zst	629f72bca26363af63f8ffcaca55f6e01bec3e20c6a70e9b492f2c97632b724a	DEVELOPMENT
/workspace/artifacts/reference/futures_mbp1/[Silver] GLBX-20260531-RPHWMFRBFW/glbx-mdp3-20240312.mbp-1.dbn.zst	3c4591299fd702d873ee4d807734613715df664ef84277b36c8e7035abbfd83c	DEVELOPMENT
/workspace/artifacts/reference/futures_mbp1/[Silver] GLBX-20260531-RPHWMFRBFW/glbx-mdp3-20240313.mbp-1.dbn.zst	d225a4467ca78cd809ddf8faaa4412d5feb9ea9ca164acd18fba22753711719a	DEVELOPMENT
/workspace/artifacts/reference/futures_mbp1/[Silver] GLBX-20260531-RPHWMFRBFW/glbx-mdp3-20240314.mbp-1.dbn.zst	ca246d9764f0b53bb3ebf34dcfd89d967b22f82190687140d3c037f27b644f31	DEVELOPMENT
/workspace/artifacts/reference/futures_mbp1/[Silver] GLBX-20260531-RPHWMFRBFW/glbx-mdp3-20240315.mbp-1.dbn.zst	484f9d4ebf27ef9d3727bc3a5b593da3ee2ff4b0011e0f9d888231c9463ef37c	DEVELOPMENT
/workspace/artifacts/reference/futures_mbp1/[Silver] GLBX-20260531-RPHWMFRBFW/glbx-mdp3-20240317.mbp-1.dbn.zst	d04ecc1b83795e9b8ababdfb81338707b451aa92661c7dec110c937e8df25b62	DEVELOPMENT
/workspace/artifacts/reference/futures_mbp1/[Silver] GLBX-20260531-RPHWMFRBFW/glbx-mdp3-20240318.mbp-1.dbn.zst	4522c2484244f0810d710898a10ac2439da2ff4b12660689e67b8ee108bca0a3	DEVELOPMENT
/workspace/artifacts/reference/futures_mbp1/[Silver] GLBX-20260531-RPHWMFRBFW/glbx-mdp3-20240319.mbp-1.dbn.zst	b7101b1d8b23ab90e2155bb8361a2b6902112b9f87cb23008160f307157a4e8b	DEVELOPMENT
/workspace/artifacts/reference/futures_mbp1/[Silver] GLBX-20260531-RPHWMFRBFW/glbx-mdp3-20240320.mbp-1.dbn.zst	da23130108d1c864ce5304453cff4c43e4420e835dfb534bb8fa6cc17abb638b	DEVELOPMENT
/workspace/artifacts/reference/futures_mbp1/[Silver] GLBX-20260531-RPHWMFRBFW/glbx-mdp3-20240321.mbp-1.dbn.zst	aac792d7fb5a6578575ade88317bd833d2e502d74494c89b06c6f87406007cfc	DEVELOPMENT
/workspace/artifacts/reference/futures_mbp1/[Silver] GLBX-20260531-RPHWMFRBFW/glbx-mdp3-20240322.mbp-1.dbn.zst	3efede5e0d1814629a86ab4a0dd2fff5a9682b92342a84ea55afe46c80ac0fc5	DEVELOPMENT
/workspace/artifacts/reference/futures_mbp1/[Silver] GLBX-20260531-RPHWMFRBFW/glbx-mdp3-20240324.mbp-1.dbn.zst	224a35426daee417d5e71f1b9b608d7ff7e37089fac3511cc9aa42fd6d314d02	DEVELOPMENT
/workspace/artifacts/reference/futures_mbp1/[Silver] GLBX-20260531-RPHWMFRBFW/glbx-mdp3-20240325.mbp-1.dbn.zst	7d81cbef24da55ea27baff829d8df2283f8540a3e63481d9cb76de0cbed4e9aa	DEVELOPMENT
/workspace/artifacts/reference/futures_mbp1/[Silver] GLBX-20260531-RPHWMFRBFW/glbx-mdp3-20240326.mbp-1.dbn.zst	0341da93bb4113562eda0883ecf818225781e16f4f38ee271ca58f3dc1d6a386	DEVELOPMENT
/workspace/artifacts/reference/futures_mbp1/[Silver] GLBX-20260531-RPHWMFRBFW/glbx-mdp3-20240327.mbp-1.dbn.zst	608f6363f6f654097bd9e196de6bd9c5acd0d37eb70a033770b8a82e9b03704b	DEVELOPMENT
/workspace/artifacts/reference/futures_mbp1/[Silver] GLBX-20260531-RPHWMFRBFW/glbx-mdp3-20240328.mbp-1.dbn.zst	9caa5efe406edb706ba8b47546a10929f535d995bf4bbe07e3747d61e0c0b274	DEVELOPMENT
/workspace/artifacts/reference/futures_mbp1/[Silver] GLBX-20260531-RPHWMFRBFW/glbx-mdp3-20240329.mbp-1.dbn.zst	04eb051a3da3616ce56e90683b7f7eb02341a400aff25360b769b56834c4f6e3	DEVELOPMENT
/workspace/artifacts/reference/futures_mbp1/[Silver] GLBX-20260531-RPHWMFRBFW/glbx-mdp3-20240331.mbp-1.dbn.zst	e8d4359cc187ba91683472a446985309d8a299c5c32f58524368236262fdddd6	DEVELOPMENT
/workspace/artifacts/reference/futures_mbp1/[Silver] GLBX-20260531-RPHWMFRBFW/glbx-mdp3-20240401.mbp-1.dbn.zst	5bee9df23f35e325e785ebd55067df6ffd506fec31e16542fbc6535d47fd1573	DEVELOPMENT
/workspace/artifacts/reference/futures_mbp1/[Silver] GLBX-20260531-RPHWMFRBFW/glbx-mdp3-20240402.mbp-1.dbn.zst	f4ef7487b646960814857d8cf763ea1c4c7cf4b2dc1b00aaf4b427f4ec1cbb91	DEVELOPMENT
/workspace/artifacts/reference/futures_mbp1/[Silver] GLBX-20260531-RPHWMFRBFW/glbx-mdp3-20240403.mbp-1.dbn.zst	a4e54f85e43c655267a75503c7c290ee95189c4f36b0ebaed01debda93df3ee4	DEVELOPMENT
/workspace/artifacts/reference/futures_mbp1/[Silver] GLBX-20260531-RPHWMFRBFW/glbx-mdp3-20240404.mbp-1.dbn.zst	5e55262d700f939e5910a325b6285ea04178785def27530514f85b2b701ec805	DEVELOPMENT
/workspace/artifacts/reference/futures_mbp1/[Silver] GLBX-20260531-RPHWMFRBFW/glbx-mdp3-20240405.mbp-1.dbn.zst	01f1067e4d5cd8ebff73faab8e116eb323c33f89dc7e70a3a135dc290aeab87b	DEVELOPMENT
/workspace/artifacts/reference/futures_mbp1/[Silver] GLBX-20260531-RPHWMFRBFW/glbx-mdp3-20240407.mbp-1.dbn.zst	74f1641f4bef19c2f54082bd1917aab245b7a82335feee41a8fa5a6f23823588	DEVELOPMENT
/workspace/artifacts/reference/futures_mbp1/[Silver] GLBX-20260531-RPHWMFRBFW/glbx-mdp3-20240408.mbp-1.dbn.zst	68c8a2e46d0f9835e733e4c13e01d43646b46bb3ff87036a628b7545b982772d	DEVELOPMENT
/workspace/artifacts/reference/futures_mbp1/[Silver] GLBX-20260531-RPHWMFRBFW/glbx-mdp3-20240409.mbp-1.dbn.zst	bd182a15343b03bcc6dc3e1792ecbb136b593f51d75f6bb7f4b36cbbc6c48dbf	DEVELOPMENT
/workspace/artifacts/reference/futures_mbp1/[Silver] GLBX-20260531-RPHWMFRBFW/glbx-mdp3-20240410.mbp-1.dbn.zst	c05198dabdea38b3c20576b77ecab4737ed482720e800ae691b925564739af4f	DEVELOPMENT
/workspace/artifacts/reference/futures_mbp1/[Silver] GLBX-20260531-RPHWMFRBFW/glbx-mdp3-20240411.mbp-1.dbn.zst	a3859b28c520d710d64700d420f40ed94bcf60302b60ba0463ad7da55c0f5021	DEVELOPMENT
/workspace/artifacts/reference/futures_mbp1/[Silver] GLBX-20260531-RPHWMFRBFW/glbx-mdp3-20240412.mbp-1.dbn.zst	7de8fde41649c04eb7b287b16d84eb8f6e8bee040d5ae55a0d6a492599ad34f7	DEVELOPMENT
/workspace/artifacts/reference/futures_mbp1/[Silver] GLBX-20260531-RPHWMFRBFW/glbx-mdp3-20240414.mbp-1.dbn.zst	7e845381a42bec313d49d42bb345d7443b369c863bdb439501c20a8921e6a25a	DEVELOPMENT
/workspace/artifacts/reference/futures_mbp1/[Silver] GLBX-20260531-RPHWMFRBFW/glbx-mdp3-20240415.mbp-1.dbn.zst	8c44d0a8bf17215c924ec6e55e89fc5346fb472e4ec9e9c5a6ea4a768e2ed136	DEVELOPMENT
/workspace/artifacts/reference/futures_mbp1/[Silver] GLBX-20260531-RPHWMFRBFW/glbx-mdp3-20240416.mbp-1.dbn.zst	a5cec5dc9a324a5fcbef84fcd94ea142cf8d7a2ae624c72f2acce1290f02ff17	DEVELOPMENT
/workspace/artifacts/reference/futures_mbp1/[Silver] GLBX-20260531-RPHWMFRBFW/glbx-mdp3-20240417.mbp-1.dbn.zst	e799992e02bf721a5806b11511b3e7605c36c5ffb06752054138aa9a9139c0b7	DEVELOPMENT
/workspace/artifacts/reference/futures_mbp1/[Silver] GLBX-20260531-RPHWMFRBFW/glbx-mdp3-20240418.mbp-1.dbn.zst	7288f95a080016210873e3100306202e7339556e008f487982ab75e8c1ce2f78	DEVELOPMENT
/workspace/artifacts/reference/futures_mbp1/[Silver] GLBX-20260531-RPHWMFRBFW/glbx-mdp3-20240419.mbp-1.dbn.zst	62785d097a1b4343266e471d8ba8cca9fa04ae1af607ce5579a7c0f84d1cfd6a	DEVELOPMENT
/workspace/artifacts/reference/futures_mbp1/[Silver] GLBX-20260531-RPHWMFRBFW/glbx-mdp3-20240421.mbp-1.dbn.zst	39fa2a77c346276a2beeb8154105f17bde1e67de03201124ad1b7ee1e2f87932	DEVELOPMENT
/workspace/artifacts/reference/futures_mbp1/[Silver] GLBX-20260531-RPHWMFRBFW/glbx-mdp3-20240422.mbp-1.dbn.zst	5c368b75de3cd939c214a20029075db272cc8c6573442805498e3cfe03e794d8	DEVELOPMENT
/workspace/artifacts/reference/futures_mbp1/[Silver] GLBX-20260531-RPHWMFRBFW/glbx-mdp3-20240423.mbp-1.dbn.zst	3e96dd04d23d0b8e893667473a3665649111202b1577c0bcd6bdeac95b36acbb	DEVELOPMENT
/workspace/artifacts/reference/futures_mbp1/[Silver] GLBX-20260531-RPHWMFRBFW/glbx-mdp3-20240424.mbp-1.dbn.zst	b3f7aa2506fdad3d2fc0929c5a4c07bdda0aabb485396883f912fd664e07c3f4	DEVELOPMENT
/workspace/artifacts/reference/futures_mbp1/[Silver] GLBX-20260531-RPHWMFRBFW/glbx-mdp3-20240425.mbp-1.dbn.zst	27ad1fef3b0f63394791bc98081cb032c3b004b4cd878576761ff8d7ce901cf7	DEVELOPMENT
/workspace/artifacts/reference/futures_mbp1/[Silver] GLBX-20260531-RPHWMFRBFW/glbx-mdp3-20240426.mbp-1.dbn.zst	51373f7683cd06617ddd48dd96c3878cd8b57d90e7b3e2f844f546188aac4018	DEVELOPMENT
/workspace/artifacts/reference/futures_mbp1/[Silver] GLBX-20260531-RPHWMFRBFW/glbx-mdp3-20240428.mbp-1.dbn.zst	852fecd9dd8667e5f0f5d6080f2bff970da40c6cde56046414ea3930bec9eac4	DEVELOPMENT
/workspace/artifacts/reference/futures_mbp1/[Silver] GLBX-20260531-RPHWMFRBFW/glbx-mdp3-20240429.mbp-1.dbn.zst	43dc2d33c618d84ad94ea82a8084ae1caaf7d4635b45279c9a0bf651c7ae1796	DEVELOPMENT
/workspace/artifacts/reference/futures_mbp1/[Silver] GLBX-20260531-RPHWMFRBFW/glbx-mdp3-20240430.mbp-1.dbn.zst	0dabfd59e038b1493e65f3372a9a921f5c7b829811822bda88546e1319bfef53	DEVELOPMENT
/workspace/artifacts/reference/futures_mbp1/[Silver] GLBX-20260531-RPHWMFRBFW/glbx-mdp3-20240501.mbp-1.dbn.zst	a1feec64df90d788e24cd76d0e5e041861e93ee693db641cf2a6011b9cc178e3	DEVELOPMENT
/workspace/artifacts/reference/futures_mbp1/[Silver] GLBX-20260531-RPHWMFRBFW/glbx-mdp3-20240502.mbp-1.dbn.zst	3bd8412519fe85783ec056feaa72f4fbc7c8513764d17e9944365af62852492b	DEVELOPMENT
/workspace/artifacts/reference/futures_mbp1/[Silver] GLBX-20260531-RPHWMFRBFW/glbx-mdp3-20240503.mbp-1.dbn.zst	100ff0d676f43d19f36cfb20abed0a5f3e7c80374cb11723705bccf971fe0eb3	DEVELOPMENT
/workspace/artifacts/reference/futures_mbp1/[Silver] GLBX-20260531-RPHWMFRBFW/glbx-mdp3-20240505.mbp-1.dbn.zst	06a925b656e6d7987b9a2cd95783e886ae8159b70ae4126d90aeabd7ab211cc1	DEVELOPMENT
/workspace/artifacts/reference/futures_mbp1/[Silver] GLBX-20260531-RPHWMFRBFW/glbx-mdp3-20240506.mbp-1.dbn.zst	16aaa7b85fc9112bc285f5180e67e2348336bf158d74ee7522b0b8003633edf2	DEVELOPMENT
/workspace/artifacts/reference/futures_mbp1/[Silver] GLBX-20260531-RPHWMFRBFW/glbx-mdp3-20240507.mbp-1.dbn.zst	7b4bea89383d77f9cb0b19acf34f90b1059470cf76adeb58c094b1cacc74db04	DEVELOPMENT
/workspace/artifacts/reference/futures_mbp1/[Silver] GLBX-20260531-RPHWMFRBFW/glbx-mdp3-20240508.mbp-1.dbn.zst	b64460c79ce8dafbaefbdab51f0bf2e746dac36d91e582433655dd503c9326e3	DEVELOPMENT
/workspace/artifacts/reference/futures_mbp1/[Silver] GLBX-20260531-RPHWMFRBFW/glbx-mdp3-20240509.mbp-1.dbn.zst	95d5b8fcdf9aa9c460b5382b90f7e0898b2868c85839b42d0bc298825450e52d	DEVELOPMENT
/workspace/artifacts/reference/futures_mbp1/[Silver] GLBX-20260531-RPHWMFRBFW/glbx-mdp3-20240510.mbp-1.dbn.zst	b0984e4775055dc7197cab7f07f090481c8e79a26ba63a6551cbe43e8e9f8229	DEVELOPMENT
/workspace/artifacts/reference/futures_mbp1/[Silver] GLBX-20260531-RPHWMFRBFW/glbx-mdp3-20240512.mbp-1.dbn.zst	906a80602e1edc36b5f66b245fe92649973e78bf36d1a4fe6f0b762aa8700025	DEVELOPMENT
/workspace/artifacts/reference/futures_mbp1/[Silver] GLBX-20260531-RPHWMFRBFW/glbx-mdp3-20240513.mbp-1.dbn.zst	6c584b8c362fe8d9f39b8c84047b4d44720b36ff30419d73c47b22afe238a310	DEVELOPMENT
/workspace/artifacts/reference/futures_mbp1/[Silver] GLBX-20260531-RPHWMFRBFW/glbx-mdp3-20240514.mbp-1.dbn.zst	58a17ae9e880f066ea358e71c51f6b7f03634030ee032357c1578ae740b79c07	DEVELOPMENT
/workspace/artifacts/reference/futures_mbp1/[Silver] GLBX-20260531-RPHWMFRBFW/glbx-mdp3-20240515.mbp-1.dbn.zst	be837576a7b848ff2dfce19a929e9173170a4d52120f10f45894fa6e93f749ae	DEVELOPMENT
/workspace/artifacts/reference/futures_mbp1/[Silver] GLBX-20260531-RPHWMFRBFW/glbx-mdp3-20240516.mbp-1.dbn.zst	c304841c75cde76fe4b1400b73c69effd5e2e342f2f9d72fcf7be79ff7e77b2c	DEVELOPMENT
/workspace/artifacts/reference/futures_mbp1/[Silver] GLBX-20260531-RPHWMFRBFW/glbx-mdp3-20240517.mbp-1.dbn.zst	16692c13d01ebab5eed3101a7ce9edbaabf89e381007fce34f8b91d2a4db924f	DEVELOPMENT
/workspace/artifacts/reference/futures_mbp1/[Silver] GLBX-20260531-RPHWMFRBFW/glbx-mdp3-20240519.mbp-1.dbn.zst	a17e22b5a460104af986395a0184927589636570537db3ef64b5f4a6b9879e8c	DEVELOPMENT
/workspace/artifacts/reference/futures_mbp1/[Silver] GLBX-20260531-RPHWMFRBFW/glbx-mdp3-20240520.mbp-1.dbn.zst	f26aed4f4b1011c125aad831d62bc754c47110108ed43513eae07f0a1a12186f	DEVELOPMENT
/workspace/artifacts/reference/futures_mbp1/[Silver] GLBX-20260531-RPHWMFRBFW/glbx-mdp3-20240521.mbp-1.dbn.zst	1434be45e5499ef9b19ba77abb9e494c5583e4abb90aae231161a5fa95137002	DEVELOPMENT
/workspace/artifacts/reference/futures_mbp1/[Silver] GLBX-20260531-RPHWMFRBFW/glbx-mdp3-20240522.mbp-1.dbn.zst	692cbb1a48734ede2478048035bee61d2845ed95eae9003b9e50726ba6e14372	DEVELOPMENT
/workspace/artifacts/reference/futures_mbp1/[Silver] GLBX-20260531-RPHWMFRBFW/glbx-mdp3-20240523.mbp-1.dbn.zst	9c69280b1f0eb3e9f0aac92242354c25e67f0ed4a15a1566e51ada0ef22ce90c	DEVELOPMENT
/workspace/artifacts/reference/futures_mbp1/[Silver] GLBX-20260531-RPHWMFRBFW/glbx-mdp3-20240524.mbp-1.dbn.zst	d060dbd9a7b5c981ab70b24e986d6bcd6fd5c54974b8dc65797e32ee67936cbe	DEVELOPMENT
/workspace/artifacts/reference/futures_mbp1/[Silver] GLBX-20260531-RPHWMFRBFW/glbx-mdp3-20240526.mbp-1.dbn.zst	5708fa1615b87a2f1c402e9f62101788fb66ded2c5d82cdacb6cd069c5c72d56	DEVELOPMENT
/workspace/artifacts/reference/futures_mbp1/[Silver] GLBX-20260531-RPHWMFRBFW/glbx-mdp3-20240527.mbp-1.dbn.zst	f81ac0d534cfed74c145bcfa4c165ce00f98d9e1018c412eb40e7ea5568ca064	DEVELOPMENT
/workspace/artifacts/reference/futures_mbp1/[Silver] GLBX-20260531-RPHWMFRBFW/glbx-mdp3-20240528.mbp-1.dbn.zst	006285fddae219e3d984bbe49129cdc3e67e8c40c1e90180e6dc010cac9a03bf	DEVELOPMENT
/workspace/artifacts/reference/futures_mbp1/[Silver] GLBX-20260531-RPHWMFRBFW/glbx-mdp3-20240529.mbp-1.dbn.zst	418d081f54d70d358235bcb52f185a2fb4caac5beae7fbe5a00903dab2e616de	DEVELOPMENT
/workspace/artifacts/reference/futures_mbp1/[Silver] GLBX-20260531-RPHWMFRBFW/glbx-mdp3-20240530.mbp-1.dbn.zst	c8601f09bdf28e48c3532339ccb18408ddec6764ea959756d38f76fd9ac617f3	DEVELOPMENT
/workspace/artifacts/reference/futures_mbp1/[Silver] GLBX-20260531-RPHWMFRBFW/glbx-mdp3-20240531.mbp-1.dbn.zst	a370fd0fcaca2594de5dc647e23089679a65dd24a511ec672cf478cc087b1737	DEVELOPMENT
/workspace/artifacts/reference/futures_mbp1/[Silver] GLBX-20260531-RPHWMFRBFW/glbx-mdp3-20240602.mbp-1.dbn.zst	eda5ec4ba0013afe62c4ff7eec499428caf94653678feb2ff020192747d08cf3	DEVELOPMENT
/workspace/artifacts/reference/futures_mbp1/[Silver] GLBX-20260531-RPHWMFRBFW/glbx-mdp3-20240603.mbp-1.dbn.zst	54283ff2ca3f76fd6238cc728c0c502227471e80ebd35b909191608d8b9d332a	DEVELOPMENT
/workspace/artifacts/reference/futures_mbp1/[Silver] GLBX-20260531-RPHWMFRBFW/glbx-mdp3-20240604.mbp-1.dbn.zst	ab8f7e07ec9030b7917cf00f405e9444e860b0f48e7b45b1eac46b238e0186ab	DEVELOPMENT
/workspace/artifacts/reference/futures_mbp1/[Silver] GLBX-20260531-RPHWMFRBFW/glbx-mdp3-20240605.mbp-1.dbn.zst	676300b681f61a44392c187b0751659a4d39bc1d212ab834ec95ff6b7c9d92f6	DEVELOPMENT
/workspace/artifacts/reference/futures_mbp1/[Silver] GLBX-20260531-RPHWMFRBFW/glbx-mdp3-20240606.mbp-1.dbn.zst	55c5489b27263a8102407e79c060840ea4f0f8a13bb04d759ade18ecd884b01c	DEVELOPMENT
/workspace/artifacts/reference/futures_mbp1/[Silver] GLBX-20260531-RPHWMFRBFW/glbx-mdp3-20240607.mbp-1.dbn.zst	5557a4303c199a8af8bc85d1dfd9e81584ef86499c19cb56648b191ba93df26e	DEVELOPMENT
/workspace/artifacts/reference/futures_mbp1/[Silver] GLBX-20260531-RPHWMFRBFW/glbx-mdp3-20240609.mbp-1.dbn.zst	eb0d082720409aecbb45415a36e33a2b8ba37a67d960cf4c462cbafe6b01d9eb	DEVELOPMENT
/workspace/artifacts/reference/futures_mbp1/[Silver] GLBX-20260531-RPHWMFRBFW/glbx-mdp3-20240610.mbp-1.dbn.zst	9892869299a9c10576d304b9487eacd2a1fb69c045fbae25646a2c4360e7a37a	DEVELOPMENT
/workspace/artifacts/reference/futures_mbp1/[Silver] GLBX-20260531-RPHWMFRBFW/glbx-mdp3-20240611.mbp-1.dbn.zst	a7b3e0945d13bea642f03fae5b044caf108db4f8acb4aa5cb124e362dc12cd3d	DEVELOPMENT
/workspace/artifacts/reference/futures_mbp1/[Silver] GLBX-20260531-RPHWMFRBFW/glbx-mdp3-20240612.mbp-1.dbn.zst	58bdc37a628362dc314092bba925620732ddc54b6ebd93aa384fb18bbec78ea5	DEVELOPMENT
/workspace/artifacts/reference/futures_mbp1/[Silver] GLBX-20260531-RPHWMFRBFW/glbx-mdp3-20240613.mbp-1.dbn.zst	cec96c866ecb6fed63122e5c8554406fc260cd81f8618231f961b618be6e05d6	DEVELOPMENT
/workspace/artifacts/reference/futures_mbp1/[Silver] GLBX-20260531-RPHWMFRBFW/glbx-mdp3-20240614.mbp-1.dbn.zst	2ee0f2f11eb2b7f68ffc0a78a7b9169d42b7f4da7df61a0fedff1d99f864f28d	DEVELOPMENT
/workspace/artifacts/reference/futures_mbp1/[Silver] GLBX-20260531-RPHWMFRBFW/glbx-mdp3-20240616.mbp-1.dbn.zst	fb872e6b642a844e519da0991e922bd19f3e5a86f0e910b1e5bc6f129e8d3493	DEVELOPMENT
/workspace/artifacts/reference/futures_mbp1/[Silver] GLBX-20260531-RPHWMFRBFW/glbx-mdp3-20240617.mbp-1.dbn.zst	c9e5ed6d16ff1d8dd3087e0e66ed4e0f3dff4a460f80bc608946578167b13250	DEVELOPMENT
/workspace/artifacts/reference/futures_mbp1/[Silver] GLBX-20260531-RPHWMFRBFW/glbx-mdp3-20240618.mbp-1.dbn.zst	381a034ca2f15d25d85ed89ea1e5fe7b36dc44bcea600b037e2e33fb93c6594d	DEVELOPMENT
/workspace/artifacts/reference/futures_mbp1/[Silver] GLBX-20260531-RPHWMFRBFW/glbx-mdp3-20240619.mbp-1.dbn.zst	b0fa090b46b48548bea819ad83a582098b66c5eb8994341bcd2bc34717875267	DEVELOPMENT
/workspace/artifacts/reference/futures_mbp1/[Silver] GLBX-20260531-RPHWMFRBFW/glbx-mdp3-20240620.mbp-1.dbn.zst	fd13398a5b2db734b21ebec2b97875584c1604317b434fb1017dd2e9cd1613f5	DEVELOPMENT
/workspace/artifacts/reference/futures_mbp1/[Silver] GLBX-20260531-RPHWMFRBFW/glbx-mdp3-20240621.mbp-1.dbn.zst	e4557631e53405add262c15f43a95051663acd1e314493a8cc1c164c0b0a8719	DEVELOPMENT
/workspace/artifacts/reference/futures_mbp1/[Silver] GLBX-20260531-RPHWMFRBFW/glbx-mdp3-20240623.mbp-1.dbn.zst	a9b37988f1bb5625223ad130748bc6271dedcb55ef51a98fd31a1c63a4e01b18	DEVELOPMENT
/workspace/artifacts/reference/futures_mbp1/[Silver] GLBX-20260531-RPHWMFRBFW/glbx-mdp3-20240624.mbp-1.dbn.zst	752a4b36576d20e782e359e6cb45e6ca58eab9c41ffa57ee1977d8623f34dc84	DEVELOPMENT
/workspace/artifacts/reference/futures_mbp1/[Silver] GLBX-20260531-RPHWMFRBFW/glbx-mdp3-20240625.mbp-1.dbn.zst	f5a819e3c35d96a81762da13ed2303142021097bb8dc01848c669416008497dc	DEVELOPMENT
/workspace/artifacts/reference/futures_mbp1/[Silver] GLBX-20260531-RPHWMFRBFW/glbx-mdp3-20240626.mbp-1.dbn.zst	7f5cdfee700cf9583e56b0381e8173aaf3f84ae74c2d20e0b226415fd57fc593	DEVELOPMENT
/workspace/artifacts/reference/futures_mbp1/[Silver] GLBX-20260531-RPHWMFRBFW/glbx-mdp3-20240627.mbp-1.dbn.zst	f5035e5756554a14b947f182c7acc625fc0ecd696e217a9e0d54216994ad649c	DEVELOPMENT
/workspace/artifacts/reference/futures_mbp1/[Silver] GLBX-20260531-RPHWMFRBFW/glbx-mdp3-20240628.mbp-1.dbn.zst	f2727bf3cb723d28e1c5472d2e6659abbc34a38ef760c85d3d2896aec2ba9188	DEVELOPMENT
/workspace/artifacts/reference/futures_mbp1/[Silver] GLBX-20260531-RPHWMFRBFW/glbx-mdp3-20240630.mbp-1.dbn.zst	eb22b0335684d21ca821aae5ff409fce1e10c91014e66d4057f184823119f7f7	DEVELOPMENT
/workspace/artifacts/reference/futures_mbp1/[Silver] GLBX-20260531-RPHWMFRBFW/glbx-mdp3-20240701.mbp-1.dbn.zst	4dad2a27bb67eb648c985ace017ef349af1e5feab88132f141efba1000609949	DEVELOPMENT
/workspace/artifacts/reference/futures_mbp1/[Silver] GLBX-20260531-RPHWMFRBFW/glbx-mdp3-20240702.mbp-1.dbn.zst	8856d71b7ff49fe35e43d0e2090f10a92b3eece69ba58663d3999c5a23efd2df	DEVELOPMENT
/workspace/artifacts/reference/futures_mbp1/[Silver] GLBX-20260531-RPHWMFRBFW/glbx-mdp3-20240703.mbp-1.dbn.zst	ec4f5c4fc80c8f90a3f586a6adf68ff679eb841f9df9d81804330a9f841cbd56	DEVELOPMENT
/workspace/artifacts/reference/futures_mbp1/[Silver] GLBX-20260531-RPHWMFRBFW/glbx-mdp3-20240704.mbp-1.dbn.zst	d17d3f0863bc9157b9a93f6b0b12f2d347e806e99faeeb30507c5ba46cf8e819	DEVELOPMENT
/workspace/artifacts/reference/futures_mbp1/[Silver] GLBX-20260531-RPHWMFRBFW/glbx-mdp3-20240705.mbp-1.dbn.zst	5290b8af4813ed3c1ccca919055c71c04bcea79e2e3e17d973eaf54be63429f5	DEVELOPMENT
/workspace/artifacts/reference/futures_mbp1/[Silver] GLBX-20260531-RPHWMFRBFW/glbx-mdp3-20240707.mbp-1.dbn.zst	88f03fddaa184bee5f4c0a68f0d4472a0dfa93286157f1f47c5a354cea8a1e14	DEVELOPMENT
/workspace/artifacts/reference/futures_mbp1/[Silver] GLBX-20260531-RPHWMFRBFW/glbx-mdp3-20240708.mbp-1.dbn.zst	8a143b97a5bd972571702a3eba023d0f9824dd04c1392fecdecc3cbc4a8c4ab5	DEVELOPMENT
/workspace/artifacts/reference/futures_mbp1/[Silver] GLBX-20260531-RPHWMFRBFW/glbx-mdp3-20240709.mbp-1.dbn.zst	63f022d6f0c48bfd5c96812f8cfc9100c229d66747f6ba6f8a77efbc9adfcf2c	DEVELOPMENT
/workspace/artifacts/reference/futures_mbp1/[Silver] GLBX-20260531-RPHWMFRBFW/glbx-mdp3-20240710.mbp-1.dbn.zst	92bb2509577e7cac5d247ff66cdfe80ef58477be57529084461bc8bad808179a	DEVELOPMENT
/workspace/artifacts/reference/futures_mbp1/[Silver] GLBX-20260531-RPHWMFRBFW/glbx-mdp3-20240711.mbp-1.dbn.zst	9caaf417b841c371a5678efe6e8c05ba98965ecf109eb0c69e782438aabbccfe	DEVELOPMENT
/workspace/artifacts/reference/futures_mbp1/[Silver] GLBX-20260531-RPHWMFRBFW/glbx-mdp3-20240712.mbp-1.dbn.zst	daed889b6ac37b76f27531602eda30e4d63486502ecf93aa33e319277fa8e292	DEVELOPMENT
/workspace/artifacts/reference/futures_mbp1/[Silver] GLBX-20260531-RPHWMFRBFW/glbx-mdp3-20240714.mbp-1.dbn.zst	10d6459665a31bc026259c85b62d3b7fd484509f0301dccce45ade49dc3a009b	DEVELOPMENT
/workspace/artifacts/reference/futures_mbp1/[Silver] GLBX-20260531-RPHWMFRBFW/glbx-mdp3-20240715.mbp-1.dbn.zst	a8295332c9dcac2b4ef93b9499d364f8342d056868dc5cbd9778180d2e865b24	DEVELOPMENT
/workspace/artifacts/reference/futures_mbp1/[Silver] GLBX-20260531-RPHWMFRBFW/glbx-mdp3-20240716.mbp-1.dbn.zst	7a9f6455ed3ac64fc83f73c03c89c808bf2dd687c205cd43edfe7f0b8593135c	DEVELOPMENT
/workspace/artifacts/reference/futures_mbp1/[Silver] GLBX-20260531-RPHWMFRBFW/glbx-mdp3-20240717.mbp-1.dbn.zst	e3f8258bfdc261e6f180b63bf311ab7410b81117522254e616101b1704e5c682	DEVELOPMENT
/workspace/artifacts/reference/futures_mbp1/[Silver] GLBX-20260531-RPHWMFRBFW/glbx-mdp3-20240718.mbp-1.dbn.zst	74f36f6cc054def57a6cf0ab3376cfbbf0beddd1a420d07b07173742f4575946	DEVELOPMENT
/workspace/artifacts/reference/futures_mbp1/[Silver] GLBX-20260531-RPHWMFRBFW/glbx-mdp3-20240719.mbp-1.dbn.zst	fc1c968c3c98049434fe2307e39c7547b3b2a12d3585391d579c105ea02a3366	DEVELOPMENT
/workspace/artifacts/reference/futures_mbp1/[Silver] GLBX-20260531-RPHWMFRBFW/glbx-mdp3-20240721.mbp-1.dbn.zst	1b3ec2cfb70c86e76632a357af4d4e5148c7157999c9972f3c9f43824d992283	DEVELOPMENT
/workspace/artifacts/reference/futures_mbp1/[Silver] GLBX-20260531-RPHWMFRBFW/glbx-mdp3-20240722.mbp-1.dbn.zst	33f92b96be520a27e6dea40ea21f0c666ca4d475ddd9a0b89780b2305986ff45	DEVELOPMENT
/workspace/artifacts/reference/futures_mbp1/[Silver] GLBX-20260531-RPHWMFRBFW/glbx-mdp3-20240723.mbp-1.dbn.zst	1c7a71556acc0fb01fe2e89ba0d78ad189f0d138dabf0657f905a2e8f13e0835	DEVELOPMENT
/workspace/artifacts/reference/futures_mbp1/[Silver] GLBX-20260531-RPHWMFRBFW/glbx-mdp3-20240724.mbp-1.dbn.zst	bbc9d9e727fe332e0d967c7376ed884cf58cdaf523fa055514c00d844b67f2d3	DEVELOPMENT
/workspace/artifacts/reference/futures_mbp1/[Silver] GLBX-20260531-RPHWMFRBFW/glbx-mdp3-20240725.mbp-1.dbn.zst	befa24c0001a369f74e46d5e19411df9ee604217a7a87e706a4f43d8c3ed1b5a	DEVELOPMENT
/workspace/artifacts/reference/futures_mbp1/[Silver] GLBX-20260531-RPHWMFRBFW/glbx-mdp3-20240726.mbp-1.dbn.zst	f281b976f1a97cc133b32a761e71c66c2299c2db63ec536d1bd826e9630580e5	DEVELOPMENT
/workspace/artifacts/reference/futures_mbp1/[Silver] GLBX-20260531-RPHWMFRBFW/glbx-mdp3-20240728.mbp-1.dbn.zst	c49684b68b922752848db58ea363158bfb4035806af24f216003aa727e1c4e6c	DEVELOPMENT
/workspace/artifacts/reference/futures_mbp1/[Silver] GLBX-20260531-RPHWMFRBFW/glbx-mdp3-20240729.mbp-1.dbn.zst	b19152ac62a0bec2eec49cc43508efe575fe0cfe616767ffca42eab2a4a2bb6b	DEVELOPMENT
/workspace/artifacts/reference/futures_mbp1/[Silver] GLBX-20260531-RPHWMFRBFW/glbx-mdp3-20240730.mbp-1.dbn.zst	b4002e4eec977e028d44150068651a38fc4effae58ebcc367d6923468673ddc7	DEVELOPMENT
/workspace/artifacts/reference/futures_mbp1/[Silver] GLBX-20260531-RPHWMFRBFW/glbx-mdp3-20240731.mbp-1.dbn.zst	3ee10155b6a035d391dcc87ed6bb65d0d84fc6a958af7de1eb624b43d0226413	DEVELOPMENT
/workspace/artifacts/reference/futures_mbp1/[Silver] GLBX-20260531-RPHWMFRBFW/glbx-mdp3-20240801.mbp-1.dbn.zst	a65e9034367a3239dd1dfe95df03eeb47561022a929af3db9169d4cddfb519fb	DEVELOPMENT
/workspace/artifacts/reference/futures_mbp1/[Silver] GLBX-20260531-RPHWMFRBFW/glbx-mdp3-20240802.mbp-1.dbn.zst	56b29d3a9ea9677af43c5426ab2f2040bf8b65a99ad4f1af15d2fcfaf470739d	DEVELOPMENT
/workspace/artifacts/reference/futures_mbp1/[Silver] GLBX-20260531-RPHWMFRBFW/glbx-mdp3-20240804.mbp-1.dbn.zst	3c367cfaf02f49b42e572bdce389d6318c726d6cabb4fc816baa10ace9d322e3	DEVELOPMENT
/workspace/artifacts/reference/futures_mbp1/[Silver] GLBX-20260531-RPHWMFRBFW/glbx-mdp3-20240805.mbp-1.dbn.zst	ebfc61f23ca99fb35c99609789dec4afc4ffdea65daa802400ee6f2b86038eee	DEVELOPMENT
/workspace/artifacts/reference/futures_mbp1/[Silver] GLBX-20260531-RPHWMFRBFW/glbx-mdp3-20240806.mbp-1.dbn.zst	bafaf7e5ca7dd09acb78f7cb19ad6aae829ea4e6fe468af555d7bbd7dbbd8dcd	DEVELOPMENT
/workspace/artifacts/reference/futures_mbp1/[Silver] GLBX-20260531-RPHWMFRBFW/glbx-mdp3-20240807.mbp-1.dbn.zst	5b7afc6e46c422adbae620a402504b7cb4108bce2228fd9647ad67f224861ba5	DEVELOPMENT
/workspace/artifacts/reference/futures_mbp1/[Silver] GLBX-20260531-RPHWMFRBFW/glbx-mdp3-20240808.mbp-1.dbn.zst	8ed507ffa4bd0ae60058d1600cc2963a4fde2d6fd6f5dd35b93f50093bd2ce68	DEVELOPMENT
/workspace/artifacts/reference/futures_mbp1/[Silver] GLBX-20260531-RPHWMFRBFW/glbx-mdp3-20240809.mbp-1.dbn.zst	b79600264e2aa60e3ccdc4b7d1d91f872812286143a4239922ee563be412d658	DEVELOPMENT
/workspace/artifacts/reference/futures_mbp1/[Silver] GLBX-20260531-RPHWMFRBFW/glbx-mdp3-20240811.mbp-1.dbn.zst	807c85adfba44272d93930facf7e4fd2bf98087b0515f3714144ee979b6c36e4	DEVELOPMENT
/workspace/artifacts/reference/futures_mbp1/[Silver] GLBX-20260531-RPHWMFRBFW/glbx-mdp3-20240812.mbp-1.dbn.zst	8621e561449074888800d1569fd91a09e536dfe1f181bdd9ac103b5f251a20ba	DEVELOPMENT
/workspace/artifacts/reference/futures_mbp1/[Silver] GLBX-20260531-RPHWMFRBFW/glbx-mdp3-20240813.mbp-1.dbn.zst	0e74fa4809b82b89952ba4f5807a5c66518194f3d282ebd98205190d413d228e	DEVELOPMENT
/workspace/artifacts/reference/futures_mbp1/[Silver] GLBX-20260531-RPHWMFRBFW/glbx-mdp3-20240814.mbp-1.dbn.zst	9e84174d8f2c41764ae05ecd1cd1f06572461a747f421d17812ce05a6c3f6623	DEVELOPMENT
/workspace/artifacts/reference/futures_mbp1/[Silver] GLBX-20260531-RPHWMFRBFW/glbx-mdp3-20240815.mbp-1.dbn.zst	692a30e874cfa402a3960ff3212ccc6e46afdb1a711dd01d5a40a809962ffe67	DEVELOPMENT
/workspace/artifacts/reference/futures_mbp1/[Silver] GLBX-20260531-RPHWMFRBFW/glbx-mdp3-20240816.mbp-1.dbn.zst	1e845126f87d0c5e9dea3eada43a3d486d86ac83d0f2c7129f47edfcc0c9ad2c	DEVELOPMENT
/workspace/artifacts/reference/futures_mbp1/[Silver] GLBX-20260531-RPHWMFRBFW/glbx-mdp3-20240818.mbp-1.dbn.zst	8c42b2fa8f45331e544bfb31de6354c37e85ea9cda6a7c7490635bb658bfd9b3	DEVELOPMENT
/workspace/artifacts/reference/futures_mbp1/[Silver] GLBX-20260531-RPHWMFRBFW/glbx-mdp3-20240819.mbp-1.dbn.zst	d9a79188b84a8588d92f9061870ada10411b2ebed37c4bc40b2c03099ff684c5	DEVELOPMENT
/workspace/artifacts/reference/futures_mbp1/[Silver] GLBX-20260531-RPHWMFRBFW/glbx-mdp3-20240820.mbp-1.dbn.zst	06a61f3965c21687bcd1c29d2fc659e51fd3fe4027a71017627c0ec58670840c	DEVELOPMENT
/workspace/artifacts/reference/futures_mbp1/[Silver] GLBX-20260531-RPHWMFRBFW/glbx-mdp3-20240821.mbp-1.dbn.zst	2f380620ef31267a3d01a5543352fff828189e68eabf65ae3811ae81569f060d	DEVELOPMENT
/workspace/artifacts/reference/futures_mbp1/[Silver] GLBX-20260531-RPHWMFRBFW/glbx-mdp3-20240822.mbp-1.dbn.zst	50738ce197e736d3df491ea6e37a4ad9c4a59f01af567010ea5e135e90e82ec6	DEVELOPMENT
/workspace/artifacts/reference/futures_mbp1/[Silver] GLBX-20260531-RPHWMFRBFW/glbx-mdp3-20240823.mbp-1.dbn.zst	d925019c06c08e0e04966f636b6084685e7b4ccbd75f9fa2924c74a97cb1db00	DEVELOPMENT
/workspace/artifacts/reference/futures_mbp1/[Silver] GLBX-20260531-RPHWMFRBFW/glbx-mdp3-20240825.mbp-1.dbn.zst	d6b9908c8479acbe536e77879ab541e9cc7b613e32be4cd18df719bf6852f768	DEVELOPMENT
/workspace/artifacts/reference/futures_mbp1/[Silver] GLBX-20260531-RPHWMFRBFW/glbx-mdp3-20240826.mbp-1.dbn.zst	aee61ac2df2fd483efc9e985e9ce29c83dd4c7716df62aeef740fdc043949d03	DEVELOPMENT
/workspace/artifacts/reference/futures_mbp1/[Silver] GLBX-20260531-RPHWMFRBFW/glbx-mdp3-20240827.mbp-1.dbn.zst	ef107539472b44ab982baabaf24d408f9d481121ea0c8d42c2285b7695accd54	DEVELOPMENT
/workspace/artifacts/reference/futures_mbp1/[Silver] GLBX-20260531-RPHWMFRBFW/glbx-mdp3-20240828.mbp-1.dbn.zst	1de71c39d22d04a8c7e1ce3e270d3bd7b4ba1c17a3bb4680d5536563cd68a031	DEVELOPMENT
/workspace/artifacts/reference/futures_mbp1/[Silver] GLBX-20260531-RPHWMFRBFW/glbx-mdp3-20240829.mbp-1.dbn.zst	584c2b1d904bbb5ecd0f7e5066867f1e549a770d723b313707c9dd779b1b9250	DEVELOPMENT
/workspace/artifacts/reference/futures_mbp1/[Silver] GLBX-20260531-RPHWMFRBFW/glbx-mdp3-20240830.mbp-1.dbn.zst	c0dc5316bfbf6b742e90f6a58acd6456dfafa29c298b8ce37094aa1b207c04e6	DEVELOPMENT
/workspace/artifacts/reference/futures_mbp1/[Silver] GLBX-20260531-RPHWMFRBFW/glbx-mdp3-20240901.mbp-1.dbn.zst	7f1fb5b72e03541c27ee41f838acb16345d8dcf75adbafd74548e13c1ce0107a	DEVELOPMENT
/workspace/artifacts/reference/futures_mbp1/[Silver] GLBX-20260531-RPHWMFRBFW/glbx-mdp3-20240902.mbp-1.dbn.zst	47c981fd66b927ffad7cc56d7698c6cc170161b89ac2622b6dbeda3b1bef062d	DEVELOPMENT
/workspace/artifacts/reference/futures_mbp1/[Silver] GLBX-20260531-RPHWMFRBFW/glbx-mdp3-20240903.mbp-1.dbn.zst	7d2cc814d66978f17fafe31e3a3873b705f7e31d52883ac6a41113f2dd983a6e	DEVELOPMENT
/workspace/artifacts/reference/futures_mbp1/[Silver] GLBX-20260531-RPHWMFRBFW/glbx-mdp3-20240904.mbp-1.dbn.zst	a18b517af01f3f9da301be3da9aa1e7d8c0fa88d7055e9d17cf5f7fcb213539d	DEVELOPMENT
/workspace/artifacts/reference/futures_mbp1/[Silver] GLBX-20260531-RPHWMFRBFW/glbx-mdp3-20240905.mbp-1.dbn.zst	a341404b3e65a91708700300558da935caeeef108cda0493cf896b0426ba38c0	DEVELOPMENT
/workspace/artifacts/reference/futures_mbp1/[Silver] GLBX-20260531-RPHWMFRBFW/glbx-mdp3-20240906.mbp-1.dbn.zst	20bbd5ca4ea8e9e24820e1d8774e297f1ef3c5127746ece32d73234d13cad7ac	DEVELOPMENT
/workspace/artifacts/reference/futures_mbp1/[Silver] GLBX-20260531-RPHWMFRBFW/glbx-mdp3-20240908.mbp-1.dbn.zst	54eb79956ac9b414feb5bbeffa966d9ce6327bf54489f78447797e3ad0515eac	DEVELOPMENT
/workspace/artifacts/reference/futures_mbp1/[Silver] GLBX-20260531-RPHWMFRBFW/glbx-mdp3-20240909.mbp-1.dbn.zst	11d84e19f7eba2799afe8d4b8474ceceb0f5f34263bcb3085fde99385998c2e7	DEVELOPMENT
/workspace/artifacts/reference/futures_mbp1/[Silver] GLBX-20260531-RPHWMFRBFW/glbx-mdp3-20240910.mbp-1.dbn.zst	b7c0f35d7c4e48bd9e64a39d2e08033ef9650ee0e121fcb0907ee3fc492e3cc3	DEVELOPMENT
/workspace/artifacts/reference/futures_mbp1/[Silver] GLBX-20260531-RPHWMFRBFW/glbx-mdp3-20240911.mbp-1.dbn.zst	108743c729a0fc430eb063c67c5bc5aef0d4af933cc69678b29692d5f0f32dcf	DEVELOPMENT
/workspace/artifacts/reference/futures_mbp1/[Silver] GLBX-20260531-RPHWMFRBFW/glbx-mdp3-20240912.mbp-1.dbn.zst	95f0b82bde8c39665e453c9abac91d557a35ebd6f4062725f6902bcfb6d1ea3c	DEVELOPMENT
/workspace/artifacts/reference/futures_mbp1/[Silver] GLBX-20260531-RPHWMFRBFW/glbx-mdp3-20240913.mbp-1.dbn.zst	7d91a7c57577bf04b3a0eb9af2cd628bced66e9e167337e7310c8ce856eaf310	DEVELOPMENT
/workspace/artifacts/reference/futures_mbp1/[Silver] GLBX-20260531-RPHWMFRBFW/glbx-mdp3-20240915.mbp-1.dbn.zst	b28d0e564657d91db18d08e8c5cb77570444a1999cdd2246c3c93e9776a4f93a	DEVELOPMENT
/workspace/artifacts/reference/futures_mbp1/[Silver] GLBX-20260531-RPHWMFRBFW/glbx-mdp3-20240916.mbp-1.dbn.zst	45665a38943f436b7e85224a36eb7e407f279b84dc8e169bd3e2eb73c3253d06	DEVELOPMENT
/workspace/artifacts/reference/futures_mbp1/[Silver] GLBX-20260531-RPHWMFRBFW/glbx-mdp3-20240917.mbp-1.dbn.zst	07b7bb8add00e7d4b5e9c0193cc85edb93cec929e1ae8f657decc14fcdf56cf5	DEVELOPMENT
/workspace/artifacts/reference/futures_mbp1/[Silver] GLBX-20260531-RPHWMFRBFW/glbx-mdp3-20240918.mbp-1.dbn.zst	91fdbf3668317cae064ff06d2406018cdcd3d1c74f84cf1e4f56bfbfa6a1755b	DEVELOPMENT
/workspace/artifacts/reference/futures_mbp1/[Silver] GLBX-20260531-RPHWMFRBFW/glbx-mdp3-20240919.mbp-1.dbn.zst	b12388e91425677a02854aafc2fd54b6fd7a04404b90d9989acad60b8096f069	DEVELOPMENT
/workspace/artifacts/reference/futures_mbp1/[Silver] GLBX-20260531-RPHWMFRBFW/glbx-mdp3-20240920.mbp-1.dbn.zst	5dd678c316eaa62974fa7402a9da38bda7da72b61233ab2fb4fc4eced0ea2319	DEVELOPMENT
/workspace/artifacts/reference/futures_mbp1/[Silver] GLBX-20260531-RPHWMFRBFW/glbx-mdp3-20240922.mbp-1.dbn.zst	65c6a7e1f2ad4f5ada8085991bc73cc85e1cb998b977f91402091194d8518255	DEVELOPMENT
/workspace/artifacts/reference/futures_mbp1/[Silver] GLBX-20260531-RPHWMFRBFW/glbx-mdp3-20240923.mbp-1.dbn.zst	4c80c38e45cde345c6cdd8d8baaf18987b363cd586bb7c1844d72e795d20234d	DEVELOPMENT
/workspace/artifacts/reference/futures_mbp1/[Silver] GLBX-20260531-RPHWMFRBFW/glbx-mdp3-20240924.mbp-1.dbn.zst	1af1dab5f4708ee6e4f942ee33cb3dcb1bc663551793e8ac0bfad9a110b0c98a	DEVELOPMENT
/workspace/artifacts/reference/futures_mbp1/[Silver] GLBX-20260531-RPHWMFRBFW/glbx-mdp3-20240925.mbp-1.dbn.zst	82c490f5e671f7f2b8718d28f3188c78a4f053d61c7761633237155336a7ae3c	DEVELOPMENT
/workspace/artifacts/reference/futures_mbp1/[Silver] GLBX-20260531-RPHWMFRBFW/glbx-mdp3-20240926.mbp-1.dbn.zst	b47c741f9bd13882daa16dac4ec0f73fb4497970c380f0f7e5d4fa5efd36ceb0	DEVELOPMENT
/workspace/artifacts/reference/futures_mbp1/[Silver] GLBX-20260531-RPHWMFRBFW/glbx-mdp3-20240927.mbp-1.dbn.zst	aac7bd774159cb1408438a91637a029c6c9ab92e922baaba252673feaad3b236	DEVELOPMENT
/workspace/artifacts/reference/futures_mbp1/[Silver] GLBX-20260531-RPHWMFRBFW/glbx-mdp3-20240929.mbp-1.dbn.zst	eb4491834ac369d9c92d43fc766038320ea60430087fd90fb55ae3c4d5328447	DEVELOPMENT
/workspace/artifacts/reference/futures_mbp1/[Silver] GLBX-20260531-RPHWMFRBFW/glbx-mdp3-20240930.mbp-1.dbn.zst	c6c809aee048c0dddf02157645210f061a8ceab69bc53a03e49391af260bdcbf	DEVELOPMENT
/workspace/artifacts/reference/futures_mbp1/[Silver] GLBX-20260531-RPHWMFRBFW/glbx-mdp3-20241001.mbp-1.dbn.zst	15d15c67eace340b3215412b6ce324de4a8038a7d61fa407e063c28ac410fe1c	DEVELOPMENT
/workspace/artifacts/reference/futures_mbp1/[Silver] GLBX-20260531-RPHWMFRBFW/glbx-mdp3-20241002.mbp-1.dbn.zst	530e93c80c31b6ba2abeb498eb4fb0ffa0d1411e870cc103c029ccd5db4fa228	DEVELOPMENT
/workspace/artifacts/reference/futures_mbp1/[Silver] GLBX-20260531-RPHWMFRBFW/glbx-mdp3-20241003.mbp-1.dbn.zst	375932123c9595ccad82c4f82a5b5c255c378ee15338191d7cd6a2618b64f292	DEVELOPMENT
/workspace/artifacts/reference/futures_mbp1/[Silver] GLBX-20260531-RPHWMFRBFW/glbx-mdp3-20241004.mbp-1.dbn.zst	7bd4eb7ef0235c23f458fa9d629b25faaec3af0d3497e6e581010de80ae83ec2	DEVELOPMENT
/workspace/artifacts/reference/futures_mbp1/[Silver] GLBX-20260531-RPHWMFRBFW/glbx-mdp3-20241006.mbp-1.dbn.zst	2904d40ea8258314015d0ab5507f0d56e17355e22858a24d060ab5474d7d7812	DEVELOPMENT
/workspace/artifacts/reference/futures_mbp1/[Silver] GLBX-20260531-RPHWMFRBFW/glbx-mdp3-20241007.mbp-1.dbn.zst	c96b47a9eccd7dabc08255dbe8d173e8cb81bc4e98bf1277b24819f904d89c93	DEVELOPMENT
/workspace/artifacts/reference/futures_mbp1/[Silver] GLBX-20260531-RPHWMFRBFW/glbx-mdp3-20241008.mbp-1.dbn.zst	ddc6361cee0f42a84b8064fb375ecf743dc5c7c068420334a3ba3b823d0d69f5	DEVELOPMENT
/workspace/artifacts/reference/futures_mbp1/[Silver] GLBX-20260531-RPHWMFRBFW/glbx-mdp3-20241009.mbp-1.dbn.zst	04a250e74286f788bc2aa6976852356aa2aadec494cbaf279ba82d27431941fa	DEVELOPMENT
/workspace/artifacts/reference/futures_mbp1/[Silver] GLBX-20260531-RPHWMFRBFW/glbx-mdp3-20241010.mbp-1.dbn.zst	e1f33cc00a0df9f5a19824324c5855fdd223b11659154b5de4bf02d646184104	DEVELOPMENT
/workspace/artifacts/reference/futures_mbp1/[Silver] GLBX-20260531-RPHWMFRBFW/glbx-mdp3-20241011.mbp-1.dbn.zst	ab7066dd3f2a7bad5aecbb268329f33dae1767e48d784d7bfaeae8644ba73a46	DEVELOPMENT
/workspace/artifacts/reference/futures_mbp1/[Silver] GLBX-20260531-RPHWMFRBFW/glbx-mdp3-20241013.mbp-1.dbn.zst	547e81b85f0a2551d5b62dbc7477fdef1b69d93744c01c7b319b422625f93f91	DEVELOPMENT
/workspace/artifacts/reference/futures_mbp1/[Silver] GLBX-20260531-RPHWMFRBFW/glbx-mdp3-20241014.mbp-1.dbn.zst	9ae792d0eaa7b1e9e048ec4579bb28c29715482973b2e2a564b9dcb24a80e115	DEVELOPMENT
/workspace/artifacts/reference/futures_mbp1/[Silver] GLBX-20260531-RPHWMFRBFW/glbx-mdp3-20241015.mbp-1.dbn.zst	ce3a4287d4c87a78a164e50482816e6cd3f449e20f1a18429a792d5693ad6ee6	DEVELOPMENT
/workspace/artifacts/reference/futures_mbp1/[Silver] GLBX-20260531-RPHWMFRBFW/glbx-mdp3-20241016.mbp-1.dbn.zst	834510e0126032b90ce8a4df31c5db01a3b2b04a267cd601cd9c86047daec329	DEVELOPMENT
/workspace/artifacts/reference/futures_mbp1/[Silver] GLBX-20260531-RPHWMFRBFW/glbx-mdp3-20241017.mbp-1.dbn.zst	e646aa729ad9d4fc0592cf1f0bf87e945ae25cb012df27c173bcf384c7cb3173	DEVELOPMENT
/workspace/artifacts/reference/futures_mbp1/[Silver] GLBX-20260531-RPHWMFRBFW/glbx-mdp3-20241018.mbp-1.dbn.zst	7a541dcfc69498f1c86c1f4427ccbe644ab3808b4bea8a46ac3b5780424c9fc9	DEVELOPMENT
/workspace/artifacts/reference/futures_mbp1/[Silver] GLBX-20260531-RPHWMFRBFW/glbx-mdp3-20241020.mbp-1.dbn.zst	f1d20a2a3197bb55d7ae3a0082832243200b4a794955d2bf147f23740e802e6c	DEVELOPMENT
/workspace/artifacts/reference/futures_mbp1/[Silver] GLBX-20260531-RPHWMFRBFW/glbx-mdp3-20241021.mbp-1.dbn.zst	4a1a7b8be01c1140dd9fa08fdd21d990d2127cb1271fc062cac1fe0dcf1786eb	DEVELOPMENT
/workspace/artifacts/reference/futures_mbp1/[Silver] GLBX-20260531-RPHWMFRBFW/glbx-mdp3-20241022.mbp-1.dbn.zst	d5403fd81ed8edbe9087f6002b0e2e32cd4240dd8efd9188d6fcf4d2821a5ccc	DEVELOPMENT
/workspace/artifacts/reference/futures_mbp1/[Silver] GLBX-20260531-RPHWMFRBFW/glbx-mdp3-20241023.mbp-1.dbn.zst	274b30afda66b79e1850425b95be21305a8eab715a22b82691164a7d49ada785	DEVELOPMENT
/workspace/artifacts/reference/futures_mbp1/[Silver] GLBX-20260531-RPHWMFRBFW/glbx-mdp3-20241024.mbp-1.dbn.zst	e7fbade92ae65cba9143b774c2c9d4cab413ebaebdef47937dbe2290789ca56e	DEVELOPMENT
/workspace/artifacts/reference/futures_mbp1/[Silver] GLBX-20260531-RPHWMFRBFW/glbx-mdp3-20241025.mbp-1.dbn.zst	ed6ee9a1e1ef7eb93df91f74003c8034d3bf457ab0daae22da01b45feb3f40ed	DEVELOPMENT
/workspace/artifacts/reference/futures_mbp1/[Silver] GLBX-20260531-RPHWMFRBFW/glbx-mdp3-20241027.mbp-1.dbn.zst	d935c2d1bfe2fdb5f78431f7e822ec5b61200ae39f8121c7f9d238c23e31729c	DEVELOPMENT
/workspace/artifacts/reference/futures_mbp1/[Silver] GLBX-20260531-RPHWMFRBFW/glbx-mdp3-20241028.mbp-1.dbn.zst	cc1084069c1436a585ffcabf4d336a16cce3f3a74ff40355f3486f5b3669ef7a	DEVELOPMENT
/workspace/artifacts/reference/futures_mbp1/[Silver] GLBX-20260531-RPHWMFRBFW/glbx-mdp3-20241029.mbp-1.dbn.zst	9a6cc17ea0be4274e1642f66f8a4c1b41329ecb07edd8d9f702fb16b6259a8a3	DEVELOPMENT
/workspace/artifacts/reference/futures_mbp1/[Silver] GLBX-20260531-RPHWMFRBFW/glbx-mdp3-20241030.mbp-1.dbn.zst	e3efaed98899c8af87bf20b3644e93ae83ad7c47ee497671a90898b8a255b0ad	DEVELOPMENT
/workspace/artifacts/reference/futures_mbp1/[Silver] GLBX-20260531-RPHWMFRBFW/glbx-mdp3-20241031.mbp-1.dbn.zst	3d0b07a5e93735e795fad717e0e6759a4e27fde5894c3deae450cbad35b5d24f	DEVELOPMENT
/workspace/artifacts/reference/futures_mbp1/[Silver] GLBX-20260531-RPHWMFRBFW/glbx-mdp3-20241101.mbp-1.dbn.zst	c8f43ec375acc33ba63b65d6aae73c232bb5fadae6ea5e3aa9720cf82abb4edf	DEVELOPMENT
/workspace/artifacts/reference/futures_mbp1/[Silver] GLBX-20260531-RPHWMFRBFW/glbx-mdp3-20241103.mbp-1.dbn.zst	f7e99f798a9b5ac6b8238fc055bc8775eefa3e32812a2fb3fe9771f567ebff50	DEVELOPMENT
/workspace/artifacts/reference/futures_mbp1/[Silver] GLBX-20260531-RPHWMFRBFW/glbx-mdp3-20241104.mbp-1.dbn.zst	22e27b45e55dca644f63eee43fbdee9e1ff2d010a6044d48c1c10eb9dc3e5d7f	DEVELOPMENT
/workspace/artifacts/reference/futures_mbp1/[Silver] GLBX-20260531-RPHWMFRBFW/glbx-mdp3-20241105.mbp-1.dbn.zst	1f9dc5c967bf733e0229f8ff8e18b14f6613277e003cf7dd571fcf7615e5df96	DEVELOPMENT
/workspace/artifacts/reference/futures_mbp1/[Silver] GLBX-20260531-RPHWMFRBFW/glbx-mdp3-20241106.mbp-1.dbn.zst	13f3f1ec7e12d0e7fa8afb525b5d820c76d3c1b2e03d967d0f23a4576a0dccd9	DEVELOPMENT
/workspace/artifacts/reference/futures_mbp1/[Silver] GLBX-20260531-RPHWMFRBFW/glbx-mdp3-20241107.mbp-1.dbn.zst	c93ecce2d7a286ac1d8223a15b12de7d99c9c3d98ec0402bb89e7d2bec042db3	DEVELOPMENT
/workspace/artifacts/reference/futures_mbp1/[Silver] GLBX-20260531-RPHWMFRBFW/glbx-mdp3-20241108.mbp-1.dbn.zst	bfcf6a9ecf363d04e0fe674075f276907b8f68d1dc14bd0dac1755ea40988b34	DEVELOPMENT
/workspace/artifacts/reference/futures_mbp1/[Silver] GLBX-20260531-RPHWMFRBFW/glbx-mdp3-20241110.mbp-1.dbn.zst	8739ee448c616d78ac6b1cc0ad56eeb3acc16bd63a40b4c861bd6598d0cc00f8	DEVELOPMENT
/workspace/artifacts/reference/futures_mbp1/[Silver] GLBX-20260531-RPHWMFRBFW/glbx-mdp3-20241111.mbp-1.dbn.zst	4435d56749266780a739b80f7879d05182916acd25ad690362360cc0909d949b	DEVELOPMENT
/workspace/artifacts/reference/futures_mbp1/[Silver] GLBX-20260531-RPHWMFRBFW/glbx-mdp3-20241112.mbp-1.dbn.zst	4d1341ddca18a9fd79a00fd3305022036a9470b44126c5086b18a0c8653907fc	DEVELOPMENT
/workspace/artifacts/reference/futures_mbp1/[Silver] GLBX-20260531-RPHWMFRBFW/glbx-mdp3-20241113.mbp-1.dbn.zst	b40872a17608b096e4b663f8fb895da8466b3eda04fb0d8465bcd6e42b9e10e9	DEVELOPMENT
/workspace/artifacts/reference/futures_mbp1/[Silver] GLBX-20260531-RPHWMFRBFW/glbx-mdp3-20241114.mbp-1.dbn.zst	c561756a476b15d71cb0bca6a70abf6605bb44fcfe7633e1b1a2efa47234551d	DEVELOPMENT
/workspace/artifacts/reference/futures_mbp1/[Silver] GLBX-20260531-RPHWMFRBFW/glbx-mdp3-20241115.mbp-1.dbn.zst	330587d399d2ddb197ec9b4ce06a9dcee2e9640308a1254196a21feea8ef9de7	DEVELOPMENT
/workspace/artifacts/reference/futures_mbp1/[Silver] GLBX-20260531-RPHWMFRBFW/glbx-mdp3-20241117.mbp-1.dbn.zst	461421218661a858cad7cd4c50641a7db5e714bff3e32095388152f53a5b12a0	DEVELOPMENT
/workspace/artifacts/reference/futures_mbp1/[Silver] GLBX-20260531-RPHWMFRBFW/glbx-mdp3-20241118.mbp-1.dbn.zst	f5754598668ce877e560ae81192c52890b63f851040c0ccfc5332fa3ba245101	DEVELOPMENT
/workspace/artifacts/reference/futures_mbp1/[Silver] GLBX-20260531-RPHWMFRBFW/glbx-mdp3-20241119.mbp-1.dbn.zst	257fcd1c952395917ba98f2bc7d1e784ddb750ef786dfe1c853a928912b2bc58	DEVELOPMENT
/workspace/artifacts/reference/futures_mbp1/[Silver] GLBX-20260531-RPHWMFRBFW/glbx-mdp3-20241120.mbp-1.dbn.zst	8898bb0588de6b6fd162f995b1a447a9e6eae52de796e726e74ed126771dd691	DEVELOPMENT
/workspace/artifacts/reference/futures_mbp1/[Silver] GLBX-20260531-RPHWMFRBFW/glbx-mdp3-20241121.mbp-1.dbn.zst	cdf83ec9f5093a793101aa15e04514583a1ebd4831f2cb0ac210a5b2f3a5335d	DEVELOPMENT
/workspace/artifacts/reference/futures_mbp1/[Silver] GLBX-20260531-RPHWMFRBFW/glbx-mdp3-20241122.mbp-1.dbn.zst	ed46e99c60e6f6fd1600163ded0374040eb1cf57c320d024b7ce69b0dcde87b4	DEVELOPMENT
/workspace/artifacts/reference/futures_mbp1/[Silver] GLBX-20260531-RPHWMFRBFW/glbx-mdp3-20241124.mbp-1.dbn.zst	10a51ebf9f4a738ec8cd8a07fe0de7d452be5501ffc332b0f5b8b04734b0fd81	DEVELOPMENT
/workspace/artifacts/reference/futures_mbp1/[Silver] GLBX-20260531-RPHWMFRBFW/glbx-mdp3-20241125.mbp-1.dbn.zst	bbf76c227f9d4fec44177588501094c0362f5659bca538709cc52bd20e40d402	DEVELOPMENT
/workspace/artifacts/reference/futures_mbp1/[Silver] GLBX-20260531-RPHWMFRBFW/glbx-mdp3-20241126.mbp-1.dbn.zst	ed5dfd3e60fd573bf05b6a5ce4b760c27d0d391a06f036ee3b0ca62970fdd997	DEVELOPMENT
/workspace/artifacts/reference/futures_mbp1/[Silver] GLBX-20260531-RPHWMFRBFW/glbx-mdp3-20241127.mbp-1.dbn.zst	4553ac9f1b6f59a1516675f57522edc0c6b069f99054c497ff59c0d63ddc524c	DEVELOPMENT
/workspace/artifacts/reference/futures_mbp1/[Silver] GLBX-20260531-RPHWMFRBFW/glbx-mdp3-20241128.mbp-1.dbn.zst	5a6f4ad895dc61553522f56f26d7ca421fa138bcd4f3c4e7fad160ac4b5f409e	DEVELOPMENT
/workspace/artifacts/reference/futures_mbp1/[Silver] GLBX-20260531-RPHWMFRBFW/glbx-mdp3-20241129.mbp-1.dbn.zst	aa195f3eecfef08a687291ea69d999e7a8312e7296747ad15a80b31028b0eff4	DEVELOPMENT
/workspace/artifacts/reference/futures_mbp1/[Silver] GLBX-20260531-RPHWMFRBFW/glbx-mdp3-20241201.mbp-1.dbn.zst	cba13a605b0adbcc173d02b7f446e0de158c54a81366fc4e05bd670493dace8e	DEVELOPMENT
/workspace/artifacts/reference/futures_mbp1/[Silver] GLBX-20260531-RPHWMFRBFW/glbx-mdp3-20241202.mbp-1.dbn.zst	47f69490558d2d65ed73c16068c557cd658fd797c3fe54370b4ca8ac3a8bc7b9	DEVELOPMENT
/workspace/artifacts/reference/futures_mbp1/[Silver] GLBX-20260531-RPHWMFRBFW/glbx-mdp3-20241203.mbp-1.dbn.zst	d319d4f3109fc4d510a65253da7ef119bb2c9a806adcf1f11a2f02eb879aec66	DEVELOPMENT
/workspace/artifacts/reference/futures_mbp1/[Silver] GLBX-20260531-RPHWMFRBFW/glbx-mdp3-20241204.mbp-1.dbn.zst	8e3549b5d95a4e6a0fc5dc3b9c20170d6ddb685e75d12f5c8846893d57b5e5aa	DEVELOPMENT
/workspace/artifacts/reference/futures_mbp1/[Silver] GLBX-20260531-RPHWMFRBFW/glbx-mdp3-20241205.mbp-1.dbn.zst	e4c30b887ca536569a36a645e611869d575b4e1c8e1808923e0772b0ebd0fbf1	DEVELOPMENT
/workspace/artifacts/reference/futures_mbp1/[Silver] GLBX-20260531-RPHWMFRBFW/glbx-mdp3-20241206.mbp-1.dbn.zst	fba0f265ec65284faf162ba8721a220db6536b739e3fec30992510e3766cfaf1	DEVELOPMENT
/workspace/artifacts/reference/futures_mbp1/[Silver] GLBX-20260531-RPHWMFRBFW/glbx-mdp3-20241208.mbp-1.dbn.zst	c73efdc06201131db0a79cb1555cd2872c4254b7b01a5b951e2a952c329b7942	DEVELOPMENT
/workspace/artifacts/reference/futures_mbp1/[Silver] GLBX-20260531-RPHWMFRBFW/glbx-mdp3-20241209.mbp-1.dbn.zst	2a819a8f3d8ddd9d1bc0110ae7f366e699df1b68bb79a99ba188b1ed0145b9a5	DEVELOPMENT
/workspace/artifacts/reference/futures_mbp1/[Silver] GLBX-20260531-RPHWMFRBFW/glbx-mdp3-20241210.mbp-1.dbn.zst	f9a37e19b7ee8a742088f68a2b8da6a42a20fa608d1d4f74149e2540c2fe826f	DEVELOPMENT
/workspace/artifacts/reference/futures_mbp1/[Silver] GLBX-20260531-RPHWMFRBFW/glbx-mdp3-20241211.mbp-1.dbn.zst	ec68daa2ca61d17eaaff859dea77f65b01f7fc00d81498142e21e0d808915f48	DEVELOPMENT
/workspace/artifacts/reference/futures_mbp1/[Silver] GLBX-20260531-RPHWMFRBFW/glbx-mdp3-20241212.mbp-1.dbn.zst	30499afee3eba03d2c042ec61c3f06a467894579f088ab2b64057887b0f5c670	DEVELOPMENT
/workspace/artifacts/reference/futures_mbp1/[Silver] GLBX-20260531-RPHWMFRBFW/glbx-mdp3-20241213.mbp-1.dbn.zst	6814b33030e9acfae799337aece9f2d37cf8fc6b51b5feb408786ba0781358ff	DEVELOPMENT
/workspace/artifacts/reference/futures_mbp1/[Silver] GLBX-20260531-RPHWMFRBFW/glbx-mdp3-20241215.mbp-1.dbn.zst	1469b40f8eb76ccc9885f663dc57eb06a20438dd667b63930093cea535f84693	DEVELOPMENT
/workspace/artifacts/reference/futures_mbp1/[Silver] GLBX-20260531-RPHWMFRBFW/glbx-mdp3-20241216.mbp-1.dbn.zst	ba6a37dcbe2ff9bfe880aafb8202a09acdf6b8b0f500045b6f348ad1bed82fbb	DEVELOPMENT
/workspace/artifacts/reference/futures_mbp1/[Silver] GLBX-20260531-RPHWMFRBFW/glbx-mdp3-20241217.mbp-1.dbn.zst	db183bff523a8fe8d7dc3b3e2d7f3eb20332072d887cad91a740461bab9330f5	DEVELOPMENT
/workspace/artifacts/reference/futures_mbp1/[Silver] GLBX-20260531-RPHWMFRBFW/glbx-mdp3-20241218.mbp-1.dbn.zst	adf33d9f84f124a1641f866d244e31f648104bcfb391570adf98a7463bb8da78	DEVELOPMENT
/workspace/artifacts/reference/futures_mbp1/[Silver] GLBX-20260531-RPHWMFRBFW/glbx-mdp3-20241219.mbp-1.dbn.zst	1287522780397020e46fa7a7aa454eadbdbaeec8f617b054e61a946104807a12	DEVELOPMENT
/workspace/artifacts/reference/futures_mbp1/[Silver] GLBX-20260531-RPHWMFRBFW/glbx-mdp3-20241220.mbp-1.dbn.zst	75e08a09037335243afefaf286e79be86a7074f5d70d2f639aec6c113e716967	DEVELOPMENT
/workspace/artifacts/reference/futures_mbp1/[Silver] GLBX-20260531-RPHWMFRBFW/glbx-mdp3-20241222.mbp-1.dbn.zst	c03bb94503991509c7778983fe8073796bdbc14fa57fc03945266996ffbe4152	DEVELOPMENT
/workspace/artifacts/reference/futures_mbp1/[Silver] GLBX-20260531-RPHWMFRBFW/glbx-mdp3-20241223.mbp-1.dbn.zst	17d63faad4592f702bf7c75d6acf452450acaaa773e57a455035f52e71693233	DEVELOPMENT
/workspace/artifacts/reference/futures_mbp1/[Silver] GLBX-20260531-RPHWMFRBFW/glbx-mdp3-20241224.mbp-1.dbn.zst	366b1d5b5de8020856e6480fbe93ddd61e9af889e6473157881a9ab34ce3a16b	DEVELOPMENT
/workspace/artifacts/reference/futures_mbp1/[Silver] GLBX-20260531-RPHWMFRBFW/glbx-mdp3-20241225.mbp-1.dbn.zst	0ab37e45b111a652f749479472c3dbfce3fcdb15b555d888ba87f7312bb899ff	DEVELOPMENT
/workspace/artifacts/reference/futures_mbp1/[Silver] GLBX-20260531-RPHWMFRBFW/glbx-mdp3-20241226.mbp-1.dbn.zst	122106c2f979f341663e07eecf6618d337ead5820e3def4f93ed9d5041f04f4f	DEVELOPMENT
/workspace/artifacts/reference/futures_mbp1/[Silver] GLBX-20260531-RPHWMFRBFW/glbx-mdp3-20241227.mbp-1.dbn.zst	4de07c468d0ffa636af44186681c85701e10dbb1c609da6f7dc2db2c74e86bd9	DEVELOPMENT
/workspace/artifacts/reference/futures_mbp1/[Silver] GLBX-20260531-RPHWMFRBFW/glbx-mdp3-20241229.mbp-1.dbn.zst	98f04538a67a8ed0d33d98d351d217af6a170352ddfbea445d17fda6e60a17c4	DEVELOPMENT
/workspace/artifacts/reference/futures_mbp1/[Silver] GLBX-20260531-RPHWMFRBFW/glbx-mdp3-20241230.mbp-1.dbn.zst	a0c4d2edb3d81123c5b4ea630e70647132dcb39af1ff583f04c4993c5b5efc18	DEVELOPMENT
/workspace/artifacts/reference/futures_mbp1/[Silver] GLBX-20260531-RPHWMFRBFW/glbx-mdp3-20241231.mbp-1.dbn.zst	0b36b1076e6c7adce855d9f75c4e54a27a2c00fe47b5fd3b0100889660063262	DEVELOPMENT
/workspace/artifacts/reference/futures_mbp1/[Silver] GLBX-20260531-RPHWMFRBFW/glbx-mdp3-20250101.mbp-1.dbn.zst	2746778a236212bc3bc12f9e523b5a4207225e7616a311be78ee3d8c56e5282b	DEVELOPMENT
/workspace/artifacts/reference/futures_mbp1/[Silver] GLBX-20260531-RPHWMFRBFW/glbx-mdp3-20250102.mbp-1.dbn.zst	02467045c69e64b36e1367cc6aa45703b75bfe15b953d57a2924fb15689fb854	DEVELOPMENT
/workspace/artifacts/reference/futures_mbp1/[Silver] GLBX-20260531-RPHWMFRBFW/glbx-mdp3-20250103.mbp-1.dbn.zst	e2ca113ca34c728495675dbd315cda8971e1a9ef1d7cf2b5bd589c20d9c87323	DEVELOPMENT
/workspace/artifacts/reference/futures_mbp1/[Silver] GLBX-20260531-RPHWMFRBFW/glbx-mdp3-20250105.mbp-1.dbn.zst	93d589e3b348afd1f82eba9e8fa25895bf613ce862b3682deee124dae92fb20a	DEVELOPMENT
/workspace/artifacts/reference/futures_mbp1/[Silver] GLBX-20260531-RPHWMFRBFW/glbx-mdp3-20250106.mbp-1.dbn.zst	0b5a0fe95ceda712063f30ac7c4594bc7132a825e566119adc9cf6376cbc6b32	DEVELOPMENT
/workspace/artifacts/reference/futures_mbp1/[Silver] GLBX-20260531-RPHWMFRBFW/glbx-mdp3-20250107.mbp-1.dbn.zst	154005191d403314b46eb28fdc0b775a4ad552dc856a0561352301831d76f84f	DEVELOPMENT
/workspace/artifacts/reference/futures_mbp1/[Silver] GLBX-20260531-RPHWMFRBFW/glbx-mdp3-20250108.mbp-1.dbn.zst	2d9fef3538820e694c0ff8ba9771e7e314286d44ec2bacfbd05aa485aac5974e	DEVELOPMENT
/workspace/artifacts/reference/futures_mbp1/[Silver] GLBX-20260531-RPHWMFRBFW/glbx-mdp3-20250109.mbp-1.dbn.zst	6c2d49a43813988db7e88930f5869731184b11db77d0274ba231773dd648bb12	DEVELOPMENT
/workspace/artifacts/reference/futures_mbp1/[Silver] GLBX-20260531-RPHWMFRBFW/glbx-mdp3-20250110.mbp-1.dbn.zst	435e7eb663c07b4d3f53001b2424a10fe5a0b8d3ba1df9a59beaeea5399abade	DEVELOPMENT
/workspace/artifacts/reference/futures_mbp1/[Silver] GLBX-20260531-RPHWMFRBFW/glbx-mdp3-20250112.mbp-1.dbn.zst	aaaec4f89da283f8d2d28dcfa909bddc63b88cde924ca335fab75e8d2c295167	DEVELOPMENT
/workspace/artifacts/reference/futures_mbp1/[Silver] GLBX-20260531-RPHWMFRBFW/glbx-mdp3-20250113.mbp-1.dbn.zst	704d951d3604cef8440793ebdec5de69a0fd6d1ba8c4d1ac66a94a92933c8ef9	DEVELOPMENT
/workspace/artifacts/reference/futures_mbp1/[Silver] GLBX-20260531-RPHWMFRBFW/glbx-mdp3-20250114.mbp-1.dbn.zst	ede135f7d6f93116148ab67ba9806d8e15bb52f1ac557c06add185d60631ee3a	DEVELOPMENT
/workspace/artifacts/reference/futures_mbp1/[Silver] GLBX-20260531-RPHWMFRBFW/glbx-mdp3-20250115.mbp-1.dbn.zst	92ce69de8ad2c8b5aad55d8898bc4eab152f4b0f89f4e741f00b2e1aac584d61	DEVELOPMENT
/workspace/artifacts/reference/futures_mbp1/[Silver] GLBX-20260531-RPHWMFRBFW/glbx-mdp3-20250116.mbp-1.dbn.zst	32042f086b8d8748e73280de7379a4a3a5e87aa0d1bcb206c65e78a7eff54f53	DEVELOPMENT
/workspace/artifacts/reference/futures_mbp1/[Silver] GLBX-20260531-RPHWMFRBFW/glbx-mdp3-20250117.mbp-1.dbn.zst	4125dd2b65e03b6d4cd91d1f1dc0a3d7e6cf199f1918b56fe8763710e7826188	DEVELOPMENT
/workspace/artifacts/reference/futures_mbp1/[Silver] GLBX-20260531-RPHWMFRBFW/glbx-mdp3-20250119.mbp-1.dbn.zst	fa2001fd941bc4abeec8aa98d81533dbd70f06ff3acfde851ebae38390d27279	DEVELOPMENT
/workspace/artifacts/reference/futures_mbp1/[Silver] GLBX-20260531-RPHWMFRBFW/glbx-mdp3-20250120.mbp-1.dbn.zst	1f02953d2abf3ba1041f2d7864beb2e258dd24a1b29039bcb33843f39d0a7682	DEVELOPMENT
/workspace/artifacts/reference/futures_mbp1/[Silver] GLBX-20260531-RPHWMFRBFW/glbx-mdp3-20250121.mbp-1.dbn.zst	9b9df8d776cd20a7bbdffcdaadc963bc422c28f5d1716d87764ea594e8b628bf	DEVELOPMENT
/workspace/artifacts/reference/futures_mbp1/[Silver] GLBX-20260531-RPHWMFRBFW/glbx-mdp3-20250122.mbp-1.dbn.zst	6b966eeaee2c9b15de1804aed4937f9e65a9192a30777de9aa7d1b0ea5ccda3c	DEVELOPMENT
/workspace/artifacts/reference/futures_mbp1/[Silver] GLBX-20260531-RPHWMFRBFW/glbx-mdp3-20250123.mbp-1.dbn.zst	53511a994cc5a0fbf179dadf9ef7fe8636ee0707f2c01649f26b15325470a1c1	DEVELOPMENT
/workspace/artifacts/reference/futures_mbp1/[Silver] GLBX-20260531-RPHWMFRBFW/glbx-mdp3-20250124.mbp-1.dbn.zst	b7a2b44c1f5a49f7dd583a1b1afc6c73a31afadc37b5403cd687ca1393b7bf53	DEVELOPMENT
/workspace/artifacts/reference/futures_mbp1/[Silver] GLBX-20260531-RPHWMFRBFW/glbx-mdp3-20250126.mbp-1.dbn.zst	4fbf1b8bd6ab0f412934956275f010b0b4078a7fad6d7fd5af23f5ca46ebc855	DEVELOPMENT
/workspace/artifacts/reference/futures_mbp1/[Silver] GLBX-20260531-RPHWMFRBFW/glbx-mdp3-20250127.mbp-1.dbn.zst	08deef1a460835cc1ab5224acd93c19eaa9dac012dc3d83d0ef9e47f3caa618a	DEVELOPMENT
/workspace/artifacts/reference/futures_mbp1/[Silver] GLBX-20260531-RPHWMFRBFW/glbx-mdp3-20250128.mbp-1.dbn.zst	3f5169f26341b997df8ae634ce25f32ca9c479b64df2f136e329a1d7e9c410e0	DEVELOPMENT
/workspace/artifacts/reference/futures_mbp1/[Silver] GLBX-20260531-RPHWMFRBFW/glbx-mdp3-20250129.mbp-1.dbn.zst	2764ab36337bcf0b2c572f29a7901dd7e09c0932a0432330e833cbf61357419d	DEVELOPMENT
/workspace/artifacts/reference/futures_mbp1/[Silver] GLBX-20260531-RPHWMFRBFW/glbx-mdp3-20250130.mbp-1.dbn.zst	413acce5e58df852d58bbf60a6444e4901058925d219e775bc289edd66cad4ea	DEVELOPMENT
/workspace/artifacts/reference/futures_mbp1/[Silver] GLBX-20260531-RPHWMFRBFW/glbx-mdp3-20250131.mbp-1.dbn.zst	0029ed9f6cd1aa402c193aebfcd7cd765bca8a2978752dae8f86cf71b6e6c37a	DEVELOPMENT
/workspace/artifacts/reference/futures_mbp1/[Silver] GLBX-20260531-RPHWMFRBFW/glbx-mdp3-20250202.mbp-1.dbn.zst	d71bf678b979e113b1959f7f4abe5ae1d50b8f45e5117e0a1a2f45aaf7e66ac4	DEVELOPMENT
/workspace/artifacts/reference/futures_mbp1/[Silver] GLBX-20260531-RPHWMFRBFW/glbx-mdp3-20250203.mbp-1.dbn.zst	71abfa374a98418ecc470b1ceb83c6fcd0bccd3fb242199f19e94dbf286bf1e4	DEVELOPMENT
/workspace/artifacts/reference/futures_mbp1/[Silver] GLBX-20260531-RPHWMFRBFW/glbx-mdp3-20250204.mbp-1.dbn.zst	03f646022f85837954dc2d1b6790e4d2cdd2135d4b17142f3fc58cd9df171de0	DEVELOPMENT
/workspace/artifacts/reference/futures_mbp1/[Silver] GLBX-20260531-RPHWMFRBFW/glbx-mdp3-20250205.mbp-1.dbn.zst	19869593b6e79b2835f3574c08ac22cfddea1955fb226fd308dda499e86e2469	DEVELOPMENT
/workspace/artifacts/reference/futures_mbp1/[Silver] GLBX-20260531-RPHWMFRBFW/glbx-mdp3-20250206.mbp-1.dbn.zst	7683acfb512ba151f4ef7f33b30aa6b28c75871e58df8ec29134c2a914f6e599	DEVELOPMENT
/workspace/artifacts/reference/futures_mbp1/[Silver] GLBX-20260531-RPHWMFRBFW/glbx-mdp3-20250207.mbp-1.dbn.zst	8fb2446a38bcd8ddca32fe5b361fdd41dd2c4c71fe87284512128232dc3beb0c	DEVELOPMENT
/workspace/artifacts/reference/futures_mbp1/[Silver] GLBX-20260531-RPHWMFRBFW/glbx-mdp3-20250209.mbp-1.dbn.zst	c67fc34d78f31e28b99a0f3b2ef62a13874a63e465bd6f6a7821f3cbf7dfc17c	DEVELOPMENT
/workspace/artifacts/reference/futures_mbp1/[Silver] GLBX-20260531-RPHWMFRBFW/glbx-mdp3-20250210.mbp-1.dbn.zst	d05ff9815bbcc4e0dbb4bdd5eb766f769bdf33e3974636fb27834552c1b2b852	DEVELOPMENT
/workspace/artifacts/reference/futures_mbp1/[Silver] GLBX-20260531-RPHWMFRBFW/glbx-mdp3-20250211.mbp-1.dbn.zst	a1d60b92258e7ee5b45bdc2fbf635ca90386f4e4bce40c9312e160cff7ad8d00	DEVELOPMENT
/workspace/artifacts/reference/futures_mbp1/[Silver] GLBX-20260531-RPHWMFRBFW/glbx-mdp3-20250212.mbp-1.dbn.zst	2e3005ea32f663442390fae010fe02ca47e6f2190fa03ef791b218aeb7d7c64b	DEVELOPMENT
/workspace/artifacts/reference/futures_mbp1/[Silver] GLBX-20260531-RPHWMFRBFW/glbx-mdp3-20250213.mbp-1.dbn.zst	c9652f3d6432635ee3d219e7746461f717de967aed86d5c95235629838180804	DEVELOPMENT
/workspace/artifacts/reference/futures_mbp1/[Silver] GLBX-20260531-RPHWMFRBFW/glbx-mdp3-20250214.mbp-1.dbn.zst	0e9216a7c2459d80be07f568f581976890d3c2b343888cb6176cbe08a1698a8b	DEVELOPMENT
/workspace/artifacts/reference/futures_mbp1/[Silver] GLBX-20260531-RPHWMFRBFW/glbx-mdp3-20250216.mbp-1.dbn.zst	4ec79bedce00a74b2c4bff39cd87c528b9e12ff27c33bd0ba0e784dff2731a43	DEVELOPMENT
/workspace/artifacts/reference/futures_mbp1/[Silver] GLBX-20260531-RPHWMFRBFW/glbx-mdp3-20250217.mbp-1.dbn.zst	0f0dfb74824849af8ba3cee16bd7fde8eae0ba5da1d8da0ccb4be2156c48fd63	DEVELOPMENT
/workspace/artifacts/reference/futures_mbp1/[Silver] GLBX-20260531-RPHWMFRBFW/glbx-mdp3-20250218.mbp-1.dbn.zst	85121c3e29c1c96245f8d947a4a9d4364c30c153b78511380218682829cc8661	DEVELOPMENT
/workspace/artifacts/reference/futures_mbp1/[Silver] GLBX-20260531-RPHWMFRBFW/glbx-mdp3-20250219.mbp-1.dbn.zst	10d07bf794ae1e166ea22eaa6812b9d8b0daefffa4909575fd2947294e250334	DEVELOPMENT
/workspace/artifacts/reference/futures_mbp1/[Silver] GLBX-20260531-RPHWMFRBFW/glbx-mdp3-20250220.mbp-1.dbn.zst	f9ad8c3a4b5a5db11e4ccb682b2a5f94b4cf9aeb7f0a79ee72919797c4bfd455	DEVELOPMENT
/workspace/artifacts/reference/futures_mbp1/[Silver] GLBX-20260531-RPHWMFRBFW/glbx-mdp3-20250221.mbp-1.dbn.zst	fe60c2299840184cbc0767930942fd3b14f05615b9a129d3338a0a71905528e2	DEVELOPMENT
/workspace/artifacts/reference/futures_mbp1/[Silver] GLBX-20260531-RPHWMFRBFW/glbx-mdp3-20250223.mbp-1.dbn.zst	f4267515aac9e55c864b5be31dcc58da1fbcc776581bf3f0197d0f1218ac07f6	DEVELOPMENT
/workspace/artifacts/reference/futures_mbp1/[Silver] GLBX-20260531-RPHWMFRBFW/glbx-mdp3-20250224.mbp-1.dbn.zst	48c23c0aec042cc8542aca41ec279abbd5af7db1fa129b76d3e06da9aeb38316	DEVELOPMENT
/workspace/artifacts/reference/futures_mbp1/[Silver] GLBX-20260531-RPHWMFRBFW/glbx-mdp3-20250225.mbp-1.dbn.zst	11dabd81ce77254ab6ef95beff7b27e8bc8f5d8f56c59759531bbca6f8b3b732	DEVELOPMENT
/workspace/artifacts/reference/futures_mbp1/[Silver] GLBX-20260531-RPHWMFRBFW/glbx-mdp3-20250226.mbp-1.dbn.zst	a73e193b6cb8cc9c5c831dbc67e23e7d36ea21e8a108b84c47551fa0dff60027	DEVELOPMENT
/workspace/artifacts/reference/futures_mbp1/[Silver] GLBX-20260531-RPHWMFRBFW/glbx-mdp3-20250227.mbp-1.dbn.zst	2e1ecf38e7f2a6fe2a8701edb14c724ebc443ed962fb50d598a12a3c9b45952d	DEVELOPMENT
/workspace/artifacts/reference/futures_mbp1/[Silver] GLBX-20260531-RPHWMFRBFW/glbx-mdp3-20250228.mbp-1.dbn.zst	f15b655c47ce9da7c5678b0f500b55b896cbbd3e3187aaccad1248f6ba0878ad	DEVELOPMENT
/workspace/artifacts/reference/futures_mbp1/[Silver] GLBX-20260531-RPHWMFRBFW/glbx-mdp3-20250302.mbp-1.dbn.zst	bf12bfd09a7bd94112d5bb47e188e7e24d2abcf4b83f779da300c03ea2ccf737	DEVELOPMENT
/workspace/artifacts/reference/futures_mbp1/[Silver] GLBX-20260531-RPHWMFRBFW/glbx-mdp3-20250303.mbp-1.dbn.zst	af696cec02f0987bbf97ef89334ca32143df61638931b52fddfdd4c454ad3050	DEVELOPMENT
/workspace/artifacts/reference/futures_mbp1/[Silver] GLBX-20260531-RPHWMFRBFW/glbx-mdp3-20250304.mbp-1.dbn.zst	86b1890304a819cf57ab2b94fdfbb7d269f4e3367747a701b8985e3817b0dbc5	DEVELOPMENT
/workspace/artifacts/reference/futures_mbp1/[Silver] GLBX-20260531-RPHWMFRBFW/glbx-mdp3-20250305.mbp-1.dbn.zst	5dc3ac2d5b8d1454f7b861a1e1cb53d71a7c088bb04d8ae3a908992559c815a2	DEVELOPMENT
/workspace/artifacts/reference/futures_mbp1/[Silver] GLBX-20260531-RPHWMFRBFW/glbx-mdp3-20250306.mbp-1.dbn.zst	1af7a81f7747262e101c1cdc1018d4f71e2733e70ea1c75dd3598ec37b23b19a	DEVELOPMENT
/workspace/artifacts/reference/futures_mbp1/[Silver] GLBX-20260531-RPHWMFRBFW/glbx-mdp3-20250307.mbp-1.dbn.zst	9fef6e5003eaaf36c94134d3f5c005feb7a37f6d9719db787eb5568cb26e216b	DEVELOPMENT
/workspace/artifacts/reference/futures_mbp1/[Silver] GLBX-20260531-RPHWMFRBFW/glbx-mdp3-20250309.mbp-1.dbn.zst	1460fd8430e3c7f0e38287ea0c48572a2c2e51d93c08d17a8c38dd0664e75d3e	DEVELOPMENT
/workspace/artifacts/reference/futures_mbp1/[Silver] GLBX-20260531-RPHWMFRBFW/glbx-mdp3-20250310.mbp-1.dbn.zst	6d8b672101a98c0781d4ae07d90103b7de90a325f6cfc4b372f93ef0809263e7	DEVELOPMENT
/workspace/artifacts/reference/futures_mbp1/[Silver] GLBX-20260531-RPHWMFRBFW/glbx-mdp3-20250311.mbp-1.dbn.zst	b962b4d976781f14a3836c955dc615cfc4ed98408d5e2d6ddb5e6de62d24d94c	DEVELOPMENT
/workspace/artifacts/reference/futures_mbp1/[Silver] GLBX-20260531-RPHWMFRBFW/glbx-mdp3-20250312.mbp-1.dbn.zst	3e96267bd63596fb839cf53a60d4d08469fb93b82a4e4f5a922a43a1b8bf9e69	DEVELOPMENT
/workspace/artifacts/reference/futures_mbp1/[Silver] GLBX-20260531-RPHWMFRBFW/glbx-mdp3-20250313.mbp-1.dbn.zst	a1cb013117e3c9ead2515e9f6d86452f45ecf820db9514bbb888c15ee3a2f5a0	DEVELOPMENT
/workspace/artifacts/reference/futures_mbp1/[Silver] GLBX-20260531-RPHWMFRBFW/glbx-mdp3-20250314.mbp-1.dbn.zst	e6adb998753b1826fecfe654fa4b94db390b95fcd2e4d00bc37aca57a7cec818	DEVELOPMENT
/workspace/artifacts/reference/futures_mbp1/[Silver] GLBX-20260531-RPHWMFRBFW/glbx-mdp3-20250316.mbp-1.dbn.zst	b1448e44f1b9293cbc27dfe9f6f043636bf05af9b49f3cc2bb567d7369cd157e	DEVELOPMENT
/workspace/artifacts/reference/futures_mbp1/[Silver] GLBX-20260531-RPHWMFRBFW/glbx-mdp3-20250317.mbp-1.dbn.zst	4628813007f4669742ca089fc9c31bf2ec81eb3b0b0c0abc4e909f592e6a6f05	DEVELOPMENT
/workspace/artifacts/reference/futures_mbp1/[Silver] GLBX-20260531-RPHWMFRBFW/glbx-mdp3-20250318.mbp-1.dbn.zst	fda9b32c692db93a89197216d02040d887aa094f0cc6b00b15bae721f54e37c5	DEVELOPMENT
/workspace/artifacts/reference/futures_mbp1/[Silver] GLBX-20260531-RPHWMFRBFW/glbx-mdp3-20250319.mbp-1.dbn.zst	dc50a5fcedb3620ba98dd1df320ed99dffb0bbdbd6fef19cb49180a2f80b215b	DEVELOPMENT
/workspace/artifacts/reference/futures_mbp1/[Silver] GLBX-20260531-RPHWMFRBFW/glbx-mdp3-20250320.mbp-1.dbn.zst	f5c74a042715bc822949da353848ac1e310fcbdc75f2d600438ccfcf360ceff0	DEVELOPMENT
/workspace/artifacts/reference/futures_mbp1/[Silver] GLBX-20260531-RPHWMFRBFW/glbx-mdp3-20250321.mbp-1.dbn.zst	a0d62dd5423fb058ba4d4a1aa28efaa4bfe59dd6ba78fbb097afe0786f22667c	DEVELOPMENT
/workspace/artifacts/reference/futures_mbp1/[Silver] GLBX-20260531-RPHWMFRBFW/glbx-mdp3-20250323.mbp-1.dbn.zst	1c56f5810eac531df794e85ea1e52922e572629e2e854b8bda241210b16dc98c	DEVELOPMENT
/workspace/artifacts/reference/futures_mbp1/[Silver] GLBX-20260531-RPHWMFRBFW/glbx-mdp3-20250324.mbp-1.dbn.zst	c41a3235b7f29f665a10d59c5a156a5063cc9461a84f11c8a1416ffd8243da1c	DEVELOPMENT
/workspace/artifacts/reference/futures_mbp1/[Silver] GLBX-20260531-RPHWMFRBFW/glbx-mdp3-20250325.mbp-1.dbn.zst	49cc80bc22e64de640879f3118c3f1796a196f276536f312e9926188f1744f02	DEVELOPMENT
/workspace/artifacts/reference/futures_mbp1/[Silver] GLBX-20260531-RPHWMFRBFW/glbx-mdp3-20250326.mbp-1.dbn.zst	26bc44899bf6126ffec9a901fcb3065cdbd1497e4cf9847b030987e1e919ad06	DEVELOPMENT
/workspace/artifacts/reference/futures_mbp1/[Silver] GLBX-20260531-RPHWMFRBFW/glbx-mdp3-20250327.mbp-1.dbn.zst	5b61a3b9e2bb2c743886169d3f062239262573247477e1ae34b865d1f9c7d662	DEVELOPMENT
/workspace/artifacts/reference/futures_mbp1/[Silver] GLBX-20260531-RPHWMFRBFW/glbx-mdp3-20250328.mbp-1.dbn.zst	2aeb8515de25dd57d188d537c59cff64bee60d83e66024fec27df1e2e136cce8	DEVELOPMENT
/workspace/artifacts/reference/futures_mbp1/[Silver] GLBX-20260531-RPHWMFRBFW/glbx-mdp3-20250330.mbp-1.dbn.zst	0035e22d4cfc8ae639479944b264922074838a2bcbcacbc2d0c6ae376aefdcfe	DEVELOPMENT
/workspace/artifacts/reference/futures_mbp1/[Silver] GLBX-20260531-RPHWMFRBFW/glbx-mdp3-20250331.mbp-1.dbn.zst	11906c09be62c58ad9e1b492a2cae516d483ba1f286b87527645a8505fd52f00	DEVELOPMENT
/workspace/artifacts/reference/futures_mbp1/[Silver] GLBX-20260531-RPHWMFRBFW/glbx-mdp3-20250401.mbp-1.dbn.zst	2960ad464e142731b5b890d2d9ae7685f9fe45a07a4fe71e9f6bdb8b0932d0d8	DEVELOPMENT
/workspace/artifacts/reference/futures_mbp1/[Silver] GLBX-20260531-RPHWMFRBFW/glbx-mdp3-20250402.mbp-1.dbn.zst	c9d566040f10656f7c22a1c81c8b42ed7516596d2bc88161a08c38c075a24941	DEVELOPMENT
/workspace/artifacts/reference/futures_mbp1/[Silver] GLBX-20260531-RPHWMFRBFW/glbx-mdp3-20250403.mbp-1.dbn.zst	d23afaa1a1f814828a30d4897e3dfb44be63c0642385280074cb37e6d11ac6bb	DEVELOPMENT
/workspace/artifacts/reference/futures_mbp1/[Silver] GLBX-20260531-RPHWMFRBFW/glbx-mdp3-20250404.mbp-1.dbn.zst	eecf1898eb2133acf7dc609b78c42e3ef057e076576d80fff33ff484ffbfa693	DEVELOPMENT
/workspace/artifacts/reference/futures_mbp1/[Silver] GLBX-20260531-RPHWMFRBFW/glbx-mdp3-20250406.mbp-1.dbn.zst	a9a17fd2df074f152c9fef2c6a73346be015a177ed0a84606f06e399cb80fd93	DEVELOPMENT
/workspace/artifacts/reference/futures_mbp1/[Silver] GLBX-20260531-RPHWMFRBFW/glbx-mdp3-20250407.mbp-1.dbn.zst	07fd4ff4933a451085fe603e8d03dcbed4232b11491ab518c8f8e10eed877f35	DEVELOPMENT
/workspace/artifacts/reference/futures_mbp1/[Silver] GLBX-20260531-RPHWMFRBFW/glbx-mdp3-20250408.mbp-1.dbn.zst	0c40daf07e99f431476f2377cea8c7025c0d5316921e3812b7a5407ca62dcdfa	DEVELOPMENT
/workspace/artifacts/reference/futures_mbp1/[Silver] GLBX-20260531-RPHWMFRBFW/glbx-mdp3-20250409.mbp-1.dbn.zst	1cfaef3bdb2b12c37fae9729f7b674838e663752ebf832c9f6cb01a09025f306	DEVELOPMENT
/workspace/artifacts/reference/futures_mbp1/[Silver] GLBX-20260531-RPHWMFRBFW/glbx-mdp3-20250410.mbp-1.dbn.zst	3c1e4ec53e9c3358829117d21c43297125a527c6f2621400e33ec11c75fe6950	DEVELOPMENT
/workspace/artifacts/reference/futures_mbp1/[Silver] GLBX-20260531-RPHWMFRBFW/glbx-mdp3-20250411.mbp-1.dbn.zst	28fa9ab5508de10a46e20a0f82e7c5403928f1e057f4006d776f0399f2f2014b	DEVELOPMENT
/workspace/artifacts/reference/futures_mbp1/[Silver] GLBX-20260531-RPHWMFRBFW/glbx-mdp3-20250413.mbp-1.dbn.zst	fbf37f95cca73ed343bbad9b4fa88091c714360b61b4b2c2885e62d269a5baff	DEVELOPMENT
/workspace/artifacts/reference/futures_mbp1/[Silver] GLBX-20260531-RPHWMFRBFW/glbx-mdp3-20250414.mbp-1.dbn.zst	94d7e8b5e4706f929b648806506761816724a36c7841e229a5f4e7c79f6c7eeb	DEVELOPMENT
/workspace/artifacts/reference/futures_mbp1/[Silver] GLBX-20260531-RPHWMFRBFW/glbx-mdp3-20250415.mbp-1.dbn.zst	b52f8a61c8b3ec1734a0016eea0f639adc1a914648b90f57f5c05287c7ce5584	DEVELOPMENT
/workspace/artifacts/reference/futures_mbp1/[Silver] GLBX-20260531-RPHWMFRBFW/glbx-mdp3-20250416.mbp-1.dbn.zst	2ea1bcf76c7f40d1600992e04144c85f0e98283d95085c7df95936c38c62f8c7	DEVELOPMENT
/workspace/artifacts/reference/futures_mbp1/[Silver] GLBX-20260531-RPHWMFRBFW/glbx-mdp3-20250417.mbp-1.dbn.zst	4829612183dced5785475a00a13e8bdc395ea0bb0c2f278accb1c2a9799d4b21	DEVELOPMENT
/workspace/artifacts/reference/futures_mbp1/[Silver] GLBX-20260531-RPHWMFRBFW/glbx-mdp3-20250418.mbp-1.dbn.zst	a59bff8854c8abee37f5bc240d6780e4ef797e6b05f3f23c5533a248eec391b8	DEVELOPMENT
/workspace/artifacts/reference/futures_mbp1/[Silver] GLBX-20260531-RPHWMFRBFW/glbx-mdp3-20250420.mbp-1.dbn.zst	7fab4f6a1bb270ecec1bfb81d301c54887b46301c0766439f7c26891b312f7e1	DEVELOPMENT
/workspace/artifacts/reference/futures_mbp1/[Silver] GLBX-20260531-RPHWMFRBFW/glbx-mdp3-20250421.mbp-1.dbn.zst	195eba56e18ce8d84f05ce0a5566ec08069d8bae4b0b5f73caa8fd391827d956	DEVELOPMENT
/workspace/artifacts/reference/futures_mbp1/[Silver] GLBX-20260531-RPHWMFRBFW/glbx-mdp3-20250422.mbp-1.dbn.zst	2d2843acb5671d4d1a787ff9bc5dbe742ac9f734860d1caf65bccb3655bf1a39	DEVELOPMENT
/workspace/artifacts/reference/futures_mbp1/[Silver] GLBX-20260531-RPHWMFRBFW/glbx-mdp3-20250423.mbp-1.dbn.zst	0755f70671dadf7d334fbcce34e88c161bc6b6859705989de24167c850282bc6	DEVELOPMENT
/workspace/artifacts/reference/futures_mbp1/[Silver] GLBX-20260531-RPHWMFRBFW/glbx-mdp3-20250424.mbp-1.dbn.zst	098090df2531019459bdecc5698263ffc41f524cd93e25ecf47e40f5b08e067c	DEVELOPMENT
/workspace/artifacts/reference/futures_mbp1/[Silver] GLBX-20260531-RPHWMFRBFW/glbx-mdp3-20250425.mbp-1.dbn.zst	26c7dde55d248fdde4d549ceec6ae4f4564b09adedaad5958cb30bdb37d8dccd	DEVELOPMENT
/workspace/artifacts/reference/futures_mbp1/[Silver] GLBX-20260531-RPHWMFRBFW/glbx-mdp3-20250427.mbp-1.dbn.zst	60ca017b8c089e93ef8b8780f7ed0ef06e6e95fdc7cfe1702fdfbc4715ccfe7c	DEVELOPMENT
/workspace/artifacts/reference/futures_mbp1/[Silver] GLBX-20260531-RPHWMFRBFW/glbx-mdp3-20250428.mbp-1.dbn.zst	c7ade87538df410f9f346b0f276b09c87eabc4c9c258f500a11a3080c9300705	DEVELOPMENT
/workspace/artifacts/reference/futures_mbp1/[Silver] GLBX-20260531-RPHWMFRBFW/glbx-mdp3-20250429.mbp-1.dbn.zst	c381c273fbb488bc14d368409ee1090a9d44ff5b685916bfbec65561533e6aa9	DEVELOPMENT
/workspace/artifacts/reference/futures_mbp1/[Silver] GLBX-20260531-RPHWMFRBFW/glbx-mdp3-20250430.mbp-1.dbn.zst	645464d594cf448eea1c357d91cae441f27a69273b1983aff259ea41cc450837	DEVELOPMENT
/workspace/artifacts/reference/futures_mbp1/[Silver] GLBX-20260531-RPHWMFRBFW/glbx-mdp3-20250501.mbp-1.dbn.zst	21d21f5af0e62a261be1ef5ef3e37fe0c59884d56e4fef3d4f48bad278a41aa1	DEVELOPMENT
/workspace/artifacts/reference/futures_mbp1/[Silver] GLBX-20260531-RPHWMFRBFW/glbx-mdp3-20250502.mbp-1.dbn.zst	43fafaa5a13ef9a3f09e1c7ed568168320b1875eb5dfcca83b8fe2b5c0b05856	DEVELOPMENT
/workspace/artifacts/reference/futures_mbp1/[Silver] GLBX-20260531-RPHWMFRBFW/glbx-mdp3-20250504.mbp-1.dbn.zst	3691e99df261a146b7c4c4959d03fbcc9c599bca9394737d88166a90c878798b	DEVELOPMENT
/workspace/artifacts/reference/futures_mbp1/[Silver] GLBX-20260531-RPHWMFRBFW/glbx-mdp3-20250505.mbp-1.dbn.zst	49cd8d0c11f3b5696f699052c208e8488a0428357fc77c54fe65ea6a402bc84a	DEVELOPMENT
/workspace/artifacts/reference/futures_mbp1/[Silver] GLBX-20260531-RPHWMFRBFW/glbx-mdp3-20250506.mbp-1.dbn.zst	581f72d0ec7d6186e78d9cdeb23aa02df0204d92a155e5eb32b55add64893c79	DEVELOPMENT
/workspace/artifacts/reference/futures_mbp1/[Silver] GLBX-20260531-RPHWMFRBFW/glbx-mdp3-20250507.mbp-1.dbn.zst	dedbf01b3e2eb07c0c55b37a3cf497a3afb87d0aec3bb0290bbd9439d8fde822	DEVELOPMENT
/workspace/artifacts/reference/futures_mbp1/[Silver] GLBX-20260531-RPHWMFRBFW/glbx-mdp3-20250508.mbp-1.dbn.zst	0545c603e95191a8f6f789977ae8e26417f66b39c96371940bf4de7e523fb82a	DEVELOPMENT
/workspace/artifacts/reference/futures_mbp1/[Silver] GLBX-20260531-RPHWMFRBFW/glbx-mdp3-20250509.mbp-1.dbn.zst	ecc6faa1ced2141c2ae837c9ed9ca90e385eb57a3b1c4f44400ee717ba82c68c	DEVELOPMENT
/workspace/artifacts/reference/futures_mbp1/[Silver] GLBX-20260531-RPHWMFRBFW/glbx-mdp3-20250511.mbp-1.dbn.zst	5c3140588cde2b00146428296c9950395ea2d48a25d7005540ac814f00ddc6f9	DEVELOPMENT
/workspace/artifacts/reference/futures_mbp1/[Silver] GLBX-20260531-RPHWMFRBFW/glbx-mdp3-20250512.mbp-1.dbn.zst	f94d57d5b307f08d094751f384753469932299cfa345a88a5cd46aff1681ce21	DEVELOPMENT
/workspace/artifacts/reference/futures_mbp1/[Silver] GLBX-20260531-RPHWMFRBFW/glbx-mdp3-20250513.mbp-1.dbn.zst	5cff6d4ba976bccc6065cb3fa730fad9baccdb5fb89d2811dc63d5ed4330a05b	DEVELOPMENT
/workspace/artifacts/reference/futures_mbp1/[Silver] GLBX-20260531-RPHWMFRBFW/glbx-mdp3-20250514.mbp-1.dbn.zst	66fce32c4516d29d560a7f3579dc768f35d10967d4f50f799b21853ba9c95d02	DEVELOPMENT
/workspace/artifacts/reference/futures_mbp1/[Silver] GLBX-20260531-RPHWMFRBFW/glbx-mdp3-20250515.mbp-1.dbn.zst	71f99de375b3f515f2f6727a3e77bda817eb99249768b9c6bcfff95950c250d1	DEVELOPMENT
/workspace/artifacts/reference/futures_mbp1/[Silver] GLBX-20260531-RPHWMFRBFW/glbx-mdp3-20250516.mbp-1.dbn.zst	ed055a7376aafc8519a974ff45a51e246b6b2efcab742b51f778fa3a9a0c7553	DEVELOPMENT
/workspace/artifacts/reference/futures_mbp1/[Silver] GLBX-20260531-RPHWMFRBFW/glbx-mdp3-20250518.mbp-1.dbn.zst	6f4f1009a704e5fa807a474a65d0a9277259db392c64fcdef02dddc09e758d26	DEVELOPMENT
/workspace/artifacts/reference/futures_mbp1/[Silver] GLBX-20260531-RPHWMFRBFW/glbx-mdp3-20250519.mbp-1.dbn.zst	13b1dd0e01f8af2a54f8d1e95ee39fbf04fc1fd2f24b327d4c14ba2e1879d143	DEVELOPMENT
/workspace/artifacts/reference/futures_mbp1/[Silver] GLBX-20260531-RPHWMFRBFW/glbx-mdp3-20250520.mbp-1.dbn.zst	823fdeb2000793fd7ae7a86adb63e9e8d2eb245aaa28a27eb5ed7d18301656a5	DEVELOPMENT
/workspace/artifacts/reference/futures_mbp1/[Silver] GLBX-20260531-RPHWMFRBFW/glbx-mdp3-20250521.mbp-1.dbn.zst	57a13e5c5c3e27998b231cca4f0c9664b008c8ec736b7e671c8a9826c12ed89d	DEVELOPMENT
/workspace/artifacts/reference/futures_mbp1/[Silver] GLBX-20260531-RPHWMFRBFW/glbx-mdp3-20250522.mbp-1.dbn.zst	2e69f4d08588d4367cd1f0039c9086c34af6cabc6688c0bbc1991fd5592be455	DEVELOPMENT
/workspace/artifacts/reference/futures_mbp1/[Silver] GLBX-20260531-RPHWMFRBFW/glbx-mdp3-20250523.mbp-1.dbn.zst	24d417a4c009c1512c64ecba50848341763baa109622b584bd458063c248adc4	DEVELOPMENT
/workspace/artifacts/reference/futures_mbp1/[Silver] GLBX-20260531-RPHWMFRBFW/glbx-mdp3-20250525.mbp-1.dbn.zst	d483d0dbe8d3ac1c50b1f7849a274bcaa181211092fa12975cf0745c1e4617ba	DEVELOPMENT
/workspace/artifacts/reference/futures_mbp1/[Silver] GLBX-20260531-RPHWMFRBFW/glbx-mdp3-20250526.mbp-1.dbn.zst	47decab33fcb1a43c9c18584a1ee6ce44f3f2f236e5070d56ad34cf2030cf071	DEVELOPMENT
/workspace/artifacts/reference/futures_mbp1/[Silver] GLBX-20260531-RPHWMFRBFW/glbx-mdp3-20250527.mbp-1.dbn.zst	19383159761e3a08dbbb9dd885fd4df746e7c5e3a11768ee17ff173ec53e654a	DEVELOPMENT
/workspace/artifacts/reference/futures_mbp1/[Silver] GLBX-20260531-RPHWMFRBFW/glbx-mdp3-20250528.mbp-1.dbn.zst	710510ab576657c07b99e9dda9f1415cc64595c6b39d160e96c45812d1b6aeee	DEVELOPMENT
/workspace/artifacts/reference/futures_mbp1/[Silver] GLBX-20260531-RPHWMFRBFW/glbx-mdp3-20250529.mbp-1.dbn.zst	b85b9ce5b7c77a7268c8cc919649a362ae18b4e3c59632de8e63d4d81c74168c	DEVELOPMENT
/workspace/artifacts/reference/futures_mbp1/[Silver] GLBX-20260531-RPHWMFRBFW/glbx-mdp3-20250530.mbp-1.dbn.zst	cee7fe163ad5eabdc095e6cb1e8200fb254dfb56f54177edae7469650e633fb2	DEVELOPMENT
/workspace/artifacts/reference/futures_mbp1/[Silver] GLBX-20260531-RPHWMFRBFW/glbx-mdp3-20250601.mbp-1.dbn.zst	03e9942d2cd9120f0be7e76201d5d53809ecb15fd132d3b3ff35970a5aaf5070	DEVELOPMENT
/workspace/artifacts/reference/futures_mbp1/[Silver] GLBX-20260531-RPHWMFRBFW/glbx-mdp3-20250602.mbp-1.dbn.zst	24c977b14ec38e4d8b61ea9fba083c7841e2e718da06d24c447ee7d668682160	DEVELOPMENT
/workspace/artifacts/reference/futures_mbp1/[Silver] GLBX-20260531-RPHWMFRBFW/glbx-mdp3-20250603.mbp-1.dbn.zst	847fb847aa83685f9317e5b1402729b21ac3cd5215586934c8d977116280645e	DEVELOPMENT
/workspace/artifacts/reference/futures_mbp1/[Silver] GLBX-20260531-RPHWMFRBFW/glbx-mdp3-20250604.mbp-1.dbn.zst	9e8d5e196d91c54c78fb04863e7b77b6c5a256cfab828d046888570e02a85610	DEVELOPMENT
/workspace/artifacts/reference/futures_mbp1/[Silver] GLBX-20260531-RPHWMFRBFW/glbx-mdp3-20250605.mbp-1.dbn.zst	b46f75aa40898a777ac85e0d09079177e0087a77057a24151d1c950c47dedac6	DEVELOPMENT
/workspace/artifacts/reference/futures_mbp1/[Silver] GLBX-20260531-RPHWMFRBFW/glbx-mdp3-20250606.mbp-1.dbn.zst	69d4a99b748db331b0b003622ba36cd0ba2894d48d73c539acd8678d0fb167fd	DEVELOPMENT
/workspace/artifacts/reference/futures_mbp1/[Silver] GLBX-20260531-RPHWMFRBFW/glbx-mdp3-20250608.mbp-1.dbn.zst	653e1b2ef7e59c81b530abdb2ebad4f50669c79898809e0d9d52a8c855397754	DEVELOPMENT
/workspace/artifacts/reference/futures_mbp1/[Silver] GLBX-20260531-RPHWMFRBFW/glbx-mdp3-20250609.mbp-1.dbn.zst	0cc18600af14fd98a0222322c45ed838a434ad067f4664bd5c569031ff6794c4	DEVELOPMENT
/workspace/artifacts/reference/futures_mbp1/[Silver] GLBX-20260531-RPHWMFRBFW/glbx-mdp3-20250610.mbp-1.dbn.zst	301e07f06fbffa9f5fe30a2c6de180ffcfcc47654605fc792900d3fe46a98a9c	DEVELOPMENT
/workspace/artifacts/reference/futures_mbp1/[Silver] GLBX-20260531-RPHWMFRBFW/glbx-mdp3-20250611.mbp-1.dbn.zst	c883f05db173ab767b11fa5ef4609fe3f6fc1af4ed20ebe5938fa909ebf0767a	DEVELOPMENT
/workspace/artifacts/reference/futures_mbp1/[Silver] GLBX-20260531-RPHWMFRBFW/glbx-mdp3-20250612.mbp-1.dbn.zst	a350e99ded87538467a5bd90bf87516f72123518cf98ce89051bcc8f70b43d3e	DEVELOPMENT
/workspace/artifacts/reference/futures_mbp1/[Silver] GLBX-20260531-RPHWMFRBFW/glbx-mdp3-20250613.mbp-1.dbn.zst	1cf15dcda4a6520254e9ab01d335c928cf3b8991b8f1e67485b30c8c6455080c	DEVELOPMENT
/workspace/artifacts/reference/futures_mbp1/[Silver] GLBX-20260531-RPHWMFRBFW/glbx-mdp3-20250615.mbp-1.dbn.zst	32cb8ae8f2a2fad36b6406f1ff85ef7545e6881b64f956337c85f204aa01cb9b	DEVELOPMENT
/workspace/artifacts/reference/futures_mbp1/[Silver] GLBX-20260531-RPHWMFRBFW/glbx-mdp3-20250616.mbp-1.dbn.zst	bb34174cfe0f360db97821a623d07ee2c4d9e98e01d77864f2774df238fce810	DEVELOPMENT
/workspace/artifacts/reference/futures_mbp1/[Silver] GLBX-20260531-RPHWMFRBFW/glbx-mdp3-20250617.mbp-1.dbn.zst	8c19a7d5ae21934103c9f43365f3cd9606598c7d0c88ca26678dd29cc428d91a	DEVELOPMENT
/workspace/artifacts/reference/futures_mbp1/[Silver] GLBX-20260531-RPHWMFRBFW/glbx-mdp3-20250618.mbp-1.dbn.zst	1e2af5647afc70f4a3e649bf042f65886be91e69dee2b987ca976d6666f3b56c	DEVELOPMENT
/workspace/artifacts/reference/futures_mbp1/[Silver] GLBX-20260531-RPHWMFRBFW/glbx-mdp3-20250619.mbp-1.dbn.zst	728311a66f9734e256e53019ca0381711e234ce6539e4c85b024011c5dbad232	DEVELOPMENT
/workspace/artifacts/reference/futures_mbp1/[Silver] GLBX-20260531-RPHWMFRBFW/glbx-mdp3-20250620.mbp-1.dbn.zst	8b2a74344fa36df9edbe342c1eb3e27f3b42b85006bb2c7d38c849088c6546f8	DEVELOPMENT
/workspace/artifacts/reference/futures_mbp1/[Silver] GLBX-20260531-RPHWMFRBFW/glbx-mdp3-20250622.mbp-1.dbn.zst	cb6a9dd735a6188b75a0930c11d937f9928500ffc8107f993690520354d4b17f	DEVELOPMENT
/workspace/artifacts/reference/futures_mbp1/[Silver] GLBX-20260531-RPHWMFRBFW/glbx-mdp3-20250623.mbp-1.dbn.zst	d7b27c8d6c2ca2dc1577dc66a51506b4b5fa0c86b40d11de21f87fb04417b9e8	DEVELOPMENT
/workspace/artifacts/reference/futures_mbp1/[Silver] GLBX-20260531-RPHWMFRBFW/glbx-mdp3-20250624.mbp-1.dbn.zst	b735fc1e3cac36304deed597dd447f0afb9337d6ef0cdd6f98469e56f464c993	DEVELOPMENT
/workspace/artifacts/reference/futures_mbp1/[Silver] GLBX-20260531-RPHWMFRBFW/glbx-mdp3-20250625.mbp-1.dbn.zst	5b9d8f5405eff1037ec23931fc5365f0d26984c9fcb0d21149dc56da945b9bdb	DEVELOPMENT
/workspace/artifacts/reference/futures_mbp1/[Silver] GLBX-20260531-RPHWMFRBFW/glbx-mdp3-20250626.mbp-1.dbn.zst	07d0b7b625af1e2d81dd6208bfae81c0539c66c2a116643d7e18208a171c76c8	DEVELOPMENT
/workspace/artifacts/reference/futures_mbp1/[Silver] GLBX-20260531-RPHWMFRBFW/glbx-mdp3-20250627.mbp-1.dbn.zst	f472921bf6a871b7d14387eb1a535abd2659a102349451cc0b6b641b5edcc03f	DEVELOPMENT
/workspace/artifacts/reference/futures_mbp1/[Silver] GLBX-20260531-RPHWMFRBFW/glbx-mdp3-20250629.mbp-1.dbn.zst	abc7196f678744c5bac636ad010603d9c0c45d0c3c0941ad303392a83d1c7356	DEVELOPMENT
/workspace/artifacts/reference/futures_mbp1/[Silver] GLBX-20260531-RPHWMFRBFW/glbx-mdp3-20250630.mbp-1.dbn.zst	adf394aeb5cdd52827fc51de0eb64c42b13ad5ec2074f343809cadc09b1345e6	DEVELOPMENT_PREFIX
